# Created by FreeCAD <https://www.freecad.org>
v 43.247826 -35.412769 283.700012
v 43.250000 -35.500000 283.700012
v 43.250000 -35.500000 291.200012
v 43.247826 -35.412769 291.200012
v 43.241302 -35.325756 283.700012
v 43.241302 -35.325756 291.200012
v 43.230453 -35.239178 283.700012
v 43.230453 -35.239178 291.200012
v 43.215302 -35.153244 283.700012
v 43.215302 -35.153244 291.200012
v 43.195885 -35.068176 283.700012
v 43.195885 -35.068176 291.200012
v 43.172253 -34.984177 291.200012
v 43.172253 -34.984177 283.700012
v 43.144463 -34.901466 283.700012
v 43.144463 -34.901466 291.200012
v 43.112583 -34.820240 283.700012
v 43.112583 -34.820240 291.200012
v 43.076694 -34.740704 291.200012
v 43.076694 -34.740704 283.700012
v 43.036888 -34.663055 283.700012
v 43.036888 -34.663055 291.200012
v 42.993259 -34.587490 283.700012
v 42.993259 -34.587490 291.200012
v 42.945919 -34.514191 291.200012
v 42.945919 -34.514191 283.700012
v 42.894981 -34.443344 291.200012
v 42.894981 -34.443344 283.700012
v 42.840576 -34.375122 283.700012
v 42.840576 -34.375122 291.200012
v 42.782841 -34.309696 291.200012
v 42.782841 -34.309696 283.700012
v 42.721916 -34.247234 283.700012
v 42.721916 -34.247234 291.200012
v 42.657951 -34.187881 283.700012
v 42.657951 -34.187881 291.200012
v 42.591106 -34.131794 283.700012
v 42.591106 -34.131794 291.200012
v 42.521553 -34.079109 291.200012
v 42.521553 -34.079109 283.700012
v 42.449455 -34.029953 283.700012
v 42.449455 -34.029953 291.200012
v 42.375000 -33.984455 291.200012
v 42.375000 -33.984455 283.700012
v 42.298370 -33.942726 283.700012
v 42.298370 -33.942726 291.200012
v 42.219753 -33.904865 283.700012
v 42.219753 -33.904865 291.200012
v 42.139347 -33.870972 291.200012
v 42.139347 -33.870972 283.700012
v 42.057350 -33.841125 283.700012
v 42.057350 -33.841125 291.200012
v 41.973972 -33.815407 291.200012
v 41.973972 -33.815407 283.700012
v 41.889412 -33.793877 283.700012
v 41.889412 -33.793877 291.200012
v 41.803883 -33.776585 283.700012
v 41.803883 -33.776585 291.200012
v 41.717602 -33.763580 283.700012
v 41.717602 -33.763580 291.200012
v 41.630779 -33.754894 283.700012
v 41.630779 -33.754894 291.200012
v 41.543629 -33.750546 283.700012
v 41.543629 -33.750546 291.200012
v 41.456371 -33.750546 283.700012
v 41.456371 -33.750546 291.200012
v 41.369221 -33.754894 283.700012
v 41.369221 -33.754894 291.200012
v 41.282398 -33.763580 283.700012
v 41.282398 -33.763580 291.200012
v 41.196117 -33.776585 283.700012
v 41.196117 -33.776585 291.200012
v 41.110588 -33.793877 283.700012
v 41.110588 -33.793877 291.200012
v 41.026028 -33.815407 283.700012
v 41.026028 -33.815407 291.200012
v 40.942650 -33.841125 283.700012
v 40.942650 -33.841125 291.200012
v 40.860653 -33.870972 283.700012
v 40.860653 -33.870972 291.200012
v 40.780247 -33.904865 283.700012
v 40.780247 -33.904865 291.200012
v 40.701630 -33.942726 283.700012
v 40.701630 -33.942726 291.200012
v 40.625000 -33.984455 283.700012
v 40.625000 -33.984455 291.200012
v 40.550545 -34.029953 283.700012
v 40.550545 -34.029953 291.200012
v 40.478447 -34.079109 283.700012
v 40.478447 -34.079109 291.200012
v 40.408894 -34.131794 283.700012
v 40.408894 -34.131794 291.200012
v 40.342049 -34.187881 283.700012
v 40.342049 -34.187881 291.200012
v 40.278084 -34.247234 283.700012
v 40.278084 -34.247234 291.200012
v 40.217159 -34.309696 283.700012
v 40.217159 -34.309696 291.200012
v 40.159424 -34.375122 283.700012
v 40.159424 -34.375122 291.200012
v 40.105019 -34.443344 283.700012
v 40.105019 -34.443344 291.200012
v 40.054081 -34.514191 283.700012
v 40.054081 -34.514191 291.200012
v 40.006741 -34.587490 283.700012
v 40.006741 -34.587490 291.200012
v 39.963112 -34.663055 283.700012
v 39.963112 -34.663055 291.200012
v 39.923306 -34.740704 283.700012
v 39.923306 -34.740704 291.200012
v 39.887417 -34.820240 283.700012
v 39.887417 -34.820240 291.200012
v 39.855537 -34.901466 283.700012
v 39.855537 -34.901466 291.200012
v 39.827747 -34.984177 291.200012
v 39.827747 -34.984177 283.700012
v 39.804115 -35.068176 283.700012
v 39.804115 -35.068176 291.200012
v 39.784698 -35.153244 283.700012
v 39.784698 -35.153244 291.200012
v 39.769547 -35.239178 283.700012
v 39.769547 -35.239178 291.200012
v 39.758698 -35.325756 283.700012
v 39.758698 -35.325756 291.200012
v 39.752174 -35.412769 283.700012
v 39.752174 -35.412769 291.200012
v 39.750000 -35.500000 283.700012
v 39.750000 -35.500000 291.200012
v 39.752174 -35.587231 283.700012
v 39.752174 -35.587231 291.200012
v 39.758698 -35.674244 283.700012
v 39.758698 -35.674244 291.200012
v 39.769547 -35.760822 283.700012
v 39.769547 -35.760822 291.200012
v 39.784698 -35.846756 283.700012
v 39.784698 -35.846756 291.200012
v 39.804115 -35.931824 283.700012
v 39.804115 -35.931824 291.200012
v 39.827747 -36.015823 283.700012
v 39.827747 -36.015823 291.200012
v 39.855537 -36.098534 283.700012
v 39.855537 -36.098534 291.200012
v 39.887417 -36.179760 283.700012
v 39.887417 -36.179760 291.200012
v 39.923306 -36.259296 283.700012
v 39.923306 -36.259296 291.200012
v 39.963112 -36.336945 283.700012
v 39.963112 -36.336945 291.200012
v 40.006741 -36.412510 283.700012
v 40.006741 -36.412510 291.200012
v 40.054081 -36.485809 283.700012
v 40.054081 -36.485809 291.200012
v 40.105019 -36.556656 283.700012
v 40.105019 -36.556656 291.200012
v 40.159424 -36.624878 283.700012
v 40.159424 -36.624878 291.200012
v 40.217159 -36.690304 283.700012
v 40.217159 -36.690304 291.200012
v 40.278084 -36.752766 283.700012
v 40.278084 -36.752766 291.200012
v 40.342049 -36.812119 283.700012
v 40.342049 -36.812119 291.200012
v 40.408894 -36.868206 283.700012
v 40.408894 -36.868206 291.200012
v 40.478447 -36.920891 283.700012
v 40.478447 -36.920891 291.200012
v 40.550545 -36.970047 283.700012
v 40.550545 -36.970047 291.200012
v 40.625000 -37.015545 283.700012
v 40.625000 -37.015545 291.200012
v 40.701630 -37.057274 283.700012
v 40.701630 -37.057274 291.200012
v 40.780247 -37.095135 283.700012
v 40.780247 -37.095135 291.200012
v 40.860653 -37.129028 283.700012
v 40.860653 -37.129028 291.200012
v 40.942650 -37.158875 283.700012
v 40.942650 -37.158875 291.200012
v 41.026028 -37.184593 283.700012
v 41.026028 -37.184593 291.200012
v 41.110588 -37.206123 283.700012
v 41.110588 -37.206123 291.200012
v 41.196117 -37.223415 283.700012
v 41.196117 -37.223415 291.200012
v 41.282398 -37.236420 283.700012
v 41.282398 -37.236420 291.200012
v 41.369221 -37.245106 283.700012
v 41.369221 -37.245106 291.200012
v 41.456371 -37.249454 283.700012
v 41.456371 -37.249454 291.200012
v 41.543629 -37.249454 283.700012
v 41.543629 -37.249454 291.200012
v 41.630779 -37.245106 283.700012
v 41.630779 -37.245106 291.200012
v 41.717602 -37.236420 283.700012
v 41.717602 -37.236420 291.200012
v 41.803883 -37.223415 283.700012
v 41.803883 -37.223415 291.200012
v 41.889412 -37.206123 283.700012
v 41.889412 -37.206123 291.200012
v 41.973972 -37.184593 283.700012
v 41.973972 -37.184593 291.200012
v 42.057350 -37.158875 283.700012
v 42.057350 -37.158875 291.200012
v 42.139347 -37.129028 283.700012
v 42.139347 -37.129028 291.200012
v 42.219753 -37.095135 283.700012
v 42.219753 -37.095135 291.200012
v 42.298370 -37.057274 291.200012
v 42.298370 -37.057274 283.700012
v 42.375000 -37.015545 283.700012
v 42.375000 -37.015545 291.200012
v 42.449455 -36.970047 283.700012
v 42.449455 -36.970047 291.200012
v 42.521553 -36.920891 291.200012
v 42.521553 -36.920891 283.700012
v 42.591106 -36.868206 283.700012
v 42.591106 -36.868206 291.200012
v 42.657951 -36.812119 283.700012
v 42.657951 -36.812119 291.200012
v 42.721916 -36.752766 283.700012
v 42.721916 -36.752766 291.200012
v 42.782841 -36.690304 283.700012
v 42.782841 -36.690304 291.200012
v 42.840576 -36.624878 283.700012
v 42.840576 -36.624878 291.200012
v 42.894981 -36.556656 283.700012
v 42.894981 -36.556656 291.200012
v 42.945919 -36.485809 283.700012
v 42.945919 -36.485809 291.200012
v 42.993259 -36.412510 283.700012
v 42.993259 -36.412510 291.200012
v 43.036888 -36.336945 291.200012
v 43.036888 -36.336945 283.700012
v 43.076694 -36.259296 283.700012
v 43.076694 -36.259296 291.200012
v 43.112583 -36.179760 291.200012
v 43.112583 -36.179760 283.700012
v 43.144463 -36.098534 283.700012
v 43.144463 -36.098534 291.200012
v 43.172253 -36.015823 283.700012
v 43.172253 -36.015823 291.200012
v 43.195885 -35.931824 283.700012
v 43.195885 -35.931824 291.200012
v 43.215302 -35.846756 283.700012
v 43.215302 -35.846756 291.200012
v 43.230453 -35.760822 291.200012
v 43.230453 -35.760822 283.700012
v 43.241302 -35.674244 291.200012
v 43.241302 -35.674244 283.700012
v 43.247826 -35.587231 283.700012
v 43.247826 -35.587231 291.200012
v 40.312996 -36.716972 283.700012
v 40.253811 -36.656292 283.700012
v 40.375134 -36.774628 283.700012
v 40.197723 -36.592739 283.700012
v 40.440067 -36.829113 283.700012
v 40.144875 -36.526466 283.700012
v 40.507637 -36.880295 283.700012
v 40.095394 -36.457645 283.700012
v 40.577671 -36.928043 283.700012
v 40.049404 -36.386440 283.700012
v 40.650002 -36.972244 283.700012
v 40.007023 -36.313030 283.700012
v 40.724442 -37.012783 283.700012
v 39.968353 -36.237602 283.700012
v 40.800812 -37.049561 283.700012
v 39.933491 -36.160339 283.700012
v 40.878922 -37.082485 283.700012
v 39.902523 -36.081432 283.700012
v 40.958572 -37.111477 283.700012
v 39.875526 -36.001083 283.700012
v 41.039570 -37.136459 283.700012
v 39.852570 -35.919487 283.700012
v 41.121716 -37.157379 283.700012
v 39.833706 -35.836849 283.700012
v 41.204800 -37.174171 283.700012
v 39.818989 -35.753372 283.700012
v 41.288616 -37.186806 283.700012
v 39.808449 -35.669266 283.700012
v 41.372959 -37.195248 283.700012
v 39.802113 -35.584740 283.700012
v 41.457619 -37.199471 283.700012
v 39.799999 -35.500000 283.700012
v 41.542381 -37.199471 283.700012
v 39.802113 -35.415260 283.700012
v 41.627041 -37.195248 283.700012
v 39.808449 -35.330734 283.700012
v 41.711384 -37.186806 283.700012
v 39.818989 -35.246628 283.700012
v 41.795200 -37.174171 283.700012
v 39.833706 -35.163151 283.700012
v 41.878284 -37.157379 283.700012
v 39.852570 -35.080513 283.700012
v 41.960430 -37.136459 283.700012
v 39.875526 -34.998917 283.700012
v 42.041428 -37.111477 283.700012
v 39.902523 -34.918568 283.700012
v 42.121078 -37.082485 283.700012
v 39.933491 -34.839661 283.700012
v 42.199188 -37.049561 283.700012
v 39.968353 -34.762398 283.700012
v 42.275558 -37.012783 283.700012
v 40.007023 -34.686970 283.700012
v 42.349998 -36.972244 283.700012
v 40.049404 -34.613560 283.700012
v 42.422329 -36.928043 283.700012
v 40.095394 -34.542355 283.700012
v 42.492363 -36.880295 283.700012
v 40.144875 -34.473534 283.700012
v 42.559933 -36.829113 283.700012
v 40.197723 -34.407261 283.700012
v 42.624866 -36.774628 283.700012
v 40.253811 -34.343708 283.700012
v 42.687004 -36.716972 283.700012
v 40.312996 -34.283028 283.700012
v 42.746189 -36.656292 283.700012
v 40.375134 -34.225372 283.700012
v 42.802277 -36.592739 283.700012
v 40.440067 -34.170887 283.700012
v 42.855125 -36.526466 283.700012
v 40.507637 -34.119705 283.700012
v 42.904606 -36.457645 283.700012
v 40.577671 -34.071957 283.700012
v 42.950596 -36.386440 283.700012
v 40.650002 -34.027756 283.700012
v 42.992977 -36.313030 283.700012
v 40.724442 -33.987217 283.700012
v 43.031647 -36.237602 283.700012
v 40.800812 -33.950439 283.700012
v 43.066509 -36.160339 283.700012
v 40.878922 -33.917515 283.700012
v 43.097477 -36.081432 283.700012
v 40.958572 -33.888523 283.700012
v 43.124474 -36.001083 283.700012
v 41.039570 -33.863541 283.700012
v 43.147430 -35.919487 283.700012
v 41.121716 -33.842621 283.700012
v 43.166294 -35.836849 283.700012
v 41.204800 -33.825829 283.700012
v 43.181011 -35.753372 283.700012
v 41.288616 -33.813194 283.700012
v 43.191551 -35.669266 283.700012
v 43.197887 -35.584740 283.700012
v 41.372959 -33.804752 283.700012
v 41.457619 -33.800529 283.700012
v 41.542381 -33.800529 283.700012
v 43.200001 -35.500000 283.700012
v 43.197887 -35.415260 283.700012
v 41.627041 -33.804752 283.700012
v 43.191551 -35.330734 283.700012
v 41.711384 -33.813194 283.700012
v 41.795200 -33.825829 283.700012
v 43.181011 -35.246628 283.700012
v 43.166294 -35.163151 283.700012
v 41.878284 -33.842621 283.700012
v 43.147430 -35.080513 283.700012
v 43.124474 -34.998917 283.700012
v 41.960430 -33.863541 283.700012
v 42.041428 -33.888523 283.700012
v 43.097477 -34.918568 283.700012
v 42.121078 -33.917515 283.700012
v 42.199188 -33.950439 283.700012
v 43.066509 -34.839661 283.700012
v 43.031647 -34.762398 283.700012
v 42.275558 -33.987217 283.700012
v 42.992977 -34.686970 283.700012
v 42.950596 -34.613560 283.700012
v 42.349998 -34.027756 283.700012
v 42.422329 -34.071957 283.700012
v 42.904606 -34.542355 283.700012
v 42.492363 -34.119705 283.700012
v 42.855125 -34.473534 283.700012
v 42.559933 -34.170887 283.700012
v 42.624866 -34.225372 283.700012
v 42.802277 -34.407261 283.700012
v 42.746189 -34.343708 283.700012
v 42.687004 -34.283028 283.700012
v 41.253811 -119.656296 291.200012
v 35.000000 -125.500000 291.200012
v 41.312996 -119.716972 291.200012
v 41.375134 -119.774628 291.200012
v 41.197723 -119.592735 291.200012
v 41.440067 -119.829117 291.200012
v 41.144875 -119.526466 291.200012
v 41.507637 -119.880295 291.200012
v 41.095394 -119.457642 291.200012
v 41.577671 -119.928047 291.200012
v 41.049404 -119.386436 291.200012
v 41.650002 -119.972244 291.200012
v 41.007023 -119.313034 291.200012
v 41.724442 -120.012779 291.200012
v 40.968353 -119.237602 291.200012
v 41.800812 -120.049561 291.200012
v 40.933491 -119.160339 291.200012
v 41.878922 -120.082489 291.200012
v 40.902523 -119.081436 291.200012
v 41.958572 -120.111473 291.200012
v 40.875526 -119.001083 291.200012
v 42.039570 -120.136459 291.200012
v 40.852570 -118.919487 291.200012
v 42.121716 -120.157379 291.200012
v 40.833706 -118.836845 291.200012
v 42.204800 -120.174171 291.200012
v 40.818989 -118.753372 291.200012
v 42.288616 -120.186806 291.200012
v 40.808449 -118.669266 291.200012
v 42.372959 -120.195244 291.200012
v 40.802113 -118.584740 291.200012
v 42.457619 -120.199471 291.200012
v 40.799999 -118.500000 291.200012
v 42.542381 -120.199471 291.200012
v 40.802113 -118.415260 291.200012
v 42.627041 -120.195244 291.200012
v 40.808449 -118.330734 291.200012
v 42.711384 -120.186806 291.200012
v 40.818989 -118.246628 291.200012
v 42.795200 -120.174171 291.200012
v 40.833706 -118.163155 291.200012
v 42.878284 -120.157379 291.200012
v 40.852570 -118.080513 291.200012
v 42.960430 -120.136459 291.200012
v 40.875526 -117.998917 291.200012
v 43.041428 -120.111473 291.200012
v 40.902523 -117.918564 291.200012
v 43.121078 -120.082489 291.200012
v 40.933491 -117.839661 291.200012
v 43.199188 -120.049561 291.200012
v 40.968353 -117.762398 291.200012
v 43.275558 -120.012779 291.200012
v 41.007023 -117.686966 291.200012
v 41.049404 -117.613564 291.200012
v 41.095394 -117.542358 291.200012
v 52.057163 -92.444870 291.200012
v 42.457619 -116.800529 291.200012
v 42.542381 -116.800529 291.200012
v 51.994495 -92.380623 291.200012
v 42.372959 -116.804756 291.200012
v 52.122955 -92.505920 291.200012
v 42.627041 -116.804756 291.200012
v 51.935108 -92.313332 291.200012
v 42.288616 -116.813194 291.200012
v 52.191708 -92.563606 291.200012
v 42.711384 -116.813194 291.200012
v 51.879150 -92.243164 291.200012
v 42.204800 -116.825829 291.200012
v 52.263252 -92.617798 291.200012
v 42.795200 -116.825829 291.200012
v 51.826759 -92.170288 291.200012
v 42.121716 -116.842621 291.200012
v 52.337406 -92.668358 291.200012
v 42.878284 -116.842621 291.200012
v 51.778065 -92.094894 291.200012
v 42.039570 -116.863541 291.200012
v 52.413990 -92.715157 291.200012
v 42.960430 -116.863541 291.200012
v 51.733192 -92.017174 291.200012
v 41.958572 -116.888527 291.200012
v 52.492809 -92.758080 291.200012
v 43.041428 -116.888527 291.200012
v 51.692245 -91.937302 291.200012
v 41.878922 -116.917511 291.200012
v 52.573673 -92.797020 291.200012
v 43.121078 -116.917511 291.200012
v 51.655334 -91.855492 291.200012
v 41.800812 -116.950439 291.200012
v 52.656376 -92.831886 291.200012
v 43.199188 -116.950439 291.200012
v 51.622543 -91.771950 291.200012
v 41.724442 -116.987221 291.200012
v 52.740715 -92.862579 291.200012
v 43.275558 -116.987221 291.200012
v 51.593960 -91.686874 291.200012
v 41.650002 -117.027756 291.200012
v 41.577671 -117.071953 291.200012
v 52.826477 -92.889038 291.200012
v 43.349998 -117.027756 291.200012
v 51.569653 -91.600479 291.200012
v 41.507637 -117.119705 291.200012
v 52.913452 -92.911186 291.200012
v 43.422329 -117.071953 291.200012
v 51.549679 -91.512978 291.200012
v 41.440067 -117.170883 291.200012
v 53.001423 -92.928970 291.200012
v 43.492363 -117.119705 291.200012
v 51.534096 -91.424591 291.200012
v 41.375134 -117.225372 291.200012
v 53.090172 -92.942345 291.200012
v 43.559933 -117.170883 291.200012
v 51.522934 -91.335533 291.200012
v 41.312996 -117.283028 291.200012
v 53.179478 -92.951279 291.200012
v 43.624866 -117.225372 291.200012
v 51.516228 -91.246033 291.200012
v 41.253811 -117.343704 291.200012
v 53.269115 -92.955757 291.200012
v 43.687004 -117.283028 291.200012
v 51.513988 -91.156311 291.200012
v 41.197723 -117.407265 291.200012
v 53.358864 -92.955757 291.200012
v 43.746189 -117.343704 291.200012
v 51.516228 -91.066589 291.200012
v 41.144875 -117.473534 291.200012
v 53.448505 -92.951279 291.200012
v 43.802277 -117.407265 291.200012
v 51.522934 -90.977089 291.200012
v 53.537807 -92.942345 291.200012
v 43.855125 -117.473534 291.200012
v 51.534096 -90.888039 291.200012
v 53.626556 -92.928970 291.200012
v 43.904606 -117.542358 291.200012
v 51.549679 -90.799652 291.200012
v 53.714527 -92.911186 291.200012
v 43.950596 -117.613564 291.200012
v 53.801502 -92.889038 291.200012
v 43.992977 -117.686966 291.200012
v 53.887264 -92.862579 291.200012
v 44.031647 -117.762398 291.200012
v 53.971603 -92.831886 291.200012
v 44.066509 -117.839661 291.200012
v 54.054306 -92.797020 291.200012
v 44.097477 -117.918564 291.200012
v 54.135170 -92.758080 291.200012
v 44.124474 -117.998917 291.200012
v 54.213989 -92.715157 291.200012
v 97.000000 -125.500000 291.200012
v 43.349998 -119.972244 291.200012
v 43.422329 -119.928047 291.200012
v 43.492363 -119.880295 291.200012
v 43.559933 -119.829117 291.200012
v 43.624866 -119.774628 291.200012
v 43.687004 -119.716972 291.200012
v 43.746189 -119.656296 291.200012
v 43.802277 -119.592735 291.200012
v 43.855125 -119.526466 291.200012
v 43.904606 -119.457642 291.200012
v 87.812996 -113.216972 291.200012
v 43.992977 -119.313034 291.200012
v 43.950596 -119.386436 291.200012
v 87.753815 -113.156296 291.200012
v 44.031647 -119.237602 291.200012
v 87.875137 -113.274628 291.200012
v 87.697723 -113.092735 291.200012
v 44.066509 -119.160339 291.200012
v 87.940071 -113.329117 291.200012
v 87.644875 -113.026466 291.200012
v 44.097477 -119.081436 291.200012
v 88.007637 -113.380295 291.200012
v 87.595390 -112.957642 291.200012
v 44.124474 -119.001083 291.200012
v 88.077675 -113.428047 291.200012
v 87.549408 -112.886436 291.200012
v 44.147430 -118.919487 291.200012
v 88.150002 -113.472244 291.200012
v 87.507027 -112.813034 291.200012
v 44.166294 -118.836845 291.200012
v 88.224442 -113.512779 291.200012
v 87.468353 -112.737602 291.200012
v 44.181011 -118.753372 291.200012
v 88.300812 -113.549561 291.200012
v 87.433487 -112.660339 291.200012
v 44.191551 -118.669266 291.200012
v 88.378922 -113.582489 291.200012
v 87.402519 -112.581436 291.200012
v 44.197887 -118.584740 291.200012
v 88.458572 -113.611473 291.200012
v 87.375526 -112.501083 291.200012
v 44.200001 -118.500000 291.200012
v 88.539574 -113.636459 291.200012
v 87.352570 -112.419487 291.200012
v 44.197887 -118.415260 291.200012
v 88.621712 -113.657379 291.200012
v 87.333710 -112.336845 291.200012
v 44.191551 -118.330734 291.200012
v 88.704796 -113.674171 291.200012
v 87.318985 -112.253372 291.200012
v 44.181011 -118.246628 291.200012
v 88.788612 -113.686806 291.200012
v 87.308449 -112.169266 291.200012
v 44.166294 -118.163155 291.200012
v 88.872955 -113.695244 291.200012
v 87.302116 -112.084740 291.200012
v 44.147430 -118.080513 291.200012
v 88.957619 -113.699471 291.200012
v 87.300003 -112.000000 291.200012
v 89.042381 -113.699471 291.200012
v 87.302116 -111.915260 291.200012
v 54.290573 -92.668358 291.200012
v 89.127045 -113.695244 291.200012
v 87.308449 -111.830734 291.200012
v 54.364727 -92.617798 291.200012
v 89.211388 -113.686806 291.200012
v 87.318985 -111.746628 291.200012
v 54.436272 -92.563606 291.200012
v 89.295204 -113.674171 291.200012
v 87.333710 -111.663155 291.200012
v 54.505024 -92.505920 291.200012
v 89.378288 -113.657379 291.200012
v 87.352570 -111.580513 291.200012
v 54.570816 -92.444870 291.200012
v 89.460426 -113.636459 291.200012
v 87.375526 -111.498917 291.200012
v 54.633484 -92.380623 291.200012
v 89.541428 -113.611473 291.200012
v 87.402519 -111.418564 291.200012
v 54.692871 -92.313332 291.200012
v 89.621078 -113.582489 291.200012
v 87.433487 -111.339661 291.200012
v 54.748829 -92.243164 291.200012
v 89.699188 -113.549561 291.200012
v 87.468353 -111.262398 291.200012
v 54.801220 -92.170288 291.200012
v 89.775558 -113.512779 291.200012
v 89.849998 -113.472244 291.200012
v 89.922325 -113.428047 291.200012
v 89.992363 -113.380295 291.200012
v 90.059929 -113.329117 291.200012
v 90.124863 -113.274628 291.200012
v 90.187004 -113.216972 291.200012
v 90.246185 -113.156296 291.200012
v 90.302277 -113.092735 291.200012
v 90.355125 -113.026466 291.200012
v 90.404610 -112.957642 291.200012
v 90.450592 -112.886436 291.200012
v 90.492973 -112.813034 291.200012
v 90.531647 -112.737602 291.200012
v 90.566513 -112.660339 291.200012
v 90.597481 -112.581436 291.200012
v 90.624474 -112.501083 291.200012
v 90.647430 -112.419487 291.200012
v 90.666290 -112.336845 291.200012
v 90.681015 -112.253372 291.200012
v 90.691551 -112.169266 291.200012
v 90.697884 -112.084740 291.200012
v 90.699997 -112.000000 291.200012
v 90.697884 -111.915260 291.200012
v 90.691551 -111.830734 291.200012
v 90.681015 -111.746628 291.200012
v 90.666290 -111.663155 291.200012
v 90.647430 -111.580513 291.200012
v 90.624474 -111.498917 291.200012
v 90.597481 -111.418564 291.200012
v 77.812996 -85.716972 291.200012
v 55.058331 -91.600479 291.200012
v 55.034019 -91.686874 291.200012
v 77.753815 -85.656296 291.200012
v 55.078300 -91.512978 291.200012
v 77.875137 -85.774628 291.200012
v 55.005436 -91.771950 291.200012
v 77.697723 -85.592735 291.200012
v 55.093887 -91.424591 291.200012
v 77.940071 -85.829117 291.200012
v 54.972649 -91.855492 291.200012
v 77.644875 -85.526466 291.200012
v 55.105045 -91.335533 291.200012
v 78.007637 -85.880295 291.200012
v 54.935734 -91.937302 291.200012
v 77.595390 -85.457642 291.200012
v 55.111752 -91.246033 291.200012
v 78.077675 -85.928047 291.200012
v 54.894791 -92.017174 291.200012
v 77.549408 -85.386436 291.200012
v 55.113991 -91.156311 291.200012
v 78.150002 -85.972244 291.200012
v 54.849915 -92.094894 291.200012
v 77.507027 -85.313034 291.200012
v 55.111752 -91.066589 291.200012
v 78.224442 -86.012779 291.200012
v 77.468353 -85.237602 291.200012
v 55.105045 -90.977089 291.200012
v 78.300812 -86.049561 291.200012
v 87.507027 -111.186966 291.200012
v 77.433487 -85.160339 291.200012
v 55.093887 -90.888039 291.200012
v 78.378922 -86.082489 291.200012
v 87.549408 -111.113564 291.200012
v 77.402519 -85.081436 291.200012
v 55.078300 -90.799652 291.200012
v 78.458572 -86.111473 291.200012
v 87.595390 -111.042358 291.200012
v 77.375526 -85.001083 291.200012
v 55.058331 -90.712151 291.200012
v 78.539574 -86.136459 291.200012
v 87.644875 -110.973534 291.200012
v 77.352570 -84.919487 291.200012
v 55.034019 -90.625755 291.200012
v 78.621712 -86.157379 291.200012
v 87.697723 -110.907265 291.200012
v 77.333710 -84.836845 291.200012
v 55.005436 -90.540680 291.200012
v 78.704796 -86.174171 291.200012
v 87.753815 -110.843704 291.200012
v 77.318985 -84.753372 291.200012
v 54.972649 -90.457130 291.200012
v 78.788612 -86.186806 291.200012
v 87.812996 -110.783028 291.200012
v 77.308449 -84.669266 291.200012
v 54.935734 -90.375320 291.200012
v 78.872955 -86.195244 291.200012
v 87.875137 -110.725372 291.200012
v 77.302116 -84.584740 291.200012
v 54.894791 -90.295456 291.200012
v 78.957619 -86.199471 291.200012
v 87.940071 -110.670883 291.200012
v 77.300003 -84.500000 291.200012
v 54.849915 -90.217728 291.200012
v 79.042381 -86.199471 291.200012
v 88.007637 -110.619705 291.200012
v 77.302116 -84.415260 291.200012
v 54.801220 -90.142334 291.200012
v 79.127045 -86.195244 291.200012
v 88.077675 -110.571953 291.200012
v 77.308449 -84.330734 291.200012
v 54.748829 -90.069466 291.200012
v 79.211388 -86.186806 291.200012
v 88.150002 -110.527756 291.200012
v 77.318985 -84.246628 291.200012
v 54.692871 -89.999298 291.200012
v 79.295204 -86.174171 291.200012
v 88.224442 -110.487221 291.200012
v 77.333710 -84.163155 291.200012
v 54.633484 -89.931999 291.200012
v 79.378288 -86.157379 291.200012
v 88.300812 -110.450439 291.200012
v 77.352570 -84.080513 291.200012
v 54.570816 -89.867752 291.200012
v 79.460426 -86.136459 291.200012
v 88.378922 -110.417511 291.200012
v 77.375526 -83.998917 291.200012
v 54.505024 -89.806709 291.200012
v 79.541428 -86.111473 291.200012
v 88.458572 -110.388527 291.200012
v 77.402519 -83.918564 291.200012
v 54.436272 -89.749016 291.200012
v 79.621078 -86.082489 291.200012
v 88.539574 -110.363541 291.200012
v 77.433487 -83.839661 291.200012
v 54.364727 -89.694824 291.200012
v 79.699188 -86.049561 291.200012
v 88.621712 -110.342621 291.200012
v 77.468353 -83.762398 291.200012
v 54.290573 -89.644264 291.200012
v 79.775558 -86.012779 291.200012
v 88.704796 -110.325829 291.200012
v 77.507027 -83.686966 291.200012
v 54.213989 -89.597466 291.200012
v 79.849998 -85.972244 291.200012
v 88.788612 -110.313194 291.200012
v 77.549408 -83.613564 291.200012
v 54.135170 -89.554543 291.200012
v 79.922325 -85.928047 291.200012
v 88.872955 -110.304756 291.200012
v 77.595390 -83.542358 291.200012
v 54.054306 -89.515602 291.200012
v 79.992363 -85.880295 291.200012
v 88.957619 -110.300529 291.200012
v 77.644875 -83.473534 291.200012
v 53.971603 -89.480743 291.200012
v 80.059929 -85.829117 291.200012
v 89.042381 -110.300529 291.200012
v 77.697723 -83.407265 291.200012
v 53.887264 -89.450043 291.200012
v 80.124863 -85.774628 291.200012
v 89.127045 -110.304756 291.200012
v 77.753815 -83.343704 291.200012
v 53.801502 -89.423592 291.200012
v 80.187004 -85.716972 291.200012
v 89.211388 -110.313194 291.200012
v 77.812996 -83.283028 291.200012
v 53.714527 -89.401443 291.200012
v 80.246185 -85.656296 291.200012
v 89.295204 -110.325829 291.200012
v 77.875137 -83.225372 291.200012
v 53.626556 -89.383659 291.200012
v 80.302277 -85.592735 291.200012
v 89.378288 -110.342621 291.200012
v 77.940071 -83.170883 291.200012
v 80.355125 -85.526466 291.200012
v 89.460426 -110.363541 291.200012
v 80.404610 -85.457642 291.200012
v 89.541428 -110.388527 291.200012
v 80.450592 -85.386436 291.200012
v 89.621078 -110.417511 291.200012
v 80.492973 -85.313034 291.200012
v 89.699188 -110.450439 291.200012
v 80.531647 -85.237602 291.200012
v 89.775558 -110.487221 291.200012
v 80.566513 -85.160339 291.200012
v 89.849998 -110.527756 291.200012
v 80.597481 -85.081436 291.200012
v 89.922325 -110.571953 291.200012
v 80.624474 -85.001083 291.200012
v 89.992363 -110.619705 291.200012
v 80.647430 -84.919487 291.200012
v 90.059929 -110.670883 291.200012
v 80.666290 -84.836845 291.200012
v 90.124863 -110.725372 291.200012
v 80.681015 -84.753372 291.200012
v 90.187004 -110.783028 291.200012
v 80.691551 -84.669266 291.200012
v 90.246185 -110.843704 291.200012
v 80.697884 -84.584740 291.200012
v 90.302277 -110.907265 291.200012
v 80.699997 -84.500000 291.200012
v 90.355125 -110.973534 291.200012
v 80.697884 -84.415260 291.200012
v 90.404610 -111.042358 291.200012
v 80.691551 -84.330734 291.200012
v 90.450592 -111.113564 291.200012
v 80.681015 -84.246628 291.200012
v 51.622543 -90.540680 291.200012
v 51.655334 -90.457130 291.200012
v 51.593960 -90.625755 291.200012
v 51.692245 -90.375320 291.200012
v 51.569653 -90.712151 291.200012
v 51.733192 -90.295456 291.200012
v 51.778065 -90.217728 291.200012
v 51.826759 -90.142334 291.200012
v 51.879150 -90.069466 291.200012
v 51.935108 -89.999298 291.200012
v 51.994495 -89.931999 291.200012
v 52.057163 -89.867752 291.200012
v 52.122955 -89.806709 291.200012
v 52.191708 -89.749016 291.200012
v 52.263252 -89.694824 291.200012
v 52.337406 -89.644264 291.200012
v 52.413990 -89.597466 291.200012
v 52.492809 -89.554543 291.200012
v 52.573673 -89.515602 291.200012
v 52.656376 -89.480743 291.200012
v 52.740715 -89.450043 291.200012
v 52.826477 -89.423592 291.200012
v 52.913452 -89.401443 291.200012
v 53.001423 -89.383659 291.200012
v 53.090172 -89.370285 291.200012
v 53.179478 -89.361343 291.200012
v 53.269115 -89.356873 291.200012
v 53.358864 -89.356873 291.200012
v 53.448505 -89.361343 291.200012
v 53.537807 -89.370285 291.200012
v 35.000000 -28.500000 291.200012
v 76.312996 -36.216972 291.200012
v 76.253815 -36.156292 291.200012
v 76.375137 -36.274628 291.200012
v 76.197723 -36.092739 291.200012
v 76.440071 -36.329113 291.200012
v 76.144875 -36.026466 291.200012
v 76.507637 -36.380295 291.200012
v 76.095390 -35.957645 291.200012
v 76.577675 -36.428043 291.200012
v 78.007637 -83.119705 291.200012
v 76.049408 -35.886440 291.200012
v 76.650002 -36.472244 291.200012
v 78.077675 -83.071953 291.200012
v 76.007027 -35.813030 291.200012
v 76.724442 -36.512783 291.200012
v 78.150002 -83.027756 291.200012
v 75.968353 -35.737602 291.200012
v 76.800812 -36.549561 291.200012
v 78.224442 -82.987221 291.200012
v 75.933487 -35.660339 291.200012
v 76.878922 -36.582485 291.200012
v 78.300812 -82.950439 291.200012
v 75.902519 -35.581432 291.200012
v 76.958572 -36.611477 291.200012
v 78.378922 -82.917511 291.200012
v 75.875526 -35.501083 291.200012
v 77.039574 -36.636459 291.200012
v 78.458572 -82.888527 291.200012
v 75.852570 -35.419487 291.200012
v 77.121712 -36.657379 291.200012
v 78.539574 -82.863541 291.200012
v 75.833710 -35.336849 291.200012
v 77.204796 -36.674171 291.200012
v 78.621712 -82.842621 291.200012
v 75.818985 -35.253372 291.200012
v 77.288612 -36.686806 291.200012
v 78.704796 -82.825829 291.200012
v 75.808449 -35.169266 291.200012
v 77.372955 -36.695248 291.200012
v 78.788612 -82.813194 291.200012
v 75.802116 -35.084740 291.200012
v 77.457619 -36.699471 291.200012
v 78.872955 -82.804756 291.200012
v 75.800003 -35.000000 291.200012
v 77.542381 -36.699471 291.200012
v 78.957619 -82.800529 291.200012
v 75.802116 -34.915260 291.200012
v 77.627045 -36.695248 291.200012
v 79.042381 -82.800529 291.200012
v 75.808449 -34.830734 291.200012
v 77.711388 -36.686806 291.200012
v 79.127045 -82.804756 291.200012
v 75.818985 -34.746628 291.200012
v 77.795204 -36.674171 291.200012
v 79.211388 -82.813194 291.200012
v 75.833710 -34.663151 291.200012
v 77.878288 -36.657379 291.200012
v 79.295204 -82.825829 291.200012
v 75.852570 -34.580513 291.200012
v 77.960426 -36.636459 291.200012
v 79.378288 -82.842621 291.200012
v 75.875526 -34.498917 291.200012
v 78.041428 -36.611477 291.200012
v 79.460426 -82.863541 291.200012
v 75.902519 -34.418568 291.200012
v 78.121078 -36.582485 291.200012
v 79.541428 -82.888527 291.200012
v 75.933487 -34.339661 291.200012
v 78.199188 -36.549561 291.200012
v 79.621078 -82.917511 291.200012
v 75.968353 -34.262398 291.200012
v 78.275558 -36.512783 291.200012
v 79.699188 -82.950439 291.200012
v 76.007027 -34.186970 291.200012
v 78.349998 -36.472244 291.200012
v 79.775558 -82.987221 291.200012
v 76.049408 -34.113560 291.200012
v 78.422325 -36.428043 291.200012
v 79.849998 -83.027756 291.200012
v 76.095390 -34.042355 291.200012
v 78.492363 -36.380295 291.200012
v 79.922325 -83.071953 291.200012
v 76.144875 -33.973534 291.200012
v 78.559929 -36.329113 291.200012
v 79.992363 -83.119705 291.200012
v 76.197723 -33.907261 291.200012
v 78.624863 -36.274628 291.200012
v 80.059929 -83.170883 291.200012
v 76.253815 -33.843708 291.200012
v 76.312996 -33.783028 291.200012
v 76.375137 -33.725372 291.200012
v 76.440071 -33.670887 291.200012
v 76.507637 -33.619705 291.200012
v 76.577675 -33.571957 291.200012
v 76.650002 -33.527756 291.200012
v 76.724442 -33.487217 291.200012
v 76.800812 -33.450439 291.200012
v 76.878922 -33.417515 291.200012
v 76.958572 -33.388523 291.200012
v 97.000000 -28.500000 291.200012
v 80.666290 -84.163155 291.200012
v 80.647430 -84.080513 291.200012
v 80.624474 -83.998917 291.200012
v 80.597481 -83.918564 291.200012
v 80.566513 -83.839661 291.200012
v 80.531647 -83.762398 291.200012
v 80.492973 -83.686966 291.200012
v 80.450592 -83.613564 291.200012
v 80.404610 -83.542358 291.200012
v 80.355125 -83.473534 291.200012
v 80.302277 -83.407265 291.200012
v 80.246185 -83.343704 291.200012
v 80.187004 -83.283028 291.200012
v 80.124863 -83.225372 291.200012
v 79.197884 -34.915260 291.200012
v 79.199997 -35.000000 291.200012
v 79.191551 -34.830734 291.200012
v 79.181015 -34.746628 291.200012
v 79.166290 -34.663151 291.200012
v 79.147430 -34.580513 291.200012
v 79.124474 -34.498917 291.200012
v 79.097481 -34.418568 291.200012
v 79.066513 -34.339661 291.200012
v 78.687004 -36.216972 291.200012
v 79.031647 -34.262398 291.200012
v 78.746185 -36.156292 291.200012
v 78.992973 -34.186970 291.200012
v 78.802277 -36.092739 291.200012
v 78.950592 -34.113560 291.200012
v 78.855125 -36.026466 291.200012
v 78.904610 -34.042355 291.200012
v 78.904610 -35.957645 291.200012
v 78.855125 -33.973534 291.200012
v 78.950592 -35.886440 291.200012
v 78.802277 -33.907261 291.200012
v 78.992973 -35.813030 291.200012
v 78.746185 -33.843708 291.200012
v 79.031647 -35.737602 291.200012
v 78.687004 -33.783028 291.200012
v 79.066513 -35.660339 291.200012
v 78.624863 -33.725372 291.200012
v 79.097481 -35.581432 291.200012
v 78.559929 -33.670887 291.200012
v 79.124474 -35.501083 291.200012
v 78.492363 -33.619705 291.200012
v 79.147430 -35.419487 291.200012
v 78.422325 -33.571957 291.200012
v 79.166290 -35.336849 291.200012
v 78.349998 -33.527756 291.200012
v 79.181015 -35.253372 291.200012
v 78.275558 -33.487217 291.200012
v 79.191551 -35.169266 291.200012
v 78.199188 -33.450439 291.200012
v 79.197884 -35.084740 291.200012
v 78.121078 -33.417515 291.200012
v 78.041428 -33.388523 291.200012
v 77.960426 -33.363541 291.200012
v 77.878288 -33.342621 291.200012
v 77.795204 -33.325829 291.200012
v 77.711388 -33.313194 291.200012
v 77.627045 -33.304752 291.200012
v 77.542381 -33.300529 291.200012
v 77.457619 -33.300529 291.200012
v 90.566513 -111.339661 291.200012
v 90.531647 -111.262398 291.200012
v 90.492973 -111.186966 291.200012
v 77.372955 -33.304752 291.200012
v 77.288612 -33.313194 291.200012
v 77.204796 -33.325829 291.200012
v 77.121712 -33.342621 291.200012
v 77.039574 -33.363541 291.200012
v 43.197887 -35.415260 275.700012
v 43.200001 -35.500000 275.700012
v 43.191551 -35.330734 275.700012
v 43.181011 -35.246628 275.700012
v 43.166294 -35.163151 275.700012
v 43.147430 -35.080513 275.700012
v 43.124474 -34.998917 275.700012
v 43.097477 -34.918568 275.700012
v 43.066509 -34.839661 275.700012
v 43.031647 -34.762398 275.700012
v 42.992977 -34.686970 275.700012
v 42.950596 -34.613560 275.700012
v 42.904606 -34.542355 275.700012
v 42.855125 -34.473534 275.700012
v 42.802277 -34.407261 275.700012
v 42.746189 -34.343708 275.700012
v 42.687004 -34.283028 275.700012
v 42.624866 -34.225372 275.700012
v 42.559933 -34.170887 275.700012
v 42.492363 -34.119705 275.700012
v 42.422329 -34.071957 275.700012
v 42.349998 -34.027756 275.700012
v 42.275558 -33.987217 275.700012
v 42.199188 -33.950439 275.700012
v 42.121078 -33.917515 275.700012
v 42.041428 -33.888523 275.700012
v 41.960430 -33.863541 275.700012
v 41.878284 -33.842621 275.700012
v 41.795200 -33.825829 275.700012
v 41.711384 -33.813194 275.700012
v 41.627041 -33.804752 275.700012
v 41.542381 -33.800529 275.700012
v 41.457619 -33.800529 275.700012
v 41.372959 -33.804752 275.700012
v 41.288616 -33.813194 275.700012
v 41.204800 -33.825829 275.700012
v 41.121716 -33.842621 275.700012
v 41.039570 -33.863541 275.700012
v 40.958572 -33.888523 275.700012
v 40.878922 -33.917515 275.700012
v 40.800812 -33.950439 275.700012
v 40.724442 -33.987217 275.700012
v 40.650002 -34.027756 275.700012
v 40.577671 -34.071957 275.700012
v 40.507637 -34.119705 275.700012
v 40.440067 -34.170887 275.700012
v 40.375134 -34.225372 275.700012
v 40.312996 -34.283028 275.700012
v 40.253811 -34.343708 275.700012
v 40.197723 -34.407261 275.700012
v 40.144875 -34.473534 275.700012
v 40.095394 -34.542355 275.700012
v 40.049404 -34.613560 275.700012
v 40.007023 -34.686970 275.700012
v 39.968353 -34.762398 275.700012
v 39.933491 -34.839661 275.700012
v 39.902523 -34.918568 275.700012
v 39.875526 -34.998917 275.700012
v 39.852570 -35.080513 275.700012
v 39.833706 -35.163151 275.700012
v 39.818989 -35.246628 275.700012
v 39.808449 -35.330734 275.700012
v 39.802113 -35.415260 275.700012
v 39.799999 -35.500000 275.700012
v 39.802113 -35.584740 275.700012
v 39.808449 -35.669266 275.700012
v 39.818989 -35.753372 275.700012
v 39.833706 -35.836849 275.700012
v 39.852570 -35.919487 275.700012
v 39.875526 -36.001083 275.700012
v 39.902523 -36.081432 275.700012
v 39.933491 -36.160339 275.700012
v 39.968353 -36.237602 275.700012
v 40.007023 -36.313030 275.700012
v 40.049404 -36.386440 275.700012
v 40.095394 -36.457645 275.700012
v 40.144875 -36.526466 275.700012
v 40.197723 -36.592739 275.700012
v 40.253811 -36.656292 275.700012
v 40.312996 -36.716972 275.700012
v 40.375134 -36.774628 275.700012
v 40.440067 -36.829113 275.700012
v 40.507637 -36.880295 275.700012
v 40.577671 -36.928043 275.700012
v 40.650002 -36.972244 275.700012
v 40.724442 -37.012783 275.700012
v 40.800812 -37.049561 275.700012
v 40.878922 -37.082485 275.700012
v 40.958572 -37.111477 275.700012
v 41.039570 -37.136459 275.700012
v 41.121716 -37.157379 275.700012
v 41.204800 -37.174171 275.700012
v 41.288616 -37.186806 275.700012
v 41.372959 -37.195248 275.700012
v 41.457619 -37.199471 275.700012
v 41.542381 -37.199471 275.700012
v 41.627041 -37.195248 275.700012
v 41.711384 -37.186806 275.700012
v 41.795200 -37.174171 275.700012
v 41.878284 -37.157379 275.700012
v 41.960430 -37.136459 275.700012
v 42.041428 -37.111477 275.700012
v 42.121078 -37.082485 275.700012
v 42.199188 -37.049561 275.700012
v 42.275558 -37.012783 275.700012
v 42.349998 -36.972244 275.700012
v 42.422329 -36.928043 275.700012
v 42.492363 -36.880295 275.700012
v 42.559933 -36.829113 275.700012
v 42.624866 -36.774628 275.700012
v 42.687004 -36.716972 275.700012
v 42.746189 -36.656292 275.700012
v 42.802277 -36.592739 275.700012
v 42.855125 -36.526466 275.700012
v 42.904606 -36.457645 275.700012
v 42.950596 -36.386440 275.700012
v 42.992977 -36.313030 275.700012
v 43.031647 -36.237602 275.700012
v 43.066509 -36.160339 275.700012
v 43.097477 -36.081432 275.700012
v 43.124474 -36.001083 275.700012
v 43.147430 -35.919487 275.700012
v 43.166294 -35.836849 275.700012
v 43.181011 -35.753372 275.700012
v 43.191551 -35.669266 275.700012
v 43.197887 -35.584740 275.700012
v 35.000000 -77.784317 284.080597
v 35.000000 -77.906174 284.205536
v 35.000000 -78.034096 284.324249
v 35.000000 -77.668846 283.949768
v 35.000000 -78.167786 284.436401
v 35.000000 -77.560036 283.813324
v 35.000000 -78.306900 284.541779
v 35.000000 -77.458168 283.671631
v 35.000000 -78.451088 284.640076
v 35.000000 -77.363480 283.525024
v 35.000000 -78.599998 284.731079
v 35.000000 -77.276222 283.373901
v 35.000000 -78.753265 284.814545
v 35.000000 -77.196609 283.218597
v 35.000000 -78.910492 284.890259
v 35.000000 -77.124832 283.059509
v 35.000000 -79.071304 284.958069
v 35.000000 -77.061073 282.897064
v 35.000000 -79.235298 285.017731
v 35.000000 -77.005493 282.731628
v 35.000000 -79.402061 285.069183
v 35.000000 -76.958229 282.563660
v 35.000000 -79.571175 285.112244
v 35.000000 -76.919395 282.393524
v 35.000000 -76.889091 282.221649
v 35.000000 -76.867393 282.048492
v 35.000000 -76.854347 281.874451
v 35.000000 -28.500000 274.000000
v 35.000000 -76.849998 281.700012
v 35.000000 -76.854347 281.525543
v 35.000000 -76.867393 281.351501
v 35.000000 -76.889091 281.178345
v 35.000000 -76.919395 281.006500
v 35.000000 -76.958229 280.836334
v 35.000000 -77.005493 280.668365
v 35.000000 -77.061073 280.502930
v 35.000000 -77.124832 280.340485
v 35.000000 -77.196609 280.181396
v 35.000000 -77.276222 280.026123
v 35.000000 -77.363480 279.874969
v 35.000000 -77.458168 279.728394
v 35.000000 -77.560036 279.586670
v 35.000000 -77.668846 279.450256
v 35.000000 -77.784317 279.319397
v 35.000000 -77.906174 279.194458
v 35.000000 -78.034096 279.075775
v 35.000000 -78.167786 278.963593
v 35.000000 -78.306900 278.858215
v 35.000000 -78.451088 278.759918
v 35.000000 -78.599998 278.668915
v 35.000000 -78.753265 278.585449
v 35.000000 -78.910492 278.509735
v 35.000000 -79.071304 278.441956
v 35.000000 -79.235298 278.382263
v 35.000000 -79.402061 278.330811
v 35.000000 -80.785202 285.172852
v 35.000000 -80.957771 285.146820
v 35.000000 -81.128822 285.112244
v 35.000000 -81.297943 285.069183
v 35.000000 -81.464706 285.017731
v 35.000000 -81.628693 284.958069
v 35.000000 -81.789505 284.890259
v 35.000000 -81.946739 284.814545
v 35.000000 -82.099998 284.731079
v 35.000000 -82.248909 284.640076
v 35.000000 -82.393105 284.541779
v 35.000000 -82.532211 284.436401
v 35.000000 -82.665901 284.324249
v 35.000000 -82.793831 284.205536
v 35.000000 -82.915680 284.080597
v 35.000000 -83.031158 283.949768
v 35.000000 -83.139961 283.813324
v 35.000000 -83.241837 283.671631
v 35.000000 -83.336517 283.525024
v 35.000000 -83.423775 283.373901
v 35.000000 -83.503387 283.218597
v 35.000000 -83.575165 283.059509
v 35.000000 -83.638924 282.897064
v 35.000000 -83.694504 282.731628
v 35.000000 -83.741768 282.563660
v 35.000000 -83.780602 282.393524
v 35.000000 -83.810905 282.221649
v 35.000000 -83.832611 282.048492
v 35.000000 -83.845650 281.874451
v 35.000000 -125.500000 274.000000
v 35.000000 -83.849998 281.700012
v 35.000000 -83.845650 281.525543
v 35.000000 -83.832611 281.351501
v 35.000000 -83.810905 281.178345
v 35.000000 -83.780602 281.006500
v 35.000000 -83.741768 280.836334
v 35.000000 -83.694504 280.668365
v 35.000000 -83.638924 280.502930
v 35.000000 -83.575165 280.340485
v 35.000000 -83.503387 280.181396
v 35.000000 -83.423775 280.026123
v 35.000000 -83.336517 279.874969
v 35.000000 -83.241837 279.728394
v 35.000000 -83.139961 279.586670
v 35.000000 -83.031158 279.450256
v 35.000000 -82.915680 279.319397
v 35.000000 -82.793831 279.194458
v 35.000000 -82.665901 279.075775
v 35.000000 -82.532211 278.963593
v 35.000000 -82.393105 278.858215
v 35.000000 -82.248909 278.759918
v 35.000000 -82.099998 278.668915
v 35.000000 -81.946739 278.585449
v 35.000000 -81.789505 278.509735
v 35.000000 -81.628693 278.441956
v 35.000000 -81.464706 278.382263
v 35.000000 -81.297943 278.330811
v 35.000000 -81.128822 278.287750
v 35.000000 -80.957771 278.253174
v 35.000000 -80.437256 278.201080
v 35.000000 -80.611557 278.209778
v 35.000000 -80.785202 278.227173
v 35.000000 -80.262741 278.201080
v 35.000000 -80.088448 278.209778
v 35.000000 -79.914795 278.227173
v 35.000000 -79.742233 278.253174
v 35.000000 -79.571175 278.287750
v 35.000000 -80.262741 285.198914
v 35.000000 -80.088448 285.190216
v 35.000000 -79.914795 285.172852
v 35.000000 -79.742233 285.146820
v 35.000000 -80.437256 285.198914
v 35.000000 -80.611557 285.190216
v 67.489998 -125.500000 281.700012
v 67.489998 -125.500000 274.000000
v 88.510002 -125.500000 281.700012
v 97.000000 -125.500000 274.000000
v 88.510002 -125.500000 274.000000
v 97.000000 -32.689999 281.700012
v 97.000000 -32.689999 274.000000
v 97.000000 -28.500000 274.000000
v 97.000000 -43.310001 281.700012
v 97.000000 -45.689999 281.700012
v 97.000000 -45.689999 274.000000
v 97.000000 -43.310001 274.000000
v 97.000000 -56.310001 281.700012
v 97.000000 -58.689999 281.700012
v 97.000000 -58.689999 274.000000
v 97.000000 -56.310001 274.000000
v 97.000000 -69.309998 281.700012
v 97.000000 -71.690002 281.700012
v 97.000000 -71.690002 274.000000
v 97.000000 -69.309998 274.000000
v 97.000000 -95.690002 274.000000
v 97.000000 -82.309998 274.000000
v 97.000000 -82.309998 281.700012
v 97.000000 -95.690002 281.700012
v 97.000000 -106.309998 274.000000
v 97.000000 -106.309998 281.700012
v 52.799999 -28.500000 287.700012
v 52.799999 -28.500000 275.700012
v 66.800003 -28.500000 275.700012
v 66.800003 -28.500000 287.700012
v 55.113991 -91.156311 290.200012
v 55.111752 -91.066589 290.200012
v 55.105045 -90.977089 290.200012
v 55.093887 -90.888039 290.200012
v 55.078300 -90.799652 290.200012
v 55.058331 -90.712151 290.200012
v 55.034019 -90.625755 290.200012
v 55.005436 -90.540680 290.200012
v 54.972649 -90.457130 290.200012
v 54.935734 -90.375320 290.200012
v 54.894791 -90.295456 290.200012
v 54.849915 -90.217728 290.200012
v 54.801220 -90.142334 290.200012
v 54.748829 -90.069466 290.200012
v 54.692871 -89.999298 290.200012
v 54.633484 -89.931999 290.200012
v 54.570816 -89.867752 290.200012
v 54.505024 -89.806709 290.200012
v 54.436272 -89.749016 290.200012
v 54.364727 -89.694824 290.200012
v 54.290573 -89.644264 290.200012
v 54.213989 -89.597466 290.200012
v 54.135170 -89.554543 290.200012
v 54.054306 -89.515602 290.200012
v 53.971603 -89.480743 290.200012
v 53.887264 -89.450043 290.200012
v 53.801502 -89.423592 290.200012
v 53.714527 -89.401443 290.200012
v 53.626556 -89.383659 290.200012
v 53.537807 -89.370285 290.200012
v 53.448505 -89.361343 290.200012
v 53.358864 -89.356873 290.200012
v 53.269115 -89.356873 290.200012
v 53.179478 -89.361343 290.200012
v 53.090172 -89.370285 290.200012
v 53.001423 -89.383659 290.200012
v 52.913452 -89.401443 290.200012
v 52.826477 -89.423592 290.200012
v 52.740715 -89.450043 290.200012
v 52.656376 -89.480743 290.200012
v 52.573673 -89.515602 290.200012
v 52.492809 -89.554543 290.200012
v 52.413990 -89.597466 290.200012
v 52.337406 -89.644264 290.200012
v 52.263252 -89.694824 290.200012
v 52.191708 -89.749016 290.200012
v 52.122955 -89.806709 290.200012
v 52.057163 -89.867752 290.200012
v 51.994495 -89.931999 290.200012
v 51.935108 -89.999298 290.200012
v 51.879150 -90.069466 290.200012
v 51.826759 -90.142334 290.200012
v 51.778065 -90.217728 290.200012
v 51.733192 -90.295456 290.200012
v 51.692245 -90.375320 290.200012
v 51.655334 -90.457130 290.200012
v 51.622543 -90.540680 290.200012
v 51.593960 -90.625755 290.200012
v 51.569653 -90.712151 290.200012
v 51.549679 -90.799652 290.200012
v 51.534096 -90.888039 290.200012
v 51.522934 -90.977089 290.200012
v 51.516228 -91.066589 290.200012
v 51.513988 -91.156311 290.200012
v 51.516228 -91.246033 290.200012
v 51.522934 -91.335533 290.200012
v 51.534096 -91.424591 290.200012
v 51.549679 -91.512978 290.200012
v 51.569653 -91.600479 290.200012
v 51.593960 -91.686874 290.200012
v 51.622543 -91.771950 290.200012
v 51.655334 -91.855492 290.200012
v 51.692245 -91.937302 290.200012
v 51.733192 -92.017174 290.200012
v 51.778065 -92.094894 290.200012
v 51.826759 -92.170288 290.200012
v 51.879150 -92.243164 290.200012
v 51.935108 -92.313332 290.200012
v 51.994495 -92.380623 290.200012
v 52.057163 -92.444870 290.200012
v 52.122955 -92.505920 290.200012
v 52.191708 -92.563606 290.200012
v 52.263252 -92.617798 290.200012
v 52.337406 -92.668358 290.200012
v 52.413990 -92.715157 290.200012
v 52.492809 -92.758080 290.200012
v 52.573673 -92.797020 290.200012
v 52.656376 -92.831886 290.200012
v 52.740715 -92.862579 290.200012
v 52.826477 -92.889038 290.200012
v 52.913452 -92.911186 290.200012
v 53.001423 -92.928970 290.200012
v 53.090172 -92.942345 290.200012
v 53.179478 -92.951279 290.200012
v 53.269115 -92.955757 290.200012
v 53.358864 -92.955757 290.200012
v 53.448505 -92.951279 290.200012
v 53.537807 -92.942345 290.200012
v 53.626556 -92.928970 290.200012
v 53.714527 -92.911186 290.200012
v 53.801502 -92.889038 290.200012
v 53.887264 -92.862579 290.200012
v 53.971603 -92.831886 290.200012
v 54.054306 -92.797020 290.200012
v 54.135170 -92.758080 290.200012
v 54.213989 -92.715157 290.200012
v 54.290573 -92.668358 290.200012
v 54.364727 -92.617798 290.200012
v 54.436272 -92.563606 290.200012
v 54.505024 -92.505920 290.200012
v 54.570816 -92.444870 290.200012
v 54.633484 -92.380623 290.200012
v 54.692871 -92.313332 290.200012
v 54.748829 -92.243164 290.200012
v 54.801220 -92.170288 290.200012
v 54.849915 -92.094894 290.200012
v 54.894791 -92.017174 290.200012
v 54.935734 -91.937302 290.200012
v 54.972649 -91.855492 290.200012
v 55.005436 -91.771950 290.200012
v 55.034019 -91.686874 290.200012
v 55.058331 -91.600479 290.200012
v 55.078300 -91.512978 290.200012
v 55.093887 -91.424591 290.200012
v 55.105045 -91.335533 290.200012
v 55.111752 -91.246033 290.200012
v 44.200001 -118.500000 275.700012
v 44.197887 -118.415260 275.700012
v 44.191551 -118.330734 275.700012
v 44.181011 -118.246628 275.700012
v 44.166294 -118.163155 275.700012
v 44.147430 -118.080513 275.700012
v 44.124474 -117.998917 275.700012
v 44.097477 -117.918564 275.700012
v 44.066509 -117.839661 275.700012
v 44.031647 -117.762398 275.700012
v 43.992977 -117.686966 275.700012
v 43.950596 -117.613564 275.700012
v 43.904606 -117.542358 275.700012
v 43.855125 -117.473534 275.700012
v 43.802277 -117.407265 275.700012
v 43.746189 -117.343704 275.700012
v 43.687004 -117.283028 275.700012
v 43.624866 -117.225372 275.700012
v 43.559933 -117.170883 275.700012
v 43.492363 -117.119705 275.700012
v 43.422329 -117.071953 275.700012
v 43.349998 -117.027756 275.700012
v 43.275558 -116.987221 275.700012
v 43.199188 -116.950439 275.700012
v 43.121078 -116.917511 275.700012
v 43.041428 -116.888527 275.700012
v 42.960430 -116.863541 275.700012
v 42.878284 -116.842621 275.700012
v 42.795200 -116.825829 275.700012
v 42.711384 -116.813194 275.700012
v 42.627041 -116.804756 275.700012
v 42.542381 -116.800529 275.700012
v 42.457619 -116.800529 275.700012
v 42.372959 -116.804756 275.700012
v 42.288616 -116.813194 275.700012
v 42.204800 -116.825829 275.700012
v 42.121716 -116.842621 275.700012
v 42.039570 -116.863541 275.700012
v 41.958572 -116.888527 275.700012
v 41.878922 -116.917511 275.700012
v 41.800812 -116.950439 275.700012
v 41.724442 -116.987221 275.700012
v 41.650002 -117.027756 275.700012
v 41.577671 -117.071953 275.700012
v 41.507637 -117.119705 275.700012
v 41.440067 -117.170883 275.700012
v 41.375134 -117.225372 275.700012
v 41.312996 -117.283028 275.700012
v 41.253811 -117.343704 275.700012
v 41.197723 -117.407265 275.700012
v 41.144875 -117.473534 275.700012
v 41.095394 -117.542358 275.700012
v 41.049404 -117.613564 275.700012
v 41.007023 -117.686966 275.700012
v 40.968353 -117.762398 275.700012
v 40.933491 -117.839661 275.700012
v 40.902523 -117.918564 275.700012
v 40.875526 -117.998917 275.700012
v 40.852570 -118.080513 275.700012
v 40.833706 -118.163155 275.700012
v 40.818989 -118.246628 275.700012
v 40.808449 -118.330734 275.700012
v 40.802113 -118.415260 275.700012
v 40.799999 -118.500000 275.700012
v 40.802113 -118.584740 275.700012
v 40.808449 -118.669266 275.700012
v 40.818989 -118.753372 275.700012
v 40.833706 -118.836845 275.700012
v 40.852570 -118.919487 275.700012
v 40.875526 -119.001083 275.700012
v 40.902523 -119.081436 275.700012
v 40.933491 -119.160339 275.700012
v 40.968353 -119.237602 275.700012
v 41.007023 -119.313034 275.700012
v 41.049404 -119.386436 275.700012
v 41.095394 -119.457642 275.700012
v 41.144875 -119.526466 275.700012
v 41.197723 -119.592735 275.700012
v 41.253811 -119.656296 275.700012
v 41.312996 -119.716972 275.700012
v 41.375134 -119.774628 275.700012
v 41.440067 -119.829117 275.700012
v 41.507637 -119.880295 275.700012
v 41.577671 -119.928047 275.700012
v 41.650002 -119.972244 275.700012
v 41.724442 -120.012779 275.700012
v 41.800812 -120.049561 275.700012
v 41.878922 -120.082489 275.700012
v 41.958572 -120.111473 275.700012
v 42.039570 -120.136459 275.700012
v 42.121716 -120.157379 275.700012
v 42.204800 -120.174171 275.700012
v 42.288616 -120.186806 275.700012
v 42.372959 -120.195244 275.700012
v 42.457619 -120.199471 275.700012
v 42.542381 -120.199471 275.700012
v 42.627041 -120.195244 275.700012
v 42.711384 -120.186806 275.700012
v 42.795200 -120.174171 275.700012
v 42.878284 -120.157379 275.700012
v 42.960430 -120.136459 275.700012
v 43.041428 -120.111473 275.700012
v 43.121078 -120.082489 275.700012
v 43.199188 -120.049561 275.700012
v 43.275558 -120.012779 275.700012
v 43.349998 -119.972244 275.700012
v 43.422329 -119.928047 275.700012
v 43.492363 -119.880295 275.700012
v 43.559933 -119.829117 275.700012
v 43.624866 -119.774628 275.700012
v 43.687004 -119.716972 275.700012
v 43.746189 -119.656296 275.700012
v 43.802277 -119.592735 275.700012
v 43.855125 -119.526466 275.700012
v 43.904606 -119.457642 275.700012
v 43.950596 -119.386436 275.700012
v 43.992977 -119.313034 275.700012
v 44.031647 -119.237602 275.700012
v 44.066509 -119.160339 275.700012
v 44.097477 -119.081436 275.700012
v 44.124474 -119.001083 275.700012
v 44.147430 -118.919487 275.700012
v 44.166294 -118.836845 275.700012
v 44.181011 -118.753372 275.700012
v 44.191551 -118.669266 275.700012
v 44.197887 -118.584740 275.700012
v 90.699997 -112.000000 275.700012
v 90.697884 -111.915260 275.700012
v 90.691551 -111.830734 275.700012
v 90.681015 -111.746628 275.700012
v 90.666290 -111.663155 275.700012
v 90.647430 -111.580513 275.700012
v 90.624474 -111.498917 275.700012
v 90.597481 -111.418564 275.700012
v 90.566513 -111.339661 275.700012
v 90.531647 -111.262398 275.700012
v 90.492973 -111.186966 275.700012
v 90.450592 -111.113564 275.700012
v 90.404610 -111.042358 275.700012
v 90.355125 -110.973534 275.700012
v 90.302277 -110.907265 275.700012
v 90.246185 -110.843704 275.700012
v 90.187004 -110.783028 275.700012
v 90.124863 -110.725372 275.700012
v 90.059929 -110.670883 275.700012
v 89.992363 -110.619705 275.700012
v 89.922325 -110.571953 275.700012
v 89.849998 -110.527756 275.700012
v 89.775558 -110.487221 275.700012
v 89.699188 -110.450439 275.700012
v 89.621078 -110.417511 275.700012
v 89.541428 -110.388527 275.700012
v 89.460426 -110.363541 275.700012
v 89.378288 -110.342621 275.700012
v 89.295204 -110.325829 275.700012
v 89.211388 -110.313194 275.700012
v 89.127045 -110.304756 275.700012
v 89.042381 -110.300529 275.700012
v 88.957619 -110.300529 275.700012
v 88.872955 -110.304756 275.700012
v 88.788612 -110.313194 275.700012
v 88.704796 -110.325829 275.700012
v 88.621712 -110.342621 275.700012
v 88.539574 -110.363541 275.700012
v 88.458572 -110.388527 275.700012
v 88.378922 -110.417511 275.700012
v 88.300812 -110.450439 275.700012
v 88.224442 -110.487221 275.700012
v 88.150002 -110.527756 275.700012
v 88.077675 -110.571953 275.700012
v 88.007637 -110.619705 275.700012
v 87.940071 -110.670883 275.700012
v 87.875137 -110.725372 275.700012
v 87.812996 -110.783028 275.700012
v 87.753815 -110.843704 275.700012
v 87.697723 -110.907265 275.700012
v 87.644875 -110.973534 275.700012
v 87.595390 -111.042358 275.700012
v 87.549408 -111.113564 275.700012
v 87.507027 -111.186966 275.700012
v 87.468353 -111.262398 275.700012
v 87.433487 -111.339661 275.700012
v 87.402519 -111.418564 275.700012
v 87.375526 -111.498917 275.700012
v 87.352570 -111.580513 275.700012
v 87.333710 -111.663155 275.700012
v 87.318985 -111.746628 275.700012
v 87.308449 -111.830734 275.700012
v 87.302116 -111.915260 275.700012
v 87.300003 -112.000000 275.700012
v 87.302116 -112.084740 275.700012
v 87.308449 -112.169266 275.700012
v 87.318985 -112.253372 275.700012
v 87.333710 -112.336845 275.700012
v 87.352570 -112.419487 275.700012
v 87.375526 -112.501083 275.700012
v 87.402519 -112.581436 275.700012
v 87.433487 -112.660339 275.700012
v 87.468353 -112.737602 275.700012
v 87.507027 -112.813034 275.700012
v 87.549408 -112.886436 275.700012
v 87.595390 -112.957642 275.700012
v 87.644875 -113.026466 275.700012
v 87.697723 -113.092735 275.700012
v 87.753815 -113.156296 275.700012
v 87.812996 -113.216972 275.700012
v 87.875137 -113.274628 275.700012
v 87.940071 -113.329117 275.700012
v 88.007637 -113.380295 275.700012
v 88.077675 -113.428047 275.700012
v 88.150002 -113.472244 275.700012
v 88.224442 -113.512779 275.700012
v 88.300812 -113.549561 275.700012
v 88.378922 -113.582489 275.700012
v 88.458572 -113.611473 275.700012
v 88.539574 -113.636459 275.700012
v 88.621712 -113.657379 275.700012
v 88.704796 -113.674171 275.700012
v 88.788612 -113.686806 275.700012
v 88.872955 -113.695244 275.700012
v 88.957619 -113.699471 275.700012
v 89.042381 -113.699471 275.700012
v 89.127045 -113.695244 275.700012
v 89.211388 -113.686806 275.700012
v 89.295204 -113.674171 275.700012
v 89.378288 -113.657379 275.700012
v 89.460426 -113.636459 275.700012
v 89.541428 -113.611473 275.700012
v 89.621078 -113.582489 275.700012
v 89.699188 -113.549561 275.700012
v 89.775558 -113.512779 275.700012
v 89.849998 -113.472244 275.700012
v 89.922325 -113.428047 275.700012
v 89.992363 -113.380295 275.700012
v 90.059929 -113.329117 275.700012
v 90.124863 -113.274628 275.700012
v 90.187004 -113.216972 275.700012
v 90.246185 -113.156296 275.700012
v 90.302277 -113.092735 275.700012
v 90.355125 -113.026466 275.700012
v 90.404610 -112.957642 275.700012
v 90.450592 -112.886436 275.700012
v 90.492973 -112.813034 275.700012
v 90.531647 -112.737602 275.700012
v 90.566513 -112.660339 275.700012
v 90.597481 -112.581436 275.700012
v 90.624474 -112.501083 275.700012
v 90.647430 -112.419487 275.700012
v 90.666290 -112.336845 275.700012
v 90.681015 -112.253372 275.700012
v 90.691551 -112.169266 275.700012
v 90.697884 -112.084740 275.700012
v 80.699997 -84.500000 275.700012
v 80.697884 -84.415260 275.700012
v 80.691551 -84.330734 275.700012
v 80.681015 -84.246628 275.700012
v 80.666290 -84.163155 275.700012
v 80.647430 -84.080513 275.700012
v 80.624474 -83.998917 275.700012
v 80.597481 -83.918564 275.700012
v 80.566513 -83.839661 275.700012
v 80.531647 -83.762398 275.700012
v 80.492973 -83.686966 275.700012
v 80.450592 -83.613564 275.700012
v 80.404610 -83.542358 275.700012
v 80.355125 -83.473534 275.700012
v 80.302277 -83.407265 275.700012
v 80.246185 -83.343704 275.700012
v 80.187004 -83.283028 275.700012
v 80.124863 -83.225372 275.700012
v 80.059929 -83.170883 275.700012
v 79.992363 -83.119705 275.700012
v 79.922325 -83.071953 275.700012
v 79.849998 -83.027756 275.700012
v 79.775558 -82.987221 275.700012
v 79.699188 -82.950439 275.700012
v 79.621078 -82.917511 275.700012
v 79.541428 -82.888527 275.700012
v 79.460426 -82.863541 275.700012
v 79.378288 -82.842621 275.700012
v 79.295204 -82.825829 275.700012
v 79.211388 -82.813194 275.700012
v 79.127045 -82.804756 275.700012
v 79.042381 -82.800529 275.700012
v 78.957619 -82.800529 275.700012
v 78.872955 -82.804756 275.700012
v 78.788612 -82.813194 275.700012
v 78.704796 -82.825829 275.700012
v 78.621712 -82.842621 275.700012
v 78.539574 -82.863541 275.700012
v 78.458572 -82.888527 275.700012
v 78.378922 -82.917511 275.700012
v 78.300812 -82.950439 275.700012
v 78.224442 -82.987221 275.700012
v 78.150002 -83.027756 275.700012
v 78.077675 -83.071953 275.700012
v 78.007637 -83.119705 275.700012
v 77.940071 -83.170883 275.700012
v 77.875137 -83.225372 275.700012
v 77.812996 -83.283028 275.700012
v 77.753815 -83.343704 275.700012
v 77.697723 -83.407265 275.700012
v 77.644875 -83.473534 275.700012
v 77.595390 -83.542358 275.700012
v 77.549408 -83.613564 275.700012
v 77.507027 -83.686966 275.700012
v 77.468353 -83.762398 275.700012
v 77.433487 -83.839661 275.700012
v 77.402519 -83.918564 275.700012
v 77.375526 -83.998917 275.700012
v 77.352570 -84.080513 275.700012
v 77.333710 -84.163155 275.700012
v 77.318985 -84.246628 275.700012
v 77.308449 -84.330734 275.700012
v 77.302116 -84.415260 275.700012
v 77.300003 -84.500000 275.700012
v 77.302116 -84.584740 275.700012
v 77.308449 -84.669266 275.700012
v 77.318985 -84.753372 275.700012
v 77.333710 -84.836845 275.700012
v 77.352570 -84.919487 275.700012
v 77.375526 -85.001083 275.700012
v 77.402519 -85.081436 275.700012
v 77.433487 -85.160339 275.700012
v 77.468353 -85.237602 275.700012
v 77.507027 -85.313034 275.700012
v 77.549408 -85.386436 275.700012
v 77.595390 -85.457642 275.700012
v 77.644875 -85.526466 275.700012
v 77.697723 -85.592735 275.700012
v 77.753815 -85.656296 275.700012
v 77.812996 -85.716972 275.700012
v 77.875137 -85.774628 275.700012
v 77.940071 -85.829117 275.700012
v 78.007637 -85.880295 275.700012
v 78.077675 -85.928047 275.700012
v 78.150002 -85.972244 275.700012
v 78.224442 -86.012779 275.700012
v 78.300812 -86.049561 275.700012
v 78.378922 -86.082489 275.700012
v 78.458572 -86.111473 275.700012
v 78.539574 -86.136459 275.700012
v 78.621712 -86.157379 275.700012
v 78.704796 -86.174171 275.700012
v 78.788612 -86.186806 275.700012
v 78.872955 -86.195244 275.700012
v 78.957619 -86.199471 275.700012
v 79.042381 -86.199471 275.700012
v 79.127045 -86.195244 275.700012
v 79.211388 -86.186806 275.700012
v 79.295204 -86.174171 275.700012
v 79.378288 -86.157379 275.700012
v 79.460426 -86.136459 275.700012
v 79.541428 -86.111473 275.700012
v 79.621078 -86.082489 275.700012
v 79.699188 -86.049561 275.700012
v 79.775558 -86.012779 275.700012
v 79.849998 -85.972244 275.700012
v 79.922325 -85.928047 275.700012
v 79.992363 -85.880295 275.700012
v 80.059929 -85.829117 275.700012
v 80.124863 -85.774628 275.700012
v 80.187004 -85.716972 275.700012
v 80.246185 -85.656296 275.700012
v 80.302277 -85.592735 275.700012
v 80.355125 -85.526466 275.700012
v 80.404610 -85.457642 275.700012
v 80.450592 -85.386436 275.700012
v 80.492973 -85.313034 275.700012
v 80.531647 -85.237602 275.700012
v 80.566513 -85.160339 275.700012
v 80.597481 -85.081436 275.700012
v 80.624474 -85.001083 275.700012
v 80.647430 -84.919487 275.700012
v 80.666290 -84.836845 275.700012
v 80.681015 -84.753372 275.700012
v 80.691551 -84.669266 275.700012
v 80.697884 -84.584740 275.700012
v 79.199997 -35.000000 275.700012
v 79.197884 -34.915260 275.700012
v 79.191551 -34.830734 275.700012
v 79.181015 -34.746628 275.700012
v 79.166290 -34.663151 275.700012
v 79.147430 -34.580513 275.700012
v 79.124474 -34.498917 275.700012
v 79.097481 -34.418568 275.700012
v 79.066513 -34.339661 275.700012
v 79.031647 -34.262398 275.700012
v 78.992973 -34.186970 275.700012
v 78.950592 -34.113560 275.700012
v 78.904610 -34.042355 275.700012
v 78.855125 -33.973534 275.700012
v 78.802277 -33.907261 275.700012
v 78.746185 -33.843708 275.700012
v 78.687004 -33.783028 275.700012
v 78.624863 -33.725372 275.700012
v 78.559929 -33.670887 275.700012
v 78.492363 -33.619705 275.700012
v 78.422325 -33.571957 275.700012
v 78.349998 -33.527756 275.700012
v 78.275558 -33.487217 275.700012
v 78.199188 -33.450439 275.700012
v 78.121078 -33.417515 275.700012
v 78.041428 -33.388523 275.700012
v 77.960426 -33.363541 275.700012
v 77.878288 -33.342621 275.700012
v 77.795204 -33.325829 275.700012
v 77.711388 -33.313194 275.700012
v 77.627045 -33.304752 275.700012
v 77.542381 -33.300529 275.700012
v 77.457619 -33.300529 275.700012
v 77.372955 -33.304752 275.700012
v 77.288612 -33.313194 275.700012
v 77.204796 -33.325829 275.700012
v 77.121712 -33.342621 275.700012
v 77.039574 -33.363541 275.700012
v 76.958572 -33.388523 275.700012
v 76.878922 -33.417515 275.700012
v 76.800812 -33.450439 275.700012
v 76.724442 -33.487217 275.700012
v 76.650002 -33.527756 275.700012
v 76.577675 -33.571957 275.700012
v 76.507637 -33.619705 275.700012
v 76.440071 -33.670887 275.700012
v 76.375137 -33.725372 275.700012
v 76.312996 -33.783028 275.700012
v 76.253815 -33.843708 275.700012
v 76.197723 -33.907261 275.700012
v 76.144875 -33.973534 275.700012
v 76.095390 -34.042355 275.700012
v 76.049408 -34.113560 275.700012
v 76.007027 -34.186970 275.700012
v 75.968353 -34.262398 275.700012
v 75.933487 -34.339661 275.700012
v 75.902519 -34.418568 275.700012
v 75.875526 -34.498917 275.700012
v 75.852570 -34.580513 275.700012
v 75.833710 -34.663151 275.700012
v 75.818985 -34.746628 275.700012
v 75.808449 -34.830734 275.700012
v 75.802116 -34.915260 275.700012
v 75.800003 -35.000000 275.700012
v 75.802116 -35.084740 275.700012
v 75.808449 -35.169266 275.700012
v 75.818985 -35.253372 275.700012
v 75.833710 -35.336849 275.700012
v 75.852570 -35.419487 275.700012
v 75.875526 -35.501083 275.700012
v 75.902519 -35.581432 275.700012
v 75.933487 -35.660339 275.700012
v 75.968353 -35.737602 275.700012
v 76.007027 -35.813030 275.700012
v 76.049408 -35.886440 275.700012
v 76.095390 -35.957645 275.700012
v 76.144875 -36.026466 275.700012
v 76.197723 -36.092739 275.700012
v 76.253815 -36.156292 275.700012
v 76.312996 -36.216972 275.700012
v 76.375137 -36.274628 275.700012
v 76.440071 -36.329113 275.700012
v 76.507637 -36.380295 275.700012
v 76.577675 -36.428043 275.700012
v 76.650002 -36.472244 275.700012
v 76.724442 -36.512783 275.700012
v 76.800812 -36.549561 275.700012
v 76.878922 -36.582485 275.700012
v 76.958572 -36.611477 275.700012
v 77.039574 -36.636459 275.700012
v 77.121712 -36.657379 275.700012
v 77.204796 -36.674171 275.700012
v 77.288612 -36.686806 275.700012
v 77.372955 -36.695248 275.700012
v 77.457619 -36.699471 275.700012
v 77.542381 -36.699471 275.700012
v 77.627045 -36.695248 275.700012
v 77.711388 -36.686806 275.700012
v 77.795204 -36.674171 275.700012
v 77.878288 -36.657379 275.700012
v 77.960426 -36.636459 275.700012
v 78.041428 -36.611477 275.700012
v 78.121078 -36.582485 275.700012
v 78.199188 -36.549561 275.700012
v 78.275558 -36.512783 275.700012
v 78.349998 -36.472244 275.700012
v 78.422325 -36.428043 275.700012
v 78.492363 -36.380295 275.700012
v 78.559929 -36.329113 275.700012
v 78.624863 -36.274628 275.700012
v 78.687004 -36.216972 275.700012
v 78.746185 -36.156292 275.700012
v 78.802277 -36.092739 275.700012
v 78.855125 -36.026466 275.700012
v 78.904610 -35.957645 275.700012
v 78.950592 -35.886440 275.700012
v 78.992973 -35.813030 275.700012
v 79.031647 -35.737602 275.700012
v 79.066513 -35.660339 275.700012
v 79.097481 -35.581432 275.700012
v 79.124474 -35.501083 275.700012
v 79.147430 -35.419487 275.700012
v 79.166290 -35.336849 275.700012
v 79.181015 -35.253372 275.700012
v 79.191551 -35.169266 275.700012
v 79.197884 -35.084740 275.700012
v 43.799999 -81.349998 275.700012
v 43.799999 -41.349998 275.700012
v 45.299999 -81.349998 275.700012
v 37.250000 -41.349998 275.700012
v 37.250000 -30.750000 275.700012
v 45.299999 -32.892719 275.700012
v 52.799999 -30.750000 275.700012
v 52.799999 -32.892719 275.700012
v 37.250000 -123.250000 274.000000
v 67.489998 -123.250000 274.000000
v 37.250000 -30.750000 274.000000
v 94.750000 -30.750000 274.000000
v 94.750000 -32.689999 274.000000
v 37.250000 -76.849998 281.700012
v 37.250000 -76.854347 281.874451
v 37.250000 -76.867393 282.048492
v 37.250000 -76.889091 282.221649
v 37.250000 -76.919395 282.393524
v 37.250000 -76.958229 282.563660
v 37.250000 -77.005493 282.731628
v 37.250000 -77.061073 282.897064
v 37.250000 -77.124832 283.059509
v 37.250000 -77.196609 283.218597
v 37.250000 -77.276222 283.373901
v 37.250000 -77.363480 283.525024
v 37.250000 -77.458168 283.671631
v 37.250000 -77.560036 283.813324
v 37.250000 -77.668846 283.949768
v 37.250000 -77.784317 284.080597
v 37.250000 -77.906174 284.205536
v 37.250000 -78.034096 284.324249
v 37.250000 -78.167786 284.436401
v 37.250000 -78.306900 284.541779
v 37.250000 -78.451088 284.640076
v 37.250000 -78.599998 284.731079
v 37.250000 -78.753265 284.814545
v 37.250000 -78.910492 284.890259
v 37.250000 -79.071304 284.958069
v 37.250000 -79.235298 285.017731
v 37.250000 -79.402061 285.069183
v 37.250000 -79.571175 285.112244
v 37.250000 -79.742233 285.146820
v 37.250000 -79.914795 285.172852
v 37.250000 -80.088448 285.190216
v 37.250000 -80.262741 285.198914
v 37.250000 -80.437256 285.198914
v 37.250000 -80.611557 285.190216
v 37.250000 -80.785202 285.172852
v 37.250000 -80.957771 285.146820
v 37.250000 -81.128822 285.112244
v 37.250000 -81.297943 285.069183
v 37.250000 -81.464706 285.017731
v 37.250000 -81.628693 284.958069
v 37.250000 -81.789505 284.890259
v 37.250000 -81.946739 284.814545
v 37.250000 -82.099998 284.731079
v 37.250000 -82.248909 284.640076
v 37.250000 -82.393105 284.541779
v 37.250000 -82.532211 284.436401
v 37.250000 -82.665901 284.324249
v 37.250000 -82.793831 284.205536
v 37.250000 -82.915680 284.080597
v 37.250000 -83.031158 283.949768
v 37.250000 -83.139961 283.813324
v 37.250000 -83.241837 283.671631
v 37.250000 -83.336517 283.525024
v 37.250000 -83.423775 283.373901
v 37.250000 -83.503387 283.218597
v 37.250000 -83.575165 283.059509
v 37.250000 -83.638924 282.897064
v 37.250000 -83.694504 282.731628
v 37.250000 -83.741768 282.563660
v 37.250000 -83.780602 282.393524
v 37.250000 -83.810905 282.221649
v 37.250000 -83.832611 282.048492
v 37.250000 -83.845650 281.874451
v 37.250000 -83.849998 281.700012
v 37.250000 -83.845650 281.525543
v 37.250000 -83.832611 281.351501
v 37.250000 -83.810905 281.178345
v 37.250000 -83.780602 281.006500
v 37.250000 -83.741768 280.836334
v 37.250000 -83.694504 280.668365
v 37.250000 -83.638924 280.502930
v 37.250000 -83.575165 280.340485
v 37.250000 -83.503387 280.181396
v 37.250000 -83.423775 280.026123
v 37.250000 -83.336517 279.874969
v 37.250000 -83.241837 279.728394
v 37.250000 -83.139961 279.586670
v 37.250000 -83.031158 279.450256
v 37.250000 -82.915680 279.319397
v 37.250000 -82.793831 279.194458
v 37.250000 -82.665901 279.075775
v 37.250000 -82.532211 278.963593
v 37.250000 -82.393105 278.858215
v 37.250000 -82.248909 278.759918
v 37.250000 -82.099998 278.668915
v 37.250000 -81.946739 278.585449
v 37.250000 -81.789505 278.509735
v 37.250000 -81.628693 278.441956
v 37.250000 -81.464706 278.382263
v 37.250000 -81.297943 278.330811
v 37.250000 -81.128822 278.287750
v 37.250000 -80.957771 278.253174
v 37.250000 -80.785202 278.227173
v 37.250000 -80.611557 278.209778
v 37.250000 -80.437256 278.201080
v 37.250000 -80.262741 278.201080
v 37.250000 -80.088448 278.209778
v 37.250000 -79.914795 278.227173
v 37.250000 -79.742233 278.253174
v 37.250000 -79.571175 278.287750
v 37.250000 -79.402061 278.330811
v 37.250000 -79.235298 278.382263
v 37.250000 -79.071304 278.441956
v 37.250000 -78.910492 278.509735
v 37.250000 -78.753265 278.585449
v 37.250000 -78.599998 278.668915
v 37.250000 -78.451088 278.759918
v 37.250000 -78.306900 278.858215
v 37.250000 -78.167786 278.963593
v 37.250000 -78.034096 279.075775
v 37.250000 -77.906174 279.194458
v 37.250000 -77.784317 279.319397
v 37.250000 -77.668846 279.450256
v 37.250000 -77.560036 279.586670
v 37.250000 -77.458168 279.728394
v 37.250000 -77.363480 279.874969
v 37.250000 -77.276222 280.026123
v 37.250000 -77.196609 280.181396
v 37.250000 -77.124832 280.340485
v 37.250000 -77.061073 280.502930
v 37.250000 -77.005493 280.668365
v 37.250000 -76.958229 280.836334
v 37.250000 -76.919395 281.006500
v 37.250000 -76.889091 281.178345
v 37.250000 -76.867393 281.351501
v 37.250000 -76.854347 281.525543
v 67.489998 -123.250000 275.700012
v 67.489998 -118.150002 281.700012
v 67.489998 -118.150002 275.700012
v 88.510002 -118.150002 281.700012
v 88.510002 -123.250000 275.700012
v 88.510002 -118.150002 275.700012
v 88.510002 -123.250000 274.000000
v 94.750000 -123.250000 274.000000
v 94.750000 -106.309998 274.000000
v 94.750000 -106.309998 275.700012
v 89.544998 -106.309998 281.700012
v 89.544998 -106.309998 275.700012
v 89.544998 -95.690002 281.700012
v 94.750000 -95.690002 275.700012
v 89.544998 -95.690002 275.700012
v 94.750000 -95.690002 274.000000
v 94.750000 -82.309998 274.000000
v 94.750000 -82.309998 275.700012
v 89.639999 -82.309998 281.700012
v 89.639999 -82.309998 275.700012
v 89.639999 -71.690002 281.700012
v 94.750000 -71.690002 275.700012
v 89.639999 -71.690002 275.700012
v 94.750000 -71.690002 274.000000
v 94.750000 -69.309998 274.000000
v 94.750000 -69.309998 275.700012
v 89.639999 -69.309998 281.700012
v 89.639999 -69.309998 275.700012
v 89.639999 -58.689999 281.700012
v 94.750000 -58.689999 275.700012
v 89.639999 -58.689999 275.700012
v 94.750000 -58.689999 274.000000
v 94.750000 -56.310001 274.000000
v 94.750000 -56.310001 275.700012
v 89.639999 -56.310001 281.700012
v 89.639999 -56.310001 275.700012
v 89.639999 -45.689999 281.700012
v 94.750000 -45.689999 275.700012
v 89.639999 -45.689999 275.700012
v 94.750000 -45.689999 274.000000
v 94.750000 -43.310001 274.000000
v 94.750000 -43.310001 275.700012
v 89.639999 -43.310001 281.700012
v 89.639999 -43.310001 275.700012
v 89.639999 -32.689999 281.700012
v 94.750000 -32.689999 275.700012
v 89.639999 -32.689999 275.700012
v 52.799999 -32.892719 283.700012
v 52.799999 -32.892719 287.700012
v 66.800003 -30.750000 275.700012
v 66.800003 -32.892719 283.700012
v 66.800003 -32.892719 275.700012
v 66.800003 -32.892719 287.700012
v 64.048401 -88.550003 290.200012
v 85.949997 -88.550003 290.200012
v 85.949997 -110.595001 290.200012
v 41.578400 -110.595001 290.200012
v 52.868401 -88.556572 290.200012
v 52.868401 -88.524597 290.200012
v 41.578400 -88.524597 290.200012
v 37.250000 -123.250000 275.700012
v 48.500000 -123.250000 275.700012
v 48.500000 -117.839996 275.700012
v 41.578400 -110.595001 275.700012
v 48.779999 -113.839996 275.700012
v 48.779999 -110.595001 275.700012
v 59.139999 -113.839996 275.700012
v 59.500000 -117.839996 275.700012
v 59.500000 -123.250000 275.700012
v 59.139999 -110.595001 275.700012
v 37.250000 -86.349998 275.700012
v 41.578400 -88.524597 275.700012
v 94.750000 -123.250000 275.700012
v 85.949997 -110.595001 275.700012
v 59.799999 -86.349998 275.700012
v 59.799999 -81.349998 275.700012
v 74.300003 -81.349998 275.700012
v 85.949997 -88.524597 275.700012
v 89.339996 -94.500000 275.700012
v 94.750000 -94.500000 275.700012
v 89.339996 -83.500000 275.700012
v 76.500000 -69.000000 275.700012
v 94.750000 -83.500000 275.700012
v 84.000000 -69.000000 275.700012
v 76.500000 -39.000000 275.700012
v 74.300003 -32.892719 275.700012
v 80.750000 -39.000000 275.700012
v 84.000000 -38.000000 275.700012
v 86.000000 -38.000000 275.700012
v 80.750000 -32.000000 275.700012
v 86.000000 -32.000000 275.700012
v 94.750000 -30.750000 275.700012
v 37.250000 -41.349998 287.700012
v 37.250000 -86.349998 287.700012
v 45.299999 -32.892719 283.700012
v 45.299999 -81.349998 283.700012
v 43.799999 -81.349998 287.700012
v 59.799999 -81.349998 287.700012
v 59.799999 -81.349998 283.700012
v 43.799999 -41.349998 287.700012
v 59.500000 -123.250000 281.700012
v 48.500000 -123.250000 281.700012
v 94.750000 -94.500000 281.700012
v 94.750000 -83.500000 281.700012
v 74.300003 -32.892719 283.700012
v 52.868401 -88.524597 287.700012
v 85.949997 -88.524597 287.700012
v 52.868401 -88.556572 287.700012
v 64.048401 -88.550003 287.700012
v 85.949997 -88.550003 287.700012
v 48.779999 -110.595001 283.700012
v 59.139999 -110.595001 283.700012
v 74.300003 -81.349998 283.700012
v 59.799999 -86.349998 287.700012
v 48.500000 -117.839996 281.700012
v 59.500000 -117.839996 281.700012
v 89.339996 -94.500000 281.700012
v 89.339996 -83.500000 281.700012
v 48.779999 -113.839996 283.700012
v 59.139999 -113.839996 283.700012
v 80.750000 -32.000000 277.700012
v 80.750000 -39.000000 277.700012
v 76.500000 -39.000000 277.700012
v 76.500000 -69.000000 277.700012
v 84.000000 -69.000000 277.700012
v 84.000000 -38.000000 277.700012
v 86.000000 -38.000000 277.700012
v 86.000000 -32.000000 277.700012
vn -0.999689 -0.024919 0.000000
vn -0.999689 -0.024919 0.000000
vn -0.997202 -0.074757 0.000000
vn -0.997202 -0.074757 0.000000
vn -0.992240 -0.124336 0.000000
vn -0.992240 -0.124336 0.000000
vn -0.984809 -0.173643 0.000000
vn -0.984809 -0.173643 0.000000
vn -0.974926 -0.222528 0.000000
vn -0.962629 -0.270822 0.000000
vn -0.974926 -0.222528 0.000000
vn -0.962629 -0.270822 0.000000
vn -0.947924 -0.318496 0.000000
vn -0.947924 -0.318496 0.000000
vn -0.930872 -0.365345 0.000000
vn -0.911504 -0.411292 0.000000
vn -0.930872 -0.365345 0.000000
vn -0.911504 -0.411292 0.000000
vn -0.889879 -0.456197 0.000000
vn -0.889879 -0.456197 0.000000
vn -0.866020 -0.500009 0.000000
vn -0.866020 -0.500009 0.000000
vn -0.840033 -0.542535 0.000000
vn -0.840033 -0.542535 0.000000
vn -0.811925 -0.583762 0.000000
vn -0.811925 -0.583762 0.000000
vn -0.781832 -0.623489 0.000000
vn -0.781832 -0.623489 0.000000
vn -0.749800 -0.661665 0.000000
vn -0.749800 -0.661665 0.000000
vn -0.715861 -0.698242 0.000000
vn -0.715861 -0.698242 0.000000
vn -0.680186 -0.733039 0.000000
vn -0.680186 -0.733039 0.000000
vn -0.642774 -0.766056 0.000000
vn -0.642774 -0.766056 0.000000
vn -0.603805 -0.797132 0.000000
vn -0.603805 -0.797132 0.000000
vn -0.563326 -0.826235 0.000000
vn -0.563326 -0.826235 0.000000
vn -0.521429 -0.853295 0.000000
vn -0.521429 -0.853295 0.000000
vn -0.478242 -0.878228 0.000000
vn -0.478242 -0.878228 0.000000
vn -0.433892 -0.900965 0.000000
vn -0.433892 -0.900965 0.000000
vn -0.388430 -0.921478 0.000000
vn -0.388430 -0.921478 0.000000
vn -0.342038 -0.939686 0.000000
vn -0.294756 -0.955573 0.000000
vn -0.342038 -0.939686 0.000000
vn -0.294756 -0.955573 0.000000
vn -0.246740 -0.969082 0.000000
vn -0.246740 -0.969082 0.000000
vn -0.198167 -0.980168 0.000000
vn -0.198167 -0.980168 0.000000
vn -0.149037 -0.988832 0.000000
vn -0.149037 -0.988832 0.000000
vn -0.099547 -0.995033 0.000000
vn -0.099547 -0.995033 0.000000
vn -0.049837 -0.998757 0.000000
vn -0.049837 -0.998757 0.000000
vn 0.000000 -1.000000 0.000000
vn 0.000000 -1.000000 0.000000
vn 0.049837 -0.998757 0.000000
vn 0.049837 -0.998757 0.000000
vn 0.099547 -0.995033 0.000000
vn 0.099547 -0.995033 0.000000
vn 0.149037 -0.988832 0.000000
vn 0.149037 -0.988832 0.000000
vn 0.198167 -0.980168 0.000000
vn 0.198167 -0.980168 0.000000
vn 0.246740 -0.969082 0.000000
vn 0.246740 -0.969082 0.000000
vn 0.294756 -0.955573 0.000000
vn 0.294756 -0.955573 0.000000
vn 0.342038 -0.939686 0.000000
vn 0.342038 -0.939686 0.000000
vn 0.388430 -0.921478 0.000000
vn 0.388430 -0.921478 0.000000
vn 0.433892 -0.900965 0.000000
vn 0.433892 -0.900965 0.000000
vn 0.478242 -0.878228 0.000000
vn 0.478242 -0.878228 0.000000
vn 0.521429 -0.853295 0.000000
vn 0.521429 -0.853295 0.000000
vn 0.563326 -0.826235 0.000000
vn 0.563326 -0.826235 0.000000
vn 0.603805 -0.797132 0.000000
vn 0.603805 -0.797132 0.000000
vn 0.642774 -0.766056 0.000000
vn 0.642774 -0.766056 0.000000
vn 0.680186 -0.733039 0.000000
vn 0.680186 -0.733039 0.000000
vn 0.715861 -0.698242 0.000000
vn 0.715861 -0.698242 0.000000
vn 0.749800 -0.661665 0.000000
vn 0.749800 -0.661665 0.000000
vn 0.781832 -0.623489 0.000000
vn 0.781832 -0.623489 0.000000
vn 0.811925 -0.583762 0.000000
vn 0.811925 -0.583762 0.000000
vn 0.840033 -0.542535 0.000000
vn 0.840033 -0.542535 0.000000
vn 0.866020 -0.500009 0.000000
vn 0.866020 -0.500009 0.000000
vn 0.889879 -0.456197 0.000000
vn 0.889879 -0.456197 0.000000
vn 0.911504 -0.411292 0.000000
vn 0.911504 -0.411292 0.000000
vn 0.930872 -0.365345 0.000000
vn 0.930872 -0.365345 0.000000
vn 0.947924 -0.318496 0.000000
vn 0.947924 -0.318496 0.000000
vn 0.962629 -0.270822 0.000000
vn 0.962629 -0.270822 0.000000
vn 0.974926 -0.222528 0.000000
vn 0.974926 -0.222528 0.000000
vn 0.984809 -0.173643 0.000000
vn 0.984809 -0.173643 0.000000
vn 0.992240 -0.124336 0.000000
vn 0.992240 -0.124336 0.000000
vn 0.997202 -0.074757 0.000000
vn 0.997202 -0.074757 0.000000
vn 0.999689 -0.024919 0.000000
vn 0.999689 -0.024919 0.000000
vn 0.999689 0.024919 0.000000
vn 0.999689 0.024919 -0.000000
vn 0.997202 0.074757 0.000000
vn 0.997202 0.074757 -0.000000
vn 0.992240 0.124336 0.000000
vn 0.992240 0.124336 -0.000000
vn 0.984809 0.173643 0.000000
vn 0.984809 0.173643 -0.000000
vn 0.974926 0.222528 0.000000
vn 0.974926 0.222528 -0.000000
vn 0.962629 0.270822 0.000000
vn 0.962629 0.270822 -0.000000
vn 0.947924 0.318496 0.000000
vn 0.947924 0.318496 -0.000000
vn 0.930872 0.365345 0.000000
vn 0.930872 0.365345 -0.000000
vn 0.911504 0.411292 0.000000
vn 0.911504 0.411292 -0.000000
vn 0.889879 0.456197 0.000000
vn 0.889879 0.456197 -0.000000
vn 0.866020 0.500009 0.000000
vn 0.866020 0.500009 -0.000000
vn 0.840033 0.542535 -0.000000
vn 0.840033 0.542535 0.000000
vn 0.811925 0.583762 -0.000000
vn 0.811925 0.583762 0.000000
vn 0.781832 0.623489 -0.000000
vn 0.781832 0.623489 0.000000
vn 0.749800 0.661665 -0.000000
vn 0.749800 0.661665 0.000000
vn 0.715861 0.698242 -0.000000
vn 0.715861 0.698242 0.000000
vn 0.680186 0.733039 -0.000000
vn 0.680186 0.733039 0.000000
vn 0.642774 0.766056 -0.000000
vn 0.642774 0.766056 0.000000
vn 0.603805 0.797132 -0.000000
vn 0.603805 0.797132 0.000000
vn 0.563326 0.826235 -0.000000
vn 0.563326 0.826235 0.000000
vn 0.521429 0.853295 -0.000000
vn 0.521429 0.853295 0.000000
vn 0.478242 0.878228 -0.000000
vn 0.478242 0.878228 0.000000
vn 0.433892 0.900965 -0.000000
vn 0.433892 0.900965 0.000000
vn 0.388430 0.921478 -0.000000
vn 0.388430 0.921478 0.000000
vn 0.342038 0.939686 0.000000
vn 0.342038 0.939686 -0.000000
vn 0.294756 0.955573 0.000000
vn 0.294756 0.955573 -0.000000
vn 0.246740 0.969082 0.000000
vn 0.246740 0.969082 -0.000000
vn 0.198167 0.980168 0.000000
vn 0.198167 0.980168 -0.000000
vn 0.149037 0.988832 -0.000000
vn 0.149037 0.988832 0.000000
vn 0.099547 0.995033 -0.000000
vn 0.099547 0.995033 0.000000
vn 0.049837 0.998757 -0.000000
vn 0.049837 0.998757 0.000000
vn 0.000000 1.000000 -0.000000
vn 0.000000 1.000000 0.000000
vn -0.049837 0.998757 0.000000
vn -0.049837 0.998757 0.000000
vn -0.099547 0.995033 0.000000
vn -0.099547 0.995033 0.000000
vn -0.149037 0.988832 0.000000
vn -0.149037 0.988832 0.000000
vn -0.198167 0.980168 0.000000
vn -0.198167 0.980168 0.000000
vn -0.246740 0.969082 0.000000
vn -0.246740 0.969082 0.000000
vn -0.294756 0.955573 0.000000
vn -0.294756 0.955573 0.000000
vn -0.342038 0.939686 0.000000
vn -0.342038 0.939686 0.000000
vn -0.388430 0.921478 0.000000
vn -0.433892 0.900965 0.000000
vn -0.388430 0.921478 0.000000
vn -0.433892 0.900965 0.000000
vn -0.478242 0.878228 0.000000
vn -0.478242 0.878228 0.000000
vn -0.521429 0.853295 0.000000
vn -0.563326 0.826235 0.000000
vn -0.521429 0.853295 0.000000
vn -0.563326 0.826235 0.000000
vn -0.603805 0.797132 0.000000
vn -0.603805 0.797132 0.000000
vn -0.642774 0.766056 0.000000
vn -0.642774 0.766056 0.000000
vn -0.680186 0.733039 0.000000
vn -0.680186 0.733039 0.000000
vn -0.715861 0.698242 0.000000
vn -0.715861 0.698242 0.000000
vn -0.749800 0.661665 0.000000
vn -0.749800 0.661665 0.000000
vn -0.781832 0.623489 0.000000
vn -0.781832 0.623489 0.000000
vn -0.811925 0.583762 0.000000
vn -0.811925 0.583762 0.000000
vn -0.840033 0.542535 0.000000
vn -0.840033 0.542535 0.000000
vn -0.866020 0.500009 0.000000
vn -0.866020 0.500009 0.000000
vn -0.889879 0.456197 0.000000
vn -0.889879 0.456197 0.000000
vn -0.911504 0.411292 0.000000
vn -0.911504 0.411292 0.000000
vn -0.930872 0.365345 0.000000
vn -0.930872 0.365345 0.000000
vn -0.947924 0.318496 0.000000
vn -0.947924 0.318496 0.000000
vn -0.962629 0.270822 0.000000
vn -0.962629 0.270822 0.000000
vn -0.974926 0.222528 0.000000
vn -0.974926 0.222528 0.000000
vn -0.984809 0.173643 0.000000
vn -0.984809 0.173643 0.000000
vn -0.992240 0.124336 0.000000
vn -0.992240 0.124336 0.000000
vn -0.997202 0.074757 0.000000
vn -0.997202 0.074757 0.000000
vn -0.999689 0.024919 0.000000
vn -0.999689 0.024919 0.000000
vn 0.000000 0.000000 1.000000
vn 0.000000 0.000000 1.000000
vn 0.000000 0.000000 1.000000
vn 0.000000 0.000000 1.000000
vn 0.000000 0.000000 1.000000
vn 0.000000 0.000000 1.000000
vn 0.000000 0.000000 1.000000
vn 0.000000 0.000000 1.000000
vn 0.000000 0.000000 1.000000
vn 0.000000 0.000000 1.000000
vn 0.000000 0.000000 1.000000
vn 0.000000 0.000000 1.000000
vn 0.000000 0.000000 1.000000
vn 0.000000 0.000000 1.000000
vn 0.000000 0.000000 1.000000
vn 0.000000 0.000000 1.000000
vn 0.000000 0.000000 1.000000
vn 0.000000 0.000000 1.000000
vn 0.000000 0.000000 1.000000
vn 0.000000 0.000000 1.000000
vn 0.000000 0.000000 1.000000
vn 0.000000 0.000000 1.000000
vn 0.000000 0.000000 1.000000
vn 0.000000 0.000000 1.000000
vn 0.000000 0.000000 1.000000
vn 0.000000 0.000000 1.000000
vn 0.000000 0.000000 1.000000
vn 0.000000 0.000000 1.000000
vn 0.000000 0.000000 1.000000
vn 0.000000 0.000000 1.000000
vn 0.000000 0.000000 1.000000
vn 0.000000 0.000000 1.000000
vn 0.000000 0.000000 1.000000
vn 0.000000 0.000000 1.000000
vn 0.000000 0.000000 1.000000
vn 0.000000 0.000000 1.000000
vn 0.000000 0.000000 1.000000
vn 0.000000 0.000000 1.000000
vn 0.000000 0.000000 1.000000
vn 0.000000 0.000000 1.000000
vn 0.000000 0.000000 1.000000
vn 0.000000 0.000000 1.000000
vn 0.000000 0.000000 1.000000
vn 0.000000 0.000000 1.000000
vn 0.000000 0.000000 1.000000
vn 0.000000 0.000000 1.000000
vn 0.000000 0.000000 1.000000
vn 0.000000 0.000000 1.000000
vn 0.000000 0.000000 1.000000
vn 0.000000 0.000000 1.000000
vn 0.000000 0.000000 1.000000
vn 0.000000 0.000000 1.000000
vn 0.000000 0.000000 1.000000
vn 0.000000 0.000000 1.000000
vn 0.000000 0.000000 1.000000
vn 0.000000 0.000000 1.000000
vn 0.000000 0.000000 1.000000
vn 0.000000 0.000000 1.000000
vn 0.000000 0.000000 1.000000
vn 0.000000 0.000000 1.000000
vn 0.000000 0.000000 1.000000
vn 0.000000 0.000000 1.000000
vn 0.000000 0.000000 1.000000
vn 0.000000 0.000000 1.000000
vn 0.000000 0.000000 1.000000
vn 0.000000 0.000000 1.000000
vn 0.000000 0.000000 1.000000
vn 0.000000 0.000000 1.000000
vn 0.000000 0.000000 1.000000
vn 0.000000 0.000000 1.000000
vn 0.000000 0.000000 1.000000
vn 0.000000 0.000000 1.000000
vn 0.000000 0.000000 1.000000
vn 0.000000 0.000000 1.000000
vn 0.000000 0.000000 1.000000
vn 0.000000 0.000000 1.000000
vn 0.000000 0.000000 1.000000
vn 0.000000 0.000000 1.000000
vn 0.000000 0.000000 1.000000
vn 0.000000 0.000000 1.000000
vn 0.000000 0.000000 1.000000
vn 0.000000 0.000000 1.000000
vn 0.000000 0.000000 1.000000
vn 0.000000 0.000000 1.000000
vn 0.000000 0.000000 1.000000
vn 0.000000 0.000000 1.000000
vn 0.000000 0.000000 1.000000
vn 0.000000 0.000000 1.000000
vn 0.000000 0.000000 1.000000
vn 0.000000 0.000000 1.000000
vn 0.000000 0.000000 1.000000
vn 0.000000 0.000000 1.000000
vn 0.000000 0.000000 1.000000
vn 0.000000 0.000000 1.000000
vn 0.000000 0.000000 1.000000
vn 0.000000 0.000000 1.000000
vn 0.000000 0.000000 1.000000
vn 0.000000 0.000000 1.000000
vn 0.000000 0.000000 1.000000
vn 0.000000 0.000000 1.000000
vn 0.000000 0.000000 1.000000
vn 0.000000 0.000000 1.000000
vn 0.000000 0.000000 1.000000
vn 0.000000 0.000000 1.000000
vn 0.000000 0.000000 1.000000
vn 0.000000 0.000000 1.000000
vn 0.000000 0.000000 1.000000
vn 0.000000 0.000000 1.000000
vn 0.000000 0.000000 1.000000
vn 0.000000 0.000000 1.000000
vn 0.000000 0.000000 1.000000
vn 0.000000 0.000000 1.000000
vn 0.000000 0.000000 1.000000
vn 0.000000 0.000000 1.000000
vn 0.000000 0.000000 1.000000
vn 0.000000 0.000000 1.000000
vn 0.000000 0.000000 1.000000
vn 0.000000 0.000000 1.000000
vn 0.000000 0.000000 1.000000
vn 0.000000 0.000000 1.000000
vn 0.000000 0.000000 1.000000
vn 0.000000 0.000000 1.000000
vn 0.000000 0.000000 1.000000
vn 0.000000 0.000000 1.000000
vn 0.000000 0.000000 1.000000
vn 0.000000 0.000000 1.000000
vn 0.000000 0.000000 1.000000
vn 0.000000 0.000000 1.000000
vn 0.000000 0.000000 1.000000
vn 0.000000 0.000000 1.000000
vn 0.000000 0.000000 1.000000
vn 0.000000 0.000000 1.000000
vn 0.000000 0.000000 1.000000
vn 0.000000 0.000000 1.000000
vn 0.000000 0.000000 1.000000
vn 0.000000 0.000000 1.000000
vn 0.000000 0.000000 1.000000
vn 0.000000 0.000000 1.000000
vn 0.000000 0.000000 1.000000
vn 0.000000 0.000000 1.000000
vn 0.000000 0.000000 1.000000
vn 0.000000 0.000000 1.000000
vn 0.000000 0.000000 1.000000
vn 0.000000 0.000000 1.000000
vn 0.000000 0.000000 1.000000
vn 0.000000 0.000000 1.000000
vn 0.000000 0.000000 1.000000
vn 0.000000 0.000000 1.000000
vn 0.000000 0.000000 1.000000
vn 0.000000 0.000000 1.000000
vn 0.000000 0.000000 1.000000
vn 0.000000 0.000000 1.000000
vn 0.000000 0.000000 1.000000
vn 0.000000 0.000000 1.000000
vn 0.000000 0.000000 1.000000
vn 0.000000 0.000000 1.000000
vn 0.000000 0.000000 1.000000
vn 0.000000 0.000000 1.000000
vn 0.000000 0.000000 1.000000
vn 0.000000 0.000000 1.000000
vn 0.000000 0.000000 1.000000
vn 0.000000 0.000000 1.000000
vn 0.000000 0.000000 1.000000
vn 0.000000 0.000000 1.000000
vn 0.000000 0.000000 1.000000
vn 0.000000 0.000000 1.000000
vn 0.000000 0.000000 1.000000
vn 0.000000 0.000000 1.000000
vn 0.000000 0.000000 1.000000
vn 0.000000 0.000000 1.000000
vn 0.000000 0.000000 1.000000
vn 0.000000 0.000000 1.000000
vn 0.000000 0.000000 1.000000
vn 0.000000 0.000000 1.000000
vn 0.000000 0.000000 1.000000
vn 0.000000 0.000000 1.000000
vn 0.000000 0.000000 1.000000
vn 0.000000 0.000000 1.000000
vn 0.000000 0.000000 1.000000
vn 0.000000 0.000000 1.000000
vn 0.000000 0.000000 1.000000
vn 0.000000 0.000000 1.000000
vn 0.000000 0.000000 1.000000
vn 0.000000 0.000000 1.000000
vn 0.000000 0.000000 1.000000
vn 0.000000 0.000000 1.000000
vn 0.000000 0.000000 1.000000
vn 0.000000 0.000000 1.000000
vn 0.000000 0.000000 1.000000
vn 0.000000 0.000000 1.000000
vn 0.000000 0.000000 1.000000
vn 0.000000 0.000000 1.000000
vn 0.000000 0.000000 1.000000
vn 0.000000 0.000000 1.000000
vn 0.000000 0.000000 1.000000
vn 0.000000 0.000000 1.000000
vn 0.000000 0.000000 1.000000
vn 0.000000 0.000000 1.000000
vn 0.000000 0.000000 1.000000
vn 0.000000 0.000000 1.000000
vn 0.000000 0.000000 1.000000
vn 0.000000 0.000000 1.000000
vn 0.000000 0.000000 1.000000
vn 0.000000 0.000000 1.000000
vn 0.000000 0.000000 1.000000
vn 0.000000 0.000000 1.000000
vn 0.000000 0.000000 1.000000
vn 0.000000 0.000000 1.000000
vn 0.000000 0.000000 1.000000
vn 0.000000 0.000000 1.000000
vn 0.000000 0.000000 1.000000
vn 0.000000 0.000000 1.000000
vn 0.000000 0.000000 1.000000
vn 0.000000 0.000000 1.000000
vn 0.000000 0.000000 1.000000
vn 0.000000 0.000000 1.000000
vn 0.000000 0.000000 1.000000
vn 0.000000 0.000000 1.000000
vn 0.000000 0.000000 1.000000
vn 0.000000 0.000000 1.000000
vn 0.000000 0.000000 1.000000
vn 0.000000 0.000000 1.000000
vn 0.000000 0.000000 1.000000
vn 0.000000 0.000000 1.000000
vn 0.000000 0.000000 1.000000
vn 0.000000 0.000000 1.000000
vn 0.000000 0.000000 1.000000
vn 0.000000 0.000000 1.000000
vn 0.000000 0.000000 1.000000
vn 0.000000 0.000000 1.000000
vn 0.000000 0.000000 1.000000
vn 0.000000 0.000000 1.000000
vn 0.000000 0.000000 1.000000
vn 0.000000 0.000000 1.000000
vn 0.000000 0.000000 1.000000
vn 0.000000 0.000000 1.000000
vn 0.000000 0.000000 1.000000
vn 0.000000 0.000000 1.000000
vn 0.000000 0.000000 1.000000
vn 0.000000 0.000000 1.000000
vn 0.000000 0.000000 1.000000
vn 0.000000 0.000000 1.000000
vn 0.000000 0.000000 1.000000
vn 0.000000 0.000000 1.000000
vn 0.000000 0.000000 1.000000
vn 0.000000 0.000000 1.000000
vn 0.000000 0.000000 1.000000
vn 0.000000 0.000000 1.000000
vn 0.000000 0.000000 1.000000
vn 0.000000 0.000000 1.000000
vn 0.000000 0.000000 1.000000
vn 0.000000 0.000000 1.000000
vn 0.000000 0.000000 1.000000
vn 0.000000 0.000000 1.000000
vn 0.000000 0.000000 1.000000
vn 0.000000 0.000000 1.000000
vn 0.000000 0.000000 1.000000
vn 0.000000 0.000000 1.000000
vn 0.000000 0.000000 1.000000
vn 0.000000 0.000000 1.000000
vn 0.000000 0.000000 1.000000
vn 0.000000 0.000000 1.000000
vn 0.000000 0.000000 1.000000
vn 0.000000 0.000000 1.000000
vn 0.000000 0.000000 1.000000
vn 0.000000 0.000000 1.000000
vn 0.000000 0.000000 1.000000
vn 0.000000 0.000000 1.000000
vn 0.000000 0.000000 1.000000
vn 0.000000 0.000000 1.000000
vn 0.000000 0.000000 1.000000
vn 0.000000 0.000000 1.000000
vn 0.000000 0.000000 1.000000
vn 0.000000 0.000000 1.000000
vn 0.000000 0.000000 1.000000
vn 0.000000 0.000000 1.000000
vn 0.000000 0.000000 1.000000
vn 0.000000 0.000000 1.000000
vn 0.000000 0.000000 1.000000
vn 0.000000 0.000000 1.000000
vn 0.000000 0.000000 1.000000
vn 0.000000 0.000000 1.000000
vn 0.000000 0.000000 1.000000
vn 0.000000 0.000000 1.000000
vn 0.000000 0.000000 1.000000
vn 0.000000 0.000000 1.000000
vn 0.000000 0.000000 1.000000
vn 0.000000 0.000000 1.000000
vn 0.000000 0.000000 1.000000
vn 0.000000 0.000000 1.000000
vn 0.000000 0.000000 1.000000
vn 0.000000 0.000000 1.000000
vn 0.000000 0.000000 1.000000
vn 0.000000 0.000000 1.000000
vn 0.000000 0.000000 1.000000
vn 0.000000 0.000000 1.000000
vn 0.000000 0.000000 1.000000
vn 0.000000 0.000000 1.000000
vn 0.000000 0.000000 1.000000
vn 0.000000 0.000000 1.000000
vn 0.000000 0.000000 1.000000
vn 0.000000 0.000000 1.000000
vn 0.000000 0.000000 1.000000
vn 0.000000 0.000000 1.000000
vn 0.000000 0.000000 1.000000
vn 0.000000 0.000000 1.000000
vn 0.000000 0.000000 1.000000
vn 0.000000 0.000000 1.000000
vn 0.000000 0.000000 1.000000
vn 0.000000 0.000000 1.000000
vn 0.000000 0.000000 1.000000
vn 0.000000 0.000000 1.000000
vn 0.000000 0.000000 1.000000
vn 0.000000 0.000000 1.000000
vn 0.000000 0.000000 1.000000
vn 0.000000 0.000000 1.000000
vn 0.000000 0.000000 1.000000
vn 0.000000 0.000000 1.000000
vn 0.000000 0.000000 1.000000
vn 0.000000 0.000000 1.000000
vn 0.000000 0.000000 1.000000
vn 0.000000 0.000000 1.000000
vn 0.000000 0.000000 1.000000
vn 0.000000 0.000000 1.000000
vn 0.000000 0.000000 1.000000
vn 0.000000 0.000000 1.000000
vn 0.000000 0.000000 1.000000
vn 0.000000 0.000000 1.000000
vn 0.000000 0.000000 1.000000
vn 0.000000 0.000000 1.000000
vn 0.000000 0.000000 1.000000
vn 0.000000 0.000000 1.000000
vn 0.000000 0.000000 1.000000
vn 0.000000 0.000000 1.000000
vn 0.000000 0.000000 1.000000
vn 0.000000 0.000000 1.000000
vn 0.000000 0.000000 1.000000
vn 0.000000 0.000000 1.000000
vn 0.000000 0.000000 1.000000
vn 0.000000 0.000000 1.000000
vn 0.000000 0.000000 1.000000
vn 0.000000 0.000000 1.000000
vn 0.000000 0.000000 1.000000
vn 0.000000 0.000000 1.000000
vn 0.000000 0.000000 1.000000
vn 0.000000 0.000000 1.000000
vn 0.000000 0.000000 1.000000
vn 0.000000 0.000000 1.000000
vn 0.000000 0.000000 1.000000
vn 0.000000 0.000000 1.000000
vn 0.000000 0.000000 1.000000
vn 0.000000 0.000000 1.000000
vn 0.000000 0.000000 1.000000
vn 0.000000 0.000000 1.000000
vn 0.000000 0.000000 1.000000
vn 0.000000 0.000000 1.000000
vn 0.000000 0.000000 1.000000
vn 0.000000 0.000000 1.000000
vn 0.000000 0.000000 1.000000
vn 0.000000 0.000000 1.000000
vn 0.000000 0.000000 1.000000
vn 0.000000 0.000000 1.000000
vn 0.000000 0.000000 1.000000
vn 0.000000 0.000000 1.000000
vn 0.000000 0.000000 1.000000
vn 0.000000 0.000000 1.000000
vn 0.000000 0.000000 1.000000
vn 0.000000 0.000000 1.000000
vn 0.000000 0.000000 1.000000
vn 0.000000 0.000000 1.000000
vn 0.000000 0.000000 1.000000
vn 0.000000 0.000000 1.000000
vn 0.000000 0.000000 1.000000
vn 0.000000 0.000000 1.000000
vn 0.000000 0.000000 1.000000
vn 0.000000 0.000000 1.000000
vn 0.000000 0.000000 1.000000
vn 0.000000 0.000000 1.000000
vn 0.000000 0.000000 1.000000
vn 0.000000 0.000000 1.000000
vn 0.000000 0.000000 1.000000
vn 0.000000 0.000000 1.000000
vn 0.000000 0.000000 1.000000
vn 0.000000 0.000000 1.000000
vn 0.000000 0.000000 1.000000
vn 0.000000 0.000000 1.000000
vn 0.000000 0.000000 1.000000
vn 0.000000 0.000000 1.000000
vn 0.000000 0.000000 1.000000
vn 0.000000 0.000000 1.000000
vn 0.000000 0.000000 1.000000
vn 0.000000 0.000000 1.000000
vn 0.000000 0.000000 1.000000
vn 0.000000 0.000000 1.000000
vn 0.000000 0.000000 1.000000
vn 0.000000 0.000000 1.000000
vn 0.000000 0.000000 1.000000
vn 0.000000 0.000000 1.000000
vn 0.000000 0.000000 1.000000
vn 0.000000 0.000000 1.000000
vn 0.000000 0.000000 1.000000
vn 0.000000 0.000000 1.000000
vn 0.000000 0.000000 1.000000
vn 0.000000 0.000000 1.000000
vn 0.000000 0.000000 1.000000
vn 0.000000 0.000000 1.000000
vn 0.000000 0.000000 1.000000
vn 0.000000 0.000000 1.000000
vn 0.000000 0.000000 1.000000
vn 0.000000 0.000000 1.000000
vn 0.000000 0.000000 1.000000
vn 0.000000 0.000000 1.000000
vn 0.000000 0.000000 1.000000
vn 0.000000 0.000000 1.000000
vn 0.000000 0.000000 1.000000
vn 0.000000 0.000000 1.000000
vn 0.000000 0.000000 1.000000
vn 0.000000 0.000000 1.000000
vn 0.000000 0.000000 1.000000
vn 0.000000 0.000000 1.000000
vn 0.000000 0.000000 1.000000
vn 0.000000 0.000000 1.000000
vn 0.000000 0.000000 1.000000
vn 0.000000 0.000000 1.000000
vn 0.000000 0.000000 1.000000
vn 0.000000 0.000000 1.000000
vn 0.000000 0.000000 1.000000
vn 0.000000 0.000000 1.000000
vn 0.000000 0.000000 1.000000
vn 0.000000 0.000000 1.000000
vn 0.000000 0.000000 1.000000
vn 0.000000 0.000000 1.000000
vn 0.000000 0.000000 1.000000
vn 0.000000 0.000000 1.000000
vn 0.000000 0.000000 1.000000
vn 0.000000 0.000000 1.000000
vn 0.000000 0.000000 1.000000
vn 0.000000 0.000000 1.000000
vn 0.000000 0.000000 1.000000
vn 0.000000 0.000000 1.000000
vn 0.000000 0.000000 1.000000
vn 0.000000 0.000000 1.000000
vn 0.000000 0.000000 1.000000
vn 0.000000 0.000000 1.000000
vn 0.000000 0.000000 1.000000
vn 0.000000 0.000000 1.000000
vn 0.000000 0.000000 1.000000
vn 0.000000 0.000000 1.000000
vn 0.000000 0.000000 1.000000
vn 0.000000 0.000000 1.000000
vn 0.000000 0.000000 1.000000
vn 0.000000 0.000000 1.000000
vn 0.000000 0.000000 1.000000
vn 0.000000 0.000000 1.000000
vn 0.000000 0.000000 1.000000
vn 0.000000 0.000000 1.000000
vn 0.000000 0.000000 1.000000
vn 0.000000 0.000000 1.000000
vn 0.000000 0.000000 1.000000
vn 0.000000 0.000000 1.000000
vn 0.000000 0.000000 1.000000
vn 0.000000 0.000000 1.000000
vn 0.000000 0.000000 1.000000
vn 0.000000 0.000000 1.000000
vn 0.000000 0.000000 1.000000
vn 0.000000 0.000000 1.000000
vn 0.000000 0.000000 1.000000
vn 0.000000 0.000000 1.000000
vn 0.000000 0.000000 1.000000
vn 0.000000 0.000000 1.000000
vn 0.000000 0.000000 1.000000
vn 0.000000 0.000000 1.000000
vn 0.000000 0.000000 1.000000
vn 0.000000 0.000000 1.000000
vn 0.000000 0.000000 1.000000
vn 0.000000 0.000000 1.000000
vn 0.000000 0.000000 1.000000
vn 0.000000 0.000000 1.000000
vn 0.000000 0.000000 1.000000
vn 0.000000 0.000000 1.000000
vn 0.000000 0.000000 1.000000
vn 0.000000 0.000000 1.000000
vn 0.000000 0.000000 1.000000
vn 0.000000 0.000000 1.000000
vn 0.000000 0.000000 1.000000
vn 0.000000 0.000000 1.000000
vn 0.000000 0.000000 1.000000
vn 0.000000 0.000000 1.000000
vn 0.000000 0.000000 1.000000
vn 0.000000 0.000000 1.000000
vn 0.000000 0.000000 1.000000
vn 0.000000 0.000000 1.000000
vn 0.000000 0.000000 1.000000
vn 0.000000 0.000000 1.000000
vn 0.000000 0.000000 1.000000
vn 0.000000 0.000000 1.000000
vn 0.000000 0.000000 1.000000
vn 0.000000 0.000000 1.000000
vn 0.000000 0.000000 1.000000
vn 0.000000 0.000000 1.000000
vn 0.000000 0.000000 1.000000
vn 0.000000 0.000000 1.000000
vn 0.000000 0.000000 1.000000
vn 0.000000 0.000000 1.000000
vn 0.000000 0.000000 1.000000
vn 0.000000 0.000000 1.000000
vn 0.000000 0.000000 1.000000
vn 0.000000 0.000000 1.000000
vn 0.000000 0.000000 1.000000
vn 0.000000 0.000000 1.000000
vn 0.000000 0.000000 1.000000
vn 0.000000 0.000000 1.000000
vn 0.000000 0.000000 1.000000
vn 0.000000 0.000000 1.000000
vn 0.000000 0.000000 1.000000
vn 0.000000 0.000000 1.000000
vn 0.000000 0.000000 1.000000
vn 0.000000 0.000000 1.000000
vn 0.000000 0.000000 1.000000
vn 0.000000 0.000000 1.000000
vn 0.000000 0.000000 1.000000
vn 0.000000 0.000000 1.000000
vn 0.000000 0.000000 1.000000
vn 0.000000 0.000000 1.000000
vn 0.000000 0.000000 1.000000
vn 0.000000 0.000000 1.000000
vn 0.000000 0.000000 1.000000
vn 0.000000 0.000000 1.000000
vn 0.000000 0.000000 1.000000
vn 0.000000 0.000000 1.000000
vn 0.000000 0.000000 1.000000
vn 0.000000 0.000000 1.000000
vn 0.000000 0.000000 1.000000
vn 0.000000 0.000000 1.000000
vn 0.000000 0.000000 1.000000
vn 0.000000 0.000000 1.000000
vn 0.000000 0.000000 1.000000
vn 0.000000 0.000000 1.000000
vn 0.000000 0.000000 1.000000
vn 0.000000 0.000000 1.000000
vn 0.000000 0.000000 1.000000
vn 0.000000 0.000000 1.000000
vn 0.000000 0.000000 1.000000
vn 0.000000 0.000000 1.000000
vn 0.000000 0.000000 1.000000
vn 0.000000 0.000000 1.000000
vn 0.000000 0.000000 1.000000
vn 0.000000 0.000000 1.000000
vn 0.000000 0.000000 1.000000
vn 0.000000 0.000000 1.000000
vn 0.000000 0.000000 1.000000
vn 0.000000 0.000000 1.000000
vn 0.000000 0.000000 1.000000
vn 0.000000 0.000000 1.000000
vn 0.000000 0.000000 1.000000
vn 0.000000 0.000000 1.000000
vn 0.000000 0.000000 1.000000
vn 0.000000 0.000000 1.000000
vn 0.000000 0.000000 1.000000
vn 0.000000 0.000000 1.000000
vn 0.000000 0.000000 1.000000
vn 0.000000 0.000000 1.000000
vn 0.000000 0.000000 1.000000
vn 0.000000 0.000000 1.000000
vn 0.000000 0.000000 1.000000
vn 0.000000 0.000000 1.000000
vn 0.000000 0.000000 1.000000
vn 0.000000 0.000000 1.000000
vn 0.000000 0.000000 1.000000
vn 0.000000 0.000000 1.000000
vn 0.000000 0.000000 1.000000
vn 0.000000 0.000000 1.000000
vn 0.000000 0.000000 1.000000
vn 0.000000 0.000000 1.000000
vn 0.000000 0.000000 1.000000
vn 0.000000 0.000000 1.000000
vn 0.000000 0.000000 1.000000
vn 0.000000 0.000000 1.000000
vn 0.000000 0.000000 1.000000
vn 0.000000 0.000000 1.000000
vn 0.000000 0.000000 1.000000
vn 0.000000 0.000000 1.000000
vn 0.000000 0.000000 1.000000
vn 0.000000 0.000000 1.000000
vn 0.000000 0.000000 1.000000
vn 0.000000 0.000000 1.000000
vn 0.000000 0.000000 1.000000
vn 0.000000 0.000000 1.000000
vn 0.000000 0.000000 1.000000
vn 0.000000 0.000000 1.000000
vn 0.000000 0.000000 1.000000
vn 0.000000 0.000000 1.000000
vn 0.000000 0.000000 1.000000
vn 0.000000 0.000000 1.000000
vn 0.000000 0.000000 1.000000
vn 0.000000 0.000000 1.000000
vn 0.000000 0.000000 1.000000
vn 0.000000 0.000000 1.000000
vn 0.000000 0.000000 1.000000
vn 0.000000 0.000000 1.000000
vn 0.000000 0.000000 1.000000
vn 0.000000 0.000000 1.000000
vn 0.000000 0.000000 1.000000
vn 0.000000 0.000000 1.000000
vn 0.000000 0.000000 1.000000
vn 0.000000 0.000000 1.000000
vn 0.000000 0.000000 1.000000
vn 0.000000 0.000000 1.000000
vn 0.000000 0.000000 1.000000
vn 0.000000 0.000000 1.000000
vn 0.000000 0.000000 1.000000
vn 0.000000 0.000000 1.000000
vn 0.000000 0.000000 1.000000
vn 0.000000 0.000000 1.000000
vn 0.000000 0.000000 1.000000
vn 0.000000 0.000000 1.000000
vn 0.000000 0.000000 1.000000
vn 0.000000 0.000000 1.000000
vn 0.000000 0.000000 1.000000
vn 0.000000 0.000000 1.000000
vn 0.000000 0.000000 1.000000
vn 0.000000 0.000000 1.000000
vn 0.000000 0.000000 1.000000
vn 0.000000 0.000000 1.000000
vn 0.000000 0.000000 1.000000
vn 0.000000 0.000000 1.000000
vn 0.000000 0.000000 1.000000
vn 0.000000 0.000000 1.000000
vn 0.000000 0.000000 1.000000
vn 0.000000 0.000000 1.000000
vn 0.000000 0.000000 1.000000
vn 0.000000 0.000000 1.000000
vn 0.000000 0.000000 1.000000
vn 0.000000 0.000000 1.000000
vn 0.000000 0.000000 1.000000
vn 0.000000 0.000000 1.000000
vn 0.000000 0.000000 1.000000
vn 0.000000 0.000000 1.000000
vn 0.000000 0.000000 1.000000
vn 0.000000 0.000000 1.000000
vn 0.000000 0.000000 1.000000
vn 0.000000 0.000000 1.000000
vn 0.000000 0.000000 1.000000
vn 0.000000 0.000000 1.000000
vn 0.000000 0.000000 1.000000
vn 0.000000 0.000000 1.000000
vn 0.000000 0.000000 1.000000
vn 0.000000 0.000000 1.000000
vn 0.000000 0.000000 1.000000
vn 0.000000 0.000000 1.000000
vn 0.000000 0.000000 1.000000
vn 0.000000 0.000000 1.000000
vn 0.000000 0.000000 1.000000
vn 0.000000 0.000000 1.000000
vn 0.000000 0.000000 1.000000
vn 0.000000 0.000000 1.000000
vn 0.000000 0.000000 1.000000
vn 0.000000 0.000000 1.000000
vn 0.000000 0.000000 1.000000
vn 0.000000 0.000000 1.000000
vn 0.000000 0.000000 1.000000
vn 0.000000 0.000000 1.000000
vn 0.000000 0.000000 1.000000
vn 0.000000 0.000000 1.000000
vn 0.000000 0.000000 1.000000
vn 0.000000 0.000000 1.000000
vn 0.000000 0.000000 1.000000
vn 0.000000 0.000000 1.000000
vn 0.000000 0.000000 1.000000
vn 0.000000 0.000000 1.000000
vn 0.000000 0.000000 1.000000
vn 0.000000 0.000000 1.000000
vn 0.000000 0.000000 1.000000
vn 0.000000 0.000000 1.000000
vn 0.000000 0.000000 1.000000
vn 0.000000 0.000000 1.000000
vn 0.000000 0.000000 1.000000
vn 0.000000 0.000000 1.000000
vn 0.000000 0.000000 1.000000
vn 0.000000 0.000000 1.000000
vn 0.000000 0.000000 1.000000
vn 0.000000 0.000000 1.000000
vn 0.000000 0.000000 1.000000
vn 0.000000 0.000000 1.000000
vn 0.000000 0.000000 1.000000
vn 0.000000 0.000000 1.000000
vn 0.000000 0.000000 1.000000
vn 0.000000 0.000000 1.000000
vn 0.000000 0.000000 1.000000
vn 0.000000 0.000000 1.000000
vn 0.000000 0.000000 1.000000
vn 0.000000 0.000000 1.000000
vn 0.000000 0.000000 1.000000
vn 0.000000 0.000000 1.000000
vn 0.000000 0.000000 1.000000
vn 0.000000 0.000000 1.000000
vn 0.000000 0.000000 1.000000
vn 0.000000 0.000000 1.000000
vn 0.000000 0.000000 1.000000
vn 0.000000 0.000000 1.000000
vn 0.000000 0.000000 1.000000
vn 0.000000 0.000000 1.000000
vn 0.000000 0.000000 1.000000
vn 0.000000 0.000000 1.000000
vn 0.000000 0.000000 1.000000
vn 0.000000 0.000000 1.000000
vn 0.000000 0.000000 1.000000
vn 0.000000 0.000000 1.000000
vn 0.000000 0.000000 1.000000
vn 0.000000 0.000000 1.000000
vn 0.000000 0.000000 1.000000
vn 0.000000 0.000000 1.000000
vn 0.000000 0.000000 1.000000
vn 0.000000 0.000000 1.000000
vn 0.000000 0.000000 1.000000
vn 0.000000 0.000000 1.000000
vn 0.000000 0.000000 1.000000
vn 0.000000 0.000000 1.000000
vn 0.000000 0.000000 1.000000
vn 0.000000 0.000000 1.000000
vn 0.000000 0.000000 1.000000
vn 0.000000 0.000000 1.000000
vn 0.000000 0.000000 1.000000
vn 0.000000 0.000000 1.000000
vn 0.000000 0.000000 1.000000
vn 0.000000 0.000000 1.000000
vn 0.000000 0.000000 1.000000
vn 0.000000 0.000000 1.000000
vn 0.000000 0.000000 1.000000
vn 0.000000 0.000000 1.000000
vn 0.000000 0.000000 1.000000
vn 0.000000 0.000000 1.000000
vn 0.000000 0.000000 1.000000
vn 0.000000 0.000000 1.000000
vn 0.000000 0.000000 1.000000
vn 0.000000 0.000000 1.000000
vn 0.000000 0.000000 1.000000
vn 0.000000 0.000000 1.000000
vn 0.000000 0.000000 1.000000
vn 0.000000 0.000000 1.000000
vn 0.000000 0.000000 1.000000
vn 0.000000 0.000000 1.000000
vn 0.000000 0.000000 1.000000
vn 0.000000 0.000000 1.000000
vn 0.000000 0.000000 1.000000
vn 0.000000 0.000000 1.000000
vn 0.000000 0.000000 1.000000
vn 0.000000 0.000000 1.000000
vn 0.000000 0.000000 1.000000
vn 0.000000 0.000000 1.000000
vn 0.000000 0.000000 1.000000
vn 0.000000 0.000000 1.000000
vn 0.000000 0.000000 1.000000
vn 0.000000 0.000000 1.000000
vn 0.000000 0.000000 1.000000
vn 0.000000 0.000000 1.000000
vn 0.000000 0.000000 1.000000
vn 0.000000 0.000000 1.000000
vn 0.000000 0.000000 1.000000
vn 0.000000 0.000000 1.000000
vn 0.000000 0.000000 1.000000
vn 0.000000 0.000000 1.000000
vn 0.000000 0.000000 1.000000
vn 0.000000 0.000000 1.000000
vn 0.000000 0.000000 1.000000
vn 0.000000 0.000000 1.000000
vn 0.000000 0.000000 1.000000
vn 0.000000 0.000000 1.000000
vn 0.000000 0.000000 1.000000
vn 0.000000 0.000000 1.000000
vn 0.000000 0.000000 1.000000
vn 0.000000 0.000000 1.000000
vn 0.000000 0.000000 1.000000
vn 0.000000 0.000000 1.000000
vn 0.000000 0.000000 1.000000
vn 0.000000 0.000000 1.000000
vn 0.000000 0.000000 1.000000
vn 0.000000 0.000000 1.000000
vn 0.000000 0.000000 1.000000
vn 0.000000 0.000000 1.000000
vn 0.000000 0.000000 1.000000
vn 0.000000 0.000000 1.000000
vn 0.000000 0.000000 1.000000
vn 0.000000 0.000000 1.000000
vn 0.000000 0.000000 1.000000
vn 0.000000 0.000000 1.000000
vn 0.000000 0.000000 1.000000
vn 0.000000 0.000000 1.000000
vn 0.000000 0.000000 1.000000
vn 0.000000 0.000000 1.000000
vn 0.000000 0.000000 1.000000
vn 0.000000 0.000000 1.000000
vn 0.000000 0.000000 1.000000
vn 0.000000 0.000000 1.000000
vn 0.000000 0.000000 1.000000
vn 0.000000 0.000000 1.000000
vn 0.000000 0.000000 1.000000
vn 0.000000 0.000000 1.000000
vn 0.000000 0.000000 1.000000
vn 0.000000 0.000000 1.000000
vn 0.000000 0.000000 1.000000
vn 0.000000 0.000000 1.000000
vn 0.000000 0.000000 1.000000
vn 0.000000 0.000000 1.000000
vn 0.000000 0.000000 1.000000
vn 0.000000 0.000000 1.000000
vn 0.000000 0.000000 1.000000
vn 0.000000 0.000000 1.000000
vn 0.000000 0.000000 1.000000
vn 0.000000 0.000000 1.000000
vn 0.000000 0.000000 1.000000
vn 0.000000 0.000000 1.000000
vn 0.000000 0.000000 1.000000
vn 0.000000 0.000000 1.000000
vn 0.000000 0.000000 1.000000
vn 0.000000 0.000000 1.000000
vn 0.000000 0.000000 1.000000
vn 0.000000 0.000000 1.000000
vn 0.000000 0.000000 1.000000
vn 0.000000 0.000000 1.000000
vn 0.000000 0.000000 1.000000
vn 0.000000 0.000000 1.000000
vn 0.000000 0.000000 1.000000
vn 0.000000 0.000000 1.000000
vn 0.000000 0.000000 1.000000
vn 0.000000 0.000000 1.000000
vn 0.000000 0.000000 1.000000
vn 0.000000 0.000000 1.000000
vn 0.000000 0.000000 1.000000
vn 0.000000 0.000000 1.000000
vn 0.000000 0.000000 1.000000
vn 0.000000 0.000000 1.000000
vn 0.000000 0.000000 1.000000
vn 0.000000 0.000000 1.000000
vn 0.000000 0.000000 1.000000
vn 0.000000 0.000000 1.000000
vn 0.000000 0.000000 1.000000
vn 0.000000 0.000000 1.000000
vn 0.000000 0.000000 1.000000
vn 0.000000 0.000000 1.000000
vn 0.000000 0.000000 1.000000
vn 0.000000 0.000000 1.000000
vn 0.000000 0.000000 1.000000
vn 0.000000 0.000000 1.000000
vn 0.000000 0.000000 1.000000
vn 0.000000 0.000000 1.000000
vn 0.000000 0.000000 1.000000
vn 0.000000 0.000000 1.000000
vn 0.000000 0.000000 1.000000
vn 0.000000 0.000000 1.000000
vn 0.000000 0.000000 1.000000
vn 0.000000 0.000000 1.000000
vn 0.000000 0.000000 1.000000
vn 0.000000 0.000000 1.000000
vn 0.000000 0.000000 1.000000
vn 0.000000 0.000000 1.000000
vn 0.000000 0.000000 1.000000
vn 0.000000 0.000000 1.000000
vn 0.000000 0.000000 1.000000
vn 0.000000 0.000000 1.000000
vn 0.000000 0.000000 1.000000
vn 0.000000 0.000000 1.000000
vn 0.000000 0.000000 1.000000
vn 0.000000 0.000000 1.000000
vn 0.000000 0.000000 1.000000
vn 0.000000 0.000000 1.000000
vn 0.000000 0.000000 1.000000
vn 0.000000 0.000000 1.000000
vn 0.000000 0.000000 1.000000
vn 0.000000 0.000000 1.000000
vn 0.000000 0.000000 1.000000
vn 0.000000 0.000000 1.000000
vn 0.000000 0.000000 1.000000
vn 0.000000 0.000000 1.000000
vn 0.000000 0.000000 1.000000
vn 0.000000 0.000000 1.000000
vn 0.000000 0.000000 1.000000
vn 0.000000 0.000000 1.000000
vn 0.000000 0.000000 1.000000
vn 0.000000 0.000000 1.000000
vn 0.000000 0.000000 1.000000
vn 0.000000 0.000000 1.000000
vn 0.000000 0.000000 1.000000
vn 0.000000 0.000000 1.000000
vn 0.000000 0.000000 1.000000
vn 0.000000 0.000000 1.000000
vn 0.000000 0.000000 1.000000
vn 0.000000 0.000000 1.000000
vn 0.000000 0.000000 1.000000
vn 0.000000 0.000000 1.000000
vn 0.000000 0.000000 1.000000
vn 0.000000 0.000000 1.000000
vn 0.000000 0.000000 1.000000
vn 0.000000 0.000000 1.000000
vn 0.000000 0.000000 1.000000
vn 0.000000 0.000000 1.000000
vn 0.000000 0.000000 1.000000
vn 0.000000 0.000000 1.000000
vn 0.000000 0.000000 1.000000
vn 0.000000 0.000000 1.000000
vn 0.000000 0.000000 1.000000
vn 0.000000 0.000000 1.000000
vn 0.000000 0.000000 1.000000
vn 0.000000 0.000000 1.000000
vn 0.000000 0.000000 1.000000
vn 0.000000 0.000000 1.000000
vn 0.000000 0.000000 1.000000
vn 0.000000 0.000000 1.000000
vn 0.000000 0.000000 1.000000
vn 0.000000 0.000000 1.000000
vn 0.000000 0.000000 1.000000
vn 0.000000 0.000000 1.000000
vn 0.000000 0.000000 1.000000
vn 0.000000 0.000000 1.000000
vn 0.000000 0.000000 1.000000
vn 0.000000 0.000000 1.000000
vn 0.000000 0.000000 1.000000
vn 0.000000 0.000000 1.000000
vn 0.000000 0.000000 1.000000
vn 0.000000 0.000000 1.000000
vn 0.000000 0.000000 1.000000
vn 0.000000 0.000000 1.000000
vn 0.000000 0.000000 1.000000
vn 0.000000 0.000000 1.000000
vn 0.000000 0.000000 1.000000
vn 0.000000 0.000000 1.000000
vn 0.000000 0.000000 1.000000
vn 0.000000 0.000000 1.000000
vn 0.000000 0.000000 1.000000
vn 0.000000 0.000000 1.000000
vn 0.000000 0.000000 1.000000
vn 0.000000 0.000000 1.000000
vn 0.000000 0.000000 1.000000
vn 0.000000 0.000000 1.000000
vn 0.000000 0.000000 1.000000
vn 0.000000 0.000000 1.000000
vn 0.000000 0.000000 1.000000
vn 0.000000 0.000000 1.000000
vn 0.000000 0.000000 1.000000
vn 0.000000 0.000000 1.000000
vn 0.000000 0.000000 1.000000
vn 0.000000 0.000000 1.000000
vn 0.000000 0.000000 1.000000
vn 0.000000 0.000000 1.000000
vn 0.000000 0.000000 1.000000
vn 0.000000 0.000000 1.000000
vn 0.000000 0.000000 1.000000
vn 0.000000 0.000000 1.000000
vn 0.000000 0.000000 1.000000
vn 0.000000 0.000000 1.000000
vn 0.000000 0.000000 1.000000
vn 0.000000 0.000000 1.000000
vn 0.000000 0.000000 1.000000
vn 0.000000 0.000000 1.000000
vn 0.000000 0.000000 1.000000
vn 0.000000 0.000000 1.000000
vn 0.000000 0.000000 1.000000
vn 0.000000 0.000000 1.000000
vn 0.000000 0.000000 1.000000
vn 0.000000 0.000000 1.000000
vn 0.000000 0.000000 1.000000
vn 0.000000 0.000000 1.000000
vn 0.000000 0.000000 1.000000
vn 0.000000 0.000000 1.000000
vn 0.000000 0.000000 1.000000
vn 0.000000 0.000000 1.000000
vn 0.000000 0.000000 1.000000
vn 0.000000 0.000000 1.000000
vn 0.000000 0.000000 1.000000
vn 0.000000 0.000000 1.000000
vn 0.000000 0.000000 1.000000
vn 0.000000 0.000000 1.000000
vn 0.000000 0.000000 1.000000
vn 0.000000 0.000000 1.000000
vn 0.000000 0.000000 1.000000
vn 0.000000 0.000000 1.000000
vn 0.000000 0.000000 1.000000
vn 0.000000 0.000000 1.000000
vn 0.000000 0.000000 1.000000
vn 0.000000 0.000000 1.000000
vn 0.000000 0.000000 1.000000
vn 0.000000 0.000000 1.000000
vn 0.000000 0.000000 1.000000
vn 0.000000 0.000000 1.000000
vn 0.000000 0.000000 1.000000
vn 0.000000 0.000000 1.000000
vn 0.000000 0.000000 1.000000
vn 0.000000 0.000000 1.000000
vn 0.000000 0.000000 1.000000
vn 0.000000 0.000000 1.000000
vn 0.000000 0.000000 1.000000
vn 0.000000 0.000000 1.000000
vn 0.000000 0.000000 1.000000
vn 0.000000 0.000000 1.000000
vn 0.000000 0.000000 1.000000
vn 0.000000 0.000000 1.000000
vn 0.000000 0.000000 1.000000
vn 0.000000 0.000000 1.000000
vn 0.000000 0.000000 1.000000
vn 0.000000 0.000000 1.000000
vn 0.000000 0.000000 1.000000
vn 0.000000 0.000000 1.000000
vn 0.000000 0.000000 1.000000
vn 0.000000 0.000000 1.000000
vn 0.000000 0.000000 1.000000
vn 0.000000 0.000000 1.000000
vn 0.000000 0.000000 1.000000
vn 0.000000 0.000000 1.000000
vn 0.000000 0.000000 1.000000
vn 0.000000 0.000000 1.000000
vn 0.000000 0.000000 1.000000
vn 0.000000 0.000000 1.000000
vn 0.000000 0.000000 1.000000
vn 0.000000 0.000000 1.000000
vn 0.000000 0.000000 1.000000
vn 0.000000 0.000000 1.000000
vn 0.000000 0.000000 1.000000
vn 0.000000 0.000000 1.000000
vn 0.000000 0.000000 1.000000
vn 0.000000 0.000000 1.000000
vn 0.000000 0.000000 1.000000
vn 0.000000 0.000000 1.000000
vn -0.999689 -0.024931 0.000000
vn -0.999689 -0.024931 0.000000
vn -0.997202 -0.074752 0.000000
vn -0.997202 -0.074752 0.000000
vn -0.992239 -0.124345 0.000000
vn -0.992239 -0.124345 0.000000
vn -0.984812 -0.173624 0.000000
vn -0.974922 -0.222545 0.000000
vn -0.984812 -0.173624 0.000000
vn -0.974922 -0.222545 0.000000
vn -0.962627 -0.270832 0.000000
vn -0.962627 -0.270832 0.000000
vn -0.947924 -0.318495 0.000000
vn -0.947924 -0.318495 0.000000
vn -0.930878 -0.365331 0.000000
vn -0.930878 -0.365331 0.000000
vn -0.911505 -0.411289 0.000000
vn -0.911505 -0.411289 0.000000
vn -0.889872 -0.456210 0.000000
vn -0.889872 -0.456210 0.000000
vn -0.866036 -0.499982 0.000000
vn -0.866036 -0.499982 0.000000
vn -0.840021 -0.542553 0.000000
vn -0.840021 -0.542553 0.000000
vn -0.811929 -0.583756 0.000000
vn -0.811929 -0.583756 0.000000
vn -0.781843 -0.623476 0.000000
vn -0.781843 -0.623476 0.000000
vn -0.749771 -0.661698 0.000000
vn -0.749771 -0.661698 0.000000
vn -0.715872 -0.698231 0.000000
vn -0.680173 -0.733051 0.000000
vn -0.715872 -0.698231 0.000000
vn -0.680173 -0.733051 0.000000
vn -0.642784 -0.766048 0.000000
vn -0.642784 -0.766048 0.000000
vn -0.603802 -0.797134 0.000000
vn -0.563321 -0.826238 0.000000
vn -0.603802 -0.797134 0.000000
vn -0.563321 -0.826238 0.000000
vn -0.521441 -0.853287 0.000000
vn -0.521441 -0.853287 0.000000
vn -0.478262 -0.878217 0.000000
vn -0.478262 -0.878217 0.000000
vn -0.433879 -0.900971 0.000000
vn -0.433879 -0.900971 0.000000
vn -0.388421 -0.921482 0.000000
vn -0.342032 -0.939688 0.000000
vn -0.388421 -0.921482 0.000000
vn -0.342032 -0.939688 0.000000
vn -0.294734 -0.955579 0.000000
vn -0.246790 -0.969069 0.000000
vn -0.294734 -0.955579 0.000000
vn -0.246790 -0.969069 0.000000
vn -0.198106 -0.980181 0.000000
vn -0.198106 -0.980181 0.000000
vn -0.149053 -0.988829 0.000000
vn -0.149053 -0.988829 0.000000
vn -0.099593 -0.995028 0.000000
vn -0.099593 -0.995028 0.000000
vn -0.049819 -0.998758 0.000000
vn -0.049819 -0.998758 0.000000
vn 0.000000 -1.000000 0.000000
vn 0.000000 -1.000000 0.000000
vn 0.049819 -0.998758 0.000000
vn 0.049819 -0.998758 0.000000
vn 0.099593 -0.995028 0.000000
vn 0.149053 -0.988829 0.000000
vn 0.099593 -0.995028 0.000000
vn 0.149053 -0.988829 0.000000
vn 0.198106 -0.980181 0.000000
vn 0.198106 -0.980181 0.000000
vn 0.246790 -0.969069 0.000000
vn 0.246790 -0.969069 0.000000
vn 0.294734 -0.955579 0.000000
vn 0.294734 -0.955579 0.000000
vn 0.342032 -0.939688 0.000000
vn 0.342032 -0.939688 0.000000
vn 0.388421 -0.921482 0.000000
vn 0.388421 -0.921482 0.000000
vn 0.433879 -0.900971 0.000000
vn 0.433879 -0.900971 0.000000
vn 0.478262 -0.878217 0.000000
vn 0.478262 -0.878217 0.000000
vn 0.521441 -0.853287 0.000000
vn 0.521441 -0.853287 0.000000
vn 0.563321 -0.826238 0.000000
vn 0.563321 -0.826238 0.000000
vn 0.603802 -0.797134 0.000000
vn 0.603802 -0.797134 0.000000
vn 0.642784 -0.766048 0.000000
vn 0.642784 -0.766048 0.000000
vn 0.680173 -0.733051 0.000000
vn 0.680173 -0.733051 0.000000
vn 0.715872 -0.698231 0.000000
vn 0.715872 -0.698231 0.000000
vn 0.749771 -0.661698 0.000000
vn 0.749771 -0.661698 0.000000
vn 0.781843 -0.623476 0.000000
vn 0.781843 -0.623476 0.000000
vn 0.811929 -0.583756 0.000000
vn 0.811929 -0.583756 0.000000
vn 0.840021 -0.542553 0.000000
vn 0.840021 -0.542553 0.000000
vn 0.866036 -0.499982 0.000000
vn 0.866036 -0.499982 0.000000
vn 0.889872 -0.456210 0.000000
vn 0.889872 -0.456210 0.000000
vn 0.911505 -0.411289 0.000000
vn 0.911505 -0.411289 0.000000
vn 0.930878 -0.365331 0.000000
vn 0.930878 -0.365331 0.000000
vn 0.947924 -0.318495 0.000000
vn 0.962627 -0.270832 0.000000
vn 0.947924 -0.318495 0.000000
vn 0.962627 -0.270832 0.000000
vn 0.974922 -0.222545 0.000000
vn 0.974922 -0.222545 0.000000
vn 0.984812 -0.173624 0.000000
vn 0.984812 -0.173624 0.000000
vn 0.992239 -0.124345 0.000000
vn 0.992239 -0.124345 0.000000
vn 0.997202 -0.074752 0.000000
vn 0.997202 -0.074752 0.000000
vn 0.999689 -0.024931 0.000000
vn 0.999689 -0.024931 0.000000
vn 0.999689 0.024931 0.000000
vn 0.999689 0.024931 -0.000000
vn 0.997202 0.074752 0.000000
vn 0.997202 0.074752 -0.000000
vn 0.992239 0.124345 -0.000000
vn 0.992239 0.124345 -0.000000
vn 0.984812 0.173624 0.000000
vn 0.984812 0.173624 -0.000000
vn 0.974922 0.222545 -0.000000
vn 0.974922 0.222545 -0.000000
vn 0.962627 0.270832 -0.000000
vn 0.962627 0.270832 -0.000000
vn 0.947924 0.318495 -0.000000
vn 0.947924 0.318495 -0.000000
vn 0.930878 0.365331 0.000000
vn 0.930878 0.365331 -0.000000
vn 0.911505 0.411289 -0.000000
vn 0.911505 0.411289 -0.000000
vn 0.889872 0.456210 0.000000
vn 0.889872 0.456210 -0.000000
vn 0.866036 0.499982 -0.000000
vn 0.866036 0.499982 -0.000000
vn 0.840021 0.542553 0.000000
vn 0.840021 0.542553 -0.000000
vn 0.811929 0.583756 0.000000
vn 0.811929 0.583756 -0.000000
vn 0.781843 0.623476 -0.000000
vn 0.781843 0.623476 -0.000000
vn 0.749771 0.661698 -0.000000
vn 0.749771 0.661698 -0.000000
vn 0.715872 0.698231 0.000000
vn 0.715872 0.698231 -0.000000
vn 0.680173 0.733051 0.000000
vn 0.680173 0.733051 -0.000000
vn 0.642784 0.766048 0.000000
vn 0.642784 0.766048 -0.000000
vn 0.603802 0.797134 -0.000000
vn 0.603802 0.797134 -0.000000
vn 0.563321 0.826238 -0.000000
vn 0.521441 0.853287 -0.000000
vn 0.563321 0.826238 0.000000
vn 0.521441 0.853287 -0.000000
vn 0.478262 0.878217 -0.000000
vn 0.478262 0.878217 0.000000
vn 0.433879 0.900971 -0.000000
vn 0.388421 0.921482 -0.000000
vn 0.433879 0.900971 0.000000
vn 0.388421 0.921482 -0.000000
vn 0.342032 0.939688 0.000000
vn 0.342032 0.939688 -0.000000
vn 0.294734 0.955579 -0.000000
vn 0.294734 0.955579 -0.000000
vn 0.246790 0.969069 0.000000
vn 0.246790 0.969069 -0.000000
vn 0.198106 0.980181 0.000000
vn 0.198106 0.980181 -0.000000
vn 0.149053 0.988829 0.000000
vn 0.149053 0.988829 -0.000000
vn 0.099593 0.995028 -0.000000
vn 0.099593 0.995028 -0.000000
vn 0.049819 0.998758 0.000000
vn 0.049819 0.998758 -0.000000
vn 0.000000 1.000000 0.000000
vn 0.000000 1.000000 -0.000000
vn -0.049819 0.998758 0.000000
vn -0.049819 0.998758 0.000000
vn -0.099593 0.995028 0.000000
vn -0.099593 0.995028 0.000000
vn -0.149053 0.988829 0.000000
vn -0.149053 0.988829 0.000000
vn -0.198106 0.980181 0.000000
vn -0.198106 0.980181 0.000000
vn -0.246790 0.969069 0.000000
vn -0.246790 0.969069 0.000000
vn -0.294734 0.955579 0.000000
vn -0.342032 0.939688 0.000000
vn -0.294734 0.955579 0.000000
vn -0.388421 0.921482 0.000000
vn -0.342032 0.939688 0.000000
vn -0.433879 0.900971 0.000000
vn -0.388421 0.921482 0.000000
vn -0.478262 0.878217 0.000000
vn -0.433879 0.900971 0.000000
vn -0.478262 0.878217 0.000000
vn -0.521441 0.853287 0.000000
vn -0.563321 0.826238 0.000000
vn -0.521441 0.853287 0.000000
vn -0.603802 0.797134 0.000000
vn -0.563321 0.826238 0.000000
vn -0.603802 0.797134 0.000000
vn -0.642784 0.766048 0.000000
vn -0.642784 0.766048 0.000000
vn -0.680173 0.733051 0.000000
vn -0.715872 0.698231 0.000000
vn -0.680173 0.733051 0.000000
vn -0.715872 0.698231 0.000000
vn -0.749771 0.661698 0.000000
vn -0.749771 0.661698 0.000000
vn -0.781843 0.623476 0.000000
vn -0.781843 0.623476 0.000000
vn -0.811929 0.583756 0.000000
vn -0.811929 0.583756 0.000000
vn -0.840021 0.542553 0.000000
vn -0.866036 0.499982 0.000000
vn -0.840021 0.542553 0.000000
vn -0.866036 0.499982 0.000000
vn -0.889872 0.456210 0.000000
vn -0.911505 0.411289 0.000000
vn -0.889872 0.456210 0.000000
vn -0.911505 0.411289 0.000000
vn -0.930878 0.365331 0.000000
vn -0.930878 0.365331 0.000000
vn -0.947924 0.318495 0.000000
vn -0.947924 0.318495 0.000000
vn -0.962627 0.270832 0.000000
vn -0.974922 0.222545 0.000000
vn -0.962627 0.270832 0.000000
vn -0.974922 0.222545 0.000000
vn -0.984812 0.173624 0.000000
vn -0.984812 0.173624 0.000000
vn -0.992239 0.124345 0.000000
vn -0.997202 0.074752 0.000000
vn -0.992239 0.124345 0.000000
vn -0.997202 0.074752 0.000000
vn -0.999689 0.024931 0.000000
vn -0.999689 0.024931 0.000000
vn -1.000000 0.000000 0.000000
vn -1.000000 0.000000 0.000000
vn -1.000000 0.000000 0.000000
vn -1.000000 0.000000 0.000000
vn -1.000000 0.000000 0.000000
vn -1.000000 0.000000 0.000000
vn -1.000000 0.000000 0.000000
vn -1.000000 0.000000 0.000000
vn -1.000000 0.000000 0.000000
vn -1.000000 0.000000 0.000000
vn -1.000000 0.000000 0.000000
vn -1.000000 0.000000 0.000000
vn -1.000000 0.000000 0.000000
vn -1.000000 0.000000 0.000000
vn -1.000000 0.000000 0.000000
vn -1.000000 0.000000 0.000000
vn -1.000000 0.000000 0.000000
vn -1.000000 0.000000 0.000000
vn -1.000000 0.000000 0.000000
vn -1.000000 0.000000 0.000000
vn -1.000000 0.000000 0.000000
vn -1.000000 0.000000 0.000000
vn -1.000000 0.000000 0.000000
vn -1.000000 0.000000 0.000000
vn -1.000000 0.000000 0.000000
vn -1.000000 0.000000 0.000000
vn -1.000000 0.000000 0.000000
vn -1.000000 0.000000 0.000000
vn -1.000000 0.000000 0.000000
vn -1.000000 0.000000 0.000000
vn -1.000000 0.000000 0.000000
vn -1.000000 0.000000 0.000000
vn -1.000000 0.000000 0.000000
vn -1.000000 0.000000 0.000000
vn -1.000000 0.000000 0.000000
vn -1.000000 0.000000 0.000000
vn -1.000000 0.000000 0.000000
vn -1.000000 0.000000 0.000000
vn -1.000000 0.000000 0.000000
vn -1.000000 0.000000 0.000000
vn -1.000000 0.000000 0.000000
vn -1.000000 0.000000 0.000000
vn -1.000000 0.000000 0.000000
vn -1.000000 0.000000 0.000000
vn -1.000000 0.000000 0.000000
vn -1.000000 0.000000 0.000000
vn -1.000000 0.000000 0.000000
vn -1.000000 0.000000 0.000000
vn -1.000000 0.000000 0.000000
vn -1.000000 0.000000 0.000000
vn -1.000000 0.000000 0.000000
vn -1.000000 0.000000 0.000000
vn -1.000000 0.000000 0.000000
vn -1.000000 0.000000 0.000000
vn -1.000000 0.000000 0.000000
vn -1.000000 0.000000 0.000000
vn -1.000000 0.000000 0.000000
vn -1.000000 0.000000 0.000000
vn -1.000000 0.000000 0.000000
vn -1.000000 0.000000 0.000000
vn -1.000000 0.000000 0.000000
vn -1.000000 0.000000 0.000000
vn -1.000000 0.000000 0.000000
vn -1.000000 0.000000 0.000000
vn -1.000000 0.000000 0.000000
vn -1.000000 0.000000 0.000000
vn -1.000000 0.000000 0.000000
vn -1.000000 0.000000 0.000000
vn -1.000000 0.000000 0.000000
vn -1.000000 0.000000 0.000000
vn -1.000000 0.000000 0.000000
vn -1.000000 0.000000 0.000000
vn -1.000000 0.000000 0.000000
vn -1.000000 0.000000 0.000000
vn -1.000000 0.000000 0.000000
vn -1.000000 0.000000 0.000000
vn -1.000000 0.000000 0.000000
vn -1.000000 0.000000 0.000000
vn -1.000000 0.000000 0.000000
vn -1.000000 0.000000 0.000000
vn -1.000000 0.000000 0.000000
vn -1.000000 0.000000 0.000000
vn -1.000000 0.000000 0.000000
vn -1.000000 0.000000 0.000000
vn -1.000000 0.000000 0.000000
vn -1.000000 0.000000 0.000000
vn -1.000000 0.000000 0.000000
vn -1.000000 0.000000 0.000000
vn -1.000000 0.000000 0.000000
vn -1.000000 0.000000 0.000000
vn -1.000000 0.000000 0.000000
vn -1.000000 0.000000 0.000000
vn -1.000000 0.000000 0.000000
vn -1.000000 0.000000 0.000000
vn -1.000000 0.000000 0.000000
vn -1.000000 0.000000 0.000000
vn -1.000000 0.000000 0.000000
vn -1.000000 0.000000 0.000000
vn -1.000000 0.000000 0.000000
vn -1.000000 0.000000 0.000000
vn -1.000000 0.000000 0.000000
vn -1.000000 0.000000 0.000000
vn -1.000000 0.000000 0.000000
vn -1.000000 0.000000 0.000000
vn -1.000000 0.000000 0.000000
vn -1.000000 0.000000 0.000000
vn -1.000000 0.000000 0.000000
vn -1.000000 0.000000 0.000000
vn -1.000000 0.000000 0.000000
vn -1.000000 0.000000 0.000000
vn -1.000000 0.000000 0.000000
vn -1.000000 0.000000 0.000000
vn -1.000000 0.000000 0.000000
vn -1.000000 -0.000000 0.000000
vn -1.000000 -0.000000 0.000000
vn -1.000000 -0.000000 0.000000
vn -1.000000 0.000000 0.000000
vn -1.000000 0.000000 0.000000
vn -1.000000 0.000000 0.000000
vn -1.000000 0.000000 0.000000
vn -1.000000 0.000000 0.000000
vn -1.000000 0.000000 0.000000
vn -1.000000 0.000000 0.000000
vn -1.000000 0.000000 0.000000
vn -1.000000 0.000000 0.000000
vn -1.000000 0.000000 0.000000
vn -1.000000 0.000000 0.000000
vn -1.000000 0.000000 0.000000
vn -1.000000 0.000000 0.000000
vn -1.000000 0.000000 0.000000
vn -0.000000 -1.000000 0.000000
vn 0.000000 -1.000000 0.000000
vn -0.000000 -1.000000 0.000000
vn 0.000000 -1.000000 0.000000
vn 0.000000 -1.000000 0.000000
vn 0.000000 -1.000000 0.000000
vn 1.000000 0.000000 0.000000
vn 1.000000 0.000000 0.000000
vn 1.000000 0.000000 0.000000
vn 1.000000 0.000000 0.000000
vn 1.000000 -0.000000 0.000000
vn 1.000000 0.000000 0.000000
vn 1.000000 0.000000 0.000000
vn 1.000000 0.000000 0.000000
vn 1.000000 -0.000000 0.000000
vn 1.000000 0.000000 0.000000
vn 1.000000 0.000000 0.000000
vn 1.000000 0.000000 0.000000
vn 1.000000 -0.000000 0.000000
vn 1.000000 0.000000 0.000000
vn 1.000000 -0.000000 0.000000
vn 1.000000 0.000000 0.000000
vn 1.000000 0.000000 0.000000
vn 1.000000 0.000000 0.000000
vn 1.000000 0.000000 0.000000
vn 1.000000 0.000000 0.000000
vn 1.000000 0.000000 0.000000
vn 1.000000 0.000000 0.000000
vn 0.000000 1.000000 0.000000
vn 0.000000 1.000000 0.000000
vn 0.000000 1.000000 0.000000
vn 0.000000 1.000000 0.000000
vn -0.000000 1.000000 0.000000
vn 0.000000 1.000000 0.000000
vn 0.000000 1.000000 0.000000
vn 0.000000 1.000000 0.000000
vn -0.999689 -0.024950 -0.000000
vn -0.999689 -0.024950 0.000000
vn -0.997205 -0.074720 0.000000
vn -0.997205 -0.074720 -0.000000
vn -0.992241 -0.124328 0.000000
vn -0.992241 -0.124328 -0.000000
vn -0.984804 -0.173669 0.000000
vn -0.984804 -0.173669 -0.000000
vn -0.974932 -0.222503 0.000000
vn -0.974932 -0.222503 -0.000000
vn -0.962615 -0.270874 0.000000
vn -0.947928 -0.318484 0.000000
vn -0.962615 -0.270874 -0.000000
vn -0.947928 -0.318484 0.000000
vn -0.930887 -0.365308 0.000000
vn -0.930887 -0.365308 -0.000000
vn -0.911503 -0.411294 0.000000
vn -0.911503 -0.411294 -0.000000
vn -0.889876 -0.456202 0.000000
vn -0.889876 -0.456202 -0.000000
vn -0.866027 -0.499997 -0.000000
vn -0.866027 -0.499997 0.000000
vn -0.840025 -0.542548 -0.000000
vn -0.840025 -0.542548 0.000000
vn -0.811926 -0.583760 -0.000000
vn -0.811926 -0.583760 0.000000
vn -0.781826 -0.623497 -0.000000
vn -0.781826 -0.623497 0.000000
vn -0.749806 -0.661658 0.000000
vn -0.749806 -0.661658 -0.000000
vn -0.715850 -0.698254 0.000000
vn -0.715850 -0.698254 -0.000000
vn -0.680153 -0.733070 0.000000
vn -0.680153 -0.733070 -0.000000
vn -0.642810 -0.766025 0.000000
vn -0.642810 -0.766025 -0.000000
vn -0.603795 -0.797140 0.000000
vn -0.563341 -0.826225 0.000000
vn -0.603795 -0.797140 -0.000000
vn -0.521429 -0.853294 0.000000
vn -0.563341 -0.826225 0.000000
vn -0.521429 -0.853294 0.000000
vn -0.478256 -0.878220 0.000000
vn -0.478256 -0.878220 -0.000000
vn -0.433869 -0.900976 0.000000
vn -0.433869 -0.900976 -0.000000
vn -0.388403 -0.921490 0.000000
vn -0.388403 -0.921490 -0.000000
vn -0.342057 -0.939679 0.000000
vn -0.342057 -0.939679 -0.000000
vn -0.294725 -0.955582 0.000000
vn -0.294725 -0.955582 -0.000000
vn -0.246774 -0.969073 0.000000
vn -0.246774 -0.969073 -0.000000
vn -0.198151 -0.980172 0.000000
vn -0.198151 -0.980172 -0.000000
vn -0.149016 -0.988835 0.000000
vn -0.149016 -0.988835 -0.000000
vn -0.099630 -0.995025 0.000000
vn -0.099630 -0.995025 -0.000000
vn -0.049813 -0.998759 0.000000
vn -0.049813 -0.998759 -0.000000
vn 0.000000 -1.000000 0.000000
vn 0.049815 -0.998758 0.000000
vn -0.000000 -1.000000 -0.000000
vn 0.049815 -0.998758 0.000000
vn 0.099626 -0.995025 0.000000
vn 0.099626 -0.995025 0.000000
vn 0.149016 -0.988835 0.000000
vn 0.149016 -0.988835 0.000000
vn 0.198151 -0.980172 0.000000
vn 0.198151 -0.980172 0.000000
vn 0.246774 -0.969073 0.000000
vn 0.246774 -0.969073 0.000000
vn 0.294725 -0.955582 0.000000
vn 0.294725 -0.955582 0.000000
vn 0.342057 -0.939679 0.000000
vn 0.342057 -0.939679 0.000000
vn 0.388403 -0.921490 0.000000
vn 0.388403 -0.921490 0.000000
vn 0.433869 -0.900976 0.000000
vn 0.433869 -0.900976 0.000000
vn 0.478256 -0.878220 0.000000
vn 0.478256 -0.878220 0.000000
vn 0.521429 -0.853294 0.000000
vn 0.521429 -0.853294 0.000000
vn 0.563341 -0.826225 0.000000
vn 0.563341 -0.826225 0.000000
vn 0.603795 -0.797140 0.000000
vn 0.603795 -0.797140 0.000000
vn 0.642810 -0.766025 0.000000
vn 0.642810 -0.766025 0.000000
vn 0.680153 -0.733070 0.000000
vn 0.680153 -0.733070 0.000000
vn 0.715850 -0.698254 0.000000
vn 0.715850 -0.698254 0.000000
vn 0.749806 -0.661658 0.000000
vn 0.749806 -0.661658 0.000000
vn 0.781826 -0.623497 0.000000
vn 0.781826 -0.623497 0.000000
vn 0.811926 -0.583760 0.000000
vn 0.811926 -0.583760 0.000000
vn 0.840025 -0.542548 0.000000
vn 0.840025 -0.542548 0.000000
vn 0.866045 -0.499965 0.000000
vn 0.866045 -0.499965 0.000000
vn 0.889859 -0.456236 0.000000
vn 0.889859 -0.456236 0.000000
vn 0.911519 -0.411259 0.000000
vn 0.911519 -0.411259 0.000000
vn 0.930872 -0.365345 0.000000
vn 0.930872 -0.365345 0.000000
vn 0.947928 -0.318484 0.000000
vn 0.947928 -0.318484 0.000000
vn 0.962626 -0.270834 0.000000
vn 0.962626 -0.270834 0.000000
vn 0.974923 -0.222543 0.000000
vn 0.974923 -0.222543 0.000000
vn 0.984811 -0.173628 0.000000
vn 0.984811 -0.173628 0.000000
vn 0.992236 -0.124370 0.000000
vn 0.992236 -0.124370 0.000000
vn 0.997205 -0.074720 0.000000
vn 0.997205 -0.074720 0.000000
vn 0.999689 -0.024950 0.000000
vn 0.999689 -0.024950 0.000000
vn 0.999689 0.024950 0.000000
vn 0.999689 0.024950 0.000000
vn 0.997205 0.074720 0.000000
vn 0.997205 0.074720 0.000000
vn 0.992237 0.124359 0.000000
vn 0.992237 0.124359 0.000000
vn 0.984811 0.173628 0.000000
vn 0.984811 0.173628 0.000000
vn 0.974923 0.222543 0.000000
vn 0.974923 0.222543 0.000000
vn 0.962626 0.270834 0.000000
vn 0.962626 0.270834 0.000000
vn 0.947928 0.318484 0.000000
vn 0.947928 0.318484 0.000000
vn 0.930861 0.365374 0.000000
vn 0.930861 0.365374 0.000000
vn 0.911519 0.411259 0.000000
vn 0.911519 0.411259 0.000000
vn 0.889877 0.456201 0.000000
vn 0.889877 0.456201 0.000000
vn 0.866024 0.500002 -0.000000
vn 0.866024 0.500002 0.000000
vn 0.840025 0.542548 0.000000
vn 0.840025 0.542548 0.000000
vn 0.811955 0.583720 0.000000
vn 0.811955 0.583720 0.000000
vn 0.781826 0.623497 0.000000
vn 0.781826 0.623497 0.000000
vn 0.749768 0.661700 0.000000
vn 0.749768 0.661700 0.000000
vn 0.715850 0.698254 0.000000
vn 0.715850 0.698254 0.000000
vn 0.680198 0.733028 0.000000
vn 0.680198 0.733028 0.000000
vn 0.642760 0.766067 0.000000
vn 0.642760 0.766067 0.000000
vn 0.603795 0.797140 0.000000
vn 0.603795 0.797140 0.000000
vn 0.563341 0.826225 0.000000
vn 0.563341 0.826225 0.000000
vn 0.521429 0.853294 0.000000
vn 0.521429 0.853294 0.000000
vn 0.478256 0.878220 0.000000
vn 0.478256 0.878220 0.000000
vn 0.433869 0.900976 0.000000
vn 0.433869 0.900976 0.000000
vn 0.388475 0.921459 0.000000
vn 0.388475 0.921459 0.000000
vn 0.341982 0.939707 0.000000
vn 0.341982 0.939707 0.000000
vn 0.294803 0.955558 0.000000
vn 0.294803 0.955558 0.000000
vn 0.246774 0.969073 0.000000
vn 0.246774 0.969073 0.000000
vn 0.198151 0.980172 0.000000
vn 0.198151 0.980172 0.000000
vn 0.149016 0.988835 0.000000
vn 0.149016 0.988835 0.000000
vn 0.099542 0.995033 0.000000
vn 0.099542 0.995033 0.000000
vn 0.049899 0.998754 0.000000
vn 0.049899 0.998754 0.000000
vn -0.000000 1.000000 0.000000
vn 0.000000 1.000000 0.000000
vn -0.049897 0.998754 0.000000
vn -0.049897 0.998754 0.000000
vn -0.099546 0.995033 0.000000
vn -0.099546 0.995033 0.000000
vn -0.149016 0.988835 0.000000
vn -0.149016 0.988835 0.000000
vn -0.198151 0.980172 0.000000
vn -0.198151 0.980172 0.000000
vn -0.246774 0.969073 0.000000
vn -0.246774 0.969073 0.000000
vn -0.294803 0.955558 0.000000
vn -0.294803 0.955558 0.000000
vn -0.341982 0.939707 0.000000
vn -0.341982 0.939707 0.000000
vn -0.388475 0.921459 0.000000
vn -0.388475 0.921459 0.000000
vn -0.433869 0.900976 0.000000
vn -0.433869 0.900976 0.000000
vn -0.478256 0.878220 0.000000
vn -0.478256 0.878220 0.000000
vn -0.521429 0.853294 0.000000
vn -0.521429 0.853294 0.000000
vn -0.563341 0.826225 0.000000
vn -0.563341 0.826225 0.000000
vn -0.603795 0.797140 0.000000
vn -0.603795 0.797140 0.000000
vn -0.642760 0.766067 0.000000
vn -0.642760 0.766067 0.000000
vn -0.680198 0.733028 0.000000
vn -0.680198 0.733028 0.000000
vn -0.715850 0.698254 0.000000
vn -0.715850 0.698254 0.000000
vn -0.749768 0.661700 0.000000
vn -0.749768 0.661700 0.000000
vn -0.781826 0.623497 0.000000
vn -0.781826 0.623497 0.000000
vn -0.811955 0.583720 0.000000
vn -0.811955 0.583720 0.000000
vn -0.840025 0.542548 0.000000
vn -0.840025 0.542548 0.000000
vn -0.866006 0.500034 0.000000
vn -0.866006 0.500034 0.000000
vn -0.889894 0.456167 0.000000
vn -0.889894 0.456167 0.000000
vn -0.911503 0.411294 0.000000
vn -0.911503 0.411294 0.000000
vn -0.930875 0.365337 0.000000
vn -0.930875 0.365337 0.000000
vn -0.947928 0.318484 0.000000
vn -0.947928 0.318484 0.000000
vn -0.962615 0.270874 0.000000
vn -0.962615 0.270874 0.000000
vn -0.974932 0.222503 0.000000
vn -0.974932 0.222503 0.000000
vn -0.984804 0.173669 0.000000
vn -0.984804 0.173669 0.000000
vn -0.992243 0.124317 0.000000
vn -0.992243 0.124317 0.000000
vn -0.997205 0.074720 0.000000
vn -0.997205 0.074720 0.000000
vn -0.999689 0.024950 0.000000
vn -0.999689 0.024950 0.000000
vn -0.999689 -0.024931 0.000000
vn -0.999689 -0.024931 0.000000
vn -0.997202 -0.074752 0.000000
vn -0.997202 -0.074752 0.000000
vn -0.992239 -0.124345 0.000000
vn -0.992239 -0.124345 0.000000
vn -0.984811 -0.173631 0.000000
vn -0.984811 -0.173631 0.000000
vn -0.974925 -0.222535 0.000000
vn -0.974925 -0.222535 0.000000
vn -0.962627 -0.270832 0.000000
vn -0.962627 -0.270832 0.000000
vn -0.947929 -0.318482 0.000000
vn -0.947929 -0.318482 0.000000
vn -0.930872 -0.365346 0.000000
vn -0.930872 -0.365346 0.000000
vn -0.911505 -0.411289 0.000000
vn -0.911505 -0.411289 0.000000
vn -0.889882 -0.456191 0.000000
vn -0.889882 -0.456191 0.000000
vn -0.866013 -0.500021 0.000000
vn -0.866013 -0.500021 0.000000
vn -0.840021 -0.542553 0.000000
vn -0.840021 -0.542553 0.000000
vn -0.811945 -0.583734 0.000000
vn -0.811945 -0.583734 0.000000
vn -0.781825 -0.623498 0.000000
vn -0.781825 -0.623498 0.000000
vn -0.749810 -0.661653 0.000000
vn -0.715851 -0.698254 0.000000
vn -0.749810 -0.661653 0.000000
vn -0.715851 -0.698254 0.000000
vn -0.680173 -0.733051 0.000000
vn -0.680173 -0.733051 0.000000
vn -0.642810 -0.766026 0.000000
vn -0.642810 -0.766026 0.000000
vn -0.603774 -0.797156 0.000000
vn -0.563352 -0.826217 0.000000
vn -0.603774 -0.797156 0.000000
vn -0.563352 -0.826217 0.000000
vn -0.521408 -0.853307 0.000000
vn -0.521408 -0.853307 0.000000
vn -0.478228 -0.878236 0.000000
vn -0.433916 -0.900953 0.000000
vn -0.478228 -0.878236 0.000000
vn -0.433916 -0.900953 0.000000
vn -0.388459 -0.921466 0.000000
vn -0.388459 -0.921466 0.000000
vn -0.341953 -0.939717 0.000000
vn -0.341953 -0.939717 0.000000
vn -0.294775 -0.955567 0.000000
vn -0.294775 -0.955567 0.000000
vn -0.246790 -0.969069 0.000000
vn -0.246790 -0.969069 0.000000
vn -0.198106 -0.980181 0.000000
vn -0.198106 -0.980181 0.000000
vn -0.149053 -0.988829 0.000000
vn -0.099548 -0.995033 0.000000
vn -0.149053 -0.988829 0.000000
vn -0.099548 -0.995033 0.000000
vn -0.049864 -0.998756 0.000000
vn -0.049864 -0.998756 0.000000
vn 0.000000 -1.000000 0.000000
vn 0.000000 -1.000000 0.000000
vn 0.049864 -0.998756 0.000000
vn 0.099548 -0.995033 0.000000
vn 0.049864 -0.998756 0.000000
vn 0.149053 -0.988829 0.000000
vn 0.099548 -0.995033 0.000000
vn 0.149053 -0.988829 0.000000
vn 0.198106 -0.980181 0.000000
vn 0.198106 -0.980181 0.000000
vn 0.246790 -0.969069 0.000000
vn 0.246790 -0.969069 0.000000
vn 0.294775 -0.955567 0.000000
vn 0.294775 -0.955567 0.000000
vn 0.341953 -0.939717 0.000000
vn 0.341953 -0.939717 0.000000
vn 0.388459 -0.921466 0.000000
vn 0.388459 -0.921466 0.000000
vn 0.433916 -0.900953 0.000000
vn 0.433916 -0.900953 0.000000
vn 0.478228 -0.878236 0.000000
vn 0.478228 -0.878236 0.000000
vn 0.521408 -0.853307 0.000000
vn 0.521408 -0.853307 0.000000
vn 0.563352 -0.826217 0.000000
vn 0.563352 -0.826217 0.000000
vn 0.603774 -0.797156 0.000000
vn 0.603774 -0.797156 0.000000
vn 0.642810 -0.766026 0.000000
vn 0.642810 -0.766026 0.000000
vn 0.680173 -0.733051 0.000000
vn 0.680173 -0.733051 0.000000
vn 0.715851 -0.698254 0.000000
vn 0.749810 -0.661653 0.000000
vn 0.715851 -0.698254 0.000000
vn 0.749810 -0.661653 0.000000
vn 0.781825 -0.623498 0.000000
vn 0.811945 -0.583734 0.000000
vn 0.781825 -0.623498 0.000000
vn 0.811945 -0.583734 0.000000
vn 0.840021 -0.542553 0.000000
vn 0.866013 -0.500021 0.000000
vn 0.840021 -0.542553 0.000000
vn 0.866013 -0.500021 0.000000
vn 0.889882 -0.456191 0.000000
vn 0.911505 -0.411289 0.000000
vn 0.889882 -0.456191 0.000000
vn 0.911505 -0.411289 0.000000
vn 0.930872 -0.365346 0.000000
vn 0.930872 -0.365346 0.000000
vn 0.947929 -0.318482 0.000000
vn 0.947929 -0.318482 0.000000
vn 0.962627 -0.270832 0.000000
vn 0.962627 -0.270832 0.000000
vn 0.974925 -0.222535 0.000000
vn 0.974925 -0.222535 0.000000
vn 0.984811 -0.173631 0.000000
vn 0.984811 -0.173631 0.000000
vn 0.992239 -0.124345 0.000000
vn 0.997202 -0.074752 0.000000
vn 0.992239 -0.124345 0.000000
vn 0.997202 -0.074752 0.000000
vn 0.999689 -0.024931 0.000000
vn 0.999689 -0.024931 0.000000
vn 0.999689 0.024931 0.000000
vn 0.999689 0.024931 -0.000000
vn 0.997202 0.074752 -0.000000
vn 0.997202 0.074752 -0.000000
vn 0.992239 0.124345 -0.000000
vn 0.992239 0.124345 -0.000000
vn 0.984811 0.173631 0.000000
vn 0.984811 0.173631 -0.000000
vn 0.974925 0.222535 -0.000000
vn 0.974925 0.222535 -0.000000
vn 0.962627 0.270832 0.000000
vn 0.962627 0.270832 -0.000000
vn 0.947929 0.318482 -0.000000
vn 0.947929 0.318482 -0.000000
vn 0.930872 0.365346 0.000000
vn 0.930872 0.365346 -0.000000
vn 0.911505 0.411289 -0.000000
vn 0.911505 0.411289 -0.000000
vn 0.889882 0.456191 -0.000000
vn 0.889882 0.456191 -0.000000
vn 0.866013 0.500021 -0.000000
vn 0.866013 0.500021 -0.000000
vn 0.840021 0.542553 0.000000
vn 0.840021 0.542553 -0.000000
vn 0.811945 0.583734 0.000000
vn 0.811945 0.583734 -0.000000
vn 0.781825 0.623498 -0.000000
vn 0.781825 0.623498 -0.000000
vn 0.749810 0.661653 -0.000000
vn 0.749810 0.661653 -0.000000
vn 0.715851 0.698254 -0.000000
vn 0.715851 0.698254 -0.000000
vn 0.680173 0.733051 0.000000
vn 0.680173 0.733051 -0.000000
vn 0.642810 0.766026 -0.000000
vn 0.642810 0.766026 -0.000000
vn 0.603774 0.797156 0.000000
vn 0.603774 0.797156 -0.000000
vn 0.563352 0.826217 -0.000000
vn 0.521408 0.853307 -0.000000
vn 0.563352 0.826217 0.000000
vn 0.521408 0.853307 -0.000000
vn 0.478228 0.878236 -0.000000
vn 0.433916 0.900953 -0.000000
vn 0.478228 0.878236 -0.000000
vn 0.433916 0.900953 -0.000000
vn 0.388459 0.921466 -0.000000
vn 0.341953 0.939717 -0.000000
vn 0.388459 0.921466 0.000000
vn 0.341953 0.939717 -0.000000
vn 0.294775 0.955567 -0.000000
vn 0.294775 0.955567 -0.000000
vn 0.246790 0.969069 0.000000
vn 0.246790 0.969069 -0.000000
vn 0.198106 0.980181 -0.000000
vn 0.198106 0.980181 -0.000000
vn 0.149053 0.988829 -0.000000
vn 0.149053 0.988829 -0.000000
vn 0.099548 0.995033 -0.000000
vn 0.099548 0.995033 -0.000000
vn 0.049864 0.998756 0.000000
vn 0.049864 0.998756 -0.000000
vn 0.000000 1.000000 0.000000
vn 0.000000 1.000000 -0.000000
vn -0.049864 0.998756 0.000000
vn -0.049864 0.998756 0.000000
vn -0.099548 0.995033 0.000000
vn -0.099548 0.995033 0.000000
vn -0.149053 0.988829 0.000000
vn -0.149053 0.988829 0.000000
vn -0.198106 0.980181 0.000000
vn -0.198106 0.980181 0.000000
vn -0.294775 0.955567 0.000000
vn -0.246790 0.969069 0.000000
vn -0.246790 0.969069 0.000000
vn -0.341953 0.939717 0.000000
vn -0.294775 0.955567 0.000000
vn -0.341953 0.939717 0.000000
vn -0.388459 0.921466 0.000000
vn -0.388459 0.921466 0.000000
vn -0.433916 0.900953 0.000000
vn -0.433916 0.900953 0.000000
vn -0.478228 0.878236 0.000000
vn -0.521408 0.853307 0.000000
vn -0.478228 0.878236 0.000000
vn -0.521408 0.853307 0.000000
vn -0.563352 0.826217 0.000000
vn -0.563352 0.826217 0.000000
vn -0.603774 0.797156 0.000000
vn -0.603774 0.797156 0.000000
vn -0.642810 0.766026 0.000000
vn -0.642810 0.766026 0.000000
vn -0.680173 0.733051 0.000000
vn -0.680173 0.733051 0.000000
vn -0.715851 0.698254 0.000000
vn -0.715851 0.698254 0.000000
vn -0.749810 0.661653 0.000000
vn -0.749810 0.661653 0.000000
vn -0.781825 0.623498 0.000000
vn -0.781825 0.623498 0.000000
vn -0.811945 0.583734 0.000000
vn -0.811945 0.583734 0.000000
vn -0.840021 0.542553 0.000000
vn -0.840021 0.542553 0.000000
vn -0.866013 0.500021 0.000000
vn -0.866013 0.500021 0.000000
vn -0.889882 0.456191 0.000000
vn -0.889882 0.456191 0.000000
vn -0.911505 0.411289 0.000000
vn -0.911505 0.411289 0.000000
vn -0.930872 0.365346 0.000000
vn -0.930872 0.365346 0.000000
vn -0.947929 0.318482 0.000000
vn -0.947929 0.318482 0.000000
vn -0.962627 0.270832 0.000000
vn -0.974925 0.222535 0.000000
vn -0.962627 0.270832 0.000000
vn -0.974925 0.222535 0.000000
vn -0.984811 0.173631 0.000000
vn -0.992239 0.124345 0.000000
vn -0.984811 0.173631 0.000000
vn -0.992239 0.124345 0.000000
vn -0.997202 0.074752 0.000000
vn -0.997202 0.074752 0.000000
vn -0.999689 0.024931 0.000000
vn -0.999689 0.024931 0.000000
vn -0.999689 -0.024931 0.000000
vn -0.999689 -0.024931 0.000000
vn -0.997205 -0.074707 0.000000
vn -0.997205 -0.074707 0.000000
vn -0.992245 -0.124301 0.000000
vn -0.992245 -0.124301 0.000000
vn -0.984795 -0.173719 0.000000
vn -0.984795 -0.173719 0.000000
vn -0.974934 -0.222492 0.000000
vn -0.974934 -0.222492 0.000000
vn -0.962627 -0.270832 0.000000
vn -0.962627 -0.270832 0.000000
vn -0.947943 -0.318441 0.000000
vn -0.947943 -0.318441 0.000000
vn -0.930872 -0.365346 0.000000
vn -0.930872 -0.365346 0.000000
vn -0.911488 -0.411326 0.000000
vn -0.911488 -0.411326 0.000000
vn -0.889863 -0.456227 0.000000
vn -0.889863 -0.456227 0.000000
vn -0.866013 -0.500021 0.000000
vn -0.866013 -0.500021 0.000000
vn -0.840062 -0.542490 0.000000
vn -0.840062 -0.542490 0.000000
vn -0.811923 -0.583764 0.000000
vn -0.811923 -0.583764 0.000000
vn -0.781825 -0.623498 0.000000
vn -0.781825 -0.623498 0.000000
vn -0.749788 -0.661678 0.000000
vn -0.715873 -0.698231 0.000000
vn -0.749788 -0.661678 0.000000
vn -0.715873 -0.698231 0.000000
vn -0.680151 -0.733072 0.000000
vn -0.680151 -0.733072 0.000000
vn -0.642810 -0.766026 0.000000
vn -0.642810 -0.766026 0.000000
vn -0.603795 -0.797139 0.000000
vn -0.563331 -0.826231 0.000000
vn -0.603795 -0.797139 0.000000
vn -0.563331 -0.826231 0.000000
vn -0.521428 -0.853295 0.000000
vn -0.521428 -0.853295 0.000000
vn -0.478228 -0.878236 0.000000
vn -0.433916 -0.900953 0.000000
vn -0.478228 -0.878236 0.000000
vn -0.433916 -0.900953 0.000000
vn -0.388459 -0.921466 0.000000
vn -0.388459 -0.921466 0.000000
vn -0.341953 -0.939717 0.000000
vn -0.341953 -0.939717 0.000000
vn -0.294762 -0.955571 0.000000
vn -0.294762 -0.955571 0.000000
vn -0.246811 -0.969063 0.000000
vn -0.246811 -0.969063 0.000000
vn -0.198106 -0.980181 0.000000
vn -0.198106 -0.980181 0.000000
vn -0.149053 -0.988829 0.000000
vn -0.099548 -0.995033 0.000000
vn -0.149053 -0.988829 0.000000
vn -0.099548 -0.995033 0.000000
vn -0.049861 -0.998756 0.000000
vn -0.049861 -0.998756 0.000000
vn 0.000000 -1.000000 0.000000
vn 0.000000 -1.000000 0.000000
vn 0.049861 -0.998756 0.000000
vn 0.099548 -0.995033 0.000000
vn 0.049861 -0.998756 0.000000
vn 0.149053 -0.988829 0.000000
vn 0.099548 -0.995033 0.000000
vn 0.149053 -0.988829 0.000000
vn 0.198106 -0.980181 0.000000
vn 0.198106 -0.980181 0.000000
vn 0.246811 -0.969063 0.000000
vn 0.246811 -0.969063 0.000000
vn 0.294762 -0.955571 0.000000
vn 0.294762 -0.955571 0.000000
vn 0.341953 -0.939717 0.000000
vn 0.341953 -0.939717 0.000000
vn 0.388459 -0.921466 0.000000
vn 0.388459 -0.921466 0.000000
vn 0.433916 -0.900953 0.000000
vn 0.433916 -0.900953 0.000000
vn 0.478228 -0.878236 0.000000
vn 0.478228 -0.878236 0.000000
vn 0.521428 -0.853295 0.000000
vn 0.521428 -0.853295 0.000000
vn 0.563331 -0.826231 0.000000
vn 0.563331 -0.826231 0.000000
vn 0.603795 -0.797139 0.000000
vn 0.603795 -0.797139 0.000000
vn 0.642810 -0.766026 0.000000
vn 0.642810 -0.766026 0.000000
vn 0.680151 -0.733072 0.000000
vn 0.680151 -0.733072 0.000000
vn 0.715873 -0.698231 0.000000
vn 0.749788 -0.661678 0.000000
vn 0.715873 -0.698231 0.000000
vn 0.749788 -0.661678 0.000000
vn 0.781825 -0.623498 0.000000
vn 0.811923 -0.583764 0.000000
vn 0.781825 -0.623498 0.000000
vn 0.811923 -0.583764 0.000000
vn 0.840062 -0.542490 0.000000
vn 0.866013 -0.500021 0.000000
vn 0.840062 -0.542490 0.000000
vn 0.866013 -0.500021 0.000000
vn 0.889863 -0.456227 0.000000
vn 0.911488 -0.411326 0.000000
vn 0.889863 -0.456227 0.000000
vn 0.911488 -0.411326 0.000000
vn 0.930872 -0.365346 0.000000
vn 0.930872 -0.365346 0.000000
vn 0.947943 -0.318441 0.000000
vn 0.947943 -0.318441 0.000000
vn 0.962627 -0.270832 0.000000
vn 0.962627 -0.270832 0.000000
vn 0.974934 -0.222492 0.000000
vn 0.974934 -0.222492 0.000000
vn 0.984795 -0.173719 0.000000
vn 0.984795 -0.173719 0.000000
vn 0.992245 -0.124301 0.000000
vn 0.997205 -0.074707 0.000000
vn 0.992245 -0.124301 0.000000
vn 0.997205 -0.074707 0.000000
vn 0.999689 -0.024931 0.000000
vn 0.999689 -0.024931 0.000000
vn 0.999689 0.024931 0.000000
vn 0.999689 0.024931 -0.000000
vn 0.997205 0.074707 -0.000000
vn 0.997205 0.074707 -0.000000
vn 0.992245 0.124301 -0.000000
vn 0.992245 0.124301 -0.000000
vn 0.984795 0.173719 0.000000
vn 0.984795 0.173719 -0.000000
vn 0.974934 0.222492 -0.000000
vn 0.974934 0.222492 -0.000000
vn 0.962627 0.270832 0.000000
vn 0.962627 0.270832 -0.000000
vn 0.947943 0.318441 -0.000000
vn 0.947943 0.318441 -0.000000
vn 0.930872 0.365346 0.000000
vn 0.930872 0.365346 -0.000000
vn 0.911488 0.411326 -0.000000
vn 0.911488 0.411326 -0.000000
vn 0.889863 0.456227 -0.000000
vn 0.889863 0.456227 -0.000000
vn 0.866013 0.500021 -0.000000
vn 0.866013 0.500021 -0.000000
vn 0.840062 0.542490 0.000000
vn 0.840062 0.542490 -0.000000
vn 0.811923 0.583764 0.000000
vn 0.811923 0.583764 -0.000000
vn 0.781825 0.623498 -0.000000
vn 0.781825 0.623498 -0.000000
vn 0.749788 0.661678 -0.000000
vn 0.749788 0.661678 -0.000000
vn 0.715873 0.698231 -0.000000
vn 0.715873 0.698231 -0.000000
vn 0.680151 0.733072 0.000000
vn 0.680151 0.733072 -0.000000
vn 0.642810 0.766026 -0.000000
vn 0.642810 0.766026 -0.000000
vn 0.603795 0.797139 0.000000
vn 0.603795 0.797139 -0.000000
vn 0.563331 0.826231 -0.000000
vn 0.521428 0.853295 -0.000000
vn 0.563331 0.826231 0.000000
vn 0.521428 0.853295 -0.000000
vn 0.478228 0.878236 -0.000000
vn 0.433916 0.900953 -0.000000
vn 0.478228 0.878236 -0.000000
vn 0.433916 0.900953 -0.000000
vn 0.388459 0.921466 -0.000000
vn 0.341953 0.939717 -0.000000
vn 0.388459 0.921466 0.000000
vn 0.341953 0.939717 -0.000000
vn 0.294762 0.955571 -0.000000
vn 0.294762 0.955571 -0.000000
vn 0.246811 0.969063 0.000000
vn 0.246811 0.969063 -0.000000
vn 0.198106 0.980181 -0.000000
vn 0.198106 0.980181 -0.000000
vn 0.149053 0.988829 -0.000000
vn 0.149053 0.988829 -0.000000
vn 0.099548 0.995033 -0.000000
vn 0.099548 0.995033 -0.000000
vn 0.049861 0.998756 0.000000
vn 0.049861 0.998756 -0.000000
vn 0.000000 1.000000 0.000000
vn 0.000000 1.000000 -0.000000
vn -0.049861 0.998756 0.000000
vn -0.049861 0.998756 0.000000
vn -0.099548 0.995033 0.000000
vn -0.099548 0.995033 0.000000
vn -0.149053 0.988829 0.000000
vn -0.149053 0.988829 0.000000
vn -0.198106 0.980181 0.000000
vn -0.198106 0.980181 0.000000
vn -0.294762 0.955571 0.000000
vn -0.246811 0.969063 0.000000
vn -0.246811 0.969063 0.000000
vn -0.341953 0.939717 0.000000
vn -0.294762 0.955571 0.000000
vn -0.341953 0.939717 0.000000
vn -0.388459 0.921466 0.000000
vn -0.388459 0.921466 0.000000
vn -0.433916 0.900953 0.000000
vn -0.433916 0.900953 0.000000
vn -0.478228 0.878236 0.000000
vn -0.521428 0.853295 0.000000
vn -0.478228 0.878236 0.000000
vn -0.521428 0.853295 0.000000
vn -0.563331 0.826231 0.000000
vn -0.563331 0.826231 0.000000
vn -0.603795 0.797139 0.000000
vn -0.603795 0.797139 0.000000
vn -0.642810 0.766026 0.000000
vn -0.642810 0.766026 0.000000
vn -0.680151 0.733072 0.000000
vn -0.680151 0.733072 0.000000
vn -0.715873 0.698231 0.000000
vn -0.715873 0.698231 0.000000
vn -0.749788 0.661678 0.000000
vn -0.749788 0.661678 0.000000
vn -0.781825 0.623498 0.000000
vn -0.781825 0.623498 0.000000
vn -0.811923 0.583764 0.000000
vn -0.811923 0.583764 0.000000
vn -0.840062 0.542490 0.000000
vn -0.840062 0.542490 0.000000
vn -0.866013 0.500021 0.000000
vn -0.866013 0.500021 0.000000
vn -0.889863 0.456227 0.000000
vn -0.889863 0.456227 0.000000
vn -0.911488 0.411326 0.000000
vn -0.911488 0.411326 0.000000
vn -0.930872 0.365346 0.000000
vn -0.930872 0.365346 0.000000
vn -0.947943 0.318441 0.000000
vn -0.947943 0.318441 0.000000
vn -0.962627 0.270832 0.000000
vn -0.974934 0.222492 0.000000
vn -0.962627 0.270832 0.000000
vn -0.974934 0.222492 0.000000
vn -0.984795 0.173719 0.000000
vn -0.992245 0.124301 0.000000
vn -0.984795 0.173719 0.000000
vn -0.992245 0.124301 0.000000
vn -0.997205 0.074707 0.000000
vn -0.997205 0.074707 0.000000
vn -0.999689 0.024931 0.000000
vn -0.999689 0.024931 0.000000
vn -0.999689 -0.024931 0.000000
vn -0.999689 -0.024931 0.000000
vn -0.997205 -0.074707 0.000000
vn -0.997205 -0.074707 0.000000
vn -0.992245 -0.124301 0.000000
vn -0.992245 -0.124301 0.000000
vn -0.984795 -0.173719 0.000000
vn -0.984795 -0.173719 0.000000
vn -0.974934 -0.222492 0.000000
vn -0.974934 -0.222492 0.000000
vn -0.962627 -0.270832 0.000000
vn -0.962627 -0.270832 0.000000
vn -0.947943 -0.318441 0.000000
vn -0.947943 -0.318441 0.000000
vn -0.930872 -0.365346 0.000000
vn -0.930872 -0.365346 0.000000
vn -0.911488 -0.411326 0.000000
vn -0.911488 -0.411326 0.000000
vn -0.889863 -0.456227 0.000000
vn -0.889863 -0.456227 0.000000
vn -0.866013 -0.500021 0.000000
vn -0.866013 -0.500021 0.000000
vn -0.840062 -0.542490 0.000000
vn -0.840062 -0.542490 0.000000
vn -0.811923 -0.583764 0.000000
vn -0.811923 -0.583764 0.000000
vn -0.781825 -0.623498 0.000000
vn -0.781825 -0.623498 0.000000
vn -0.749788 -0.661678 0.000000
vn -0.715873 -0.698231 0.000000
vn -0.749788 -0.661678 0.000000
vn -0.715873 -0.698231 0.000000
vn -0.680151 -0.733072 0.000000
vn -0.680151 -0.733072 0.000000
vn -0.642810 -0.766026 0.000000
vn -0.642810 -0.766026 0.000000
vn -0.603795 -0.797139 0.000000
vn -0.563331 -0.826231 0.000000
vn -0.603795 -0.797139 0.000000
vn -0.563331 -0.826231 0.000000
vn -0.521428 -0.853295 0.000000
vn -0.521428 -0.853295 0.000000
vn -0.478228 -0.878236 0.000000
vn -0.433916 -0.900953 0.000000
vn -0.478228 -0.878236 0.000000
vn -0.433916 -0.900953 0.000000
vn -0.388459 -0.921466 0.000000
vn -0.388459 -0.921466 0.000000
vn -0.341953 -0.939717 0.000000
vn -0.341953 -0.939717 0.000000
vn -0.294762 -0.955571 0.000000
vn -0.294762 -0.955571 0.000000
vn -0.246811 -0.969063 0.000000
vn -0.246811 -0.969063 0.000000
vn -0.198106 -0.980181 0.000000
vn -0.198106 -0.980181 0.000000
vn -0.149053 -0.988829 0.000000
vn -0.099548 -0.995033 0.000000
vn -0.149053 -0.988829 0.000000
vn -0.099548 -0.995033 0.000000
vn -0.049861 -0.998756 0.000000
vn -0.049861 -0.998756 0.000000
vn 0.000000 -1.000000 0.000000
vn 0.000000 -1.000000 0.000000
vn 0.049861 -0.998756 0.000000
vn 0.099548 -0.995033 0.000000
vn 0.049861 -0.998756 0.000000
vn 0.149053 -0.988829 0.000000
vn 0.099548 -0.995033 0.000000
vn 0.149053 -0.988829 0.000000
vn 0.198106 -0.980181 0.000000
vn 0.198106 -0.980181 0.000000
vn 0.246811 -0.969063 0.000000
vn 0.246811 -0.969063 0.000000
vn 0.294762 -0.955571 0.000000
vn 0.294762 -0.955571 0.000000
vn 0.341953 -0.939717 0.000000
vn 0.341953 -0.939717 0.000000
vn 0.388459 -0.921466 0.000000
vn 0.388459 -0.921466 0.000000
vn 0.433916 -0.900953 0.000000
vn 0.433916 -0.900953 0.000000
vn 0.478228 -0.878236 0.000000
vn 0.478228 -0.878236 0.000000
vn 0.521428 -0.853295 0.000000
vn 0.521428 -0.853295 0.000000
vn 0.563331 -0.826231 0.000000
vn 0.563331 -0.826231 0.000000
vn 0.603795 -0.797139 0.000000
vn 0.603795 -0.797139 0.000000
vn 0.642810 -0.766026 0.000000
vn 0.642810 -0.766026 0.000000
vn 0.680151 -0.733072 0.000000
vn 0.680151 -0.733072 0.000000
vn 0.715873 -0.698231 0.000000
vn 0.749788 -0.661678 0.000000
vn 0.715873 -0.698231 0.000000
vn 0.749788 -0.661678 0.000000
vn 0.781825 -0.623498 0.000000
vn 0.811923 -0.583764 0.000000
vn 0.781825 -0.623498 0.000000
vn 0.811923 -0.583764 0.000000
vn 0.840062 -0.542490 0.000000
vn 0.866013 -0.500021 0.000000
vn 0.840062 -0.542490 0.000000
vn 0.866013 -0.500021 0.000000
vn 0.889863 -0.456227 0.000000
vn 0.911488 -0.411326 0.000000
vn 0.889863 -0.456227 0.000000
vn 0.911488 -0.411326 0.000000
vn 0.930872 -0.365346 0.000000
vn 0.930872 -0.365346 0.000000
vn 0.947943 -0.318441 0.000000
vn 0.947943 -0.318441 0.000000
vn 0.962627 -0.270832 0.000000
vn 0.962627 -0.270832 0.000000
vn 0.974934 -0.222492 0.000000
vn 0.974934 -0.222492 0.000000
vn 0.984795 -0.173719 0.000000
vn 0.984795 -0.173719 0.000000
vn 0.992245 -0.124301 0.000000
vn 0.997205 -0.074707 0.000000
vn 0.992245 -0.124301 0.000000
vn 0.997205 -0.074707 0.000000
vn 0.999689 -0.024931 0.000000
vn 0.999689 -0.024931 0.000000
vn 0.999689 0.024931 0.000000
vn 0.999689 0.024931 -0.000000
vn 0.997205 0.074707 -0.000000
vn 0.997205 0.074707 -0.000000
vn 0.992245 0.124301 -0.000000
vn 0.992245 0.124301 -0.000000
vn 0.984795 0.173719 0.000000
vn 0.984795 0.173719 -0.000000
vn 0.974934 0.222492 -0.000000
vn 0.974934 0.222492 -0.000000
vn 0.962627 0.270832 0.000000
vn 0.962627 0.270832 -0.000000
vn 0.947943 0.318441 -0.000000
vn 0.947943 0.318441 -0.000000
vn 0.930872 0.365346 0.000000
vn 0.930872 0.365346 -0.000000
vn 0.911488 0.411326 -0.000000
vn 0.911488 0.411326 -0.000000
vn 0.889863 0.456227 -0.000000
vn 0.889863 0.456227 -0.000000
vn 0.866013 0.500021 -0.000000
vn 0.866013 0.500021 -0.000000
vn 0.840062 0.542490 0.000000
vn 0.840062 0.542490 -0.000000
vn 0.811923 0.583764 0.000000
vn 0.811923 0.583764 -0.000000
vn 0.781825 0.623498 -0.000000
vn 0.781825 0.623498 -0.000000
vn 0.749788 0.661678 -0.000000
vn 0.749788 0.661678 -0.000000
vn 0.715873 0.698231 -0.000000
vn 0.715873 0.698231 -0.000000
vn 0.680151 0.733072 0.000000
vn 0.680151 0.733072 -0.000000
vn 0.642810 0.766026 -0.000000
vn 0.642810 0.766026 -0.000000
vn 0.603795 0.797139 0.000000
vn 0.603795 0.797139 -0.000000
vn 0.563331 0.826231 -0.000000
vn 0.521428 0.853295 -0.000000
vn 0.563331 0.826231 0.000000
vn 0.521428 0.853295 -0.000000
vn 0.478228 0.878236 -0.000000
vn 0.433916 0.900953 -0.000000
vn 0.478228 0.878236 -0.000000
vn 0.433916 0.900953 -0.000000
vn 0.388459 0.921466 -0.000000
vn 0.341953 0.939717 -0.000000
vn 0.388459 0.921466 0.000000
vn 0.341953 0.939717 -0.000000
vn 0.294762 0.955571 -0.000000
vn 0.294762 0.955571 -0.000000
vn 0.246811 0.969063 0.000000
vn 0.246811 0.969063 -0.000000
vn 0.198106 0.980181 -0.000000
vn 0.198106 0.980181 -0.000000
vn 0.149053 0.988829 -0.000000
vn 0.149053 0.988829 -0.000000
vn 0.099548 0.995033 -0.000000
vn 0.099548 0.995033 -0.000000
vn 0.049861 0.998756 0.000000
vn 0.049861 0.998756 -0.000000
vn 0.000000 1.000000 0.000000
vn 0.000000 1.000000 -0.000000
vn -0.049861 0.998756 0.000000
vn -0.049861 0.998756 0.000000
vn -0.099548 0.995033 0.000000
vn -0.099548 0.995033 0.000000
vn -0.149053 0.988829 0.000000
vn -0.149053 0.988829 0.000000
vn -0.198106 0.980181 0.000000
vn -0.198106 0.980181 0.000000
vn -0.294762 0.955571 0.000000
vn -0.246811 0.969063 0.000000
vn -0.246811 0.969063 0.000000
vn -0.341953 0.939717 0.000000
vn -0.294762 0.955571 0.000000
vn -0.341953 0.939717 0.000000
vn -0.388459 0.921466 0.000000
vn -0.388459 0.921466 0.000000
vn -0.433916 0.900953 0.000000
vn -0.433916 0.900953 0.000000
vn -0.478228 0.878236 0.000000
vn -0.521428 0.853295 0.000000
vn -0.478228 0.878236 0.000000
vn -0.521428 0.853295 0.000000
vn -0.563331 0.826231 0.000000
vn -0.563331 0.826231 0.000000
vn -0.603795 0.797139 0.000000
vn -0.603795 0.797139 0.000000
vn -0.642810 0.766026 0.000000
vn -0.642810 0.766026 0.000000
vn -0.680151 0.733072 0.000000
vn -0.680151 0.733072 0.000000
vn -0.715873 0.698231 0.000000
vn -0.715873 0.698231 0.000000
vn -0.749788 0.661678 0.000000
vn -0.749788 0.661678 0.000000
vn -0.781825 0.623498 0.000000
vn -0.781825 0.623498 0.000000
vn -0.811923 0.583764 0.000000
vn -0.811923 0.583764 0.000000
vn -0.840062 0.542490 0.000000
vn -0.840062 0.542490 0.000000
vn -0.866013 0.500021 0.000000
vn -0.866013 0.500021 0.000000
vn -0.889863 0.456227 0.000000
vn -0.889863 0.456227 0.000000
vn -0.911488 0.411326 0.000000
vn -0.911488 0.411326 0.000000
vn -0.930872 0.365346 0.000000
vn -0.930872 0.365346 0.000000
vn -0.947943 0.318441 0.000000
vn -0.947943 0.318441 0.000000
vn -0.962627 0.270832 0.000000
vn -0.974934 0.222492 0.000000
vn -0.962627 0.270832 0.000000
vn -0.974934 0.222492 0.000000
vn -0.984795 0.173719 0.000000
vn -0.992245 0.124301 0.000000
vn -0.984795 0.173719 0.000000
vn -0.992245 0.124301 0.000000
vn -0.997205 0.074707 0.000000
vn -0.997205 0.074707 0.000000
vn -0.999689 0.024931 0.000000
vn -0.999689 0.024931 0.000000
vn -0.999689 -0.024931 0.000000
vn -0.999689 -0.024931 0.000000
vn -0.997205 -0.074707 0.000000
vn -0.997205 -0.074707 0.000000
vn -0.992245 -0.124301 0.000000
vn -0.992245 -0.124301 0.000000
vn -0.984797 -0.173711 0.000000
vn -0.984797 -0.173711 0.000000
vn -0.974932 -0.222502 0.000000
vn -0.974932 -0.222502 0.000000
vn -0.962627 -0.270832 0.000000
vn -0.962627 -0.270832 0.000000
vn -0.947938 -0.318455 0.000000
vn -0.947938 -0.318455 0.000000
vn -0.930878 -0.365331 0.000000
vn -0.930878 -0.365331 0.000000
vn -0.911488 -0.411326 0.000000
vn -0.911488 -0.411326 0.000000
vn -0.889854 -0.456245 0.000000
vn -0.889854 -0.456245 0.000000
vn -0.866036 -0.499982 0.000000
vn -0.866036 -0.499982 0.000000
vn -0.840062 -0.542490 0.000000
vn -0.840062 -0.542490 0.000000
vn -0.811908 -0.583785 0.000000
vn -0.811908 -0.583785 0.000000
vn -0.781843 -0.623476 0.000000
vn -0.781843 -0.623476 0.000000
vn -0.749749 -0.661723 0.000000
vn -0.715895 -0.698208 0.000000
vn -0.749749 -0.661723 0.000000
vn -0.715895 -0.698208 0.000000
vn -0.680151 -0.733072 0.000000
vn -0.680151 -0.733072 0.000000
vn -0.642784 -0.766048 0.000000
vn -0.642784 -0.766048 0.000000
vn -0.603824 -0.797118 0.000000
vn -0.563301 -0.826252 0.000000
vn -0.603824 -0.797118 0.000000
vn -0.563301 -0.826252 0.000000
vn -0.521461 -0.853275 0.000000
vn -0.521461 -0.853275 0.000000
vn -0.478262 -0.878217 0.000000
vn -0.433879 -0.900971 0.000000
vn -0.478262 -0.878217 0.000000
vn -0.433879 -0.900971 0.000000
vn -0.388421 -0.921482 0.000000
vn -0.388421 -0.921482 0.000000
vn -0.342032 -0.939688 0.000000
vn -0.342032 -0.939688 0.000000
vn -0.294721 -0.955583 0.000000
vn -0.294721 -0.955583 0.000000
vn -0.246811 -0.969063 0.000000
vn -0.246811 -0.969063 0.000000
vn -0.198106 -0.980181 0.000000
vn -0.198106 -0.980181 0.000000
vn -0.149053 -0.988829 0.000000
vn -0.099593 -0.995028 0.000000
vn -0.149053 -0.988829 0.000000
vn -0.099593 -0.995028 0.000000
vn -0.049816 -0.998758 0.000000
vn -0.049816 -0.998758 0.000000
vn 0.000000 -1.000000 0.000000
vn 0.000000 -1.000000 0.000000
vn 0.049816 -0.998758 0.000000
vn 0.099593 -0.995028 0.000000
vn 0.049816 -0.998758 0.000000
vn 0.149053 -0.988829 0.000000
vn 0.099593 -0.995028 0.000000
vn 0.149053 -0.988829 0.000000
vn 0.198106 -0.980181 0.000000
vn 0.198106 -0.980181 0.000000
vn 0.246811 -0.969063 0.000000
vn 0.246811 -0.969063 0.000000
vn 0.294721 -0.955583 0.000000
vn 0.294721 -0.955583 0.000000
vn 0.342032 -0.939688 0.000000
vn 0.342032 -0.939688 0.000000
vn 0.388421 -0.921482 0.000000
vn 0.388421 -0.921482 0.000000
vn 0.433879 -0.900971 0.000000
vn 0.433879 -0.900971 0.000000
vn 0.478262 -0.878217 0.000000
vn 0.478262 -0.878217 0.000000
vn 0.521461 -0.853275 0.000000
vn 0.521461 -0.853275 0.000000
vn 0.563301 -0.826252 0.000000
vn 0.563301 -0.826252 0.000000
vn 0.603824 -0.797118 0.000000
vn 0.603824 -0.797118 0.000000
vn 0.642784 -0.766048 0.000000
vn 0.642784 -0.766048 0.000000
vn 0.680151 -0.733072 0.000000
vn 0.680151 -0.733072 0.000000
vn 0.715895 -0.698208 0.000000
vn 0.749749 -0.661723 0.000000
vn 0.715895 -0.698208 0.000000
vn 0.749749 -0.661723 0.000000
vn 0.781843 -0.623476 0.000000
vn 0.811908 -0.583785 0.000000
vn 0.781843 -0.623476 0.000000
vn 0.811908 -0.583785 0.000000
vn 0.840062 -0.542490 0.000000
vn 0.866036 -0.499982 0.000000
vn 0.840062 -0.542490 0.000000
vn 0.866036 -0.499982 0.000000
vn 0.889854 -0.456245 0.000000
vn 0.911488 -0.411326 0.000000
vn 0.889854 -0.456245 0.000000
vn 0.911488 -0.411326 0.000000
vn 0.930878 -0.365331 0.000000
vn 0.930878 -0.365331 0.000000
vn 0.947938 -0.318455 0.000000
vn 0.947938 -0.318455 0.000000
vn 0.962627 -0.270832 0.000000
vn 0.962627 -0.270832 0.000000
vn 0.974932 -0.222502 0.000000
vn 0.974932 -0.222502 0.000000
vn 0.984797 -0.173711 0.000000
vn 0.984797 -0.173711 0.000000
vn 0.992245 -0.124301 0.000000
vn 0.997205 -0.074707 0.000000
vn 0.992245 -0.124301 0.000000
vn 0.997205 -0.074707 0.000000
vn 0.999689 -0.024931 0.000000
vn 0.999689 -0.024931 0.000000
vn 0.999689 0.024931 0.000000
vn 0.999689 0.024931 -0.000000
vn 0.997205 0.074707 -0.000000
vn 0.997205 0.074707 -0.000000
vn 0.992245 0.124301 -0.000000
vn 0.992245 0.124301 -0.000000
vn 0.984797 0.173711 0.000000
vn 0.984797 0.173711 -0.000000
vn 0.974932 0.222502 -0.000000
vn 0.974932 0.222502 -0.000000
vn 0.962627 0.270832 0.000000
vn 0.962627 0.270832 -0.000000
vn 0.947938 0.318455 -0.000000
vn 0.947938 0.318455 -0.000000
vn 0.930878 0.365331 0.000000
vn 0.930878 0.365331 -0.000000
vn 0.911488 0.411326 -0.000000
vn 0.911488 0.411326 -0.000000
vn 0.889854 0.456245 -0.000000
vn 0.889854 0.456245 -0.000000
vn 0.866036 0.499982 -0.000000
vn 0.866036 0.499982 -0.000000
vn 0.840062 0.542490 0.000000
vn 0.840062 0.542490 -0.000000
vn 0.811908 0.583785 0.000000
vn 0.811908 0.583785 -0.000000
vn 0.781843 0.623476 -0.000000
vn 0.781843 0.623476 -0.000000
vn 0.749749 0.661723 -0.000000
vn 0.749749 0.661723 -0.000000
vn 0.715895 0.698208 -0.000000
vn 0.715895 0.698208 -0.000000
vn 0.680151 0.733072 0.000000
vn 0.680151 0.733072 -0.000000
vn 0.642784 0.766048 -0.000000
vn 0.642784 0.766048 -0.000000
vn 0.603824 0.797118 0.000000
vn 0.603824 0.797118 -0.000000
vn 0.563301 0.826252 -0.000000
vn 0.521461 0.853275 -0.000000
vn 0.563301 0.826252 0.000000
vn 0.521461 0.853275 -0.000000
vn 0.478262 0.878217 -0.000000
vn 0.433879 0.900971 -0.000000
vn 0.478262 0.878217 -0.000000
vn 0.433879 0.900971 -0.000000
vn 0.388421 0.921482 -0.000000
vn 0.342032 0.939688 -0.000000
vn 0.388421 0.921482 0.000000
vn 0.342032 0.939688 -0.000000
vn 0.294721 0.955583 -0.000000
vn 0.294721 0.955583 -0.000000
vn 0.246811 0.969063 0.000000
vn 0.246811 0.969063 -0.000000
vn 0.198106 0.980181 -0.000000
vn 0.198106 0.980181 -0.000000
vn 0.149053 0.988829 -0.000000
vn 0.149053 0.988829 -0.000000
vn 0.099593 0.995028 -0.000000
vn 0.099593 0.995028 -0.000000
vn 0.049816 0.998758 0.000000
vn 0.049816 0.998758 -0.000000
vn 0.000000 1.000000 0.000000
vn 0.000000 1.000000 -0.000000
vn -0.049816 0.998758 0.000000
vn -0.049816 0.998758 0.000000
vn -0.099593 0.995028 0.000000
vn -0.099593 0.995028 0.000000
vn -0.149053 0.988829 0.000000
vn -0.149053 0.988829 0.000000
vn -0.198106 0.980181 0.000000
vn -0.198106 0.980181 0.000000
vn -0.294721 0.955583 0.000000
vn -0.246811 0.969063 0.000000
vn -0.246811 0.969063 0.000000
vn -0.342032 0.939688 0.000000
vn -0.294721 0.955583 0.000000
vn -0.342032 0.939688 0.000000
vn -0.388421 0.921482 0.000000
vn -0.388421 0.921482 0.000000
vn -0.433879 0.900971 0.000000
vn -0.433879 0.900971 0.000000
vn -0.478262 0.878217 0.000000
vn -0.521461 0.853275 0.000000
vn -0.478262 0.878217 0.000000
vn -0.521461 0.853275 0.000000
vn -0.563301 0.826252 0.000000
vn -0.563301 0.826252 0.000000
vn -0.603824 0.797118 0.000000
vn -0.603824 0.797118 0.000000
vn -0.642784 0.766048 0.000000
vn -0.642784 0.766048 0.000000
vn -0.680151 0.733072 0.000000
vn -0.680151 0.733072 0.000000
vn -0.715895 0.698208 0.000000
vn -0.715895 0.698208 0.000000
vn -0.749749 0.661723 0.000000
vn -0.749749 0.661723 0.000000
vn -0.781843 0.623476 0.000000
vn -0.781843 0.623476 0.000000
vn -0.811908 0.583785 0.000000
vn -0.811908 0.583785 0.000000
vn -0.840062 0.542490 0.000000
vn -0.840062 0.542490 0.000000
vn -0.866036 0.499982 0.000000
vn -0.866036 0.499982 0.000000
vn -0.889854 0.456245 0.000000
vn -0.889854 0.456245 0.000000
vn -0.911488 0.411326 0.000000
vn -0.911488 0.411326 0.000000
vn -0.930878 0.365331 0.000000
vn -0.930878 0.365331 0.000000
vn -0.947938 0.318455 0.000000
vn -0.947938 0.318455 0.000000
vn -0.962627 0.270832 0.000000
vn -0.974932 0.222502 0.000000
vn -0.962627 0.270832 0.000000
vn -0.974932 0.222502 0.000000
vn -0.984797 0.173711 0.000000
vn -0.992245 0.124301 0.000000
vn -0.984797 0.173711 0.000000
vn -0.992245 0.124301 0.000000
vn -0.997205 0.074707 0.000000
vn -0.997205 0.074707 0.000000
vn -0.999689 0.024931 0.000000
vn -0.999689 0.024931 0.000000
vn 0.000000 0.000000 -1.000000
vn 0.000000 0.000000 -1.000000
vn 0.000000 -0.000000 -1.000000
vn 0.000000 0.000000 -1.000000
vn 0.000000 -0.000000 -1.000000
vn 0.000000 0.000000 -1.000000
vn 0.000000 -0.000000 -1.000000
vn 0.000000 0.000000 -1.000000
vn 0.000000 -0.000000 -1.000000
vn 0.000000 0.000000 -1.000000
vn 0.000000 -0.000000 -1.000000
vn 0.000000 0.000000 -1.000000
vn 0.000000 -0.000000 -1.000000
vn 0.000000 0.000000 -1.000000
vn 0.000000 -0.000000 -1.000000
vn 0.000000 0.000000 -1.000000
vn 0.000000 -0.000000 -1.000000
vn 0.000000 0.000000 -1.000000
vn 0.000000 -0.000000 -1.000000
vn 0.000000 0.000000 -1.000000
vn 0.000000 -0.000000 -1.000000
vn 0.000000 0.000000 -1.000000
vn 0.000000 -0.000000 -1.000000
vn 0.000000 0.000000 -1.000000
vn 0.000000 0.000000 -1.000000
vn 0.000000 -0.000000 -1.000000
vn 0.000000 0.000000 -1.000000
vn 0.000000 0.000000 -1.000000
vn 0.000000 0.000000 -1.000000
vn 0.000000 0.000000 -1.000000
vn 0.000000 0.000000 -1.000000
vn 0.000000 0.000000 -1.000000
vn 0.000000 0.000000 -1.000000
vn 0.000000 0.000000 -1.000000
vn 0.000000 0.000000 -1.000000
vn 0.000000 0.000000 -1.000000
vn 0.000000 0.000000 -1.000000
vn 0.000000 0.000000 -1.000000
vn 0.000000 0.000000 -1.000000
vn 0.000000 0.000000 -1.000000
vn 0.000000 0.000000 -1.000000
vn 0.000000 0.000000 -1.000000
vn 0.000000 0.000000 -1.000000
vn 0.000000 0.000000 -1.000000
vn 0.000000 0.000000 -1.000000
vn 0.000000 0.000000 -1.000000
vn 0.000000 0.000000 -1.000000
vn 0.000000 0.000000 -1.000000
vn 0.000000 0.000000 -1.000000
vn 0.000000 0.000000 -1.000000
vn 0.000000 0.000000 -1.000000
vn 0.000000 0.000000 -1.000000
vn 0.000000 0.000000 -1.000000
vn 0.000000 0.000000 -1.000000
vn 0.000000 0.000000 -1.000000
vn 0.000000 0.000000 -1.000000
vn 0.000000 0.000000 -1.000000
vn 0.000000 0.000000 -1.000000
vn 0.000000 0.000000 -1.000000
vn 0.000000 0.000000 -1.000000
vn 0.000000 0.000000 -1.000000
vn 0.000000 0.000000 -1.000000
vn 0.000000 0.000000 -1.000000
vn 0.000000 0.000000 -1.000000
vn 0.000000 0.000000 -1.000000
vn 0.000000 0.000000 -1.000000
vn 0.000000 0.000000 -1.000000
vn 0.000000 0.000000 -1.000000
vn 0.000000 0.000000 -1.000000
vn 0.000000 0.000000 -1.000000
vn 0.000000 0.000000 -1.000000
vn 0.000000 0.000000 -1.000000
vn 0.000000 0.000000 -1.000000
vn 0.000000 0.000000 -1.000000
vn 0.000000 0.000000 -1.000000
vn 0.000000 0.000000 -1.000000
vn 0.000000 0.000000 -1.000000
vn 0.000000 0.000000 -1.000000
vn 0.000000 0.000000 -1.000000
vn 0.000000 0.000000 -1.000000
vn 0.000000 0.000000 -1.000000
vn 0.000000 0.000000 -1.000000
vn 0.000000 0.000000 -1.000000
vn 0.000000 0.000000 -1.000000
vn 0.000000 0.000000 -1.000000
vn 0.000000 0.000000 -1.000000
vn 0.000000 0.000000 -1.000000
vn 0.000000 0.000000 -1.000000
vn 0.000000 0.000000 -1.000000
vn 0.000000 0.000000 -1.000000
vn 0.000000 0.000000 -1.000000
vn 0.000000 0.000000 -1.000000
vn 0.000000 0.000000 -1.000000
vn 0.000000 0.000000 -1.000000
vn 0.000000 0.000000 -1.000000
vn 0.000000 0.000000 -1.000000
vn 0.000000 0.000000 -1.000000
vn 0.000000 0.000000 -1.000000
vn 0.000000 0.000000 -1.000000
vn 0.000000 0.000000 -1.000000
vn 0.000000 0.000000 -1.000000
vn 0.000000 0.000000 -1.000000
vn 0.000000 0.000000 -1.000000
vn 0.000000 0.000000 -1.000000
vn 0.000000 0.000000 -1.000000
vn 0.000000 0.000000 -1.000000
vn 0.000000 0.000000 -1.000000
vn 0.000000 0.000000 -1.000000
vn 0.000000 0.000000 -1.000000
vn 0.000000 0.000000 -1.000000
vn 0.000000 0.000000 -1.000000
vn 0.000000 0.000000 -1.000000
vn 0.000000 -0.000000 -1.000000
vn 0.000000 0.000000 -1.000000
vn 0.000000 -0.000000 -1.000000
vn 0.000000 0.000000 -1.000000
vn 0.000000 -0.000000 -1.000000
vn 0.000000 0.000000 -1.000000
vn 0.000000 -0.000000 -1.000000
vn 0.000000 0.000000 -1.000000
vn 0.000000 -0.000000 -1.000000
vn 0.000000 0.000000 -1.000000
vn 0.000000 -0.000000 -1.000000
vn 0.000000 0.000000 -1.000000
vn 0.000000 0.000000 -1.000000
vn 0.000000 0.000000 -1.000000
vn 0.000000 0.000000 -1.000000
vn 0.000000 0.000000 -1.000000
vn 0.000000 0.000000 -1.000000
vn 0.000000 0.000000 -1.000000
vn 0.000000 0.000000 -1.000000
vn 0.000000 0.000000 -1.000000
vn 0.000000 -0.000000 -1.000000
vn 0.000000 0.000000 -1.000000
vn 0.000000 -0.000000 -1.000000
vn 0.000000 0.000000 -1.000000
vn 0.000000 0.000000 -1.000000
vn 0.000000 0.000000 -1.000000
vn 0.000000 0.000000 -1.000000
vn 0.000000 0.000000 -1.000000
vn 0.000000 0.000000 -1.000000
vn 0.000000 0.000000 -1.000000
vn -0.000000 -0.999689 -0.024922
vn 0.000000 -0.999689 -0.024922
vn 0.000000 -0.997202 -0.074751
vn -0.000000 -0.997202 -0.074751
vn 0.000000 -0.992240 -0.124336
vn -0.000000 -0.992240 -0.124336
vn 0.000000 -0.984810 -0.173636
vn -0.000000 -0.984810 -0.173636
vn 0.000000 -0.974926 -0.222528
vn 0.000000 -0.962617 -0.270867
vn -0.000000 -0.974926 -0.222528
vn 0.000000 -0.962617 -0.270867
vn 0.000000 -0.947933 -0.318470
vn 0.000000 -0.930866 -0.365360
vn -0.000000 -0.947933 -0.318470
vn 0.000000 -0.930866 -0.365360
vn 0.000000 -0.911519 -0.411259
vn -0.000000 -0.911519 -0.411259
vn 0.000000 -0.889888 -0.456179
vn -0.000000 -0.889888 -0.456179
vn -0.000000 -0.866009 -0.500028
vn 0.000000 -0.866009 -0.500028
vn 0.000000 -0.840026 -0.542546
vn 0.000000 -0.840026 -0.542546
vn 0.000000 -0.811945 -0.583733
vn 0.000000 -0.811945 -0.583733
vn -0.000000 -0.781832 -0.623489
vn 0.000000 -0.781832 -0.623489
vn -0.000000 -0.749742 -0.661730
vn 0.000000 -0.749742 -0.661730
vn 0.000000 -0.715882 -0.698221
vn 0.000000 -0.715882 -0.698221
vn -0.000000 -0.680231 -0.732997
vn 0.000000 -0.680231 -0.732997
vn 0.000000 -0.642697 -0.766121
vn 0.000000 -0.642697 -0.766121
vn -0.000000 -0.603812 -0.797127
vn 0.000000 -0.603812 -0.797127
vn -0.000000 -0.563287 -0.826262
vn 0.000000 -0.563287 -0.826262
vn -0.000000 -0.521461 -0.853275
vn 0.000000 -0.521461 -0.853275
vn 0.000000 -0.478258 -0.878219
vn 0.000000 -0.478258 -0.878219
vn 0.000000 -0.433873 -0.900974
vn -0.000000 -0.433873 -0.900974
vn 0.000000 -0.388542 -0.921431
vn -0.000000 -0.388542 -0.921431
vn 0.000000 -0.341883 -0.939742
vn 0.000000 -0.341883 -0.939742
vn 0.000000 -0.294823 -0.955552
vn 0.000000 -0.246751 -0.969079
vn -0.000000 -0.294823 -0.955552
vn 0.000000 -0.246751 -0.969079
vn 0.000000 -0.198125 -0.980177
vn 0.000000 -0.149166 -0.988812
vn -0.000000 -0.198125 -0.980177
vn 0.000000 -0.099499 -0.995038
vn 0.000000 -0.149166 -0.988812
vn 0.000000 -0.099499 -0.995038
vn 0.000000 -0.049839 -0.998757
vn 0.000000 0.000000 -1.000000
vn -0.000000 -0.049839 -0.998757
vn 0.000000 0.049837 -0.998757
vn 0.000000 -0.000000 -1.000000
vn 0.000000 0.049837 -0.998757
vn 0.000000 0.099504 -0.995037
vn 0.000000 0.149159 -0.988813
vn 0.000000 0.099504 -0.995037
vn 0.000000 0.198134 -0.980175
vn 0.000000 0.149159 -0.988813
vn 0.000000 0.246741 -0.969082
vn 0.000000 0.198134 -0.980175
vn 0.000000 0.246741 -0.969082
vn 0.000000 0.294823 -0.955552
vn 0.000000 0.294823 -0.955552
vn 0.000000 0.341898 -0.939737
vn 0.000000 0.341898 -0.939737
vn 0.000000 0.388542 -0.921431
vn 0.000000 0.388542 -0.921431
vn 0.000000 0.433856 -0.900982
vn 0.000000 0.433856 -0.900982
vn 0.000000 0.478276 -0.878209
vn 0.000000 0.478276 -0.878209
vn 0.000000 0.521461 -0.853275
vn 0.000000 0.521461 -0.853275
vn 0.000000 0.563266 -0.826275
vn 0.000000 0.563266 -0.826275
vn 0.000000 0.603833 -0.797111
vn 0.000000 0.603833 -0.797111
vn 0.000000 0.642697 -0.766121
vn 0.000000 0.642697 -0.766121
vn 0.000000 0.680210 -0.733018
vn 0.000000 0.680210 -0.733018
vn 0.000000 0.715904 -0.698199
vn 0.000000 0.715904 -0.698199
vn 0.000000 0.749721 -0.661755
vn 0.000000 0.749721 -0.661755
vn 0.000000 0.781853 -0.623463
vn 0.000000 0.781853 -0.623463
vn 0.000000 0.811925 -0.583762
vn 0.000000 0.811925 -0.583762
vn 0.000000 0.840046 -0.542515
vn 0.000000 0.840046 -0.542515
vn 0.000000 0.866009 -0.500028
vn 0.000000 0.866009 -0.500028
vn 0.000000 0.889888 -0.456179
vn 0.000000 0.889888 -0.456179
vn 0.000000 0.911519 -0.411259
vn 0.000000 0.911519 -0.411259
vn 0.000000 0.930866 -0.365360
vn 0.000000 0.930866 -0.365360
vn 0.000000 0.947933 -0.318470
vn 0.000000 0.947933 -0.318470
vn 0.000000 0.962617 -0.270867
vn 0.000000 0.962617 -0.270867
vn 0.000000 0.974926 -0.222528
vn 0.000000 0.974926 -0.222528
vn 0.000000 0.984810 -0.173636
vn 0.000000 0.984810 -0.173636
vn 0.000000 0.992235 -0.124379
vn 0.000000 0.992235 -0.124379
vn 0.000000 0.997205 -0.074707
vn 0.000000 0.997205 -0.074707
vn 0.000000 0.999689 -0.024922
vn 0.000000 0.999689 -0.024922
vn 0.000000 0.999690 0.024918
vn 0.000000 0.999690 0.024918
vn 0.000000 0.997205 0.074707
vn 0.000000 0.997205 0.074707
vn 0.000000 0.992235 0.124379
vn 0.000000 0.992235 0.124379
vn 0.000000 0.984805 0.173666
vn 0.000000 0.984805 0.173666
vn 0.000000 0.974935 0.222490
vn 0.000000 0.974935 0.222490
vn 0.000000 0.962617 0.270867
vn 0.000000 0.962617 0.270867
vn 0.000000 0.947933 0.318470
vn 0.000000 0.947933 0.318470
vn 0.000000 0.930866 0.365360
vn 0.000000 0.930866 0.365360
vn 0.000000 0.911519 0.411259
vn 0.000000 0.911519 0.411259
vn 0.000000 0.889852 0.456250
vn 0.000000 0.889852 0.456250
vn 0.000000 0.866053 0.499952
vn 0.000000 0.866053 0.499952
vn 0.000000 0.839994 0.542595
vn 0.000000 0.839994 0.542595
vn 0.000000 0.811984 0.583679
vn 0.000000 0.811984 0.583679
vn 0.000000 0.781785 0.623548
vn 0.000000 0.781785 0.623548
vn 0.000000 0.749797 0.661668
vn 0.000000 0.749797 0.661668
vn 0.000000 0.715904 0.698199
vn 0.000000 0.715904 0.698199
vn 0.000000 0.680116 0.733105
vn 0.000000 0.680116 0.733105
vn 0.000000 0.642799 0.766035
vn -0.000000 0.603833 0.797111
vn 0.000000 0.642799 0.766035
vn 0.000000 0.603833 0.797111
vn 0.000000 0.563266 0.826275
vn 0.000000 0.563266 0.826275
vn 0.000000 0.521461 0.853275
vn 0.000000 0.521461 0.853275
vn 0.000000 0.478276 0.878209
vn 0.000000 0.478276 0.878209
vn 0.000000 0.433856 0.900982
vn -0.000000 0.388393 0.921494
vn 0.000000 0.433856 0.900982
vn 0.000000 0.388393 0.921494
vn -0.000000 0.342052 0.939681
vn 0.000000 0.342052 0.939681
vn 0.000000 0.294823 0.955552
vn 0.000000 0.294823 0.955552
vn 0.000000 0.246741 0.969082
vn 0.000000 0.246741 0.969082
vn 0.000000 0.198134 0.980175
vn 0.000000 0.198134 0.980175
vn 0.000000 0.148988 0.988839
vn 0.000000 0.148988 0.988839
vn 0.000000 0.099677 0.995020
vn 0.000000 0.099677 0.995020
vn 0.000000 0.049837 0.998757
vn 0.000000 0.049837 0.998757
vn 0.000000 0.000000 1.000000
vn 0.000000 -0.049839 0.998757
vn 0.000000 -0.000000 1.000000
vn 0.000000 -0.049839 0.998757
vn 0.000000 -0.099673 0.995020
vn 0.000000 -0.099673 0.995020
vn 0.000000 -0.148995 0.988838
vn 0.000000 -0.198125 0.980177
vn 0.000000 -0.148995 0.988838
vn 0.000000 -0.246751 0.969079
vn 0.000000 -0.198125 0.980177
vn 0.000000 -0.294823 0.955552
vn 0.000000 -0.246751 0.969079
vn 0.000000 -0.294823 0.955552
vn 0.000000 -0.342038 0.939686
vn 0.000000 -0.342038 0.939686
vn 0.000000 -0.388393 0.921494
vn 0.000000 -0.433873 0.900974
vn 0.000000 -0.388393 0.921494
vn 0.000000 -0.433873 0.900974
vn 0.000000 -0.478258 0.878219
vn 0.000000 -0.521461 0.853275
vn 0.000000 -0.478258 0.878219
vn 0.000000 -0.521461 0.853275
vn 0.000000 -0.563287 0.826262
vn 0.000000 -0.563287 0.826262
vn 0.000000 -0.603812 0.797127
vn 0.000000 -0.642799 0.766035
vn 0.000000 -0.603812 0.797127
vn 0.000000 -0.642799 0.766035
vn 0.000000 -0.680137 0.733085
vn 0.000000 -0.680137 0.733085
vn 0.000000 -0.715882 0.698221
vn 0.000000 -0.715882 0.698221
vn 0.000000 -0.749819 0.661643
vn 0.000000 -0.749819 0.661643
vn 0.000000 -0.781764 0.623575
vn 0.000000 -0.781764 0.623575
vn 0.000000 -0.812005 0.583650
vn 0.000000 -0.812005 0.583650
vn 0.000000 -0.839975 0.542626
vn 0.000000 -0.839975 0.542626
vn 0.000000 -0.866053 0.499952
vn 0.000000 -0.866053 0.499952
vn 0.000000 -0.889852 0.456250
vn 0.000000 -0.889852 0.456250
vn 0.000000 -0.911519 0.411259
vn 0.000000 -0.911519 0.411259
vn 0.000000 -0.930866 0.365360
vn 0.000000 -0.930866 0.365360
vn 0.000000 -0.947933 0.318470
vn 0.000000 -0.947933 0.318470
vn 0.000000 -0.962617 0.270867
vn 0.000000 -0.962617 0.270867
vn 0.000000 -0.974935 0.222490
vn 0.000000 -0.974935 0.222490
vn 0.000000 -0.984805 0.173666
vn 0.000000 -0.984805 0.173666
vn 0.000000 -0.992240 0.124336
vn 0.000000 -0.992240 0.124336
vn 0.000000 -0.997202 0.074751
vn 0.000000 -0.997202 0.074751
vn 0.000000 -0.999690 0.024918
vn 0.000000 -0.999690 0.024918
vn 1.000000 0.000000 0.000000
vn 1.000000 0.000000 0.000000
vn 1.000000 -0.000000 0.000000
vn 1.000000 0.000000 0.000000
vn 0.000000 0.000000 -1.000000
vn 0.000000 0.000000 -1.000000
vn -1.000000 0.000000 0.000000
vn -1.000000 0.000000 0.000000
vn -1.000000 0.000000 0.000000
vn -1.000000 0.000000 0.000000
vn 0.000000 0.000000 -1.000000
vn 0.000000 -0.000000 -1.000000
vn 0.000000 0.000000 -1.000000
vn 0.000000 0.000000 -1.000000
vn 0.000000 1.000000 0.000000
vn 0.000000 1.000000 0.000000
vn 0.000000 1.000000 0.000000
vn 0.000000 1.000000 0.000000
vn 0.000000 0.000000 -1.000000
vn 0.000000 0.000000 -1.000000
vn 0.000000 -1.000000 0.000000
vn 0.000000 -1.000000 0.000000
vn 0.000000 -1.000000 0.000000
vn 0.000000 -1.000000 0.000000
vn 0.000000 0.000000 -1.000000
vn 0.000000 0.000000 -1.000000
vn 0.000000 1.000000 0.000000
vn 0.000000 1.000000 0.000000
vn 0.000000 1.000000 0.000000
vn 0.000000 1.000000 0.000000
vn 0.000000 0.000000 -1.000000
vn 0.000000 0.000000 -1.000000
vn 0.000000 -1.000000 0.000000
vn 0.000000 -1.000000 0.000000
vn 0.000000 -1.000000 0.000000
vn 0.000000 -1.000000 0.000000
vn 0.000000 0.000000 -1.000000
vn 0.000000 0.000000 -1.000000
vn 0.000000 1.000000 0.000000
vn 0.000000 1.000000 0.000000
vn 0.000000 1.000000 0.000000
vn 0.000000 1.000000 0.000000
vn 0.000000 0.000000 -1.000000
vn 0.000000 0.000000 -1.000000
vn 0.000000 -1.000000 0.000000
vn 0.000000 -1.000000 0.000000
vn 0.000000 -1.000000 0.000000
vn 0.000000 -1.000000 0.000000
vn 0.000000 0.000000 -1.000000
vn 0.000000 0.000000 -1.000000
vn 0.000000 1.000000 0.000000
vn 0.000000 1.000000 0.000000
vn 0.000000 1.000000 0.000000
vn 0.000000 1.000000 0.000000
vn 0.000000 0.000000 -1.000000
vn 0.000000 0.000000 -1.000000
vn 0.000000 -1.000000 0.000000
vn 0.000000 -1.000000 0.000000
vn 0.000000 -1.000000 0.000000
vn 0.000000 -1.000000 0.000000
vn 0.000000 0.000000 -1.000000
vn 0.000000 0.000000 -1.000000
vn 0.000000 1.000000 0.000000
vn 0.000000 1.000000 0.000000
vn 0.000000 1.000000 0.000000
vn 0.000000 1.000000 0.000000
vn 0.000000 0.000000 -1.000000
vn 0.000000 0.000000 -1.000000
vn 0.000000 -1.000000 0.000000
vn 0.000000 -1.000000 0.000000
vn 0.000000 -1.000000 0.000000
vn 0.000000 -1.000000 0.000000
vn 1.000000 0.000000 0.000000
vn 1.000000 0.000000 0.000000
vn 1.000000 0.000000 0.000000
vn 1.000000 0.000000 0.000000
vn 0.000000 0.000000 1.000000
vn 0.000000 0.000000 1.000000
vn -1.000000 0.000000 0.000000
vn -1.000000 0.000000 0.000000
vn -1.000000 0.000000 0.000000
vn -1.000000 0.000000 0.000000
vn 0.000000 0.000000 -1.000000
vn 0.000000 0.000000 -1.000000
vn 0.000000 0.000000 -1.000000
vn 0.000000 -0.000000 -1.000000
vn 0.000000 0.000000 -1.000000
vn 0.000000 -0.000000 -1.000000
vn 0.000000 0.000000 -1.000000
vn 0.000000 0.000000 -1.000000
vn 0.000000 -0.000000 -1.000000
vn 0.000000 0.000000 -1.000000
vn 0.000000 -0.000000 -1.000000
vn 0.000000 0.000000 -1.000000
vn 0.000000 -0.000000 -1.000000
vn 0.000000 0.000000 -1.000000
vn 0.000000 -0.000000 -1.000000
vn 0.000000 0.000000 -1.000000
vn 0.000000 -0.000000 -1.000000
vn 0.000000 -0.000000 -1.000000
vn 0.000000 0.000000 -1.000000
vn 0.000000 -0.000000 -1.000000
vn 0.000000 -0.000000 -1.000000
vn 0.000000 -0.000000 -1.000000
vn 0.000000 -0.000000 -1.000000
vn 0.000000 -0.000000 -1.000000
vn 0.000000 -0.000000 -1.000000
vn 0.000000 -0.000000 -1.000000
vn 0.000000 -0.000000 -1.000000
vn 0.000000 -0.000000 -1.000000
vn 0.000000 -0.000000 -1.000000
vn 0.000000 -0.000000 -1.000000
vn 0.000000 -0.000000 -1.000000
vn 0.000000 -0.000000 -1.000000
vn 0.000000 -0.000000 -1.000000
vn 0.000000 -0.000000 -1.000000
vn 0.000000 -0.000000 -1.000000
vn 0.000000 -0.000000 -1.000000
vn 0.000000 -0.000000 -1.000000
vn 0.000000 0.000000 -1.000000
vn 0.000000 -0.000000 -1.000000
vn 0.000000 0.000000 -1.000000
vn 0.000000 -0.000000 -1.000000
vn 0.000000 0.000000 -1.000000
vn 0.000000 -0.000000 -1.000000
vn 0.000000 0.000000 -1.000000
vn 0.000000 -0.000000 -1.000000
vn 0.000000 0.000000 -1.000000
vn 0.000000 -0.000000 -1.000000
vn 0.000000 0.000000 -1.000000
vn 0.000000 -0.000000 -1.000000
vn 0.000000 0.000000 -1.000000
vn 0.000000 -0.000000 -1.000000
vn 0.000000 0.000000 -1.000000
vn 0.000000 -0.000000 -1.000000
vn 0.000000 0.000000 -1.000000
vn 0.000000 -0.000000 -1.000000
vn 0.000000 0.000000 -1.000000
vn 0.000000 -0.000000 -1.000000
vn 0.000000 0.000000 -1.000000
vn 0.000000 -0.000000 -1.000000
vn 0.000000 0.000000 -1.000000
vn 0.000000 -0.000000 -1.000000
vn 0.000000 0.000000 -1.000000
vn 0.000000 -0.000000 -1.000000
vn 0.000000 0.000000 -1.000000
vn 0.000000 -0.000000 -1.000000
vn 0.000000 0.000000 -1.000000
vn 0.000000 -0.000000 -1.000000
vn 0.000000 0.000000 -1.000000
vn 0.000000 -0.000000 -1.000000
vn 0.000000 0.000000 -1.000000
vn 0.000000 -0.000000 -1.000000
vn 0.000000 0.000000 -1.000000
vn 0.000000 0.000000 -1.000000
vn 0.000000 0.000000 -1.000000
vn 0.000000 0.000000 -1.000000
vn 0.000000 0.000000 -1.000000
vn 0.000000 0.000000 -1.000000
vn 0.000000 0.000000 -1.000000
vn 0.000000 0.000000 -1.000000
vn 0.000000 0.000000 -1.000000
vn 0.000000 0.000000 -1.000000
vn 0.000000 0.000000 -1.000000
vn 0.000000 -0.000000 -1.000000
vn 0.000000 0.000000 -1.000000
vn 0.000000 0.000000 -1.000000
vn 0.000000 0.000000 -1.000000
vn 0.000000 0.000000 -1.000000
vn 0.000000 0.000000 -1.000000
vn 0.000000 0.000000 -1.000000
vn 0.000000 0.000000 -1.000000
vn 0.000000 -0.000000 -1.000000
vn 0.000000 0.000000 -1.000000
vn 0.000000 0.000000 -1.000000
vn 0.000000 0.000000 -1.000000
vn 0.000000 0.000000 -1.000000
vn 0.000000 0.000000 -1.000000
vn 0.000000 0.000000 -1.000000
vn 0.000000 0.000000 -1.000000
vn 0.000000 0.000000 -1.000000
vn 0.000000 0.000000 -1.000000
vn 0.000000 0.000000 -1.000000
vn 0.000000 0.000000 -1.000000
vn 0.000000 0.000000 -1.000000
vn 0.000000 0.000000 -1.000000
vn 0.000000 0.000000 -1.000000
vn 0.000000 0.000000 -1.000000
vn 0.000000 0.000000 -1.000000
vn 0.000000 0.000000 -1.000000
vn 0.000000 0.000000 -1.000000
vn 0.000000 0.000000 -1.000000
vn 0.000000 0.000000 -1.000000
vn 0.000000 0.000000 -1.000000
vn 0.000000 0.000000 -1.000000
vn 0.000000 0.000000 -1.000000
vn 0.000000 0.000000 -1.000000
vn 0.000000 0.000000 -1.000000
vn 0.000000 0.000000 -1.000000
vn 0.000000 0.000000 -1.000000
vn 0.000000 0.000000 -1.000000
vn 0.000000 0.000000 -1.000000
vn 0.000000 0.000000 -1.000000
vn 0.000000 0.000000 -1.000000
vn 0.000000 0.000000 -1.000000
vn 0.000000 0.000000 -1.000000
vn 0.000000 0.000000 -1.000000
vn 0.000000 0.000000 -1.000000
vn 0.000000 0.000000 -1.000000
vn 0.000000 0.000000 -1.000000
vn 0.000000 0.000000 -1.000000
vn 0.000000 0.000000 -1.000000
vn 0.000000 0.000000 -1.000000
vn 0.000000 0.000000 -1.000000
vn 0.000000 0.000000 -1.000000
vn 0.000000 0.000000 -1.000000
vn 0.000000 0.000000 -1.000000
vn 0.000000 0.000000 -1.000000
vn 0.000000 -0.000000 -1.000000
vn 0.000000 0.000000 -1.000000
vn 0.000000 -0.000000 -1.000000
vn 0.000000 0.000000 -1.000000
vn 0.000000 -0.000000 -1.000000
vn 0.000000 0.000000 -1.000000
vn 0.000000 -0.000000 -1.000000
vn 0.000000 0.000000 -1.000000
vn 0.000000 -0.000000 -1.000000
vn 0.000000 0.000000 -1.000000
vn 0.000000 -0.000000 -1.000000
vn 0.000000 0.000000 -1.000000
vn 0.000000 -0.000000 -1.000000
vn 0.000000 0.000000 -1.000000
vn 0.000000 -0.000000 -1.000000
vn 0.000000 0.000000 -1.000000
vn 0.000000 -0.000000 -1.000000
vn 0.000000 0.000000 -1.000000
vn 0.000000 -0.000000 -1.000000
vn 0.000000 0.000000 -1.000000
vn 0.000000 -0.000000 -1.000000
vn 0.000000 0.000000 -1.000000
vn 0.000000 -0.000000 -1.000000
vn 0.000000 0.000000 -1.000000
vn 0.000000 -0.000000 -1.000000
vn 0.000000 0.000000 -1.000000
vn 0.000000 -0.000000 -1.000000
vn 0.000000 0.000000 -1.000000
vn 0.000000 -0.000000 -1.000000
vn 0.000000 0.000000 -1.000000
vn 0.000000 -0.000000 -1.000000
vn 0.000000 0.000000 -1.000000
vn 0.000000 0.000000 -1.000000
vn 0.000000 0.000000 -1.000000
vn 0.000000 0.000000 -1.000000
vn 0.000000 0.000000 -1.000000
vn 0.000000 0.000000 -1.000000
vn 0.000000 0.000000 -1.000000
vn 0.000000 -0.000000 -1.000000
vn 0.000000 -0.000000 -1.000000
vn 0.000000 -0.000000 -1.000000
vn 0.000000 -0.000000 -1.000000
vn 0.000000 -0.000000 -1.000000
vn 0.000000 -0.000000 -1.000000
vn 0.000000 -0.000000 -1.000000
vn 0.000000 -0.000000 -1.000000
vn 0.000000 -0.000000 -1.000000
vn 0.000000 -0.000000 -1.000000
vn 0.000000 -0.000000 -1.000000
vn 0.000000 -0.000000 -1.000000
vn 0.000000 -0.000000 -1.000000
vn 0.000000 -0.000000 -1.000000
vn 0.000000 -0.000000 -1.000000
vn 0.000000 -0.000000 -1.000000
vn 0.000000 -0.000000 -1.000000
vn 0.000000 -0.000000 -1.000000
vn 0.000000 -0.000000 -1.000000
vn 0.000000 -0.000000 -1.000000
vn 0.000000 -0.000000 -1.000000
vn 0.000000 -0.000000 -1.000000
vn 0.000000 -0.000000 -1.000000
vn 0.000000 0.000000 -1.000000
vn 0.000000 0.000000 -1.000000
vn 0.000000 0.000000 -1.000000
vn 0.000000 0.000000 -1.000000
vn 0.000000 0.000000 -1.000000
vn 0.000000 0.000000 -1.000000
vn 0.000000 0.000000 -1.000000
vn 0.000000 0.000000 -1.000000
vn 0.000000 0.000000 -1.000000
vn 0.000000 0.000000 -1.000000
vn 0.000000 0.000000 -1.000000
vn 0.000000 0.000000 -1.000000
vn 0.000000 0.000000 -1.000000
vn 0.000000 0.000000 -1.000000
vn 0.000000 -0.000000 -1.000000
vn 0.000000 -0.000000 -1.000000
vn 0.000000 -0.000000 -1.000000
vn 0.000000 -0.000000 -1.000000
vn 0.000000 -0.000000 -1.000000
vn 0.000000 -0.000000 -1.000000
vn 0.000000 -0.000000 -1.000000
vn 0.000000 -0.000000 -1.000000
vn 0.000000 -0.000000 -1.000000
vn 0.000000 0.000000 -1.000000
vn 0.000000 0.000000 -1.000000
vn 0.000000 0.000000 -1.000000
vn 0.000000 0.000000 -1.000000
vn 0.000000 0.000000 -1.000000
vn 0.000000 0.000000 -1.000000
vn 0.000000 0.000000 -1.000000
vn 0.000000 0.000000 -1.000000
vn 0.000000 0.000000 -1.000000
vn 0.000000 0.000000 -1.000000
vn 0.000000 0.000000 -1.000000
vn 0.000000 0.000000 -1.000000
vn 0.000000 0.000000 -1.000000
vn 0.000000 0.000000 -1.000000
vn 0.000000 0.000000 -1.000000
vn 0.000000 0.000000 -1.000000
vn 0.000000 0.000000 -1.000000
vn 0.000000 0.000000 -1.000000
vn 0.000000 0.000000 -1.000000
vn 0.000000 0.000000 -1.000000
vn 0.000000 0.000000 -1.000000
vn 0.000000 0.000000 -1.000000
vn 0.000000 0.000000 -1.000000
vn 0.000000 0.000000 -1.000000
vn 0.000000 0.000000 -1.000000
vn 0.000000 0.000000 -1.000000
vn 0.000000 0.000000 -1.000000
vn 0.000000 0.000000 -1.000000
vn 0.000000 0.000000 -1.000000
vn 0.000000 0.000000 -1.000000
vn 0.000000 0.000000 -1.000000
vn 0.000000 0.000000 -1.000000
vn 0.000000 0.000000 -1.000000
vn 0.000000 0.000000 -1.000000
vn 0.000000 0.000000 -1.000000
vn 0.000000 0.000000 -1.000000
vn 0.000000 0.000000 -1.000000
vn 0.000000 0.000000 -1.000000
vn 0.000000 0.000000 -1.000000
vn 0.000000 0.000000 -1.000000
vn 0.000000 0.000000 -1.000000
vn 0.000000 0.000000 -1.000000
vn 0.000000 0.000000 -1.000000
vn 0.000000 0.000000 -1.000000
vn 0.000000 0.000000 -1.000000
vn 0.000000 0.000000 -1.000000
vn 0.000000 0.000000 -1.000000
vn 0.000000 -0.000000 -1.000000
vn 0.000000 0.000000 -1.000000
vn 0.000000 0.000000 -1.000000
vn 0.000000 0.000000 -1.000000
vn 0.000000 0.000000 -1.000000
vn 0.000000 0.000000 -1.000000
vn 0.000000 0.000000 -1.000000
vn 0.000000 0.000000 -1.000000
vn 0.000000 0.000000 -1.000000
vn 0.000000 0.000000 -1.000000
vn 0.000000 0.000000 -1.000000
vn 0.000000 0.000000 -1.000000
vn 0.000000 0.000000 -1.000000
vn 0.000000 0.000000 -1.000000
vn 0.000000 0.000000 -1.000000
vn 0.000000 0.000000 -1.000000
vn 0.000000 0.000000 -1.000000
vn 0.000000 0.000000 -1.000000
vn 0.000000 0.000000 -1.000000
vn 0.000000 0.000000 -1.000000
vn 0.000000 0.000000 -1.000000
vn 0.000000 0.000000 -1.000000
vn 0.000000 0.000000 -1.000000
vn 0.000000 0.000000 -1.000000
vn 0.000000 0.000000 -1.000000
vn 0.000000 -0.000000 -1.000000
vn 0.000000 -0.000000 -1.000000
vn 0.000000 -0.000000 -1.000000
vn 0.000000 -0.000000 -1.000000
vn 0.000000 -0.000000 -1.000000
vn 0.000000 -0.000000 -1.000000
vn 0.000000 0.000000 -1.000000
vn 0.000000 0.000000 -1.000000
vn 0.000000 0.000000 -1.000000
vn 0.000000 0.000000 -1.000000
vn 0.000000 0.000000 -1.000000
vn 0.000000 0.000000 -1.000000
vn 0.000000 0.000000 -1.000000
vn 0.000000 0.000000 -1.000000
vn 0.000000 0.000000 -1.000000
vn 0.000000 0.000000 -1.000000
vn 0.000000 0.000000 -1.000000
vn 0.000000 0.000000 -1.000000
vn 0.000000 0.000000 -1.000000
vn 0.000000 0.000000 -1.000000
vn 0.000000 -0.000000 -1.000000
vn 0.000000 0.000000 -1.000000
vn 0.000000 -0.000000 -1.000000
vn 0.000000 0.000000 -1.000000
vn 0.000000 -0.000000 -1.000000
vn 0.000000 0.000000 -1.000000
vn 0.000000 -0.000000 -1.000000
vn 0.000000 0.000000 -1.000000
vn 0.000000 -0.000000 -1.000000
vn 0.000000 0.000000 -1.000000
vn 0.000000 -0.000000 -1.000000
vn 0.000000 0.000000 -1.000000
vn 0.000000 -0.000000 -1.000000
vn 0.000000 0.000000 -1.000000
vn 0.000000 -0.000000 -1.000000
vn 0.000000 0.000000 -1.000000
vn 0.000000 -0.000000 -1.000000
vn 0.000000 0.000000 -1.000000
vn 0.000000 -0.000000 -1.000000
vn 0.000000 0.000000 -1.000000
vn 0.000000 -0.000000 -1.000000
vn 0.000000 0.000000 -1.000000
vn 0.000000 -0.000000 -1.000000
vn 0.000000 0.000000 -1.000000
vn 0.000000 -0.000000 -1.000000
vn 0.000000 0.000000 -1.000000
vn 0.000000 -0.000000 -1.000000
vn 0.000000 0.000000 -1.000000
vn 0.000000 0.000000 -1.000000
vn 0.000000 -0.000000 -1.000000
vn 0.000000 0.000000 -1.000000
vn 0.000000 0.000000 -1.000000
vn 0.000000 0.000000 -1.000000
vn 0.000000 0.000000 -1.000000
vn 0.000000 0.000000 -1.000000
vn 0.000000 0.000000 -1.000000
vn 0.000000 0.000000 -1.000000
vn 0.000000 0.000000 -1.000000
vn 0.000000 0.000000 -1.000000
vn 0.000000 0.000000 -1.000000
vn 0.000000 0.000000 -1.000000
vn 0.000000 0.000000 -1.000000
vn 0.000000 0.000000 -1.000000
vn 0.000000 0.000000 -1.000000
vn 0.000000 0.000000 -1.000000
vn 0.000000 0.000000 -1.000000
vn 0.000000 0.000000 -1.000000
vn 0.000000 0.000000 -1.000000
vn 0.000000 0.000000 -1.000000
vn 0.000000 0.000000 -1.000000
vn 0.000000 0.000000 -1.000000
vn 0.000000 0.000000 -1.000000
vn 0.000000 0.000000 -1.000000
vn 0.000000 0.000000 -1.000000
vn 0.000000 0.000000 -1.000000
vn 0.000000 0.000000 -1.000000
vn 0.000000 0.000000 -1.000000
vn 0.000000 0.000000 -1.000000
vn 0.000000 0.000000 -1.000000
vn 0.000000 0.000000 -1.000000
vn 0.000000 0.000000 -1.000000
vn 0.000000 0.000000 -1.000000
vn 0.000000 0.000000 -1.000000
vn 0.000000 0.000000 -1.000000
vn 0.000000 0.000000 -1.000000
vn 0.000000 0.000000 -1.000000
vn 0.000000 0.000000 -1.000000
vn 0.000000 0.000000 -1.000000
vn 0.000000 0.000000 -1.000000
vn 0.000000 0.000000 -1.000000
vn 0.000000 0.000000 -1.000000
vn 0.000000 0.000000 -1.000000
vn 0.000000 0.000000 -1.000000
vn 0.000000 0.000000 -1.000000
vn 0.000000 0.000000 -1.000000
vn 0.000000 0.000000 -1.000000
vn 0.000000 0.000000 -1.000000
vn 0.000000 0.000000 -1.000000
vn 0.000000 0.000000 -1.000000
vn 0.000000 0.000000 -1.000000
vn 0.000000 0.000000 -1.000000
vn 0.000000 0.000000 -1.000000
vn 0.000000 0.000000 -1.000000
vn 0.000000 0.000000 -1.000000
vn 0.000000 0.000000 -1.000000
vn 0.000000 0.000000 -1.000000
vn 0.000000 0.000000 -1.000000
vn 0.000000 0.000000 -1.000000
vn 0.000000 0.000000 -1.000000
vn 0.000000 0.000000 -1.000000
vn 0.000000 0.000000 -1.000000
vn 0.000000 -0.000000 -1.000000
vn 0.000000 0.000000 -1.000000
vn 0.000000 -0.000000 -1.000000
vn 0.000000 -0.000000 -1.000000
vn 0.000000 -0.000000 -1.000000
vn 0.000000 -0.000000 -1.000000
vn 0.000000 0.000000 -1.000000
vn 0.000000 -0.000000 -1.000000
vn 0.000000 0.000000 -1.000000
vn 0.000000 -0.000000 -1.000000
vn 0.000000 0.000000 -1.000000
vn 0.000000 -0.000000 -1.000000
vn 0.000000 0.000000 -1.000000
vn 0.000000 0.000000 -1.000000
vn 0.000000 0.000000 -1.000000
vn 0.000000 0.000000 -1.000000
vn 0.000000 0.000000 -1.000000
vn 0.000000 0.000000 -1.000000
vn 0.000000 0.000000 -1.000000
vn 0.000000 0.000000 -1.000000
vn 0.000000 0.000000 -1.000000
vn 0.000000 0.000000 -1.000000
vn 0.000000 0.000000 -1.000000
vn 0.000000 0.000000 -1.000000
vn 0.000000 0.000000 -1.000000
vn 0.000000 0.000000 -1.000000
vn 0.000000 0.000000 -1.000000
vn 0.000000 0.000000 -1.000000
vn 0.000000 0.000000 -1.000000
vn 0.000000 0.000000 -1.000000
vn 0.000000 0.000000 -1.000000
vn 0.000000 0.000000 -1.000000
vn 0.000000 0.000000 -1.000000
vn 0.000000 0.000000 -1.000000
vn 0.000000 0.000000 -1.000000
vn 0.000000 0.000000 -1.000000
vn 0.000000 0.000000 -1.000000
vn 0.000000 0.000000 -1.000000
vn 0.000000 0.000000 -1.000000
vn 0.000000 0.000000 -1.000000
vn 0.000000 0.000000 -1.000000
vn 0.000000 0.000000 -1.000000
vn 0.000000 0.000000 -1.000000
vn 0.000000 0.000000 -1.000000
vn 0.000000 0.000000 -1.000000
vn 0.000000 0.000000 -1.000000
vn 0.000000 0.000000 -1.000000
vn 0.000000 0.000000 -1.000000
vn 0.000000 0.000000 -1.000000
vn 0.000000 0.000000 -1.000000
vn 0.000000 0.000000 -1.000000
vn 0.000000 0.000000 -1.000000
vn 0.000000 0.000000 -1.000000
vn 0.000000 0.000000 -1.000000
vn 0.000000 0.000000 -1.000000
vn 0.000000 0.000000 -1.000000
vn 0.000000 0.000000 -1.000000
vn 0.000000 0.000000 -1.000000
vn 0.000000 0.000000 -1.000000
vn 0.000000 -0.000000 -1.000000
vn 0.000000 0.000000 -1.000000
vn 0.000000 -0.000000 -1.000000
vn 0.000000 -0.000000 -1.000000
vn 0.000000 -0.000000 -1.000000
vn 0.000000 -0.000000 -1.000000
vn 0.000000 -0.000000 -1.000000
vn 0.000000 -0.000000 -1.000000
vn 0.000000 -0.000000 -1.000000
vn 0.000000 -0.000000 -1.000000
vn 0.000000 -0.000000 -1.000000
vn 0.000000 -0.000000 -1.000000
vn 0.000000 -0.000000 -1.000000
vn 0.000000 -0.000000 -1.000000
vn 0.000000 -0.000000 -1.000000
vn 0.000000 -0.000000 -1.000000
vn 0.000000 -0.000000 -1.000000
vn 0.000000 -0.000000 -1.000000
vn 0.000000 -0.000000 -1.000000
vn 0.000000 -0.000000 -1.000000
vn 0.000000 -0.000000 -1.000000
vn 0.000000 -0.000000 -1.000000
vn 0.000000 -0.000000 -1.000000
vn 0.000000 -0.000000 -1.000000
vn 0.000000 -0.000000 -1.000000
vn 0.000000 -0.000000 -1.000000
vn 0.000000 -0.000000 -1.000000
vn 0.000000 -0.000000 -1.000000
vn 0.000000 -0.000000 -1.000000
vn 0.000000 -0.000000 -1.000000
vn 0.000000 -0.000000 -1.000000
vn 0.000000 -0.000000 -1.000000
vn 0.000000 0.000000 -1.000000
vn 0.000000 0.000000 -1.000000
vn 0.000000 0.000000 -1.000000
vn 0.000000 0.000000 -1.000000
vn 0.000000 0.000000 -1.000000
vn 0.000000 0.000000 -1.000000
vn 0.000000 0.000000 -1.000000
vn 0.000000 0.000000 -1.000000
vn 0.000000 0.000000 -1.000000
vn 0.000000 0.000000 -1.000000
vn 0.000000 0.000000 -1.000000
vn 0.000000 0.000000 -1.000000
vn 0.000000 0.000000 -1.000000
vn 0.000000 0.000000 -1.000000
vn 0.000000 0.000000 -1.000000
vn 0.000000 0.000000 -1.000000
vn 0.000000 0.000000 -1.000000
vn 0.000000 0.000000 -1.000000
vn 0.000000 0.000000 -1.000000
vn 0.000000 0.000000 -1.000000
vn 0.000000 0.000000 -1.000000
vn 0.000000 0.000000 -1.000000
vn 0.000000 0.000000 -1.000000
vn 0.000000 0.000000 -1.000000
vn 0.000000 0.000000 -1.000000
vn 0.000000 0.000000 -1.000000
vn 0.000000 -0.000000 -1.000000
vn 0.000000 0.000000 -1.000000
vn 0.000000 0.000000 -1.000000
vn 0.000000 0.000000 -1.000000
vn 0.000000 0.000000 -1.000000
vn 0.000000 0.000000 -1.000000
vn 0.000000 0.000000 -1.000000
vn 0.000000 0.000000 -1.000000
vn 0.000000 0.000000 -1.000000
vn 0.000000 0.000000 -1.000000
vn 0.000000 0.000000 -1.000000
vn 0.000000 0.000000 -1.000000
vn 0.000000 0.000000 -1.000000
vn 0.000000 0.000000 -1.000000
vn 0.000000 -0.000000 -1.000000
vn 0.000000 0.000000 -1.000000
vn 0.000000 0.000000 -1.000000
vn 0.000000 0.000000 -1.000000
vn 0.000000 0.000000 -1.000000
vn 0.000000 0.000000 -1.000000
vn 0.000000 0.000000 -1.000000
vn 0.000000 0.000000 -1.000000
vn 0.000000 0.000000 -1.000000
vn 0.000000 0.000000 -1.000000
vn 0.000000 0.000000 -1.000000
vn 0.000000 0.000000 -1.000000
vn 0.000000 0.000000 -1.000000
vn 0.000000 0.000000 -1.000000
vn 0.000000 -0.000000 -1.000000
vn 0.000000 0.000000 -1.000000
vn 0.000000 -0.000000 -1.000000
vn 0.000000 0.000000 -1.000000
vn 0.000000 -0.000000 -1.000000
vn 0.000000 0.000000 -1.000000
vn 0.000000 -0.000000 -1.000000
vn 0.000000 -0.000000 -1.000000
vn 0.000000 -0.000000 -1.000000
vn 0.000000 -0.000000 -1.000000
vn 0.000000 -0.000000 -1.000000
vn 0.000000 -0.000000 -1.000000
vn 0.000000 -0.000000 -1.000000
vn 0.000000 -0.000000 -1.000000
vn 0.000000 -0.000000 -1.000000
vn 0.000000 -0.000000 -1.000000
vn 0.000000 -0.000000 -1.000000
vn 0.000000 -0.000000 -1.000000
vn 0.000000 -0.000000 -1.000000
vn 0.000000 -0.000000 -1.000000
vn 0.000000 -0.000000 -1.000000
vn 0.000000 0.000000 -1.000000
vn 0.000000 0.000000 -1.000000
vn 0.000000 0.000000 -1.000000
vn 0.000000 0.000000 -1.000000
vn 0.000000 0.000000 -1.000000
vn 0.000000 0.000000 -1.000000
vn 0.000000 0.000000 -1.000000
vn 0.000000 0.000000 -1.000000
vn 0.000000 0.000000 -1.000000
vn 0.000000 0.000000 -1.000000
vn 0.000000 0.000000 -1.000000
vn 0.000000 0.000000 -1.000000
vn 0.000000 0.000000 -1.000000
vn 0.000000 0.000000 -1.000000
vn 0.000000 0.000000 -1.000000
vn 0.000000 -0.000000 -1.000000
vn 0.000000 -0.000000 -1.000000
vn 0.000000 -0.000000 -1.000000
vn 0.000000 -0.000000 -1.000000
vn 0.000000 0.000000 -1.000000
vn 0.000000 0.000000 -1.000000
vn 0.000000 0.000000 -1.000000
vn 0.000000 0.000000 -1.000000
vn 0.000000 0.000000 -1.000000
vn 0.000000 0.000000 -1.000000
vn 0.000000 0.000000 -1.000000
vn 0.000000 0.000000 -1.000000
vn 0.000000 0.000000 -1.000000
vn 0.000000 0.000000 -1.000000
vn 0.000000 0.000000 -1.000000
vn 0.000000 0.000000 -1.000000
vn 0.000000 0.000000 -1.000000
vn 0.000000 0.000000 -1.000000
vn 0.000000 0.000000 -1.000000
vn 0.000000 0.000000 -1.000000
vn 0.000000 0.000000 -1.000000
vn 0.000000 0.000000 -1.000000
vn 0.000000 0.000000 -1.000000
vn 0.000000 0.000000 -1.000000
vn 0.000000 0.000000 -1.000000
vn 0.000000 0.000000 -1.000000
vn 0.000000 0.000000 -1.000000
vn 0.000000 0.000000 -1.000000
vn 0.000000 0.000000 -1.000000
vn 0.000000 0.000000 -1.000000
vn 0.000000 0.000000 -1.000000
vn 0.000000 0.000000 -1.000000
vn 0.000000 0.000000 -1.000000
vn 0.000000 0.000000 -1.000000
vn 0.000000 0.000000 -1.000000
vn 0.000000 0.000000 -1.000000
vn 0.000000 0.000000 -1.000000
vn 0.000000 0.000000 -1.000000
vn 0.000000 0.000000 -1.000000
vn 0.000000 0.000000 -1.000000
vn 0.000000 0.000000 -1.000000
vn 0.000000 0.000000 -1.000000
vn 0.000000 0.000000 -1.000000
vn 0.000000 0.000000 -1.000000
vn 0.000000 0.000000 -1.000000
vn 0.000000 0.000000 -1.000000
vn 0.000000 0.000000 -1.000000
vn 0.000000 0.000000 -1.000000
vn 0.000000 0.000000 -1.000000
vn 0.000000 0.000000 -1.000000
vn 0.000000 0.000000 -1.000000
vn 0.000000 0.000000 -1.000000
vn 0.000000 0.000000 -1.000000
vn 0.000000 0.000000 -1.000000
vn 0.000000 0.000000 -1.000000
vn 0.000000 0.000000 -1.000000
vn 0.000000 0.000000 -1.000000
vn 0.000000 0.000000 -1.000000
vn 0.000000 0.000000 -1.000000
vn 0.000000 0.000000 -1.000000
vn 0.000000 0.000000 -1.000000
vn 0.000000 0.000000 -1.000000
vn 0.000000 0.000000 -1.000000
vn 0.000000 0.000000 -1.000000
vn 0.000000 0.000000 -1.000000
vn 0.000000 0.000000 -1.000000
vn 0.000000 0.000000 -1.000000
vn 0.000000 0.000000 -1.000000
vn 0.000000 0.000000 -1.000000
vn 0.000000 0.000000 -1.000000
vn 0.000000 0.000000 -1.000000
vn 0.000000 0.000000 -1.000000
vn 0.000000 0.000000 -1.000000
vn 0.000000 0.000000 -1.000000
vn 0.000000 0.000000 -1.000000
vn 0.000000 0.000000 -1.000000
vn 0.000000 0.000000 -1.000000
vn 0.000000 0.000000 -1.000000
vn 0.000000 0.000000 -1.000000
vn 0.000000 0.000000 -1.000000
vn 0.000000 0.000000 -1.000000
vn 0.000000 0.000000 -1.000000
vn 0.000000 0.000000 -1.000000
vn 0.000000 0.000000 -1.000000
vn 0.000000 -0.000000 -1.000000
vn 0.000000 0.000000 -1.000000
vn 0.000000 0.000000 -1.000000
vn 0.000000 0.000000 -1.000000
vn 0.000000 0.000000 -1.000000
vn 0.000000 0.000000 -1.000000
vn 0.000000 0.000000 -1.000000
vn 0.000000 0.000000 -1.000000
vn 0.000000 0.000000 -1.000000
vn 0.000000 0.000000 -1.000000
vn 0.000000 0.000000 -1.000000
vn 0.000000 0.000000 -1.000000
vn 0.000000 0.000000 -1.000000
vn 0.000000 0.000000 -1.000000
vn -0.000000 0.000000 -1.000000
vn -0.000000 0.000000 -1.000000
vn -0.000000 0.000000 -1.000000
vn -0.000000 0.000000 -1.000000
vn -0.000000 0.000000 -1.000000
vn -0.000000 0.000000 -1.000000
vn -0.000000 0.000000 -1.000000
vn -0.000000 0.000000 -1.000000
vn -0.000000 0.000000 -1.000000
vn -0.000000 0.000000 -1.000000
vn -0.000000 0.000000 -1.000000
vn 0.000000 0.000000 -1.000000
vn 0.000000 0.000000 -1.000000
vn 0.000000 -0.000000 -1.000000
vn 0.000000 0.000000 -1.000000
vn 0.000000 -0.000000 -1.000000
vn 0.000000 -0.000000 -1.000000
vn 0.000000 -0.000000 -1.000000
vn 0.000000 -0.000000 -1.000000
vn 0.000000 -0.000000 -1.000000
vn 0.000000 -0.000000 -1.000000
vn 0.000000 0.000000 -1.000000
vn 0.000000 0.000000 -1.000000
vn 0.000000 0.000000 -1.000000
vn 0.000000 0.000000 -1.000000
vn 1.000000 -0.000000 0.000000
vn 1.000000 0.000000 0.000000
vn 1.000000 -0.000000 0.000000
vn 1.000000 0.000000 0.000000
vn 1.000000 -0.000000 0.000000
vn 1.000000 0.000000 0.000000
vn 1.000000 -0.000000 0.000000
vn 1.000000 0.000000 0.000000
vn 1.000000 -0.000000 0.000000
vn 1.000000 0.000000 0.000000
vn 1.000000 -0.000000 0.000000
vn 1.000000 0.000000 0.000000
vn 1.000000 -0.000000 0.000000
vn 1.000000 0.000000 0.000000
vn 1.000000 -0.000000 0.000000
vn 1.000000 0.000000 0.000000
vn 1.000000 -0.000000 0.000000
vn 1.000000 0.000000 0.000000
vn 1.000000 -0.000000 0.000000
vn 1.000000 0.000000 0.000000
vn 1.000000 -0.000000 0.000000
vn 1.000000 0.000000 0.000000
vn 1.000000 0.000000 0.000000
vn 1.000000 0.000000 0.000000
vn 1.000000 0.000000 0.000000
vn 1.000000 0.000000 0.000000
vn 1.000000 -0.000000 0.000000
vn 1.000000 0.000000 0.000000
vn 1.000000 -0.000000 0.000000
vn 1.000000 -0.000000 0.000000
vn 1.000000 -0.000000 0.000000
vn 1.000000 -0.000000 0.000000
vn 1.000000 -0.000000 0.000000
vn 1.000000 -0.000000 0.000000
vn 1.000000 -0.000000 0.000000
vn 1.000000 -0.000000 0.000000
vn 1.000000 -0.000000 0.000000
vn 1.000000 -0.000000 0.000000
vn 1.000000 -0.000000 0.000000
vn 1.000000 -0.000000 0.000000
vn 1.000000 -0.000000 0.000000
vn 1.000000 -0.000000 0.000000
vn 1.000000 -0.000000 0.000000
vn 1.000000 0.000000 0.000000
vn 1.000000 0.000000 0.000000
vn 1.000000 0.000000 0.000000
vn 1.000000 0.000000 0.000000
vn 1.000000 0.000000 0.000000
vn 1.000000 0.000000 0.000000
vn 1.000000 0.000000 0.000000
vn 1.000000 0.000000 0.000000
vn 1.000000 0.000000 0.000000
vn 1.000000 0.000000 0.000000
vn 1.000000 0.000000 0.000000
vn 1.000000 0.000000 0.000000
vn 1.000000 0.000000 0.000000
vn 1.000000 0.000000 0.000000
vn 1.000000 0.000000 0.000000
vn 1.000000 0.000000 0.000000
vn 1.000000 0.000000 0.000000
vn 1.000000 0.000000 0.000000
vn 1.000000 0.000000 0.000000
vn 1.000000 0.000000 0.000000
vn 1.000000 0.000000 0.000000
vn 1.000000 0.000000 0.000000
vn 1.000000 -0.000000 0.000000
vn 1.000000 0.000000 0.000000
vn 1.000000 -0.000000 0.000000
vn 1.000000 0.000000 0.000000
vn 1.000000 -0.000000 0.000000
vn 1.000000 0.000000 0.000000
vn 1.000000 -0.000000 0.000000
vn 1.000000 0.000000 0.000000
vn 1.000000 -0.000000 0.000000
vn 1.000000 0.000000 0.000000
vn 1.000000 -0.000000 0.000000
vn 1.000000 0.000000 0.000000
vn 1.000000 -0.000000 0.000000
vn 1.000000 0.000000 0.000000
vn 1.000000 -0.000000 0.000000
vn 1.000000 0.000000 0.000000
vn 1.000000 -0.000000 0.000000
vn 1.000000 0.000000 0.000000
vn 1.000000 -0.000000 0.000000
vn 1.000000 0.000000 0.000000
vn 1.000000 -0.000000 0.000000
vn 1.000000 0.000000 0.000000
vn 1.000000 0.000000 0.000000
vn 1.000000 0.000000 0.000000
vn 1.000000 0.000000 0.000000
vn 1.000000 0.000000 0.000000
vn 1.000000 0.000000 0.000000
vn 1.000000 -0.000000 0.000000
vn 1.000000 0.000000 0.000000
vn 1.000000 0.000000 0.000000
vn 1.000000 0.000000 0.000000
vn 1.000000 0.000000 0.000000
vn 1.000000 0.000000 0.000000
vn 1.000000 0.000000 0.000000
vn 1.000000 0.000000 0.000000
vn 1.000000 0.000000 0.000000
vn 1.000000 0.000000 0.000000
vn 1.000000 0.000000 0.000000
vn 1.000000 0.000000 0.000000
vn 1.000000 0.000000 0.000000
vn 1.000000 0.000000 0.000000
vn 1.000000 0.000000 0.000000
vn 1.000000 0.000000 0.000000
vn 1.000000 0.000000 0.000000
vn 1.000000 0.000000 0.000000
vn 1.000000 0.000000 0.000000
vn 1.000000 0.000000 0.000000
vn 1.000000 0.000000 0.000000
vn 1.000000 0.000000 0.000000
vn 1.000000 0.000000 0.000000
vn 1.000000 0.000000 0.000000
vn 1.000000 0.000000 0.000000
vn 1.000000 0.000000 0.000000
vn 1.000000 0.000000 0.000000
vn 1.000000 0.000000 0.000000
vn 1.000000 0.000000 0.000000
vn 1.000000 0.000000 0.000000
vn 1.000000 0.000000 0.000000
vn 1.000000 0.000000 0.000000
vn 1.000000 0.000000 0.000000
vn 1.000000 0.000000 0.000000
vn 1.000000 0.000000 0.000000
vn 1.000000 0.000000 0.000000
vn 1.000000 0.000000 0.000000
vn 1.000000 0.000000 0.000000
vn 1.000000 0.000000 0.000000
vn 1.000000 -0.000000 0.000000
vn 1.000000 0.000000 0.000000
vn 1.000000 0.000000 0.000000
vn 0.000000 -1.000000 0.000000
vn 0.000000 -1.000000 0.000000
vn 0.000000 -1.000000 0.000000
vn 0.000000 -1.000000 0.000000
vn 0.000000 -1.000000 0.000000
vn 0.000000 -1.000000 0.000000
vn 1.000000 0.000000 0.000000
vn 1.000000 -0.000000 0.000000
vn 0.000000 -1.000000 0.000000
vn 0.000000 -1.000000 0.000000
vn -0.000000 -1.000000 0.000000
vn 0.000000 -1.000000 0.000000
vn -1.000000 0.000000 0.000000
vn -1.000000 0.000000 0.000000
vn 0.000000 -1.000000 0.000000
vn 0.000000 -1.000000 0.000000
vn -1.000000 0.000000 0.000000
vn -1.000000 0.000000 0.000000
vn 0.000000 1.000000 0.000000
vn 0.000000 1.000000 0.000000
vn 0.000000 1.000000 0.000000
vn 0.000000 1.000000 0.000000
vn 0.000000 1.000000 0.000000
vn 0.000000 1.000000 0.000000
vn 0.000000 -1.000000 0.000000
vn 0.000000 -1.000000 0.000000
vn 0.000000 1.000000 0.000000
vn 0.000000 1.000000 0.000000
vn -1.000000 0.000000 0.000000
vn -1.000000 0.000000 0.000000
vn 1.000000 0.000000 0.000000
vn 1.000000 0.000000 0.000000
vn -1.000000 0.000000 0.000000
vn -1.000000 0.000000 0.000000
vn -1.000000 0.000000 0.000000
vn -1.000000 0.000000 0.000000
vn -1.000000 0.000000 0.000000
vn -1.000000 0.000000 0.000000
vn 1.000000 0.000000 0.000000
vn 1.000000 -0.000000 0.000000
vn -1.000000 0.000000 0.000000
vn -1.000000 0.000000 0.000000
vn 1.000000 0.000000 0.000000
vn 1.000000 -0.000000 0.000000
vn -1.000000 0.000000 0.000000
vn -1.000000 0.000000 0.000000
vn 1.000000 0.000000 0.000000
vn 1.000000 -0.000000 0.000000
vn -1.000000 0.000000 0.000000
vn -1.000000 0.000000 0.000000
vn 1.000000 0.000000 0.000000
vn 1.000000 -0.000000 0.000000
vn 0.000000 1.000000 0.000000
vn 0.000000 1.000000 -0.000000
vn 0.000000 -1.000000 0.000000
vn 0.000000 -1.000000 0.000000
vn 1.000000 0.000000 0.000000
vn 1.000000 -0.000000 0.000000
vn 0.000000 -1.000000 0.000000
vn 0.000000 -1.000000 0.000000
vn 0.000000 -1.000000 0.000000
vn 0.000000 -1.000000 0.000000
vn -1.000000 0.000000 0.000000
vn -1.000000 -0.000000 0.000000
vn 0.000588 -1.000000 0.000000
vn 0.000588 -1.000000 0.000000
vn 0.000000 -1.000000 0.000000
vn 0.000000 -1.000000 0.000000
vn -1.000000 0.000000 0.000000
vn -1.000000 0.000000 0.000000
vn -1.000000 0.000000 0.000000
vn -1.000000 0.000000 0.000000
vn 0.000000 1.000000 0.000000
vn 0.000000 1.000000 0.000000
vn 0.000000 1.000000 0.000000
vn 0.000000 1.000000 0.000000
vn 0.000000 1.000000 0.000000
vn 0.000000 1.000000 0.000000
vn 0.000000 1.000000 0.000000
vn 0.000000 1.000000 0.000000
vn -1.000000 0.000000 -0.000000
vn -1.000000 0.000000 0.000000
vn -1.000000 0.000000 0.000000
vn -1.000000 0.000000 0.000000
vn -1.000000 0.000000 0.000000
vn 0.000000 1.000000 0.000000
vn 0.000000 1.000000 0.000000
vn 1.000000 0.000000 0.000000
vn 1.000000 -0.000000 0.000000
vn 0.000000 -1.000000 0.000000
vn 0.000000 -1.000000 0.000000
vn -1.000000 0.000000 0.000000
vn -1.000000 -0.000000 0.000000
vn 0.000000 1.000000 0.000000
vn 0.000000 1.000000 0.000000
vn 1.000000 0.000000 0.000000
vn 1.000000 -0.000000 0.000000
vn 0.000000 -1.000000 0.000000
vn 0.000000 -1.000000 0.000000
vn 1.000000 -0.000000 0.000000
vn 1.000000 0.000000 0.000000
vn 0.000000 1.000000 0.000000
vn 0.000000 1.000000 0.000000
vn -1.000000 0.000000 0.000000
vn -1.000000 0.000000 0.000000
vn 1.000000 0.000000 0.000000
vn 1.000000 0.000000 0.000000
vn 0.000000 -1.000000 0.000000
vn 0.000000 -1.000000 0.000000
vn 1.000000 0.000000 0.000000
vn 1.000000 0.000000 0.000000
vn 0.000000 1.000000 0.000000
vn 0.000000 1.000000 -0.000000
vn -1.000000 0.000000 0.000000
vn -1.000000 0.000000 0.000000
vn 0.000000 1.000000 0.000000
vn 0.000000 1.000000 -0.000000
vn -1.000000 0.000000 0.000000
vn -1.000000 0.000000 0.000000
vn 0.000000 -1.000000 0.000000
vn 0.000000 -1.000000 0.000000
vn 0.000000 -0.000000 -1.000000
vn 0.000000 0.000000 -1.000000
vn 0.000000 0.000000 -1.000000
vn 0.000000 0.000000 -1.000000
vn 0.000000 0.000000 -1.000000
vn 0.000000 0.000000 -1.000000
vn 0.000000 0.000000 -1.000000
vn 0.000000 0.000000 -1.000000
vn 0.000000 0.000000 -1.000000
vn 0.000000 0.000000 -1.000000
vn 0.000000 0.000000 -1.000000
vn 0.000000 0.000000 -1.000000
vn 0.000000 0.000000 -1.000000
vn 0.000000 0.000000 -1.000000
vn 0.000000 0.000000 -1.000000
vn 0.000000 0.000000 -1.000000
vn 0.000000 0.000000 -1.000000
vn 0.000000 0.000000 -1.000000
vn 0.000000 0.000000 -1.000000
vn 0.000000 0.000000 -1.000000
vn 0.000000 0.000000 -1.000000
vn 0.000000 0.000000 -1.000000
vn 0.000000 0.000000 -1.000000
vn 0.000000 -0.000000 -1.000000
f 1//1 2//1 3//1
f 1//2 3//2 4//2
f 5//3 4//3 6//3
f 5//4 1//4 4//4
f 7//5 6//5 8//5
f 7//6 5//6 6//6
f 9//7 8//7 10//7
f 9//8 7//8 8//8
f 11//9 10//9 12//9
f 11//10 12//10 13//10
f 11//11 9//11 10//11
f 14//12 11//12 13//12
f 15//13 13//13 16//13
f 15//14 14//14 13//14
f 17//15 16//15 18//15
f 17//16 18//16 19//16
f 17//17 15//17 16//17
f 20//18 17//18 19//18
f 21//19 19//19 22//19
f 21//20 20//20 19//20
f 23//21 21//21 22//21
f 23//22 22//22 24//22
f 23//23 24//23 25//23
f 26//24 23//24 25//24
f 26//25 25//25 27//25
f 28//26 26//26 27//26
f 29//27 28//27 27//27
f 29//28 27//28 30//28
f 29//29 30//29 31//29
f 32//30 29//30 31//30
f 33//31 32//31 31//31
f 33//32 31//32 34//32
f 35//33 33//33 34//33
f 35//34 34//34 36//34
f 37//35 35//35 36//35
f 37//36 36//36 38//36
f 37//37 38//37 39//37
f 40//38 37//38 39//38
f 41//39 40//39 39//39
f 41//40 39//40 42//40
f 41//41 42//41 43//41
f 44//42 41//42 43//42
f 45//43 44//43 43//43
f 45//44 43//44 46//44
f 47//45 46//45 48//45
f 47//46 45//46 46//46
f 47//47 48//47 49//47
f 50//48 47//48 49//48
f 51//49 49//49 52//49
f 51//50 52//50 53//50
f 51//51 50//51 49//51
f 54//52 51//52 53//52
f 55//53 53//53 56//53
f 55//54 54//54 53//54
f 57//55 56//55 58//55
f 57//56 55//56 56//56
f 59//57 58//57 60//57
f 59//58 57//58 58//58
f 61//59 60//59 62//59
f 61//60 59//60 60//60
f 63//61 62//61 64//61
f 63//62 61//62 62//62
f 65//63 64//63 66//63
f 65//64 63//64 64//64
f 67//65 66//65 68//65
f 67//66 65//66 66//66
f 69//67 68//67 70//67
f 69//68 67//68 68//68
f 71//69 70//69 72//69
f 71//70 69//70 70//70
f 73//71 72//71 74//71
f 73//72 71//72 72//72
f 75//73 73//73 74//73
f 75//74 74//74 76//74
f 77//75 75//75 76//75
f 77//76 76//76 78//76
f 79//77 77//77 78//77
f 79//78 78//78 80//78
f 81//79 79//79 80//79
f 81//80 80//80 82//80
f 83//81 81//81 82//81
f 83//82 82//82 84//82
f 85//83 83//83 84//83
f 85//84 84//84 86//84
f 87//85 85//85 86//85
f 87//86 86//86 88//86
f 89//87 87//87 88//87
f 89//88 88//88 90//88
f 91//89 89//89 90//89
f 91//90 90//90 92//90
f 93//91 91//91 92//91
f 93//92 92//92 94//92
f 95//93 93//93 94//93
f 95//94 94//94 96//94
f 97//95 95//95 96//95
f 97//96 96//96 98//96
f 99//97 97//97 98//97
f 99//98 98//98 100//98
f 101//99 99//99 100//99
f 101//100 100//100 102//100
f 103//101 101//101 102//101
f 103//102 102//102 104//102
f 105//103 103//103 104//103
f 105//104 104//104 106//104
f 107//105 105//105 106//105
f 107//106 106//106 108//106
f 109//107 107//107 108//107
f 109//108 108//108 110//108
f 111//109 109//109 110//109
f 111//110 110//110 112//110
f 113//111 111//111 112//111
f 113//112 112//112 114//112
f 113//113 114//113 115//113
f 116//114 113//114 115//114
f 117//115 115//115 118//115
f 117//116 116//116 115//116
f 119//117 118//117 120//117
f 119//118 117//118 118//118
f 121//119 120//119 122//119
f 121//120 119//120 120//120
f 123//121 122//121 124//121
f 123//122 121//122 122//122
f 125//123 123//123 124//123
f 125//124 124//124 126//124
f 127//125 125//125 126//125
f 127//126 126//126 128//126
f 129//127 127//127 128//127
f 129//128 128//128 130//128
f 131//129 129//129 130//129
f 131//130 130//130 132//130
f 133//131 131//131 132//131
f 133//132 132//132 134//132
f 135//133 133//133 134//133
f 135//134 134//134 136//134
f 137//135 135//135 136//135
f 137//136 136//136 138//136
f 139//137 137//137 138//137
f 139//138 138//138 140//138
f 141//139 139//139 140//139
f 141//140 140//140 142//140
f 143//141 141//141 142//141
f 143//142 142//142 144//142
f 145//143 143//143 144//143
f 145//144 144//144 146//144
f 147//145 145//145 146//145
f 147//146 146//146 148//146
f 149//147 147//147 148//147
f 149//148 148//148 150//148
f 151//149 150//149 152//149
f 151//150 149//150 150//150
f 153//151 152//151 154//151
f 153//152 151//152 152//152
f 155//153 154//153 156//153
f 155//154 153//154 154//154
f 157//155 156//155 158//155
f 157//156 155//156 156//156
f 159//157 158//157 160//157
f 159//158 157//158 158//158
f 161//159 160//159 162//159
f 161//160 159//160 160//160
f 163//161 162//161 164//161
f 163//162 161//162 162//162
f 165//163 164//163 166//163
f 165//164 163//164 164//164
f 167//165 166//165 168//165
f 167//166 165//166 166//166
f 169//167 168//167 170//167
f 169//168 167//168 168//168
f 171//169 170//169 172//169
f 171//170 169//170 170//170
f 173//171 172//171 174//171
f 173//172 171//172 172//172
f 175//173 174//173 176//173
f 175//174 173//174 174//174
f 177//175 175//175 176//175
f 177//176 176//176 178//176
f 179//177 177//177 178//177
f 179//178 178//178 180//178
f 181//179 179//179 180//179
f 181//180 180//180 182//180
f 183//181 181//181 182//181
f 183//182 182//182 184//182
f 185//183 184//183 186//183
f 185//184 183//184 184//184
f 187//185 186//185 188//185
f 187//186 185//186 186//186
f 189//187 188//187 190//187
f 189//188 187//188 188//188
f 191//189 190//189 192//189
f 191//190 189//190 190//190
f 193//191 192//191 194//191
f 193//192 191//192 192//192
f 195//193 194//193 196//193
f 195//194 193//194 194//194
f 197//195 196//195 198//195
f 197//196 195//196 196//196
f 199//197 198//197 200//197
f 199//198 197//198 198//198
f 201//199 200//199 202//199
f 201//200 199//200 200//200
f 203//201 202//201 204//201
f 203//202 201//202 202//202
f 205//203 204//203 206//203
f 205//204 203//204 204//204
f 207//205 206//205 208//205
f 207//206 208//206 209//206
f 207//207 205//207 206//207
f 210//208 207//208 209//208
f 211//209 209//209 212//209
f 211//210 210//210 209//210
f 213//211 212//211 214//211
f 213//212 214//212 215//212
f 213//213 211//213 212//213
f 216//214 213//214 215//214
f 217//215 215//215 218//215
f 217//216 216//216 215//216
f 219//217 218//217 220//217
f 219//218 217//218 218//218
f 221//219 220//219 222//219
f 221//220 219//220 220//220
f 223//221 222//221 224//221
f 223//222 221//222 222//222
f 225//223 223//223 224//223
f 225//224 224//224 226//224
f 227//225 225//225 226//225
f 227//226 226//226 228//226
f 229//227 227//227 228//227
f 229//228 228//228 230//228
f 231//229 229//229 230//229
f 231//230 230//230 232//230
f 231//231 232//231 233//231
f 234//232 231//232 233//232
f 235//233 234//233 233//233
f 235//234 233//234 236//234
f 235//235 236//235 237//235
f 238//236 235//236 237//236
f 239//237 238//237 237//237
f 239//238 237//238 240//238
f 241//239 239//239 240//239
f 241//240 240//240 242//240
f 243//241 241//241 242//241
f 243//242 242//242 244//242
f 245//243 243//243 244//243
f 245//244 244//244 246//244
f 245//245 246//245 247//245
f 248//246 245//246 247//246
f 248//247 247//247 249//247
f 250//248 248//248 249//248
f 251//249 249//249 252//249
f 251//250 250//250 249//250
f 2//251 252//251 3//251
f 2//252 251//252 252//252
f 253//253 159//253 161//253
f 254//254 159//254 253//254
f 254//255 157//255 159//255
f 255//256 253//256 161//256
f 256//257 153//257 155//257
f 256//258 155//258 157//258
f 256//259 157//259 254//259
f 257//260 255//260 161//260
f 257//261 161//261 163//261
f 257//262 163//262 165//262
f 258//263 151//263 153//263
f 258//264 153//264 256//264
f 259//265 257//265 165//265
f 259//266 165//266 167//266
f 260//267 149//267 151//267
f 260//268 151//268 258//268
f 261//269 259//269 167//269
f 262//270 147//270 149//270
f 262//271 149//271 260//271
f 263//272 167//272 169//272
f 263//273 261//273 167//273
f 264//274 145//274 147//274
f 264//275 147//275 262//275
f 265//276 169//276 171//276
f 265//277 263//277 169//277
f 266//278 145//278 264//278
f 267//279 265//279 171//279
f 267//280 171//280 173//280
f 268//281 145//281 266//281
f 268//282 141//282 143//282
f 268//283 143//283 145//283
f 269//284 267//284 173//284
f 269//285 173//285 175//285
f 270//286 141//286 268//286
f 271//287 269//287 175//287
f 271//288 175//288 177//288
f 272//289 141//289 270//289
f 272//290 139//290 141//290
f 273//291 271//291 177//291
f 273//292 177//292 179//292
f 274//293 139//293 272//293
f 274//294 137//294 139//294
f 275//295 273//295 179//295
f 275//296 179//296 181//296
f 183//297 275//297 181//297
f 276//298 137//298 274//298
f 276//299 135//299 137//299
f 277//300 275//300 183//300
f 278//301 135//301 276//301
f 278//302 133//302 135//302
f 131//303 133//303 278//303
f 279//304 277//304 183//304
f 279//305 183//305 185//305
f 280//306 131//306 278//306
f 129//307 131//307 280//307
f 281//308 279//308 185//308
f 281//309 185//309 187//309
f 282//310 129//310 280//310
f 283//311 281//311 187//311
f 283//312 187//312 189//312
f 284//313 127//313 129//313
f 284//314 129//314 282//314
f 285//315 283//315 189//315
f 285//316 189//316 191//316
f 193//317 285//317 191//317
f 286//318 125//318 127//318
f 286//319 127//319 284//319
f 287//320 285//320 193//320
f 288//321 125//321 286//321
f 288//322 123//322 125//322
f 289//323 287//323 193//323
f 289//324 193//324 195//324
f 290//325 121//325 123//325
f 290//326 123//326 288//326
f 291//327 289//327 195//327
f 291//328 195//328 197//328
f 292//329 121//329 290//329
f 292//330 119//330 121//330
f 293//331 291//331 197//331
f 293//332 197//332 199//332
f 294//333 119//333 292//333
f 294//334 117//334 119//334
f 295//335 293//335 199//335
f 295//336 199//336 201//336
f 296//337 117//337 294//337
f 296//338 116//338 117//338
f 297//339 201//339 203//339
f 297//340 295//340 201//340
f 113//341 116//341 296//341
f 298//342 113//342 296//342
f 205//343 297//343 203//343
f 299//344 297//344 205//344
f 111//345 113//345 298//345
f 300//346 111//346 298//346
f 301//347 205//347 207//347
f 301//348 299//348 205//348
f 302//349 111//349 300//349
f 302//350 109//350 111//350
f 303//351 207//351 210//351
f 303//352 301//352 207//352
f 304//353 109//353 302//353
f 304//354 107//354 109//354
f 305//355 210//355 211//355
f 305//356 303//356 210//356
f 105//357 107//357 304//357
f 306//358 105//358 304//358
f 213//359 305//359 211//359
f 307//360 305//360 213//360
f 308//361 105//361 306//361
f 308//362 103//362 105//362
f 216//363 307//363 213//363
f 309//364 307//364 216//364
f 101//365 103//365 308//365
f 310//366 101//366 308//366
f 311//367 216//367 217//367
f 311//368 309//368 216//368
f 312//369 99//369 101//369
f 312//370 101//370 310//370
f 313//371 217//371 219//371
f 313//372 311//372 217//372
f 314//373 97//373 99//373
f 314//374 99//374 312//374
f 315//375 219//375 221//375
f 315//376 313//376 219//376
f 95//377 314//377 316//377
f 95//378 97//378 314//378
f 223//379 315//379 221//379
f 223//380 317//380 315//380
f 318//381 95//381 316//381
f 93//382 95//382 318//382
f 319//383 317//383 223//383
f 225//384 319//384 223//384
f 91//385 93//385 318//385
f 91//386 318//386 320//386
f 321//387 319//387 225//387
f 227//388 321//388 225//388
f 322//389 91//389 320//389
f 89//390 91//390 322//390
f 229//391 321//391 227//391
f 229//392 323//392 321//392
f 324//393 89//393 322//393
f 87//394 89//394 324//394
f 231//395 323//395 229//395
f 231//396 325//396 323//396
f 85//397 87//397 324//397
f 85//398 324//398 326//398
f 327//399 325//399 231//399
f 234//400 327//400 231//400
f 83//401 85//401 326//401
f 83//402 326//402 328//402
f 235//403 327//403 234//403
f 235//404 329//404 327//404
f 330//405 83//405 328//405
f 81//406 83//406 330//406
f 331//407 329//407 235//407
f 238//408 331//408 235//408
f 79//409 81//409 330//409
f 79//410 330//410 332//410
f 239//411 333//411 331//411
f 239//412 331//412 238//412
f 334//413 79//413 332//413
f 77//414 79//414 334//414
f 335//415 333//415 239//415
f 241//416 335//416 239//416
f 75//417 334//417 336//417
f 75//418 77//418 334//418
f 243//419 337//419 335//419
f 243//420 335//420 241//420
f 73//421 336//421 338//421
f 73//422 75//422 336//422
f 339//423 337//423 243//423
f 245//424 339//424 243//424
f 71//425 338//425 340//425
f 71//426 73//426 338//426
f 341//427 339//427 245//427
f 248//428 341//428 245//428
f 342//429 71//429 340//429
f 69//430 71//430 342//430
f 250//431 341//431 248//431
f 250//432 343//432 341//432
f 344//433 343//433 250//433
f 67//434 69//434 342//434
f 67//435 342//435 345//435
f 251//436 344//436 250//436
f 65//437 67//437 345//437
f 65//438 345//438 346//438
f 347//439 65//439 346//439
f 2//440 344//440 251//440
f 2//441 348//441 344//441
f 63//442 65//442 347//442
f 1//443 348//443 2//443
f 1//444 349//444 348//444
f 61//445 63//445 347//445
f 61//446 347//446 350//446
f 5//447 349//447 1//447
f 5//448 351//448 349//448
f 59//449 61//449 350//449
f 59//450 350//450 352//450
f 353//451 59//451 352//451
f 7//452 354//452 351//452
f 7//453 351//453 5//453
f 57//454 59//454 353//454
f 9//455 355//455 354//455
f 9//456 354//456 7//456
f 55//457 353//457 356//457
f 55//458 57//458 353//458
f 11//459 357//459 355//459
f 11//460 358//460 357//460
f 11//461 355//461 9//461
f 54//462 359//462 360//462
f 54//463 356//463 359//463
f 54//464 55//464 356//464
f 14//465 358//465 11//465
f 14//466 361//466 358//466
f 51//467 54//467 360//467
f 15//468 361//468 14//468
f 50//469 362//469 363//469
f 50//470 360//470 362//470
f 50//471 51//471 360//471
f 17//472 364//472 361//472
f 17//473 361//473 15//473
f 47//474 50//474 363//474
f 20//475 365//475 364//475
f 20//476 364//476 17//476
f 45//477 47//477 363//477
f 45//478 363//478 366//478
f 21//479 367//479 365//479
f 21//480 368//480 367//480
f 21//481 365//481 20//481
f 44//482 45//482 366//482
f 44//483 366//483 369//483
f 23//484 368//484 21//484
f 41//485 44//485 369//485
f 41//486 369//486 370//486
f 26//487 368//487 23//487
f 26//488 371//488 368//488
f 40//489 41//489 370//489
f 40//490 370//490 372//490
f 28//491 371//491 26//491
f 28//492 373//492 371//492
f 37//493 40//493 372//493
f 37//494 374//494 375//494
f 37//495 372//495 374//495
f 29//496 373//496 28//496
f 29//497 376//497 373//497
f 35//498 37//498 375//498
f 32//499 377//499 376//499
f 32//500 376//500 29//500
f 33//501 378//501 377//501
f 33//502 375//502 378//502
f 33//503 35//503 375//503
f 33//504 377//504 32//504
f 379//505 380//505 381//505
f 382//506 381//506 380//506
f 383//507 380//507 379//507
f 384//508 382//508 380//508
f 385//509 380//509 383//509
f 386//510 384//510 380//510
f 387//511 380//511 385//511
f 388//512 386//512 380//512
f 389//513 380//513 387//513
f 390//514 388//514 380//514
f 391//515 380//515 389//515
f 392//516 390//516 380//516
f 393//517 380//517 391//517
f 394//518 392//518 380//518
f 395//519 380//519 393//519
f 396//520 394//520 380//520
f 397//521 380//521 395//521
f 398//522 396//522 380//522
f 399//523 380//523 397//523
f 400//524 398//524 380//524
f 401//525 380//525 399//525
f 402//526 400//526 380//526
f 403//527 380//527 401//527
f 404//528 402//528 380//528
f 405//529 380//529 403//529
f 406//530 404//530 380//530
f 407//531 380//531 405//531
f 408//532 406//532 380//532
f 409//533 380//533 407//533
f 410//534 408//534 380//534
f 411//535 380//535 409//535
f 412//536 410//536 380//536
f 413//537 380//537 411//537
f 414//538 412//538 380//538
f 415//539 380//539 413//539
f 416//540 414//540 380//540
f 417//541 380//541 415//541
f 418//542 416//542 380//542
f 419//543 380//543 417//543
f 420//544 418//544 380//544
f 421//545 380//545 419//545
f 422//546 420//546 380//546
f 423//547 380//547 421//547
f 424//548 422//548 380//548
f 425//549 380//549 423//549
f 426//550 424//550 380//550
f 427//551 380//551 425//551
f 428//552 426//552 380//552
f 429//553 380//553 427//553
f 430//554 428//554 380//554
f 431//555 380//555 429//555
f 432//556 380//556 431//556
f 433//557 380//557 432//557
f 434//558 435//558 436//558
f 437//559 435//559 434//559
f 437//560 438//560 435//560
f 439//561 434//561 436//561
f 439//562 436//562 440//562
f 441//563 438//563 437//563
f 441//564 442//564 438//564
f 443//565 439//565 440//565
f 443//566 440//566 444//566
f 445//567 442//567 441//567
f 445//568 446//568 442//568
f 447//569 443//569 444//569
f 447//570 444//570 448//570
f 449//571 446//571 445//571
f 449//572 450//572 446//572
f 451//573 447//573 448//573
f 451//574 448//574 452//574
f 453//575 454//575 450//575
f 453//576 450//576 449//576
f 455//577 451//577 452//577
f 455//578 452//578 456//578
f 457//579 454//579 453//579
f 457//580 458//580 454//580
f 459//581 455//581 456//581
f 459//582 456//582 460//582
f 461//583 462//583 458//583
f 461//584 458//584 457//584
f 463//585 459//585 460//585
f 463//586 460//586 464//586
f 465//587 462//587 461//587
f 465//588 466//588 462//588
f 467//589 463//589 464//589
f 467//590 464//590 468//590
f 469//591 466//591 465//591
f 469//592 470//592 466//592
f 471//593 467//593 468//593
f 471//594 468//594 472//594
f 473//595 470//595 469//595
f 473//596 474//596 470//596
f 473//597 475//597 474//597
f 476//598 471//598 472//598
f 476//599 472//599 477//599
f 478//600 475//600 473//600
f 478//601 479//601 475//601
f 480//602 476//602 477//602
f 480//603 477//603 481//603
f 482//604 479//604 478//604
f 482//605 483//605 479//605
f 484//606 480//606 481//606
f 484//607 481//607 485//607
f 486//608 483//608 482//608
f 486//609 487//609 483//609
f 488//610 484//610 485//610
f 488//611 485//611 489//611
f 490//612 491//612 487//612
f 490//613 487//613 486//613
f 492//614 488//614 489//614
f 492//615 489//615 493//615
f 494//616 495//616 491//616
f 494//617 491//617 490//617
f 496//618 493//618 497//618
f 496//619 492//619 493//619
f 498//620 499//620 495//620
f 498//621 495//621 494//621
f 500//622 496//622 497//622
f 500//623 497//623 501//623
f 502//624 503//624 499//624
f 502//625 499//625 498//625
f 504//626 501//626 505//626
f 504//627 500//627 501//627
f 506//628 433//628 503//628
f 506//629 503//629 502//629
f 507//630 504//630 505//630
f 507//631 505//631 508//631
f 509//632 380//632 433//632
f 509//633 433//633 506//633
f 510//634 507//634 508//634
f 510//635 508//635 511//635
f 512//636 380//636 509//636
f 513//637 510//637 511//637
f 513//638 511//638 514//638
f 515//639 513//639 514//639
f 515//640 514//640 516//640
f 517//641 516//641 518//641
f 517//642 515//642 516//642
f 519//643 518//643 520//643
f 519//644 517//644 518//644
f 521//645 520//645 522//645
f 521//646 519//646 520//646
f 523//647 521//647 522//647
f 523//648 522//648 524//648
f 525//649 523//649 524//649
f 526//650 430//650 380//650
f 526//651 527//651 430//651
f 526//652 528//652 527//652
f 526//653 529//653 528//653
f 526//654 530//654 529//654
f 526//655 531//655 530//655
f 526//656 532//656 531//656
f 526//657 533//657 532//657
f 526//658 534//658 533//658
f 526//659 535//659 534//659
f 526//660 536//660 535//660
f 537//661 538//661 539//661
f 540//662 538//662 537//662
f 540//663 541//663 538//663
f 542//664 537//664 539//664
f 542//665 539//665 536//665
f 543//666 541//666 540//666
f 543//667 544//667 541//667
f 545//668 542//668 536//668
f 545//669 536//669 526//669
f 546//670 544//670 543//670
f 546//671 547//671 544//671
f 548//672 545//672 526//672
f 549//673 547//673 546//673
f 549//674 550//674 547//674
f 551//675 548//675 526//675
f 552//676 550//676 549//676
f 552//677 553//677 550//677
f 554//678 551//678 526//678
f 555//679 553//679 552//679
f 555//680 556//680 553//680
f 557//681 554//681 526//681
f 558//682 559//682 556//682
f 558//683 556//683 555//683
f 560//684 557//684 526//684
f 561//685 559//685 558//685
f 561//686 562//686 559//686
f 563//687 560//687 526//687
f 564//688 565//688 562//688
f 564//689 562//689 561//689
f 566//690 563//690 526//690
f 567//691 568//691 565//691
f 567//692 565//692 564//692
f 569//693 566//693 526//693
f 570//694 571//694 568//694
f 570//695 568//695 567//695
f 572//696 569//696 526//696
f 573//697 574//697 571//697
f 573//698 571//698 570//698
f 575//699 572//699 526//699
f 576//700 577//700 574//700
f 576//701 574//701 573//701
f 578//702 575//702 526//702
f 579//703 577//703 576//703
f 579//704 580//704 577//704
f 581//705 578//705 526//705
f 582//706 580//706 579//706
f 582//707 583//707 580//707
f 584//708 581//708 526//708
f 585//709 525//709 524//709
f 585//710 583//710 582//710
f 585//711 524//711 583//711
f 586//712 584//712 526//712
f 587//713 588//713 525//713
f 587//714 525//714 585//714
f 589//715 586//715 526//715
f 590//716 591//716 588//716
f 590//717 588//717 587//717
f 592//718 589//718 526//718
f 593//719 594//719 591//719
f 593//720 591//720 590//720
f 595//721 592//721 526//721
f 596//722 597//722 594//722
f 596//723 594//723 593//723
f 598//724 595//724 526//724
f 599//725 600//725 597//725
f 599//726 597//726 596//726
f 601//727 598//727 526//727
f 602//728 603//728 600//728
f 602//729 600//729 599//729
f 604//730 601//730 526//730
f 605//731 606//731 603//731
f 605//732 603//732 602//732
f 607//733 604//733 526//733
f 608//734 609//734 606//734
f 608//735 606//735 605//735
f 610//736 607//736 526//736
f 611//737 612//737 609//737
f 611//738 609//738 608//738
f 613//739 610//739 526//739
f 614//740 613//740 526//740
f 615//741 614//741 526//741
f 616//742 615//742 526//742
f 617//743 616//743 526//743
f 618//744 617//744 526//744
f 619//745 618//745 526//745
f 620//746 619//746 526//746
f 621//747 620//747 526//747
f 622//748 621//748 526//748
f 623//749 622//749 526//749
f 624//750 623//750 526//750
f 625//751 624//751 526//751
f 626//752 625//752 526//752
f 627//753 626//753 526//753
f 628//754 627//754 526//754
f 629//755 628//755 526//755
f 630//756 629//756 526//756
f 631//757 630//757 526//757
f 632//758 631//758 526//758
f 633//759 632//759 526//759
f 634//760 633//760 526//760
f 635//761 634//761 526//761
f 636//762 635//762 526//762
f 637//763 636//763 526//763
f 638//764 637//764 526//764
f 639//765 638//765 526//765
f 640//766 639//766 526//766
f 641//767 640//767 526//767
f 642//768 641//768 526//768
f 643//769 644//769 645//769
f 646//770 647//770 644//770
f 646//771 644//771 643//771
f 648//772 645//772 649//772
f 648//773 643//773 645//773
f 650//774 651//774 647//774
f 650//775 647//775 646//775
f 652//776 649//776 653//776
f 652//777 648//777 649//777
f 654//778 655//778 651//778
f 654//779 651//779 650//779
f 656//780 653//780 657//780
f 656//781 652//781 653//781
f 658//782 655//782 654//782
f 658//783 659//783 655//783
f 660//784 656//784 657//784
f 660//785 657//785 661//785
f 662//786 663//786 659//786
f 662//787 659//787 658//787
f 664//788 661//788 665//788
f 664//789 660//789 661//789
f 666//790 667//790 663//790
f 666//791 663//791 662//791
f 668//792 665//792 612//792
f 668//793 664//793 665//793
f 669//794 670//794 667//794
f 669//795 667//795 666//795
f 671//796 612//796 611//796
f 671//797 611//797 672//797
f 671//798 668//798 612//798
f 673//799 674//799 670//799
f 673//800 670//800 669//800
f 675//801 672//801 676//801
f 675//802 671//802 672//802
f 677//803 674//803 673//803
f 677//804 678//804 674//804
f 679//805 676//805 680//805
f 679//806 675//806 676//806
f 681//807 682//807 678//807
f 681//808 678//808 677//808
f 683//809 680//809 684//809
f 683//810 679//810 680//810
f 685//811 682//811 681//811
f 685//812 686//812 682//812
f 687//813 683//813 684//813
f 687//814 684//814 688//814
f 689//815 690//815 686//815
f 689//816 686//816 685//816
f 691//817 687//817 688//817
f 691//818 688//818 692//818
f 693//819 694//819 690//819
f 693//820 690//820 689//820
f 695//821 692//821 696//821
f 695//822 691//822 692//822
f 697//823 698//823 694//823
f 697//824 694//824 693//824
f 699//825 696//825 700//825
f 699//826 695//826 696//826
f 701//827 702//827 698//827
f 701//828 698//828 697//828
f 703//829 700//829 704//829
f 703//830 699//830 700//830
f 705//831 706//831 702//831
f 705//832 702//832 701//832
f 707//833 704//833 708//833
f 707//834 703//834 704//834
f 709//835 710//835 706//835
f 709//836 706//836 705//836
f 711//837 708//837 712//837
f 711//838 707//838 708//838
f 713//839 714//839 710//839
f 713//840 710//840 709//840
f 715//841 712//841 716//841
f 715//842 711//842 712//842
f 717//843 718//843 714//843
f 717//844 714//844 713//844
f 719//845 716//845 720//845
f 719//846 715//846 716//846
f 721//847 722//847 718//847
f 721//848 718//848 717//848
f 723//849 720//849 724//849
f 723//850 719//850 720//850
f 725//851 726//851 722//851
f 725//852 722//852 721//852
f 727//853 723//853 724//853
f 727//854 724//854 728//854
f 729//855 730//855 726//855
f 729//856 726//856 725//856
f 731//857 728//857 732//857
f 731//858 727//858 728//858
f 733//859 734//859 730//859
f 733//860 730//860 729//860
f 735//861 732//861 736//861
f 735//862 731//862 732//862
f 737//863 738//863 734//863
f 737//864 734//864 733//864
f 739//865 736//865 740//865
f 739//866 735//866 736//866
f 741//867 738//867 737//867
f 741//868 742//868 738//868
f 743//869 740//869 744//869
f 743//870 739//870 740//870
f 745//871 746//871 742//871
f 745//872 742//872 741//872
f 747//873 744//873 748//873
f 747//874 743//874 744//874
f 749//875 750//875 746//875
f 749//876 746//876 745//876
f 751//877 748//877 752//877
f 751//878 747//878 748//878
f 753//879 754//879 750//879
f 753//880 750//880 749//880
f 755//881 751//881 752//881
f 755//882 752//882 756//882
f 757//883 754//883 753//883
f 757//884 758//884 754//884
f 759//885 756//885 760//885
f 759//886 755//886 756//886
f 761//887 758//887 757//887
f 761//888 762//888 758//888
f 763//889 760//889 764//889
f 763//890 759//890 760//890
f 765//891 766//891 762//891
f 765//892 762//892 761//892
f 767//893 764//893 768//893
f 767//894 763//894 764//894
f 769//895 766//895 765//895
f 769//896 770//896 766//896
f 771//897 768//897 772//897
f 771//898 767//898 768//898
f 773//899 774//899 770//899
f 773//900 770//900 769//900
f 775//901 772//901 776//901
f 775//902 771//902 772//902
f 777//903 774//903 773//903
f 778//904 776//904 779//904
f 778//905 775//905 776//905
f 780//906 779//906 781//906
f 780//907 778//907 779//907
f 782//908 781//908 783//908
f 782//909 780//909 781//909
f 784//910 783//910 785//910
f 784//911 782//911 783//911
f 786//912 785//912 787//912
f 786//913 784//913 785//913
f 788//914 787//914 789//914
f 788//915 786//915 787//915
f 790//916 788//916 789//916
f 790//917 789//917 791//917
f 792//918 790//918 791//918
f 792//919 791//919 793//919
f 794//920 792//920 793//920
f 794//921 793//921 795//921
f 796//922 794//922 795//922
f 796//923 795//923 797//923
f 798//924 796//924 797//924
f 798//925 797//925 799//925
f 800//926 798//926 799//926
f 800//927 799//927 801//927
f 802//928 800//928 801//928
f 802//929 801//929 803//929
f 804//930 803//930 805//930
f 804//931 802//931 803//931
f 806//932 805//932 807//932
f 806//933 804//933 805//933
f 808//934 806//934 807//934
f 808//935 807//935 809//935
f 810//936 808//936 809//936
f 160//937 811//937 812//937
f 158//938 811//938 160//938
f 158//939 813//939 811//939
f 162//940 160//940 812//940
f 162//941 812//941 814//941
f 156//942 815//942 813//942
f 156//943 813//943 158//943
f 164//944 814//944 816//944
f 164//945 162//945 814//945
f 154//946 512//946 815//946
f 154//947 815//947 156//947
f 166//948 816//948 817//948
f 166//949 164//949 816//949
f 152//950 380//950 512//950
f 152//951 512//951 154//951
f 168//952 817//952 818//952
f 168//953 166//953 817//953
f 150//954 380//954 152//954
f 170//955 818//955 819//955
f 170//956 168//956 818//956
f 148//957 380//957 150//957
f 172//958 170//958 819//958
f 172//959 819//959 820//959
f 174//960 820//960 821//960
f 174//961 172//961 820//961
f 176//962 821//962 822//962
f 176//963 174//963 821//963
f 178//964 822//964 823//964
f 178//965 176//965 822//965
f 180//966 823//966 824//966
f 180//967 178//967 823//967
f 182//968 180//968 824//968
f 182//969 824//969 825//969
f 184//970 182//970 825//970
f 184//971 825//971 826//971
f 186//972 826//972 827//972
f 186//973 184//973 826//973
f 188//974 827//974 828//974
f 188//975 186//975 827//975
f 190//976 828//976 829//976
f 190//977 188//977 828//977
f 192//978 190//978 829//978
f 192//979 829//979 830//979
f 194//980 192//980 830//980
f 194//981 830//981 831//981
f 196//982 194//982 831//982
f 196//983 831//983 832//983
f 198//984 832//984 833//984
f 198//985 196//985 832//985
f 200//986 198//986 833//986
f 200//987 833//987 834//987
f 202//988 200//988 834//988
f 202//989 834//989 835//989
f 204//990 202//990 835//990
f 204//991 835//991 836//991
f 206//992 204//992 836//992
f 206//993 836//993 837//993
f 208//994 206//994 837//994
f 208//995 837//995 838//995
f 209//996 208//996 838//996
f 209//997 838//997 839//997
f 212//998 209//998 839//998
f 212//999 839//999 840//999
f 214//1000 840//1000 774//1000
f 214//1001 212//1001 840//1001
f 215//1002 774//1002 777//1002
f 215//1003 214//1003 774//1003
f 841//1004 146//1004 144//1004
f 841//1005 148//1005 146//1005
f 841//1006 92//1006 90//1006
f 841//1007 94//1007 92//1007
f 841//1008 96//1008 94//1008
f 841//1009 98//1009 96//1009
f 841//1010 100//1010 98//1010
f 841//1011 102//1011 100//1011
f 841//1012 104//1012 102//1012
f 841//1013 106//1013 104//1013
f 841//1014 108//1014 106//1014
f 841//1015 110//1015 108//1015
f 841//1016 380//1016 148//1016
f 841//1017 112//1017 110//1017
f 841//1018 114//1018 112//1018
f 841//1019 115//1019 114//1019
f 841//1020 118//1020 115//1020
f 841//1021 120//1021 118//1021
f 841//1022 122//1022 120//1022
f 841//1023 124//1023 122//1023
f 841//1024 126//1024 124//1024
f 841//1025 128//1025 126//1025
f 841//1026 130//1026 128//1026
f 841//1027 132//1027 130//1027
f 841//1028 134//1028 132//1028
f 841//1029 136//1029 134//1029
f 841//1030 138//1030 136//1030
f 841//1031 140//1031 138//1031
f 841//1032 142//1032 140//1032
f 841//1033 144//1033 142//1033
f 88//1034 841//1034 90//1034
f 86//1035 841//1035 88//1035
f 84//1036 841//1036 86//1036
f 82//1037 841//1037 84//1037
f 80//1038 841//1038 82//1038
f 78//1039 841//1039 80//1039
f 76//1040 841//1040 78//1040
f 74//1041 841//1041 76//1041
f 72//1042 841//1042 74//1042
f 70//1043 841//1043 72//1043
f 68//1044 841//1044 70//1044
f 66//1045 841//1045 68//1045
f 64//1046 841//1046 66//1046
f 62//1047 841//1047 64//1047
f 60//1048 841//1048 62//1048
f 58//1049 841//1049 60//1049
f 56//1050 841//1050 58//1050
f 53//1051 841//1051 56//1051
f 52//1052 841//1052 53//1052
f 49//1053 841//1053 52//1053
f 48//1054 841//1054 49//1054
f 46//1055 841//1055 48//1055
f 43//1056 841//1056 46//1056
f 842//1057 224//1057 222//1057
f 843//1058 224//1058 842//1058
f 843//1059 226//1059 224//1059
f 844//1060 842//1060 222//1060
f 844//1061 222//1061 220//1061
f 845//1062 226//1062 843//1062
f 845//1063 228//1063 226//1063
f 846//1064 844//1064 220//1064
f 846//1065 220//1065 218//1065
f 847//1066 228//1066 845//1066
f 847//1067 230//1067 228//1067
f 848//1068 846//1068 218//1068
f 848//1069 218//1069 215//1069
f 848//1070 215//1070 777//1070
f 849//1071 230//1071 847//1071
f 849//1072 232//1072 230//1072
f 850//1073 848//1073 777//1073
f 850//1074 777//1074 851//1074
f 852//1075 232//1075 849//1075
f 852//1076 233//1076 232//1076
f 853//1077 850//1077 851//1077
f 853//1078 851//1078 854//1078
f 855//1079 236//1079 233//1079
f 855//1080 233//1080 852//1080
f 856//1081 853//1081 854//1081
f 856//1082 854//1082 857//1082
f 858//1083 236//1083 855//1083
f 858//1084 237//1084 236//1084
f 859//1085 856//1085 857//1085
f 859//1086 857//1086 860//1086
f 861//1087 237//1087 858//1087
f 861//1088 240//1088 237//1088
f 862//1089 859//1089 860//1089
f 862//1090 860//1090 863//1090
f 864//1091 242//1091 240//1091
f 864//1092 240//1092 861//1092
f 865//1093 863//1093 866//1093
f 865//1094 862//1094 863//1094
f 867//1095 242//1095 864//1095
f 867//1096 244//1096 242//1096
f 868//1097 865//1097 866//1097
f 868//1098 866//1098 869//1098
f 870//1099 244//1099 867//1099
f 870//1100 246//1100 244//1100
f 871//1101 868//1101 869//1101
f 871//1102 869//1102 872//1102
f 873//1103 246//1103 870//1103
f 873//1104 247//1104 246//1104
f 874//1105 871//1105 872//1105
f 874//1106 872//1106 875//1106
f 876//1107 247//1107 873//1107
f 876//1108 249//1108 247//1108
f 877//1109 875//1109 878//1109
f 877//1110 874//1110 875//1110
f 879//1111 249//1111 876//1111
f 879//1112 252//1112 249//1112
f 880//1113 878//1113 881//1113
f 880//1114 877//1114 878//1114
f 882//1115 252//1115 879//1115
f 882//1116 3//1116 252//1116
f 883//1117 881//1117 884//1117
f 883//1118 880//1118 881//1118
f 885//1119 4//1119 3//1119
f 885//1120 3//1120 882//1120
f 886//1121 884//1121 887//1121
f 886//1122 883//1122 884//1122
f 888//1123 6//1123 4//1123
f 888//1124 4//1124 885//1124
f 889//1125 887//1125 890//1125
f 889//1126 886//1126 887//1126
f 891//1127 8//1127 6//1127
f 891//1128 6//1128 888//1128
f 892//1129 889//1129 890//1129
f 892//1130 890//1130 893//1130
f 894//1131 10//1131 8//1131
f 894//1132 8//1132 891//1132
f 895//1133 893//1133 896//1133
f 895//1134 892//1134 893//1134
f 897//1135 12//1135 10//1135
f 897//1136 10//1136 894//1136
f 898//1137 895//1137 896//1137
f 898//1138 896//1138 899//1138
f 900//1139 13//1139 12//1139
f 900//1140 12//1140 897//1140
f 901//1141 899//1141 902//1141
f 901//1142 898//1142 899//1142
f 903//1143 16//1143 13//1143
f 903//1144 13//1144 900//1144
f 904//1145 902//1145 905//1145
f 904//1146 901//1146 902//1146
f 906//1147 18//1147 16//1147
f 906//1148 16//1148 903//1148
f 907//1149 905//1149 908//1149
f 907//1150 904//1150 905//1150
f 909//1151 19//1151 18//1151
f 909//1152 18//1152 906//1152
f 910//1153 908//1153 911//1153
f 910//1154 907//1154 908//1154
f 912//1155 22//1155 19//1155
f 912//1156 19//1156 909//1156
f 913//1157 911//1157 914//1157
f 913//1158 910//1158 911//1158
f 915//1159 22//1159 912//1159
f 915//1160 24//1160 22//1160
f 916//1161 914//1161 917//1161
f 916//1162 913//1162 914//1162
f 918//1163 25//1163 24//1163
f 918//1164 24//1164 915//1164
f 919//1165 917//1165 920//1165
f 919//1166 916//1166 917//1166
f 921//1167 25//1167 918//1167
f 921//1168 27//1168 25//1168
f 922//1169 920//1169 923//1169
f 922//1170 919//1170 920//1170
f 924//1171 27//1171 921//1171
f 924//1172 30//1172 27//1172
f 925//1173 922//1173 923//1173
f 925//1174 923//1174 926//1174
f 927//1175 30//1175 924//1175
f 927//1176 31//1176 30//1176
f 928//1177 926//1177 929//1177
f 928//1178 925//1178 926//1178
f 930//1179 34//1179 31//1179
f 930//1180 31//1180 927//1180
f 931//1181 34//1181 930//1181
f 931//1182 36//1182 34//1182
f 932//1183 38//1183 36//1183
f 932//1184 36//1184 931//1184
f 933//1185 39//1185 38//1185
f 933//1186 38//1186 932//1186
f 934//1187 39//1187 933//1187
f 934//1188 42//1188 39//1188
f 935//1189 43//1189 42//1189
f 935//1190 42//1190 934//1190
f 936//1191 43//1191 935//1191
f 936//1192 841//1192 43//1192
f 937//1193 841//1193 936//1193
f 938//1194 841//1194 937//1194
f 939//1195 841//1195 938//1195
f 940//1196 841//1196 939//1196
f 941//1197 928//1197 929//1197
f 941//1198 810//1198 809//1198
f 941//1199 942//1199 810//1199
f 941//1200 943//1200 942//1200
f 941//1201 944//1201 943//1201
f 941//1202 945//1202 944//1202
f 941//1203 946//1203 945//1203
f 941//1204 947//1204 946//1204
f 941//1205 948//1205 947//1205
f 941//1206 949//1206 948//1206
f 941//1207 950//1207 949//1207
f 941//1208 951//1208 950//1208
f 941//1209 952//1209 951//1209
f 941//1210 953//1210 952//1210
f 941//1211 954//1211 953//1211
f 941//1212 955//1212 954//1212
f 941//1213 929//1213 955//1213
f 941//1214 956//1214 957//1214
f 941//1215 958//1215 956//1215
f 941//1216 959//1216 958//1216
f 941//1217 960//1217 959//1217
f 941//1218 961//1218 960//1218
f 941//1219 962//1219 961//1219
f 941//1220 963//1220 962//1220
f 941//1221 964//1221 963//1221
f 941//1222 965//1222 928//1222
f 941//1223 966//1223 964//1223
f 941//1224 967//1224 965//1224
f 941//1225 968//1225 966//1225
f 941//1226 969//1226 967//1226
f 941//1227 970//1227 968//1227
f 941//1228 971//1228 969//1228
f 941//1229 972//1229 970//1229
f 941//1230 973//1230 971//1230
f 941//1231 974//1231 972//1231
f 941//1232 975//1232 973//1232
f 941//1233 976//1233 974//1233
f 941//1234 977//1234 975//1234
f 941//1235 978//1235 976//1235
f 941//1236 979//1236 977//1236
f 941//1237 980//1237 978//1237
f 941//1238 981//1238 979//1238
f 941//1239 982//1239 980//1239
f 941//1240 983//1240 981//1240
f 941//1241 984//1241 982//1241
f 941//1242 985//1242 983//1242
f 941//1243 986//1243 984//1243
f 941//1244 987//1244 985//1244
f 941//1245 988//1245 986//1245
f 941//1246 989//1246 987//1246
f 941//1247 990//1247 988//1247
f 941//1248 991//1248 989//1248
f 941//1249 992//1249 990//1249
f 941//1250 993//1250 991//1250
f 941//1251 994//1251 992//1251
f 941//1252 995//1252 993//1252
f 941//1253 996//1253 994//1253
f 941//1254 957//1254 995//1254
f 941//1255 997//1255 996//1255
f 941//1256 998//1256 997//1256
f 941//1257 999//1257 998//1257
f 941//1258 1000//1258 999//1258
f 941//1259 1001//1259 1000//1259
f 941//1260 1002//1260 1001//1260
f 941//1261 1003//1261 1002//1261
f 941//1262 1004//1262 1003//1262
f 941//1263 642//1263 526//1263
f 941//1264 1005//1264 642//1264
f 941//1265 1006//1265 1005//1265
f 941//1266 1007//1266 1006//1266
f 941//1267 809//1267 1007//1267
f 941//1268 841//1268 1004//1268
f 1004//1269 841//1269 1008//1269
f 1008//1270 841//1270 1009//1270
f 1009//1271 841//1271 1010//1271
f 1010//1272 841//1272 1011//1272
f 1011//1273 841//1273 1012//1273
f 1012//1274 841//1274 940//1274
f 1013//1275 348//1275 349//1275
f 1013//1276 1014//1276 348//1276
f 1015//1277 349//1277 351//1277
f 1015//1278 1013//1278 349//1278
f 1016//1279 351//1279 354//1279
f 1016//1280 1015//1280 351//1280
f 1017//1281 354//1281 355//1281
f 1017//1282 355//1282 357//1282
f 1017//1283 1016//1283 354//1283
f 1018//1284 1017//1284 357//1284
f 1019//1285 357//1285 358//1285
f 1019//1286 1018//1286 357//1286
f 1020//1287 358//1287 361//1287
f 1020//1288 1019//1288 358//1288
f 1021//1289 361//1289 364//1289
f 1021//1290 1020//1290 361//1290
f 1022//1291 364//1291 365//1291
f 1022//1292 1021//1292 364//1292
f 1023//1293 365//1293 367//1293
f 1023//1294 1022//1294 365//1294
f 1024//1295 1023//1295 367//1295
f 1024//1296 367//1296 368//1296
f 1025//1297 1024//1297 368//1297
f 1025//1298 368//1298 371//1298
f 1026//1299 1025//1299 371//1299
f 1026//1300 371//1300 373//1300
f 1027//1301 373//1301 376//1301
f 1027//1302 1026//1302 373//1302
f 1028//1303 376//1303 377//1303
f 1028//1304 1027//1304 376//1304
f 1029//1305 377//1305 378//1305
f 1029//1306 378//1306 375//1306
f 1029//1307 1028//1307 377//1307
f 1030//1308 1029//1308 375//1308
f 1031//1309 375//1309 374//1309
f 1031//1310 1030//1310 375//1310
f 1032//1311 374//1311 372//1311
f 1032//1312 372//1312 370//1312
f 1032//1313 1031//1313 374//1313
f 1033//1314 1032//1314 370//1314
f 1034//1315 370//1315 369//1315
f 1034//1316 1033//1316 370//1316
f 1035//1317 369//1317 366//1317
f 1035//1318 1034//1318 369//1318
f 1036//1319 366//1319 363//1319
f 1036//1320 1035//1320 366//1320
f 1037//1321 363//1321 362//1321
f 1037//1322 362//1322 360//1322
f 1037//1323 1036//1323 363//1323
f 1038//1324 1037//1324 360//1324
f 1039//1325 360//1325 359//1325
f 1039//1326 359//1326 356//1326
f 1039//1327 1038//1327 360//1327
f 1040//1328 1039//1328 356//1328
f 1041//1329 356//1329 353//1329
f 1041//1330 1040//1330 356//1330
f 1042//1331 353//1331 352//1331
f 1042//1332 1041//1332 353//1332
f 1043//1333 352//1333 350//1333
f 1043//1334 1042//1334 352//1334
f 1044//1335 350//1335 347//1335
f 1044//1336 1043//1336 350//1336
f 1045//1337 347//1337 346//1337
f 1045//1338 1044//1338 347//1338
f 1046//1339 346//1339 345//1339
f 1046//1340 1045//1340 346//1340
f 1047//1341 345//1341 342//1341
f 1047//1342 342//1342 340//1342
f 1047//1343 1046//1343 345//1343
f 1048//1344 1047//1344 340//1344
f 1049//1345 1048//1345 340//1345
f 1049//1346 340//1346 338//1346
f 1050//1347 338//1347 336//1347
f 1050//1348 1049//1348 338//1348
f 1051//1349 1050//1349 336//1349
f 1051//1350 336//1350 334//1350
f 1051//1351 334//1351 332//1351
f 1052//1352 1051//1352 332//1352
f 1053//1353 1052//1353 332//1353
f 1053//1354 332//1354 330//1354
f 1053//1355 330//1355 328//1355
f 1054//1356 1053//1356 328//1356
f 1055//1357 1054//1357 328//1357
f 1055//1358 328//1358 326//1358
f 1056//1359 1055//1359 326//1359
f 1056//1360 326//1360 324//1360
f 1057//1361 1056//1361 324//1361
f 1057//1362 324//1362 322//1362
f 1058//1363 1057//1363 322//1363
f 1058//1364 322//1364 320//1364
f 1059//1365 1058//1365 320//1365
f 1059//1366 320//1366 318//1366
f 1059//1367 318//1367 316//1367
f 1060//1368 1059//1368 316//1368
f 1061//1369 1060//1369 316//1369
f 1061//1370 316//1370 314//1370
f 1062//1371 314//1371 312//1371
f 1062//1372 1061//1372 314//1372
f 1063//1373 312//1373 310//1373
f 1063//1374 1062//1374 312//1374
f 1064//1375 310//1375 308//1375
f 1064//1376 1063//1376 310//1376
f 1065//1377 308//1377 306//1377
f 1065//1378 1064//1378 308//1378
f 1066//1379 306//1379 304//1379
f 1066//1380 1065//1380 306//1380
f 1067//1381 304//1381 302//1381
f 1067//1382 1066//1382 304//1382
f 1068//1383 302//1383 300//1383
f 1068//1384 1067//1384 302//1384
f 1069//1385 300//1385 298//1385
f 1069//1386 1068//1386 300//1386
f 1070//1387 298//1387 296//1387
f 1070//1388 296//1388 294//1388
f 1070//1389 1069//1389 298//1389
f 1071//1390 1070//1390 294//1390
f 1071//1391 294//1391 292//1391
f 1072//1392 1071//1392 292//1392
f 1073//1393 292//1393 290//1393
f 1073//1394 1072//1394 292//1394
f 1074//1395 290//1395 288//1395
f 1074//1396 1073//1396 290//1396
f 1075//1397 1074//1397 288//1397
f 1075//1398 288//1398 286//1398
f 1076//1399 1075//1399 286//1399
f 1076//1400 286//1400 284//1400
f 1077//1401 1076//1401 284//1401
f 1077//1402 284//1402 282//1402
f 1078//1403 1077//1403 282//1403
f 1078//1404 282//1404 280//1404
f 1078//1405 280//1405 278//1405
f 1079//1406 1078//1406 278//1406
f 1080//1407 1079//1407 278//1407
f 1080//1408 278//1408 276//1408
f 1080//1409 276//1409 274//1409
f 1081//1410 1080//1410 274//1410
f 1081//1411 274//1411 272//1411
f 1082//1412 1081//1412 272//1412
f 1082//1413 272//1413 270//1413
f 1083//1414 1082//1414 270//1414
f 1084//1415 1083//1415 270//1415
f 1084//1416 270//1416 268//1416
f 1084//1417 268//1417 266//1417
f 1085//1418 1084//1418 266//1418
f 1086//1419 1085//1419 266//1419
f 1086//1420 266//1420 264//1420
f 1086//1421 264//1421 262//1421
f 1087//1422 1086//1422 262//1422
f 1088//1423 1087//1423 262//1423
f 1088//1424 262//1424 260//1424
f 1089//1425 1088//1425 260//1425
f 1089//1426 260//1426 258//1426
f 1089//1427 258//1427 256//1427
f 1090//1428 1089//1428 256//1428
f 1090//1429 256//1429 254//1429
f 1091//1430 1090//1430 254//1430
f 1092//1431 1091//1431 254//1431
f 1092//1432 254//1432 253//1432
f 1093//1433 1092//1433 253//1433
f 1093//1434 253//1434 255//1434
f 1094//1435 1093//1435 255//1435
f 1094//1436 255//1436 257//1436
f 1094//1437 257//1437 259//1437
f 1095//1438 1094//1438 259//1438
f 1096//1439 259//1439 261//1439
f 1096//1440 261//1440 263//1440
f 1096//1441 1095//1441 259//1441
f 1097//1442 1096//1442 263//1442
f 1098//1443 263//1443 265//1443
f 1098//1444 1097//1444 263//1444
f 1099//1445 265//1445 267//1445
f 1099//1446 267//1446 269//1446
f 1099//1447 1098//1447 265//1447
f 1100//1448 1099//1448 269//1448
f 1101//1449 1100//1449 269//1449
f 1101//1450 269//1450 271//1450
f 1101//1451 271//1451 273//1451
f 1102//1452 1101//1452 273//1452
f 1103//1453 1102//1453 273//1453
f 1103//1454 273//1454 275//1454
f 1104//1455 1103//1455 275//1455
f 1104//1456 275//1456 277//1456
f 1105//1457 1104//1457 277//1457
f 1105//1458 277//1458 279//1458
f 1105//1459 279//1459 281//1459
f 1106//1460 1105//1460 281//1460
f 1107//1461 1106//1461 281//1461
f 1107//1462 281//1462 283//1462
f 1107//1463 283//1463 285//1463
f 1108//1464 1107//1464 285//1464
f 1108//1465 285//1465 287//1465
f 1109//1466 1108//1466 287//1466
f 1109//1467 287//1467 289//1467
f 1110//1468 1109//1468 289//1468
f 1110//1469 289//1469 291//1469
f 1111//1470 1110//1470 291//1470
f 1111//1471 291//1471 293//1471
f 1112//1472 1111//1472 293//1472
f 1112//1473 293//1473 295//1473
f 1113//1474 1112//1474 295//1474
f 1114//1475 295//1475 297//1475
f 1114//1476 297//1476 299//1476
f 1114//1477 1113//1477 295//1477
f 1115//1478 299//1478 301//1478
f 1115//1479 1114//1479 299//1479
f 1116//1480 301//1480 303//1480
f 1116//1481 1115//1481 301//1481
f 1117//1482 303//1482 305//1482
f 1117//1483 1116//1483 303//1483
f 1118//1484 1117//1484 305//1484
f 1119//1485 305//1485 307//1485
f 1119//1486 307//1486 309//1486
f 1119//1487 1118//1487 305//1487
f 1120//1488 309//1488 311//1488
f 1120//1489 1119//1489 309//1489
f 1121//1490 1120//1490 311//1490
f 1122//1491 311//1491 313//1491
f 1122//1492 1121//1492 311//1492
f 1123//1493 313//1493 315//1493
f 1123//1494 315//1494 317//1494
f 1123//1495 1122//1495 313//1495
f 1124//1496 1123//1496 317//1496
f 1125//1497 1124//1497 317//1497
f 1125//1498 317//1498 319//1498
f 1125//1499 319//1499 321//1499
f 1126//1500 1125//1500 321//1500
f 1127//1501 1126//1501 321//1501
f 1127//1502 321//1502 323//1502
f 1128//1503 323//1503 325//1503
f 1128//1504 325//1504 327//1504
f 1128//1505 1127//1505 323//1505
f 1129//1506 1128//1506 327//1506
f 1130//1507 327//1507 329//1507
f 1130//1508 329//1508 331//1508
f 1130//1509 1129//1509 327//1509
f 1131//1510 1130//1510 331//1510
f 1132//1511 331//1511 333//1511
f 1132//1512 1131//1512 331//1512
f 1133//1513 333//1513 335//1513
f 1133//1514 1132//1514 333//1514
f 1134//1515 335//1515 337//1515
f 1134//1516 337//1516 339//1516
f 1134//1517 1133//1517 335//1517
f 1135//1518 1134//1518 339//1518
f 1136//1519 339//1519 341//1519
f 1136//1520 1135//1520 339//1520
f 1137//1521 341//1521 343//1521
f 1137//1522 343//1522 344//1522
f 1137//1523 1136//1523 341//1523
f 1138//1524 1137//1524 344//1524
f 1014//1525 344//1525 348//1525
f 1014//1526 1138//1526 344//1526
f 1139//1527 1140//1527 841//1527
f 1141//1528 841//1528 1140//1528
f 1142//1529 1139//1529 841//1529
f 1143//1530 841//1530 1141//1530
f 1144//1531 1142//1531 841//1531
f 1145//1532 841//1532 1143//1532
f 1146//1533 1144//1533 841//1533
f 1147//1534 841//1534 1145//1534
f 1148//1535 1146//1535 841//1535
f 1149//1536 841//1536 1147//1536
f 1150//1537 1148//1537 841//1537
f 1151//1538 841//1538 1149//1538
f 1152//1539 1150//1539 841//1539
f 1153//1540 841//1540 1151//1540
f 1154//1541 1152//1541 841//1541
f 1155//1542 841//1542 1153//1542
f 1156//1543 1154//1543 841//1543
f 1157//1544 841//1544 1155//1544
f 1158//1545 1156//1545 841//1545
f 1159//1546 841//1546 1157//1546
f 1160//1547 1158//1547 841//1547
f 1161//1548 841//1548 1159//1548
f 1162//1549 1160//1549 841//1549
f 1163//1550 1162//1550 841//1550
f 1164//1551 1163//1551 841//1551
f 1165//1552 841//1552 1166//1552
f 1165//1553 1164//1553 841//1553
f 1167//1554 1165//1554 1166//1554
f 1168//1555 1167//1555 1166//1555
f 1169//1556 1168//1556 1166//1556
f 1170//1557 1169//1557 1166//1557
f 1171//1558 1170//1558 1166//1558
f 1172//1559 1171//1559 1166//1559
f 1173//1560 1172//1560 1166//1560
f 1174//1561 1173//1561 1166//1561
f 1175//1562 1174//1562 1166//1562
f 1176//1563 1175//1563 1166//1563
f 1177//1564 1176//1564 1166//1564
f 1178//1565 1177//1565 1166//1565
f 1179//1566 1178//1566 1166//1566
f 1180//1567 1179//1567 1166//1567
f 1181//1568 1180//1568 1166//1568
f 1182//1569 1181//1569 1166//1569
f 1183//1570 1182//1570 1166//1570
f 1184//1571 1183//1571 1166//1571
f 1185//1572 1184//1572 1166//1572
f 1186//1573 1185//1573 1166//1573
f 1187//1574 1186//1574 1166//1574
f 1188//1575 1187//1575 1166//1575
f 1189//1576 1188//1576 1166//1576
f 1190//1577 1189//1577 1166//1577
f 1191//1578 1190//1578 1166//1578
f 1192//1579 1191//1579 1166//1579
f 1193//1580 1192//1580 1166//1580
f 380//1581 1194//1581 1195//1581
f 380//1582 1195//1582 1196//1582
f 380//1583 1196//1583 1197//1583
f 380//1584 1197//1584 1198//1584
f 380//1585 1198//1585 1199//1585
f 380//1586 1199//1586 1200//1586
f 380//1587 1200//1587 1201//1587
f 380//1588 1201//1588 1202//1588
f 380//1589 1202//1589 1203//1589
f 380//1590 1203//1590 1204//1590
f 380//1591 1204//1591 1205//1591
f 380//1592 1205//1592 1206//1592
f 380//1593 1206//1593 1207//1593
f 380//1594 1207//1594 1208//1594
f 380//1595 1208//1595 1209//1595
f 380//1596 1209//1596 1210//1596
f 380//1597 1210//1597 1211//1597
f 380//1598 1211//1598 1212//1598
f 380//1599 1212//1599 1213//1599
f 380//1600 1213//1600 1214//1600
f 380//1601 1214//1601 1215//1601
f 380//1602 1215//1602 1216//1602
f 380//1603 1216//1603 1217//1603
f 380//1604 1217//1604 1218//1604
f 380//1605 1218//1605 1219//1605
f 380//1606 1219//1606 1220//1606
f 380//1607 1220//1607 1221//1607
f 380//1608 1221//1608 1222//1608
f 1223//1609 1222//1609 1224//1609
f 1223//1610 1224//1610 1225//1610
f 1223//1611 380//1611 1222//1611
f 1223//1612 1225//1612 1226//1612
f 1223//1613 1226//1613 1227//1613
f 1223//1614 1227//1614 1228//1614
f 1223//1615 1228//1615 1229//1615
f 1223//1616 1229//1616 1230//1616
f 1223//1617 1230//1617 1231//1617
f 1223//1618 1231//1618 1232//1618
f 1223//1619 1232//1619 1233//1619
f 1223//1620 1233//1620 1234//1620
f 1223//1621 1234//1621 1235//1621
f 1223//1622 1235//1622 1236//1622
f 1223//1623 1236//1623 1237//1623
f 1223//1624 1237//1624 1238//1624
f 1223//1625 1238//1625 1239//1625
f 1223//1626 1239//1626 1240//1626
f 1223//1627 1240//1627 1241//1627
f 1223//1628 1241//1628 1242//1628
f 1223//1629 1242//1629 1243//1629
f 1223//1630 1243//1630 1244//1630
f 1223//1631 1244//1631 1245//1631
f 1223//1632 1245//1632 1246//1632
f 1223//1633 1246//1633 1247//1633
f 1223//1634 1247//1634 1248//1634
f 1223//1635 1248//1635 1249//1635
f 1223//1636 1249//1636 1250//1636
f 1223//1637 1250//1637 1251//1637
f 1223//1638 1251//1638 1252//1638
f 1166//1639 1223//1639 1253//1639
f 1253//1640 1223//1640 1254//1640
f 1254//1641 1223//1641 1255//1641
f 1255//1642 1223//1642 1252//1642
f 1166//1643 1253//1643 1256//1643
f 1166//1644 1256//1644 1257//1644
f 1166//1645 1257//1645 1258//1645
f 1166//1646 1258//1646 1259//1646
f 1166//1647 1259//1647 1260//1647
f 1166//1648 1260//1648 1193//1648
f 380//1649 841//1649 1261//1649
f 1261//1650 841//1650 1262//1650
f 1262//1651 841//1651 1263//1651
f 1263//1652 841//1652 1264//1652
f 1264//1653 841//1653 1161//1653
f 380//1654 1261//1654 1265//1654
f 380//1655 1265//1655 1266//1655
f 380//1656 1266//1656 1194//1656
f 1267//1657 380//1657 1223//1657
f 1268//1658 1267//1658 1223//1658
f 526//1659 380//1659 1267//1659
f 1269//1660 526//1660 1267//1660
f 1270//1661 1269//1661 1271//1661
f 1270//1662 526//1662 1269//1662
f 1272//1663 1273//1663 1274//1663
f 941//1664 1272//1664 1274//1664
f 1275//1665 1272//1665 941//1665
f 1276//1666 1277//1666 1278//1666
f 1276//1667 1278//1667 1275//1667
f 1276//1668 1275//1668 941//1668
f 1279//1669 1276//1669 941//1669
f 1280//1670 1281//1670 1282//1670
f 1280//1671 1282//1671 1279//1671
f 1280//1672 1279//1672 941//1672
f 1283//1673 1280//1673 941//1673
f 1284//1674 1285//1674 1286//1674
f 1284//1675 1286//1675 1283//1675
f 1287//1676 1288//1676 1289//1676
f 1290//1677 1287//1677 1289//1677
f 1270//1678 1291//1678 1292//1678
f 526//1679 1292//1679 1290//1679
f 526//1680 1290//1680 1289//1680
f 526//1681 1270//1681 1292//1681
f 941//1682 526//1682 1289//1682
f 941//1683 1289//1683 1284//1683
f 941//1684 1284//1684 1283//1684
f 1293//1685 1166//1685 841//1685
f 1293//1686 1294//1686 1166//1686
f 1274//1687 1295//1687 1296//1687
f 941//1688 1274//1688 1296//1688
f 841//1689 941//1689 1296//1689
f 841//1690 1296//1690 1293//1690
f 1274//1691 1166//1691 1294//1691
f 1274//1692 1294//1692 1295//1692
f 663//1693 667//1693 1297//1693
f 1297//1694 667//1694 1298//1694
f 1298//1695 670//1695 1299//1695
f 667//1696 670//1696 1298//1696
f 1299//1697 674//1697 1300//1697
f 670//1698 674//1698 1299//1698
f 1300//1699 678//1699 1301//1699
f 674//1700 678//1700 1300//1700
f 1301//1701 682//1701 1302//1701
f 678//1702 682//1702 1301//1702
f 1302//1703 686//1703 1303//1703
f 1303//1704 686//1704 1304//1704
f 682//1705 686//1705 1302//1705
f 686//1706 690//1706 1304//1706
f 1304//1707 694//1707 1305//1707
f 690//1708 694//1708 1304//1708
f 1305//1709 698//1709 1306//1709
f 694//1710 698//1710 1305//1710
f 1306//1711 702//1711 1307//1711
f 698//1712 702//1712 1306//1712
f 702//1713 706//1713 1307//1713
f 1307//1714 706//1714 1308//1714
f 706//1715 710//1715 1308//1715
f 1308//1716 710//1716 1309//1716
f 710//1717 714//1717 1309//1717
f 1309//1718 714//1718 1310//1718
f 714//1719 718//1719 1310//1719
f 1310//1720 718//1720 1311//1720
f 1311//1721 722//1721 1312//1721
f 718//1722 722//1722 1311//1722
f 1312//1723 726//1723 1313//1723
f 722//1724 726//1724 1312//1724
f 1313//1725 730//1725 1314//1725
f 726//1726 730//1726 1313//1726
f 1314//1727 734//1727 1315//1727
f 730//1728 734//1728 1314//1728
f 1315//1729 738//1729 1316//1729
f 1316//1730 738//1730 1317//1730
f 734//1731 738//1731 1315//1731
f 1317//1732 742//1732 1318//1732
f 738//1733 742//1733 1317//1733
f 742//1734 746//1734 1318//1734
f 1318//1735 750//1735 1319//1735
f 746//1736 750//1736 1318//1736
f 1319//1737 754//1737 1320//1737
f 750//1738 754//1738 1319//1738
f 1320//1739 758//1739 1321//1739
f 754//1740 758//1740 1320//1740
f 1321//1741 762//1741 1322//1741
f 758//1742 762//1742 1321//1742
f 1322//1743 766//1743 1323//1743
f 762//1744 766//1744 1322//1744
f 1323//1745 770//1745 1324//1745
f 766//1746 770//1746 1323//1746
f 1324//1747 774//1747 1325//1747
f 770//1748 774//1748 1324//1748
f 1325//1749 840//1749 1326//1749
f 774//1750 840//1750 1325//1750
f 1326//1751 839//1751 1327//1751
f 840//1752 839//1752 1326//1752
f 1327//1753 838//1753 1328//1753
f 839//1754 838//1754 1327//1754
f 1328//1755 837//1755 1329//1755
f 1329//1756 837//1756 1330//1756
f 838//1757 837//1757 1328//1757
f 837//1758 836//1758 1330//1758
f 1330//1759 835//1759 1331//1759
f 836//1760 835//1760 1330//1760
f 1331//1761 834//1761 1332//1761
f 835//1762 834//1762 1331//1762
f 1332//1763 833//1763 1333//1763
f 834//1764 833//1764 1332//1764
f 1333//1765 832//1765 1334//1765
f 833//1766 832//1766 1333//1766
f 832//1767 831//1767 1334//1767
f 1334//1768 831//1768 1335//1768
f 831//1769 830//1769 1335//1769
f 1335//1770 830//1770 1336//1770
f 830//1771 829//1771 1336//1771
f 1336//1772 829//1772 1337//1772
f 829//1773 828//1773 1337//1773
f 1337//1774 828//1774 1338//1774
f 1338//1775 828//1775 1339//1775
f 828//1776 827//1776 1339//1776
f 827//1777 826//1777 1339//1777
f 1339//1778 826//1778 1340//1778
f 826//1779 825//1779 1340//1779
f 1340//1780 825//1780 1341//1780
f 825//1781 824//1781 1341//1781
f 1341//1782 824//1782 1342//1782
f 824//1783 823//1783 1342//1783
f 1342//1784 823//1784 1343//1784
f 823//1785 822//1785 1343//1785
f 1343//1786 822//1786 1344//1786
f 1344//1787 821//1787 1345//1787
f 822//1788 821//1788 1344//1788
f 1345//1789 820//1789 1346//1789
f 821//1790 820//1790 1345//1790
f 1346//1791 819//1791 1347//1791
f 820//1792 819//1792 1346//1792
f 1347//1793 818//1793 1348//1793
f 819//1794 818//1794 1347//1794
f 1348//1795 817//1795 1349//1795
f 818//1796 817//1796 1348//1796
f 1349//1797 816//1797 1350//1797
f 817//1798 816//1798 1349//1798
f 1350//1799 814//1799 1351//1799
f 816//1800 814//1800 1350//1800
f 1351//1801 812//1801 1352//1801
f 814//1802 812//1802 1351//1802
f 1352//1803 811//1803 1353//1803
f 812//1804 811//1804 1352//1804
f 1353//1805 813//1805 1354//1805
f 811//1806 813//1806 1353//1806
f 1354//1807 815//1807 1355//1807
f 813//1808 815//1808 1354//1808
f 1355//1809 512//1809 1356//1809
f 815//1810 512//1810 1355//1810
f 1356//1811 509//1811 1357//1811
f 512//1812 509//1812 1356//1812
f 1357//1813 506//1813 1358//1813
f 509//1814 506//1814 1357//1814
f 506//1815 502//1815 1358//1815
f 1358//1816 502//1816 1359//1816
f 502//1817 498//1817 1359//1817
f 1359//1818 498//1818 1360//1818
f 498//1819 494//1819 1360//1819
f 1360//1820 494//1820 1361//1820
f 494//1821 490//1821 1361//1821
f 1361//1822 490//1822 1362//1822
f 490//1823 486//1823 1362//1823
f 1362//1824 486//1824 1363//1824
f 486//1825 482//1825 1363//1825
f 1363//1826 482//1826 1364//1826
f 482//1827 478//1827 1364//1827
f 1364//1828 478//1828 1365//1828
f 478//1829 473//1829 1365//1829
f 1365//1830 473//1830 1366//1830
f 473//1831 469//1831 1366//1831
f 1366//1832 469//1832 1367//1832
f 469//1833 465//1833 1367//1833
f 1367//1834 465//1834 1368//1834
f 465//1835 461//1835 1368//1835
f 1368//1836 461//1836 1369//1836
f 461//1837 457//1837 1369//1837
f 1369//1838 457//1838 1370//1838
f 1370//1839 457//1839 1371//1839
f 457//1840 453//1840 1371//1840
f 453//1841 449//1841 1371//1841
f 1371//1842 449//1842 1372//1842
f 449//1843 445//1843 1372//1843
f 1372//1844 445//1844 1373//1844
f 445//1845 441//1845 1373//1845
f 1373//1846 441//1846 1374//1846
f 441//1847 437//1847 1374//1847
f 1374//1848 437//1848 1375//1848
f 437//1849 434//1849 1375//1849
f 1375//1850 434//1850 1376//1850
f 434//1851 439//1851 1376//1851
f 1376//1852 439//1852 1377//1852
f 439//1853 443//1853 1377//1853
f 1377//1854 443//1854 1378//1854
f 443//1855 447//1855 1378//1855
f 1378//1856 447//1856 1379//1856
f 1379//1857 451//1857 1380//1857
f 447//1858 451//1858 1379//1858
f 1380//1859 455//1859 1381//1859
f 451//1860 455//1860 1380//1860
f 1381//1861 459//1861 1382//1861
f 455//1862 459//1862 1381//1862
f 1382//1863 463//1863 1383//1863
f 459//1864 463//1864 1382//1864
f 1383//1865 467//1865 1384//1865
f 463//1866 467//1866 1383//1866
f 467//1867 471//1867 1384//1867
f 1384//1868 471//1868 1385//1868
f 471//1869 476//1869 1385//1869
f 1385//1870 476//1870 1386//1870
f 476//1871 480//1871 1386//1871
f 1386//1872 480//1872 1387//1872
f 480//1873 484//1873 1387//1873
f 1387//1874 484//1874 1388//1874
f 484//1875 488//1875 1388//1875
f 1388//1876 488//1876 1389//1876
f 488//1877 492//1877 1389//1877
f 1389//1878 492//1878 1390//1878
f 492//1879 496//1879 1390//1879
f 1390//1880 496//1880 1391//1880
f 496//1881 500//1881 1391//1881
f 1391//1882 500//1882 1392//1882
f 500//1883 504//1883 1392//1883
f 1392//1884 504//1884 1393//1884
f 504//1885 507//1885 1393//1885
f 1393//1886 507//1886 1394//1886
f 507//1887 510//1887 1394//1887
f 1394//1888 510//1888 1395//1888
f 510//1889 513//1889 1395//1889
f 1395//1890 513//1890 1396//1890
f 1396//1891 515//1891 1397//1891
f 513//1892 515//1892 1396//1892
f 1397//1893 517//1893 1398//1893
f 515//1894 517//1894 1397//1894
f 1398//1895 519//1895 1399//1895
f 517//1896 519//1896 1398//1896
f 1399//1897 521//1897 1400//1897
f 519//1898 521//1898 1399//1898
f 1400//1899 523//1899 1401//1899
f 521//1900 523//1900 1400//1900
f 1401//1901 525//1901 1402//1901
f 523//1902 525//1902 1401//1902
f 1402//1903 588//1903 1403//1903
f 525//1904 588//1904 1402//1904
f 1403//1905 591//1905 1404//1905
f 588//1906 591//1906 1403//1906
f 1404//1907 594//1907 1405//1907
f 591//1908 594//1908 1404//1908
f 1405//1909 597//1909 1406//1909
f 594//1910 597//1910 1405//1910
f 1406//1911 600//1911 1407//1911
f 597//1912 600//1912 1406//1912
f 1407//1913 603//1913 1408//1913
f 600//1914 603//1914 1407//1914
f 1408//1915 606//1915 1409//1915
f 603//1916 606//1916 1408//1916
f 606//1917 609//1917 1409//1917
f 1409//1918 609//1918 1410//1918
f 609//1919 612//1919 1410//1919
f 1410//1920 612//1920 1411//1920
f 612//1921 665//1921 1411//1921
f 1411//1922 665//1922 1412//1922
f 665//1923 661//1923 1412//1923
f 1412//1924 661//1924 1413//1924
f 1413//1925 657//1925 1414//1925
f 661//1926 657//1926 1413//1926
f 1414//1927 653//1927 1415//1927
f 657//1928 653//1928 1414//1928
f 1415//1929 649//1929 1416//1929
f 653//1930 649//1930 1415//1930
f 1416//1931 645//1931 1417//1931
f 649//1932 645//1932 1416//1932
f 1417//1933 644//1933 1418//1933
f 645//1934 644//1934 1417//1934
f 1418//1935 647//1935 1419//1935
f 644//1936 647//1936 1418//1936
f 1419//1937 651//1937 1420//1937
f 647//1938 651//1938 1419//1938
f 1420//1939 655//1939 1421//1939
f 651//1940 655//1940 1420//1940
f 1421//1941 659//1941 1422//1941
f 655//1942 659//1942 1421//1942
f 1422//1943 663//1943 1297//1943
f 659//1944 663//1944 1422//1944
f 1423//1945 568//1945 571//1945
f 1424//1946 1423//1946 571//1946
f 1425//1947 571//1947 574//1947
f 1425//1948 1424//1948 571//1948
f 1426//1949 574//1949 577//1949
f 1426//1950 1425//1950 574//1950
f 1427//1951 577//1951 580//1951
f 1427//1952 1426//1952 577//1952
f 1428//1953 580//1953 583//1953
f 1428//1954 1427//1954 580//1954
f 1429//1955 583//1955 524//1955
f 1429//1956 1428//1956 583//1956
f 1430//1957 524//1957 522//1957
f 1430//1958 1429//1958 524//1958
f 1431//1959 522//1959 520//1959
f 1431//1960 1430//1960 522//1960
f 1432//1961 520//1961 518//1961
f 1432//1962 1431//1962 520//1962
f 1433//1963 518//1963 516//1963
f 1433//1964 1432//1964 518//1964
f 1434//1965 1433//1965 516//1965
f 1434//1966 516//1966 514//1966
f 1435//1967 1434//1967 514//1967
f 1435//1968 514//1968 511//1968
f 1436//1969 1435//1969 511//1969
f 1436//1970 511//1970 508//1970
f 1437//1971 508//1971 505//1971
f 1437//1972 1436//1972 508//1972
f 1438//1973 505//1973 501//1973
f 1438//1974 501//1974 497//1974
f 1438//1975 1437//1975 505//1975
f 1439//1976 1438//1976 497//1976
f 1440//1977 497//1977 493//1977
f 1440//1978 1439//1978 497//1978
f 1441//1979 493//1979 489//1979
f 1441//1980 1440//1980 493//1980
f 1442//1981 489//1981 485//1981
f 1442//1982 485//1982 481//1982
f 1442//1983 1441//1983 489//1983
f 1443//1984 1442//1984 481//1984
f 1444//1985 481//1985 477//1985
f 1444//1986 1443//1986 481//1986
f 1445//1987 477//1987 472//1987
f 1445//1988 472//1988 468//1988
f 1445//1989 1444//1989 477//1989
f 1446//1990 1445//1990 468//1990
f 1447//1991 468//1991 464//1991
f 1447//1992 1446//1992 468//1992
f 1448//1993 464//1993 460//1993
f 1448//1994 1447//1994 464//1994
f 1449//1995 460//1995 456//1995
f 1449//1996 1448//1996 460//1996
f 1450//1997 456//1997 452//1997
f 1450//1998 1449//1998 456//1998
f 1451//1999 452//1999 448//1999
f 1451//2000 1450//2000 452//2000
f 1452//2001 448//2001 444//2001
f 1452//2002 444//2002 440//2002
f 1452//2003 1451//2003 448//2003
f 1453//2004 1452//2004 440//2004
f 1454//2005 440//2005 436//2005
f 1454//2006 1453//2006 440//2006
f 1455//2007 436//2007 435//2007
f 1455//2008 1454//2008 436//2008
f 1456//2009 435//2009 438//2009
f 1456//2010 438//2010 442//2010
f 1456//2011 1455//2011 435//2011
f 1457//2012 442//2012 446//2012
f 1457//2013 1456//2013 442//2013
f 1458//2014 1457//2014 446//2014
f 1459//2015 1458//2015 446//2015
f 1459//2016 446//2016 450//2016
f 1459//2017 450//2017 454//2017
f 1460//2018 1459//2018 454//2018
f 1460//2019 454//2019 458//2019
f 1461//2020 1460//2020 458//2020
f 1461//2021 458//2021 462//2021
f 1462//2022 1461//2022 462//2022
f 1463//2023 1462//2023 462//2023
f 1463//2024 462//2024 466//2024
f 1463//2025 466//2025 470//2025
f 1464//2026 1463//2026 470//2026
f 1464//2027 470//2027 474//2027
f 1465//2028 1464//2028 474//2028
f 1466//2029 1465//2029 474//2029
f 1466//2030 474//2030 475//2030
f 1467//2031 1466//2031 475//2031
f 1467//2032 475//2032 479//2032
f 1467//2033 479//2033 483//2033
f 1468//2034 1467//2034 483//2034
f 1469//2035 1468//2035 483//2035
f 1469//2036 483//2036 487//2036
f 1470//2037 1469//2037 487//2037
f 1470//2038 487//2038 491//2038
f 1470//2039 491//2039 495//2039
f 1471//2040 495//2040 499//2040
f 1471//2041 1470//2041 495//2041
f 1472//2042 1471//2042 499//2042
f 1473//2043 499//2043 503//2043
f 1473//2044 503//2044 433//2044
f 1473//2045 1472//2045 499//2045
f 1474//2046 1473//2046 433//2046
f 1475//2047 433//2047 432//2047
f 1475//2048 432//2048 431//2048
f 1475//2049 1474//2049 433//2049
f 1476//2050 1475//2050 431//2050
f 1477//2051 431//2051 429//2051
f 1477//2052 429//2052 427//2052
f 1477//2053 1476//2053 431//2053
f 1478//2054 1477//2054 427//2054
f 1479//2055 427//2055 425//2055
f 1479//2056 1478//2056 427//2056
f 1480//2057 425//2057 423//2057
f 1480//2058 1479//2058 425//2058
f 1481//2059 423//2059 421//2059
f 1481//2060 1480//2060 423//2060
f 1482//2061 421//2061 419//2061
f 1482//2062 1481//2062 421//2062
f 1483//2063 419//2063 417//2063
f 1483//2064 1482//2064 419//2064
f 1484//2065 417//2065 415//2065
f 1484//2066 415//2066 413//2066
f 1484//2067 1483//2067 417//2067
f 1485//2068 1484//2068 413//2068
f 1485//2069 413//2069 411//2069
f 1486//2070 1485//2070 411//2070
f 1487//2071 1486//2071 411//2071
f 1487//2072 411//2072 409//2072
f 1487//2073 409//2073 407//2073
f 1488//2074 1487//2074 407//2074
f 1488//2075 407//2075 405//2075
f 1489//2076 1488//2076 405//2076
f 1490//2077 1489//2077 405//2077
f 1490//2078 405//2078 403//2078
f 1490//2079 403//2079 401//2079
f 1491//2080 1490//2080 401//2080
f 1492//2081 1491//2081 401//2081
f 1492//2082 401//2082 399//2082
f 1492//2083 399//2083 397//2083
f 1493//2084 1492//2084 397//2084
f 1494//2085 1493//2085 397//2085
f 1494//2086 397//2086 395//2086
f 1494//2087 395//2087 393//2087
f 1495//2088 1494//2088 393//2088
f 1495//2089 393//2089 391//2089
f 1496//2090 1495//2090 391//2090
f 1496//2091 391//2091 389//2091
f 1497//2092 1496//2092 389//2092
f 1498//2093 1497//2093 389//2093
f 1498//2094 389//2094 387//2094
f 1499//2095 1498//2095 387//2095
f 1499//2096 387//2096 385//2096
f 1499//2097 385//2097 383//2097
f 1500//2098 1499//2098 383//2098
f 1500//2099 383//2099 379//2099
f 1501//2100 1500//2100 379//2100
f 1501//2101 379//2101 381//2101
f 1502//2102 1501//2102 381//2102
f 1503//2103 1502//2103 381//2103
f 1503//2104 381//2104 382//2104
f 1503//2105 382//2105 384//2105
f 1504//2106 1503//2106 384//2106
f 1505//2107 1504//2107 384//2107
f 1505//2108 384//2108 386//2108
f 1506//2109 386//2109 388//2109
f 1506//2110 388//2110 390//2110
f 1506//2111 1505//2111 386//2111
f 1507//2112 1506//2112 390//2112
f 1507//2113 390//2113 392//2113
f 1508//2114 392//2114 394//2114
f 1508//2115 1507//2115 392//2115
f 1509//2116 1508//2116 394//2116
f 1510//2117 394//2117 396//2117
f 1510//2118 396//2118 398//2118
f 1510//2119 1509//2119 394//2119
f 1511//2120 1510//2120 398//2120
f 1511//2121 398//2121 400//2121
f 1512//2122 1511//2122 400//2122
f 1513//2123 1512//2123 400//2123
f 1513//2124 400//2124 402//2124
f 1513//2125 402//2125 404//2125
f 1514//2126 1513//2126 404//2126
f 1514//2127 404//2127 406//2127
f 1515//2128 1514//2128 406//2128
f 1515//2129 406//2129 408//2129
f 1516//2130 1515//2130 408//2130
f 1517//2131 1516//2131 408//2131
f 1517//2132 408//2132 410//2132
f 1517//2133 410//2133 412//2133
f 1518//2134 1517//2134 412//2134
f 1518//2135 412//2135 414//2135
f 1519//2136 1518//2136 414//2136
f 1520//2137 1519//2137 414//2137
f 1520//2138 414//2138 416//2138
f 1520//2139 416//2139 418//2139
f 1521//2140 1520//2140 418//2140
f 1521//2141 418//2141 420//2141
f 1522//2142 1521//2142 420//2142
f 1523//2143 422//2143 424//2143
f 1523//2144 1522//2144 420//2144
f 1523//2145 420//2145 422//2145
f 1524//2146 424//2146 426//2146
f 1524//2147 1523//2147 424//2147
f 1525//2148 1524//2148 426//2148
f 1526//2149 426//2149 428//2149
f 1526//2150 1525//2150 426//2150
f 1527//2151 428//2151 430//2151
f 1527//2152 1526//2152 428//2152
f 1528//2153 430//2153 527//2153
f 1528//2154 527//2154 528//2154
f 1528//2155 1527//2155 430//2155
f 1529//2156 1528//2156 528//2156
f 1530//2157 528//2157 529//2157
f 1530//2158 1529//2158 528//2158
f 1531//2159 529//2159 530//2159
f 1531//2160 1530//2160 529//2160
f 1532//2161 530//2161 531//2161
f 1532//2162 1531//2162 530//2162
f 1533//2163 531//2163 532//2163
f 1533//2164 1532//2164 531//2164
f 1534//2165 532//2165 533//2165
f 1534//2166 1533//2166 532//2166
f 1535//2167 1534//2167 533//2167
f 1535//2168 533//2168 534//2168
f 1535//2169 534//2169 535//2169
f 1536//2170 1535//2170 535//2170
f 1537//2171 535//2171 536//2171
f 1537//2172 1536//2172 535//2172
f 1538//2173 536//2173 539//2173
f 1538//2174 1537//2174 536//2174
f 1539//2175 1538//2175 539//2175
f 1539//2176 539//2176 538//2176
f 1539//2177 538//2177 541//2177
f 1540//2178 1539//2178 541//2178
f 1541//2179 541//2179 544//2179
f 1541//2180 1540//2180 541//2180
f 1542//2181 544//2181 547//2181
f 1542//2182 1541//2182 544//2182
f 1543//2183 547//2183 550//2183
f 1543//2184 1542//2184 547//2184
f 1544//2185 550//2185 553//2185
f 1544//2186 553//2186 556//2186
f 1544//2187 1543//2187 550//2187
f 1545//2188 1544//2188 556//2188
f 1546//2189 556//2189 559//2189
f 1546//2190 559//2190 562//2190
f 1546//2191 1545//2191 556//2191
f 1547//2192 1546//2192 562//2192
f 1548//2193 562//2193 565//2193
f 1548//2194 1547//2194 562//2194
f 1423//2195 565//2195 568//2195
f 1423//2196 1548//2196 565//2196
f 1549//2197 635//2197 636//2197
f 1550//2198 1549//2198 636//2198
f 1551//2199 636//2199 637//2199
f 1551//2200 1550//2200 636//2200
f 1552//2201 637//2201 638//2201
f 1552//2202 1551//2202 637//2202
f 1553//2203 638//2203 639//2203
f 1553//2204 1552//2204 638//2204
f 1554//2205 639//2205 640//2205
f 1554//2206 1553//2206 639//2206
f 1555//2207 640//2207 641//2207
f 1555//2208 1554//2208 640//2208
f 1556//2209 641//2209 642//2209
f 1556//2210 1555//2210 641//2210
f 1557//2211 642//2211 1005//2211
f 1557//2212 1556//2212 642//2212
f 1558//2213 1005//2213 1006//2213
f 1558//2214 1557//2214 1005//2214
f 1559//2215 1006//2215 1007//2215
f 1559//2216 1558//2216 1006//2216
f 1560//2217 1559//2217 1007//2217
f 1560//2218 1007//2218 809//2218
f 1561//2219 1560//2219 809//2219
f 1561//2220 809//2220 807//2220
f 1562//2221 1561//2221 807//2221
f 1562//2222 807//2222 805//2222
f 1563//2223 805//2223 803//2223
f 1563//2224 1562//2224 805//2224
f 1564//2225 803//2225 801//2225
f 1564//2226 801//2226 799//2226
f 1564//2227 1563//2227 803//2227
f 1565//2228 1564//2228 799//2228
f 1566//2229 799//2229 797//2229
f 1566//2230 1565//2230 799//2230
f 1567//2231 797//2231 795//2231
f 1567//2232 1566//2232 797//2232
f 1568//2233 795//2233 793//2233
f 1568//2234 793//2234 791//2234
f 1568//2235 1567//2235 795//2235
f 1569//2236 1568//2236 791//2236
f 1570//2237 791//2237 789//2237
f 1570//2238 1569//2238 791//2238
f 1571//2239 789//2239 787//2239
f 1571//2240 787//2240 785//2240
f 1571//2241 1570//2241 789//2241
f 1572//2242 1571//2242 785//2242
f 1573//2243 785//2243 783//2243
f 1573//2244 1572//2244 785//2244
f 1574//2245 783//2245 781//2245
f 1574//2246 1573//2246 783//2246
f 1575//2247 781//2247 779//2247
f 1575//2248 1574//2248 781//2248
f 1576//2249 779//2249 776//2249
f 1576//2250 1575//2250 779//2250
f 1577//2251 776//2251 772//2251
f 1577//2252 1576//2252 776//2252
f 1578//2253 772//2253 768//2253
f 1578//2254 768//2254 764//2254
f 1578//2255 1577//2255 772//2255
f 1579//2256 1578//2256 764//2256
f 1580//2257 764//2257 760//2257
f 1580//2258 1579//2258 764//2258
f 1581//2259 760//2259 756//2259
f 1581//2260 1580//2260 760//2260
f 1582//2261 756//2261 752//2261
f 1582//2262 752//2262 748//2262
f 1582//2263 1581//2263 756//2263
f 1583//2264 748//2264 744//2264
f 1583//2265 1582//2265 748//2265
f 1584//2266 1583//2266 744//2266
f 1585//2267 1584//2267 744//2267
f 1585//2268 744//2268 740//2268
f 1585//2269 740//2269 736//2269
f 1586//2270 1585//2270 736//2270
f 1586//2271 736//2271 732//2271
f 1587//2272 1586//2272 732//2272
f 1587//2273 732//2273 728//2273
f 1588//2274 1587//2274 728//2274
f 1589//2275 1588//2275 728//2275
f 1589//2276 728//2276 724//2276
f 1589//2277 724//2277 720//2277
f 1590//2278 1589//2278 720//2278
f 1590//2279 720//2279 716//2279
f 1591//2280 1590//2280 716//2280
f 1592//2281 1591//2281 716//2281
f 1592//2282 716//2282 712//2282
f 1593//2283 1592//2283 712//2283
f 1593//2284 712//2284 708//2284
f 1593//2285 708//2285 704//2285
f 1594//2286 1593//2286 704//2286
f 1595//2287 1594//2287 704//2287
f 1595//2288 704//2288 700//2288
f 1596//2289 1595//2289 700//2289
f 1596//2290 700//2290 696//2290
f 1596//2291 696//2291 692//2291
f 1597//2292 692//2292 688//2292
f 1597//2293 1596//2293 692//2293
f 1598//2294 1597//2294 688//2294
f 1599//2295 688//2295 684//2295
f 1599//2296 684//2296 680//2296
f 1599//2297 1598//2297 688//2297
f 1600//2298 1599//2298 680//2298
f 1601//2299 680//2299 676//2299
f 1601//2300 676//2300 672//2300
f 1601//2301 1600//2301 680//2301
f 1602//2302 1601//2302 672//2302
f 1603//2303 672//2303 611//2303
f 1603//2304 611//2304 608//2304
f 1603//2305 1602//2305 672//2305
f 1604//2306 1603//2306 608//2306
f 1605//2307 608//2307 605//2307
f 1605//2308 1604//2308 608//2308
f 1606//2309 605//2309 602//2309
f 1606//2310 1605//2310 605//2310
f 1607//2311 602//2311 599//2311
f 1607//2312 1606//2312 602//2312
f 1608//2313 599//2313 596//2313
f 1608//2314 1607//2314 599//2314
f 1609//2315 596//2315 593//2315
f 1609//2316 1608//2316 596//2316
f 1610//2317 593//2317 590//2317
f 1610//2318 590//2318 587//2318
f 1610//2319 1609//2319 593//2319
f 1611//2320 1610//2320 587//2320
f 1611//2321 587//2321 585//2321
f 1612//2322 1611//2322 585//2322
f 1613//2323 1612//2323 585//2323
f 1613//2324 585//2324 582//2324
f 1613//2325 582//2325 579//2325
f 1614//2326 1613//2326 579//2326
f 1614//2327 579//2327 576//2327
f 1615//2328 1614//2328 576//2328
f 1616//2329 1615//2329 576//2329
f 1616//2330 576//2330 573//2330
f 1616//2331 573//2331 570//2331
f 1617//2332 1616//2332 570//2332
f 1618//2333 1617//2333 570//2333
f 1618//2334 570//2334 567//2334
f 1618//2335 567//2335 564//2335
f 1619//2336 1618//2336 564//2336
f 1620//2337 1619//2337 564//2337
f 1620//2338 564//2338 561//2338
f 1620//2339 561//2339 558//2339
f 1621//2340 1620//2340 558//2340
f 1621//2341 558//2341 555//2341
f 1622//2342 1621//2342 555//2342
f 1622//2343 555//2343 552//2343
f 1623//2344 1622//2344 552//2344
f 1624//2345 1623//2345 552//2345
f 1624//2346 552//2346 549//2346
f 1625//2347 1624//2347 549//2347
f 1625//2348 549//2348 546//2348
f 1625//2349 546//2349 543//2349
f 1626//2350 1625//2350 543//2350
f 1626//2351 543//2351 540//2351
f 1627//2352 1626//2352 540//2352
f 1627//2353 540//2353 537//2353
f 1628//2354 1627//2354 537//2354
f 1629//2355 1628//2355 537//2355
f 1629//2356 537//2356 542//2356
f 1629//2357 542//2357 545//2357
f 1630//2358 1629//2358 545//2358
f 1631//2359 1630//2359 545//2359
f 1631//2360 545//2360 548//2360
f 1632//2361 548//2361 551//2361
f 1632//2362 551//2362 554//2362
f 1632//2363 1631//2363 548//2363
f 1633//2364 1632//2364 554//2364
f 1633//2365 554//2365 557//2365
f 1634//2366 557//2366 560//2366
f 1634//2367 1633//2367 557//2367
f 1635//2368 1634//2368 560//2368
f 1636//2369 560//2369 563//2369
f 1636//2370 563//2370 566//2370
f 1636//2371 1635//2371 560//2371
f 1637//2372 1636//2372 566//2372
f 1637//2373 566//2373 569//2373
f 1638//2374 1637//2374 569//2374
f 1639//2375 1638//2375 569//2375
f 1639//2376 569//2376 572//2376
f 1639//2377 572//2377 575//2377
f 1640//2378 1639//2378 575//2378
f 1640//2379 575//2379 578//2379
f 1641//2380 1640//2380 578//2380
f 1641//2381 578//2381 581//2381
f 1642//2382 1641//2382 581//2382
f 1643//2383 1642//2383 581//2383
f 1643//2384 581//2384 584//2384
f 1643//2385 584//2385 586//2385
f 1644//2386 1643//2386 586//2386
f 1644//2387 586//2387 589//2387
f 1645//2388 1644//2388 589//2388
f 1646//2389 1645//2389 589//2389
f 1646//2390 589//2390 592//2390
f 1646//2391 592//2391 595//2391
f 1647//2392 1646//2392 595//2392
f 1647//2393 595//2393 598//2393
f 1648//2394 1647//2394 598//2394
f 1649//2395 601//2395 604//2395
f 1649//2396 1648//2396 598//2396
f 1649//2397 598//2397 601//2397
f 1650//2398 604//2398 607//2398
f 1650//2399 1649//2399 604//2399
f 1651//2400 1650//2400 607//2400
f 1652//2401 607//2401 610//2401
f 1652//2402 1651//2402 607//2402
f 1653//2403 610//2403 613//2403
f 1653//2404 1652//2404 610//2404
f 1654//2405 613//2405 614//2405
f 1654//2406 614//2406 615//2406
f 1654//2407 1653//2407 613//2407
f 1655//2408 1654//2408 615//2408
f 1656//2409 615//2409 616//2409
f 1656//2410 1655//2410 615//2410
f 1657//2411 616//2411 617//2411
f 1657//2412 1656//2412 616//2412
f 1658//2413 617//2413 618//2413
f 1658//2414 1657//2414 617//2414
f 1659//2415 618//2415 619//2415
f 1659//2416 1658//2416 618//2416
f 1660//2417 619//2417 620//2417
f 1660//2418 1659//2418 619//2418
f 1661//2419 1660//2419 620//2419
f 1661//2420 620//2420 621//2420
f 1661//2421 621//2421 622//2421
f 1662//2422 1661//2422 622//2422
f 1663//2423 622//2423 623//2423
f 1663//2424 1662//2424 622//2424
f 1664//2425 623//2425 624//2425
f 1664//2426 1663//2426 623//2426
f 1665//2427 1664//2427 624//2427
f 1665//2428 624//2428 625//2428
f 1665//2429 625//2429 626//2429
f 1666//2430 1665//2430 626//2430
f 1667//2431 626//2431 627//2431
f 1667//2432 1666//2432 626//2432
f 1668//2433 627//2433 628//2433
f 1668//2434 1667//2434 627//2434
f 1669//2435 628//2435 629//2435
f 1669//2436 1668//2436 628//2436
f 1670//2437 629//2437 630//2437
f 1670//2438 630//2438 631//2438
f 1670//2439 1669//2439 629//2439
f 1671//2440 1670//2440 631//2440
f 1672//2441 631//2441 632//2441
f 1672//2442 632//2442 633//2442
f 1672//2443 1671//2443 631//2443
f 1673//2444 1672//2444 633//2444
f 1674//2445 633//2445 634//2445
f 1674//2446 1673//2446 633//2446
f 1549//2447 634//2447 635//2447
f 1549//2448 1674//2448 634//2448
f 1675//2449 804//2449 806//2449
f 1676//2450 1675//2450 806//2450
f 1677//2451 806//2451 808//2451
f 1677//2452 1676//2452 806//2452
f 1678//2453 808//2453 810//2453
f 1678//2454 1677//2454 808//2454
f 1679//2455 810//2455 942//2455
f 1679//2456 1678//2456 810//2456
f 1680//2457 942//2457 943//2457
f 1680//2458 1679//2458 942//2458
f 1681//2459 943//2459 944//2459
f 1681//2460 1680//2460 943//2460
f 1682//2461 944//2461 945//2461
f 1682//2462 1681//2462 944//2462
f 1683//2463 945//2463 946//2463
f 1683//2464 1682//2464 945//2464
f 1684//2465 946//2465 947//2465
f 1684//2466 1683//2466 946//2466
f 1685//2467 947//2467 948//2467
f 1685//2468 1684//2468 947//2468
f 1686//2469 1685//2469 948//2469
f 1686//2470 948//2470 949//2470
f 1687//2471 1686//2471 949//2471
f 1687//2472 949//2472 950//2472
f 1688//2473 1687//2473 950//2473
f 1688//2474 950//2474 951//2474
f 1689//2475 951//2475 952//2475
f 1689//2476 1688//2476 951//2476
f 1690//2477 952//2477 953//2477
f 1690//2478 953//2478 954//2478
f 1690//2479 1689//2479 952//2479
f 1691//2480 1690//2480 954//2480
f 1692//2481 954//2481 955//2481
f 1692//2482 1691//2482 954//2482
f 1693//2483 955//2483 929//2483
f 1693//2484 1692//2484 955//2484
f 1694//2485 929//2485 926//2485
f 1694//2486 926//2486 923//2486
f 1694//2487 1693//2487 929//2487
f 1695//2488 1694//2488 923//2488
f 1696//2489 923//2489 920//2489
f 1696//2490 1695//2490 923//2490
f 1697//2491 920//2491 917//2491
f 1697//2492 917//2492 914//2492
f 1697//2493 1696//2493 920//2493
f 1698//2494 1697//2494 914//2494
f 1699//2495 914//2495 911//2495
f 1699//2496 1698//2496 914//2496
f 1700//2497 911//2497 908//2497
f 1700//2498 1699//2498 911//2498
f 1701//2499 908//2499 905//2499
f 1701//2500 1700//2500 908//2500
f 1702//2501 905//2501 902//2501
f 1702//2502 1701//2502 905//2502
f 1703//2503 902//2503 899//2503
f 1703//2504 1702//2504 902//2504
f 1704//2505 899//2505 896//2505
f 1704//2506 896//2506 893//2506
f 1704//2507 1703//2507 899//2507
f 1705//2508 1704//2508 893//2508
f 1706//2509 893//2509 890//2509
f 1706//2510 1705//2510 893//2510
f 1707//2511 890//2511 887//2511
f 1707//2512 1706//2512 890//2512
f 1708//2513 887//2513 884//2513
f 1708//2514 884//2514 881//2514
f 1708//2515 1707//2515 887//2515
f 1709//2516 881//2516 878//2516
f 1709//2517 1708//2517 881//2517
f 1710//2518 1709//2518 878//2518
f 1711//2519 1710//2519 878//2519
f 1711//2520 878//2520 875//2520
f 1711//2521 875//2521 872//2521
f 1712//2522 1711//2522 872//2522
f 1712//2523 872//2523 869//2523
f 1713//2524 1712//2524 869//2524
f 1713//2525 869//2525 866//2525
f 1714//2526 1713//2526 866//2526
f 1715//2527 1714//2527 866//2527
f 1715//2528 866//2528 863//2528
f 1715//2529 863//2529 860//2529
f 1716//2530 1715//2530 860//2530
f 1716//2531 860//2531 857//2531
f 1717//2532 1716//2532 857//2532
f 1718//2533 1717//2533 857//2533
f 1718//2534 857//2534 854//2534
f 1719//2535 1718//2535 854//2535
f 1719//2536 854//2536 851//2536
f 1719//2537 851//2537 777//2537
f 1720//2538 1719//2538 777//2538
f 1721//2539 1720//2539 777//2539
f 1721//2540 777//2540 773//2540
f 1722//2541 1721//2541 773//2541
f 1722//2542 773//2542 769//2542
f 1722//2543 769//2543 765//2543
f 1723//2544 765//2544 761//2544
f 1723//2545 1722//2545 765//2545
f 1724//2546 1723//2546 761//2546
f 1725//2547 761//2547 757//2547
f 1725//2548 757//2548 753//2548
f 1725//2549 1724//2549 761//2549
f 1726//2550 1725//2550 753//2550
f 1727//2551 753//2551 749//2551
f 1727//2552 749//2552 745//2552
f 1727//2553 1726//2553 753//2553
f 1728//2554 1727//2554 745//2554
f 1729//2555 745//2555 741//2555
f 1729//2556 741//2556 737//2556
f 1729//2557 1728//2557 745//2557
f 1730//2558 1729//2558 737//2558
f 1731//2559 737//2559 733//2559
f 1731//2560 1730//2560 737//2560
f 1732//2561 733//2561 729//2561
f 1732//2562 1731//2562 733//2562
f 1733//2563 729//2563 725//2563
f 1733//2564 1732//2564 729//2564
f 1734//2565 725//2565 721//2565
f 1734//2566 1733//2566 725//2566
f 1735//2567 721//2567 717//2567
f 1735//2568 1734//2568 721//2568
f 1736//2569 717//2569 713//2569
f 1736//2570 713//2570 709//2570
f 1736//2571 1735//2571 717//2571
f 1737//2572 1736//2572 709//2572
f 1737//2573 709//2573 705//2573
f 1738//2574 1737//2574 705//2574
f 1739//2575 1738//2575 705//2575
f 1739//2576 705//2576 701//2576
f 1739//2577 701//2577 697//2577
f 1740//2578 1739//2578 697//2578
f 1740//2579 697//2579 693//2579
f 1741//2580 1740//2580 693//2580
f 1742//2581 1741//2581 693//2581
f 1742//2582 693//2582 689//2582
f 1742//2583 689//2583 685//2583
f 1743//2584 1742//2584 685//2584
f 1744//2585 1743//2585 685//2585
f 1744//2586 685//2586 681//2586
f 1744//2587 681//2587 677//2587
f 1745//2588 1744//2588 677//2588
f 1746//2589 1745//2589 677//2589
f 1746//2590 677//2590 673//2590
f 1746//2591 673//2591 669//2591
f 1747//2592 1746//2592 669//2592
f 1747//2593 669//2593 666//2593
f 1748//2594 1747//2594 666//2594
f 1748//2595 666//2595 662//2595
f 1749//2596 1748//2596 662//2596
f 1750//2597 1749//2597 662//2597
f 1750//2598 662//2598 658//2598
f 1751//2599 1750//2599 658//2599
f 1751//2600 658//2600 654//2600
f 1751//2601 654//2601 650//2601
f 1752//2602 1751//2602 650//2602
f 1752//2603 650//2603 646//2603
f 1753//2604 1752//2604 646//2604
f 1753//2605 646//2605 643//2605
f 1754//2606 1753//2606 643//2606
f 1755//2607 1754//2607 643//2607
f 1755//2608 643//2608 648//2608
f 1755//2609 648//2609 652//2609
f 1756//2610 1755//2610 652//2610
f 1757//2611 1756//2611 652//2611
f 1757//2612 652//2612 656//2612
f 1758//2613 656//2613 660//2613
f 1758//2614 660//2614 664//2614
f 1758//2615 1757//2615 656//2615
f 1759//2616 1758//2616 664//2616
f 1759//2617 664//2617 668//2617
f 1760//2618 668//2618 671//2618
f 1760//2619 1759//2619 668//2619
f 1761//2620 1760//2620 671//2620
f 1762//2621 671//2621 675//2621
f 1762//2622 675//2622 679//2622
f 1762//2623 1761//2623 671//2623
f 1763//2624 1762//2624 679//2624
f 1763//2625 679//2625 683//2625
f 1764//2626 1763//2626 683//2626
f 1765//2627 1764//2627 683//2627
f 1765//2628 683//2628 687//2628
f 1765//2629 687//2629 691//2629
f 1766//2630 1765//2630 691//2630
f 1766//2631 691//2631 695//2631
f 1767//2632 1766//2632 695//2632
f 1767//2633 695//2633 699//2633
f 1768//2634 1767//2634 699//2634
f 1769//2635 1768//2635 699//2635
f 1769//2636 699//2636 703//2636
f 1769//2637 703//2637 707//2637
f 1770//2638 1769//2638 707//2638
f 1770//2639 707//2639 711//2639
f 1771//2640 1770//2640 711//2640
f 1772//2641 1771//2641 711//2641
f 1772//2642 711//2642 715//2642
f 1772//2643 715//2643 719//2643
f 1773//2644 1772//2644 719//2644
f 1773//2645 719//2645 723//2645
f 1774//2646 1773//2646 723//2646
f 1775//2647 727//2647 731//2647
f 1775//2648 1774//2648 723//2648
f 1775//2649 723//2649 727//2649
f 1776//2650 731//2650 735//2650
f 1776//2651 1775//2651 731//2651
f 1777//2652 1776//2652 735//2652
f 1778//2653 735//2653 739//2653
f 1778//2654 1777//2654 735//2654
f 1779//2655 739//2655 743//2655
f 1779//2656 1778//2656 739//2656
f 1780//2657 743//2657 747//2657
f 1780//2658 747//2658 751//2658
f 1780//2659 1779//2659 743//2659
f 1781//2660 1780//2660 751//2660
f 1782//2661 751//2661 755//2661
f 1782//2662 1781//2662 751//2662
f 1783//2663 755//2663 759//2663
f 1783//2664 1782//2664 755//2664
f 1784//2665 759//2665 763//2665
f 1784//2666 1783//2666 759//2666
f 1785//2667 763//2667 767//2667
f 1785//2668 1784//2668 763//2668
f 1786//2669 767//2669 771//2669
f 1786//2670 1785//2670 767//2670
f 1787//2671 1786//2671 771//2671
f 1787//2672 771//2672 775//2672
f 1787//2673 775//2673 778//2673
f 1788//2674 1787//2674 778//2674
f 1789//2675 778//2675 780//2675
f 1789//2676 1788//2676 778//2676
f 1790//2677 780//2677 782//2677
f 1790//2678 1789//2678 780//2678
f 1791//2679 1790//2679 782//2679
f 1791//2680 782//2680 784//2680
f 1791//2681 784//2681 786//2681
f 1792//2682 1791//2682 786//2682
f 1793//2683 786//2683 788//2683
f 1793//2684 1792//2684 786//2684
f 1794//2685 788//2685 790//2685
f 1794//2686 1793//2686 788//2686
f 1795//2687 790//2687 792//2687
f 1795//2688 1794//2688 790//2688
f 1796//2689 792//2689 794//2689
f 1796//2690 794//2690 796//2690
f 1796//2691 1795//2691 792//2691
f 1797//2692 1796//2692 796//2692
f 1798//2693 796//2693 798//2693
f 1798//2694 798//2694 800//2694
f 1798//2695 1797//2695 796//2695
f 1799//2696 1798//2696 800//2696
f 1800//2697 800//2697 802//2697
f 1800//2698 1799//2698 800//2698
f 1675//2699 802//2699 804//2699
f 1675//2700 1800//2700 802//2700
f 1801//2701 957//2701 956//2701
f 1802//2702 1801//2702 956//2702
f 1803//2703 956//2703 958//2703
f 1803//2704 1802//2704 956//2704
f 1804//2705 958//2705 959//2705
f 1804//2706 1803//2706 958//2706
f 1805//2707 959//2707 960//2707
f 1805//2708 1804//2708 959//2708
f 1806//2709 960//2709 961//2709
f 1806//2710 1805//2710 960//2710
f 1807//2711 961//2711 962//2711
f 1807//2712 1806//2712 961//2712
f 1808//2713 962//2713 963//2713
f 1808//2714 1807//2714 962//2714
f 1809//2715 963//2715 964//2715
f 1809//2716 1808//2716 963//2716
f 1810//2717 964//2717 966//2717
f 1810//2718 1809//2718 964//2718
f 1811//2719 966//2719 968//2719
f 1811//2720 1810//2720 966//2720
f 1812//2721 1811//2721 968//2721
f 1812//2722 968//2722 970//2722
f 1813//2723 1812//2723 970//2723
f 1813//2724 970//2724 972//2724
f 1814//2725 1813//2725 972//2725
f 1814//2726 972//2726 974//2726
f 1815//2727 974//2727 976//2727
f 1815//2728 1814//2728 974//2728
f 1816//2729 976//2729 978//2729
f 1816//2730 978//2730 980//2730
f 1816//2731 1815//2731 976//2731
f 1817//2732 1816//2732 980//2732
f 1818//2733 980//2733 982//2733
f 1818//2734 1817//2734 980//2734
f 1819//2735 982//2735 984//2735
f 1819//2736 1818//2736 982//2736
f 1820//2737 984//2737 986//2737
f 1820//2738 986//2738 988//2738
f 1820//2739 1819//2739 984//2739
f 1821//2740 1820//2740 988//2740
f 1822//2741 988//2741 990//2741
f 1822//2742 1821//2742 988//2742
f 1823//2743 990//2743 992//2743
f 1823//2744 992//2744 994//2744
f 1823//2745 1822//2745 990//2745
f 1824//2746 1823//2746 994//2746
f 1825//2747 994//2747 996//2747
f 1825//2748 1824//2748 994//2748
f 1826//2749 996//2749 997//2749
f 1826//2750 1825//2750 996//2750
f 1827//2751 997//2751 998//2751
f 1827//2752 1826//2752 997//2752
f 1828//2753 998//2753 999//2753
f 1828//2754 1827//2754 998//2754
f 1829//2755 999//2755 1000//2755
f 1829//2756 1828//2756 999//2756
f 1830//2757 1000//2757 1001//2757
f 1830//2758 1001//2758 1002//2758
f 1830//2759 1829//2759 1000//2759
f 1831//2760 1830//2760 1002//2760
f 1832//2761 1002//2761 1003//2761
f 1832//2762 1831//2762 1002//2762
f 1833//2763 1003//2763 1004//2763
f 1833//2764 1832//2764 1003//2764
f 1834//2765 1004//2765 1008//2765
f 1834//2766 1008//2766 1009//2766
f 1834//2767 1833//2767 1004//2767
f 1835//2768 1009//2768 1010//2768
f 1835//2769 1834//2769 1009//2769
f 1836//2770 1835//2770 1010//2770
f 1837//2771 1836//2771 1010//2771
f 1837//2772 1010//2772 1011//2772
f 1837//2773 1011//2773 1012//2773
f 1838//2774 1837//2774 1012//2774
f 1838//2775 1012//2775 940//2775
f 1839//2776 1838//2776 940//2776
f 1839//2777 940//2777 939//2777
f 1840//2778 1839//2778 939//2778
f 1841//2779 1840//2779 939//2779
f 1841//2780 939//2780 938//2780
f 1841//2781 938//2781 937//2781
f 1842//2782 1841//2782 937//2782
f 1842//2783 937//2783 936//2783
f 1843//2784 1842//2784 936//2784
f 1844//2785 1843//2785 936//2785
f 1844//2786 936//2786 935//2786
f 1845//2787 1844//2787 935//2787
f 1845//2788 935//2788 934//2788
f 1845//2789 934//2789 933//2789
f 1846//2790 1845//2790 933//2790
f 1847//2791 1846//2791 933//2791
f 1847//2792 933//2792 932//2792
f 1848//2793 1847//2793 932//2793
f 1848//2794 932//2794 931//2794
f 1848//2795 931//2795 930//2795
f 1849//2796 930//2796 927//2796
f 1849//2797 1848//2797 930//2797
f 1850//2798 1849//2798 927//2798
f 1851//2799 927//2799 924//2799
f 1851//2800 924//2800 921//2800
f 1851//2801 1850//2801 927//2801
f 1852//2802 1851//2802 921//2802
f 1853//2803 921//2803 918//2803
f 1853//2804 918//2804 915//2804
f 1853//2805 1852//2805 921//2805
f 1854//2806 1853//2806 915//2806
f 1855//2807 915//2807 912//2807
f 1855//2808 912//2808 909//2808
f 1855//2809 1854//2809 915//2809
f 1856//2810 1855//2810 909//2810
f 1857//2811 909//2811 906//2811
f 1857//2812 1856//2812 909//2812
f 1858//2813 906//2813 903//2813
f 1858//2814 1857//2814 906//2814
f 1859//2815 903//2815 900//2815
f 1859//2816 1858//2816 903//2816
f 1860//2817 900//2817 897//2817
f 1860//2818 1859//2818 900//2818
f 1861//2819 897//2819 894//2819
f 1861//2820 1860//2820 897//2820
f 1862//2821 894//2821 891//2821
f 1862//2822 891//2822 888//2822
f 1862//2823 1861//2823 894//2823
f 1863//2824 1862//2824 888//2824
f 1863//2825 888//2825 885//2825
f 1864//2826 1863//2826 885//2826
f 1865//2827 1864//2827 885//2827
f 1865//2828 885//2828 882//2828
f 1865//2829 882//2829 879//2829
f 1866//2830 1865//2830 879//2830
f 1866//2831 879//2831 876//2831
f 1867//2832 1866//2832 876//2832
f 1868//2833 1867//2833 876//2833
f 1868//2834 876//2834 873//2834
f 1868//2835 873//2835 870//2835
f 1869//2836 1868//2836 870//2836
f 1870//2837 1869//2837 870//2837
f 1870//2838 870//2838 867//2838
f 1870//2839 867//2839 864//2839
f 1871//2840 1870//2840 864//2840
f 1872//2841 1871//2841 864//2841
f 1872//2842 864//2842 861//2842
f 1872//2843 861//2843 858//2843
f 1873//2844 1872//2844 858//2844
f 1873//2845 858//2845 855//2845
f 1874//2846 1873//2846 855//2846
f 1874//2847 855//2847 852//2847
f 1875//2848 1874//2848 852//2848
f 1876//2849 1875//2849 852//2849
f 1876//2850 852//2850 849//2850
f 1877//2851 1876//2851 849//2851
f 1877//2852 849//2852 847//2852
f 1877//2853 847//2853 845//2853
f 1878//2854 1877//2854 845//2854
f 1878//2855 845//2855 843//2855
f 1879//2856 1878//2856 843//2856
f 1879//2857 843//2857 842//2857
f 1880//2858 1879//2858 842//2858
f 1881//2859 1880//2859 842//2859
f 1881//2860 842//2860 844//2860
f 1881//2861 844//2861 846//2861
f 1882//2862 1881//2862 846//2862
f 1883//2863 1882//2863 846//2863
f 1883//2864 846//2864 848//2864
f 1884//2865 848//2865 850//2865
f 1884//2866 850//2866 853//2866
f 1884//2867 1883//2867 848//2867
f 1885//2868 1884//2868 853//2868
f 1885//2869 853//2869 856//2869
f 1886//2870 856//2870 859//2870
f 1886//2871 1885//2871 856//2871
f 1887//2872 1886//2872 859//2872
f 1888//2873 859//2873 862//2873
f 1888//2874 862//2874 865//2874
f 1888//2875 1887//2875 859//2875
f 1889//2876 1888//2876 865//2876
f 1889//2877 865//2877 868//2877
f 1890//2878 1889//2878 868//2878
f 1891//2879 1890//2879 868//2879
f 1891//2880 868//2880 871//2880
f 1891//2881 871//2881 874//2881
f 1892//2882 1891//2882 874//2882
f 1892//2883 874//2883 877//2883
f 1893//2884 1892//2884 877//2884
f 1893//2885 877//2885 880//2885
f 1894//2886 1893//2886 880//2886
f 1895//2887 1894//2887 880//2887
f 1895//2888 880//2888 883//2888
f 1895//2889 883//2889 886//2889
f 1896//2890 1895//2890 886//2890
f 1896//2891 886//2891 889//2891
f 1897//2892 1896//2892 889//2892
f 1898//2893 1897//2893 889//2893
f 1898//2894 889//2894 892//2894
f 1898//2895 892//2895 895//2895
f 1899//2896 1898//2896 895//2896
f 1899//2897 895//2897 898//2897
f 1900//2898 1899//2898 898//2898
f 1901//2899 901//2899 904//2899
f 1901//2900 1900//2900 898//2900
f 1901//2901 898//2901 901//2901
f 1902//2902 904//2902 907//2902
f 1902//2903 1901//2903 904//2903
f 1903//2904 1902//2904 907//2904
f 1904//2905 907//2905 910//2905
f 1904//2906 1903//2906 907//2906
f 1905//2907 910//2907 913//2907
f 1905//2908 1904//2908 910//2908
f 1906//2909 913//2909 916//2909
f 1906//2910 916//2910 919//2910
f 1906//2911 1905//2911 913//2911
f 1907//2912 1906//2912 919//2912
f 1908//2913 919//2913 922//2913
f 1908//2914 1907//2914 919//2914
f 1909//2915 922//2915 925//2915
f 1909//2916 1908//2916 922//2916
f 1910//2917 925//2917 928//2917
f 1910//2918 1909//2918 925//2918
f 1911//2919 928//2919 965//2919
f 1911//2920 1910//2920 928//2920
f 1912//2921 965//2921 967//2921
f 1912//2922 1911//2922 965//2922
f 1913//2923 1912//2923 967//2923
f 1913//2924 967//2924 969//2924
f 1913//2925 969//2925 971//2925
f 1914//2926 1913//2926 971//2926
f 1915//2927 971//2927 973//2927
f 1915//2928 1914//2928 971//2928
f 1916//2929 973//2929 975//2929
f 1916//2930 1915//2930 973//2930
f 1917//2931 1916//2931 975//2931
f 1917//2932 975//2932 977//2932
f 1917//2933 977//2933 979//2933
f 1918//2934 1917//2934 979//2934
f 1919//2935 979//2935 981//2935
f 1919//2936 1918//2936 979//2936
f 1920//2937 981//2937 983//2937
f 1920//2938 1919//2938 981//2938
f 1921//2939 983//2939 985//2939
f 1921//2940 1920//2940 983//2940
f 1922//2941 985//2941 987//2941
f 1922//2942 987//2942 989//2942
f 1922//2943 1921//2943 985//2943
f 1923//2944 1922//2944 989//2944
f 1924//2945 989//2945 991//2945
f 1924//2946 991//2946 993//2946
f 1924//2947 1923//2947 989//2947
f 1925//2948 1924//2948 993//2948
f 1926//2949 993//2949 995//2949
f 1926//2950 1925//2950 993//2950
f 1801//2951 995//2951 957//2951
f 1801//2952 1926//2952 995//2952
f 1927//2953 1928//2953 1929//2953
f 1930//2954 1091//2954 1092//2954
f 1092//2955 1093//2955 1930//2955
f 1930//2956 1090//2956 1091//2956
f 1093//2957 1094//2957 1930//2957
f 1930//2958 1089//2958 1090//2958
f 1094//2959 1095//2959 1930//2959
f 1930//2960 1088//2960 1089//2960
f 1095//2961 1096//2961 1930//2961
f 1930//2962 1087//2962 1088//2962
f 1096//2963 1097//2963 1930//2963
f 1930//2964 1086//2964 1087//2964
f 1097//2965 1098//2965 1930//2965
f 1930//2966 1085//2966 1086//2966
f 1098//2967 1099//2967 1930//2967
f 1930//2968 1084//2968 1085//2968
f 1099//2969 1100//2969 1930//2969
f 1930//2970 1083//2970 1084//2970
f 1100//2971 1101//2971 1930//2971
f 1930//2972 1082//2972 1083//2972
f 1101//2973 1102//2973 1930//2973
f 1930//2974 1081//2974 1082//2974
f 1102//2975 1103//2975 1930//2975
f 1930//2976 1080//2976 1081//2976
f 1930//2977 1104//2977 1928//2977
f 1103//2978 1104//2978 1930//2978
f 1930//2979 1079//2979 1080//2979
f 1104//2980 1105//2980 1928//2980
f 1930//2981 1078//2981 1079//2981
f 1105//2982 1106//2982 1928//2982
f 1930//2983 1077//2983 1078//2983
f 1106//2984 1107//2984 1928//2984
f 1107//2985 1108//2985 1928//2985
f 1108//2986 1109//2986 1928//2986
f 1109//2987 1110//2987 1928//2987
f 1110//2988 1111//2988 1928//2988
f 1111//2989 1112//2989 1928//2989
f 1112//2990 1113//2990 1928//2990
f 1113//2991 1114//2991 1928//2991
f 1114//2992 1115//2992 1928//2992
f 1115//2993 1116//2993 1928//2993
f 1116//2994 1117//2994 1928//2994
f 1117//2995 1118//2995 1928//2995
f 1118//2996 1119//2996 1928//2996
f 1119//2997 1120//2997 1928//2997
f 1120//2998 1121//2998 1928//2998
f 1121//2999 1122//2999 1928//2999
f 1122//3000 1123//3000 1928//3000
f 1123//3001 1124//3001 1928//3001
f 1124//3002 1125//3002 1928//3002
f 1125//3003 1126//3003 1928//3003
f 1126//3004 1127//3004 1928//3004
f 1930//3005 1931//3005 1077//3005
f 1058//3006 1931//3006 1057//3006
f 1059//3007 1931//3007 1058//3007
f 1060//3008 1931//3008 1059//3008
f 1061//3009 1931//3009 1060//3009
f 1062//3010 1931//3010 1061//3010
f 1063//3011 1931//3011 1062//3011
f 1064//3012 1931//3012 1063//3012
f 1065//3013 1931//3013 1064//3013
f 1066//3014 1931//3014 1065//3014
f 1067//3015 1931//3015 1066//3015
f 1068//3016 1931//3016 1067//3016
f 1069//3017 1931//3017 1068//3017
f 1070//3018 1931//3018 1069//3018
f 1071//3019 1931//3019 1070//3019
f 1072//3020 1931//3020 1071//3020
f 1073//3021 1931//3021 1072//3021
f 1074//3022 1931//3022 1073//3022
f 1075//3023 1931//3023 1074//3023
f 1076//3024 1931//3024 1075//3024
f 1077//3025 1931//3025 1076//3025
f 1931//3026 1056//3026 1057//3026
f 1127//3027 1128//3027 1928//3027
f 1931//3028 1055//3028 1056//3028
f 1128//3029 1129//3029 1928//3029
f 1931//3030 1054//3030 1055//3030
f 1129//3031 1130//3031 1928//3031
f 1931//3032 1053//3032 1054//3032
f 1130//3033 1131//3033 1928//3033
f 1931//3034 1052//3034 1053//3034
f 1131//3035 1132//3035 1928//3035
f 1931//3036 1051//3036 1052//3036
f 1132//3037 1133//3037 1928//3037
f 1931//3038 1050//3038 1051//3038
f 1931//3039 1049//3039 1050//3039
f 1931//3040 1048//3040 1049//3040
f 1931//3041 1047//3041 1048//3041
f 1931//3042 1046//3042 1047//3042
f 1931//3043 1045//3043 1046//3043
f 1931//3044 1044//3044 1045//3044
f 1931//3045 1043//3045 1044//3045
f 1013//3046 1932//3046 1014//3046
f 1015//3047 1932//3047 1013//3047
f 1016//3048 1932//3048 1015//3048
f 1017//3049 1932//3049 1016//3049
f 1018//3050 1932//3050 1017//3050
f 1019//3051 1932//3051 1018//3051
f 1020//3052 1932//3052 1019//3052
f 1021//3053 1932//3053 1020//3053
f 1022//3054 1932//3054 1021//3054
f 1023//3055 1932//3055 1022//3055
f 1024//3056 1932//3056 1023//3056
f 1025//3057 1932//3057 1024//3057
f 1026//3058 1932//3058 1025//3058
f 1027//3059 1932//3059 1026//3059
f 1028//3060 1932//3060 1027//3060
f 1029//3061 1932//3061 1028//3061
f 1030//3062 1932//3062 1029//3062
f 1031//3063 1932//3063 1030//3063
f 1032//3064 1932//3064 1031//3064
f 1134//3065 1932//3065 1133//3065
f 1033//3066 1932//3066 1032//3066
f 1135//3067 1932//3067 1134//3067
f 1034//3068 1932//3068 1033//3068
f 1136//3069 1932//3069 1135//3069
f 1035//3070 1932//3070 1034//3070
f 1137//3071 1932//3071 1136//3071
f 1036//3072 1932//3072 1035//3072
f 1138//3073 1932//3073 1137//3073
f 1037//3074 1932//3074 1036//3074
f 1014//3075 1932//3075 1138//3075
f 1038//3076 1932//3076 1037//3076
f 1039//3077 1932//3077 1038//3077
f 1040//3078 1932//3078 1039//3078
f 1041//3079 1932//3079 1040//3079
f 1042//3080 1932//3080 1041//3080
f 1043//3081 1932//3081 1042//3081
f 1931//3082 1932//3082 1043//3082
f 1932//3083 1933//3083 1934//3083
f 1931//3084 1933//3084 1932//3084
f 1932//3085 1929//3085 1928//3085
f 1932//3086 1928//3086 1133//3086
f 1935//3087 1268//3087 1223//3087
f 1935//3088 1936//3088 1268//3088
f 1166//3089 1937//3089 1223//3089
f 1223//3090 1937//3090 1935//3090
f 1938//3091 1273//3091 1939//3091
f 1937//3092 1274//3092 1938//3092
f 1166//3093 1274//3093 1937//3093
f 1938//3094 1274//3094 1273//3094
f 1940//3095 1941//3095 1167//3095
f 1167//3096 1941//3096 1165//3096
f 1165//3097 1942//3097 1164//3097
f 1941//3098 1942//3098 1165//3098
f 1164//3099 1943//3099 1163//3099
f 1942//3100 1943//3100 1164//3100
f 1163//3101 1944//3101 1162//3101
f 1943//3102 1944//3102 1163//3102
f 1162//3103 1945//3103 1160//3103
f 1160//3104 1945//3104 1158//3104
f 1944//3105 1945//3105 1162//3105
f 1945//3106 1946//3106 1158//3106
f 1158//3107 1947//3107 1156//3107
f 1156//3108 1947//3108 1154//3108
f 1946//3109 1947//3109 1158//3109
f 1947//3110 1948//3110 1154//3110
f 1154//3111 1949//3111 1152//3111
f 1948//3112 1949//3112 1154//3112
f 1152//3113 1950//3113 1150//3113
f 1949//3114 1950//3114 1152//3114
f 1950//3115 1951//3115 1150//3115
f 1150//3116 1951//3116 1148//3116
f 1148//3117 1951//3117 1146//3117
f 1951//3118 1952//3118 1146//3118
f 1146//3119 1952//3119 1144//3119
f 1952//3120 1953//3120 1144//3120
f 1953//3121 1954//3121 1144//3121
f 1144//3122 1954//3122 1142//3122
f 1954//3123 1955//3123 1142//3123
f 1142//3124 1955//3124 1139//3124
f 1139//3125 1955//3125 1140//3125
f 1955//3126 1956//3126 1140//3126
f 1956//3127 1957//3127 1140//3127
f 1140//3128 1957//3128 1141//3128
f 1141//3129 1957//3129 1143//3129
f 1957//3130 1958//3130 1143//3130
f 1958//3131 1959//3131 1143//3131
f 1143//3132 1959//3132 1145//3132
f 1959//3133 1960//3133 1145//3133
f 1145//3134 1960//3134 1147//3134
f 1960//3135 1961//3135 1147//3135
f 1147//3136 1961//3136 1149//3136
f 1149//3137 1961//3137 1151//3137
f 1961//3138 1962//3138 1151//3138
f 1151//3139 1963//3139 1153//3139
f 1962//3140 1963//3140 1151//3140
f 1153//3141 1964//3141 1155//3141
f 1963//3142 1964//3142 1153//3142
f 1155//3143 1964//3143 1157//3143
f 1964//3144 1965//3144 1157//3144
f 1157//3145 1966//3145 1159//3145
f 1159//3146 1966//3146 1161//3146
f 1965//3147 1966//3147 1157//3147
f 1966//3148 1967//3148 1161//3148
f 1161//3149 1968//3149 1264//3149
f 1264//3150 1968//3150 1263//3150
f 1967//3151 1968//3151 1161//3151
f 1263//3152 1969//3152 1262//3152
f 1968//3153 1969//3153 1263//3153
f 1969//3154 1970//3154 1262//3154
f 1262//3155 1971//3155 1261//3155
f 1261//3156 1971//3156 1265//3156
f 1970//3157 1971//3157 1262//3157
f 1265//3158 1972//3158 1266//3158
f 1971//3159 1972//3159 1265//3159
f 1972//3160 1973//3160 1266//3160
f 1266//3161 1974//3161 1194//3161
f 1194//3162 1974//3162 1195//3162
f 1973//3163 1974//3163 1266//3163
f 1195//3164 1975//3164 1196//3164
f 1974//3165 1975//3165 1195//3165
f 1196//3166 1976//3166 1197//3166
f 1975//3167 1976//3167 1196//3167
f 1976//3168 1977//3168 1197//3168
f 1977//3169 1978//3169 1197//3169
f 1197//3170 1978//3170 1198//3170
f 1978//3171 1979//3171 1198//3171
f 1198//3172 1979//3172 1199//3172
f 1979//3173 1980//3173 1199//3173
f 1199//3174 1980//3174 1200//3174
f 1980//3175 1981//3175 1200//3175
f 1200//3176 1981//3176 1201//3176
f 1981//3177 1982//3177 1201//3177
f 1201//3178 1982//3178 1202//3178
f 1982//3179 1983//3179 1202//3179
f 1202//3180 1983//3180 1203//3180
f 1983//3181 1984//3181 1203//3181
f 1203//3182 1984//3182 1204//3182
f 1984//3183 1985//3183 1204//3183
f 1204//3184 1985//3184 1205//3184
f 1985//3185 1986//3185 1205//3185
f 1205//3186 1986//3186 1206//3186
f 1986//3187 1987//3187 1206//3187
f 1206//3188 1987//3188 1207//3188
f 1987//3189 1988//3189 1207//3189
f 1207//3190 1988//3190 1208//3190
f 1988//3191 1989//3191 1208//3191
f 1208//3192 1989//3192 1209//3192
f 1989//3193 1990//3193 1209//3193
f 1209//3194 1990//3194 1210//3194
f 1210//3195 1990//3195 1211//3195
f 1990//3196 1991//3196 1211//3196
f 1991//3197 1992//3197 1211//3197
f 1211//3198 1992//3198 1212//3198
f 1992//3199 1993//3199 1212//3199
f 1212//3200 1993//3200 1213//3200
f 1993//3201 1994//3201 1213//3201
f 1213//3202 1994//3202 1214//3202
f 1994//3203 1995//3203 1214//3203
f 1214//3204 1995//3204 1215//3204
f 1995//3205 1996//3205 1215//3205
f 1215//3206 1996//3206 1216//3206
f 1996//3207 1997//3207 1216//3207
f 1216//3208 1997//3208 1217//3208
f 1217//3209 1997//3209 1218//3209
f 1997//3210 1998//3210 1218//3210
f 1218//3211 1999//3211 1219//3211
f 1998//3212 1999//3212 1218//3212
f 1219//3213 2000//3213 1220//3213
f 1999//3214 2000//3214 1219//3214
f 1220//3215 2001//3215 1221//3215
f 2000//3216 2001//3216 1220//3216
f 2001//3217 2002//3217 1221//3217
f 1221//3218 2002//3218 1222//3218
f 2002//3219 2003//3219 1222//3219
f 1222//3220 2003//3220 1224//3220
f 2003//3221 2004//3221 1224//3221
f 1224//3222 2004//3222 1225//3222
f 2004//3223 2005//3223 1225//3223
f 1225//3224 2005//3224 1226//3224
f 2005//3225 2006//3225 1226//3225
f 1226//3226 2006//3226 1227//3226
f 2006//3227 2007//3227 1227//3227
f 1227//3228 2007//3228 1228//3228
f 2007//3229 2008//3229 1228//3229
f 1228//3230 2008//3230 1229//3230
f 2008//3231 2009//3231 1229//3231
f 1229//3232 2009//3232 1230//3232
f 2009//3233 2010//3233 1230//3233
f 1230//3234 2010//3234 1231//3234
f 2010//3235 2011//3235 1231//3235
f 1231//3236 2011//3236 1232//3236
f 2011//3237 2012//3237 1232//3237
f 1232//3238 2012//3238 1233//3238
f 2012//3239 2013//3239 1233//3239
f 1233//3240 2013//3240 1234//3240
f 2013//3241 2014//3241 1234//3241
f 1234//3242 2014//3242 1235//3242
f 1235//3243 2015//3243 1236//3243
f 2014//3244 2015//3244 1235//3244
f 1236//3245 2016//3245 1237//3245
f 2015//3246 2016//3246 1236//3246
f 1237//3247 2017//3247 1238//3247
f 2016//3248 2017//3248 1237//3248
f 1238//3249 2018//3249 1239//3249
f 2017//3250 2018//3250 1238//3250
f 1239//3251 2019//3251 1240//3251
f 2018//3252 2019//3252 1239//3252
f 1240//3253 2020//3253 1241//3253
f 2019//3254 2020//3254 1240//3254
f 1241//3255 2021//3255 1242//3255
f 1242//3256 2021//3256 1243//3256
f 2020//3257 2021//3257 1241//3257
f 2021//3258 2022//3258 1243//3258
f 1243//3259 2023//3259 1244//3259
f 2022//3260 2023//3260 1243//3260
f 1244//3261 2024//3261 1245//3261
f 2023//3262 2024//3262 1244//3262
f 1245//3263 2025//3263 1246//3263
f 2024//3264 2025//3264 1245//3264
f 1246//3265 2026//3265 1247//3265
f 1247//3266 2026//3266 1248//3266
f 2025//3267 2026//3267 1246//3267
f 2026//3268 2027//3268 1248//3268
f 1248//3269 2027//3269 1249//3269
f 2027//3270 2028//3270 1249//3270
f 2028//3271 2029//3271 1249//3271
f 1249//3272 2029//3272 1250//3272
f 2029//3273 2030//3273 1250//3273
f 1250//3274 2030//3274 1251//3274
f 2030//3275 2031//3275 1251//3275
f 1251//3276 2031//3276 1252//3276
f 1252//3277 2032//3277 1255//3277
f 2031//3278 2032//3278 1252//3278
f 1255//3279 2033//3279 1254//3279
f 2032//3280 2033//3280 1255//3280
f 1254//3281 2034//3281 1253//3281
f 2033//3282 2034//3282 1254//3282
f 1253//3283 2035//3283 1256//3283
f 1256//3284 2035//3284 1257//3284
f 2034//3285 2035//3285 1253//3285
f 2035//3286 2036//3286 1257//3286
f 1257//3287 2037//3287 1258//3287
f 2036//3288 2037//3288 1257//3288
f 1258//3289 2038//3289 1259//3289
f 1259//3290 2038//3290 1260//3290
f 2037//3291 2038//3291 1258//3291
f 1260//3292 2039//3292 1193//3292
f 2038//3293 2039//3293 1260//3293
f 1193//3294 2040//3294 1192//3294
f 2039//3295 2040//3295 1193//3295
f 2040//3296 2041//3296 1192//3296
f 1192//3297 2042//3297 1191//3297
f 2041//3298 2042//3298 1192//3298
f 1191//3299 2043//3299 1190//3299
f 1190//3300 2043//3300 1189//3300
f 2042//3301 2043//3301 1191//3301
f 2043//3302 2044//3302 1189//3302
f 1189//3303 2045//3303 1188//3303
f 1188//3304 2045//3304 1187//3304
f 2044//3305 2045//3305 1189//3305
f 2045//3306 2046//3306 1187//3306
f 1187//3307 2046//3307 1186//3307
f 2046//3308 2047//3308 1186//3308
f 1186//3309 2048//3309 1185//3309
f 1185//3310 2048//3310 1184//3310
f 2047//3311 2048//3311 1186//3311
f 2048//3312 2049//3312 1184//3312
f 1184//3313 2050//3313 1183//3313
f 2049//3314 2050//3314 1184//3314
f 1183//3315 2051//3315 1182//3315
f 2050//3316 2051//3316 1183//3316
f 2051//3317 2052//3317 1182//3317
f 1182//3318 2052//3318 1181//3318
f 2052//3319 2053//3319 1181//3319
f 1181//3320 2053//3320 1180//3320
f 1180//3321 2053//3321 1179//3321
f 2053//3322 2054//3322 1179//3322
f 2054//3323 2055//3323 1179//3323
f 1179//3324 2055//3324 1178//3324
f 2055//3325 2056//3325 1178//3325
f 1178//3326 2056//3326 1177//3326
f 2056//3327 2057//3327 1177//3327
f 1177//3328 2057//3328 1176//3328
f 2057//3329 2058//3329 1176//3329
f 1176//3330 2058//3330 1175//3330
f 2058//3331 2059//3331 1175//3331
f 1175//3332 2059//3332 1174//3332
f 2059//3333 2060//3333 1174//3333
f 1174//3334 2060//3334 1173//3334
f 2060//3335 2061//3335 1173//3335
f 1173//3336 2061//3336 1172//3336
f 2061//3337 2062//3337 1172//3337
f 1172//3338 2062//3338 1171//3338
f 2062//3339 2063//3339 1171//3339
f 1171//3340 2063//3340 1170//3340
f 1170//3341 2064//3341 1169//3341
f 2063//3342 2064//3342 1170//3342
f 2064//3343 2065//3343 1169//3343
f 1169//3344 2065//3344 1168//3344
f 1168//3345 2065//3345 1167//3345
f 2065//3346 1940//3346 1167//3346
f 1268//3347 1936//3347 2066//3347
f 2067//3348 2066//3348 2068//3348
f 1267//3349 2066//3349 2067//3349
f 1267//3350 1268//3350 2066//3350
f 2067//3351 1269//3351 1267//3351
f 2067//3352 2069//3352 1269//3352
f 2070//3353 1269//3353 2069//3353
f 2070//3354 2069//3354 2071//3354
f 1271//3355 2070//3355 2072//3355
f 1271//3356 1269//3356 2070//3356
f 2072//3357 2073//3357 1271//3357
f 2073//3358 1270//3358 1271//3358
f 2074//3359 1291//3359 2073//3359
f 2073//3360 1291//3360 1270//3360
f 1291//3361 2074//3361 2075//3361
f 2076//3362 2075//3362 2077//3362
f 1292//3363 2075//3363 2076//3363
f 1292//3364 1291//3364 2075//3364
f 2076//3365 2078//3365 1292//3365
f 2078//3366 1290//3366 1292//3366
f 2079//3367 1290//3367 2078//3367
f 2079//3368 2078//3368 2080//3368
f 1287//3369 2079//3369 2081//3369
f 1287//3370 1290//3370 2079//3370
f 2081//3371 1288//3371 1287//3371
f 2082//3372 1288//3372 2081//3372
f 1288//3373 2082//3373 2083//3373
f 2084//3374 2083//3374 2085//3374
f 1289//3375 2083//3375 2084//3375
f 1289//3376 1288//3376 2083//3376
f 2084//3377 1284//3377 1289//3377
f 2086//3378 1284//3378 2084//3378
f 2087//3379 1284//3379 2086//3379
f 2087//3380 2086//3380 2088//3380
f 1285//3381 2087//3381 2089//3381
f 1285//3382 1284//3382 2087//3382
f 2090//3383 1286//3383 2089//3383
f 2089//3384 1286//3384 1285//3384
f 1286//3385 2090//3385 2091//3385
f 2092//3386 2091//3386 2093//3386
f 1283//3387 2091//3387 2092//3387
f 1283//3388 1286//3388 2091//3388
f 2092//3389 2094//3389 1283//3389
f 2094//3390 1280//3390 1283//3390
f 2095//3391 1280//3391 2094//3391
f 2095//3392 2094//3392 2096//3392
f 1281//3393 2095//3393 2097//3393
f 1281//3394 1280//3394 2095//3394
f 2098//3395 1282//3395 2097//3395
f 2097//3396 1282//3396 1281//3396
f 1282//3397 2098//3397 2099//3397
f 2100//3398 2099//3398 2101//3398
f 1279//3399 2099//3399 2100//3399
f 1279//3400 1282//3400 2099//3400
f 2100//3401 2102//3401 1279//3401
f 2102//3402 1276//3402 1279//3402
f 2103//3403 1276//3403 2102//3403
f 2103//3404 2102//3404 2104//3404
f 1277//3405 2103//3405 2105//3405
f 1277//3406 1276//3406 2103//3406
f 2106//3407 1278//3407 2105//3407
f 2105//3408 1278//3408 1277//3408
f 1278//3409 2106//3409 2107//3409
f 2108//3410 2107//3410 2109//3410
f 1275//3411 2107//3411 2108//3411
f 1275//3412 1278//3412 2107//3412
f 2108//3413 2110//3413 1275//3413
f 2110//3414 1272//3414 1275//3414
f 2111//3415 1272//3415 2110//3415
f 2111//3416 2110//3416 2112//3416
f 1273//3417 2111//3417 1939//3417
f 1273//3418 1272//3418 2111//3418
f 2113//3419 1934//3419 1933//3419
f 2113//3420 1933//3420 1294//3420
f 1293//3421 2114//3421 2113//3421
f 1293//3422 2113//3422 1294//3422
f 1295//3423 1294//3423 1933//3423
f 1295//3424 1933//3424 2115//3424
f 2116//3425 1296//3425 1295//3425
f 2116//3426 1295//3426 2115//3426
f 2116//3427 2115//3427 2117//3427
f 2118//3428 1296//3428 2116//3428
f 1293//3429 1296//3429 2114//3429
f 2114//3430 1296//3430 2118//3430
f 2119//3431 2120//3431 2121//3431
f 1408//3432 2119//3432 1407//3432
f 1406//3433 1407//3433 2119//3433
f 1409//3434 2119//3434 1408//3434
f 1405//3435 2119//3435 2121//3435
f 1405//3436 1406//3436 2119//3436
f 1410//3437 2119//3437 1409//3437
f 1404//3438 1405//3438 2121//3438
f 1411//3439 2119//3439 1410//3439
f 1403//3440 1404//3440 2121//3440
f 1412//3441 2119//3441 1411//3441
f 1402//3442 1403//3442 2121//3442
f 1413//3443 2119//3443 1412//3443
f 1401//3444 1402//3444 2121//3444
f 1414//3445 2119//3445 1413//3445
f 1400//3446 2121//3446 2122//3446
f 1400//3447 1401//3447 2121//3447
f 1415//3448 2119//3448 1414//3448
f 1399//3449 1400//3449 2122//3449
f 1416//3450 2119//3450 1415//3450
f 1398//3451 1399//3451 2122//3451
f 1417//3452 2119//3452 1416//3452
f 1397//3453 1398//3453 2122//3453
f 1418//3454 2119//3454 1417//3454
f 1396//3455 1397//3455 2122//3455
f 1419//3456 2119//3456 1418//3456
f 1395//3457 1396//3457 2122//3457
f 1420//3458 2119//3458 1419//3458
f 1394//3459 1395//3459 2122//3459
f 1421//3460 2119//3460 1420//3460
f 1393//3461 1394//3461 2122//3461
f 1422//3462 2119//3462 1421//3462
f 1392//3463 1393//3463 2122//3463
f 1297//3464 2119//3464 1422//3464
f 1391//3465 1392//3465 2122//3465
f 1298//3466 2119//3466 1297//3466
f 1390//3467 1391//3467 2122//3467
f 1299//3468 2119//3468 1298//3468
f 1389//3469 1390//3469 2122//3469
f 1300//3470 2119//3470 1299//3470
f 1388//3471 1389//3471 2122//3471
f 1301//3472 2119//3472 1300//3472
f 1387//3473 1388//3473 2122//3473
f 1302//3474 2119//3474 1301//3474
f 1386//3475 1387//3475 2122//3475
f 1303//3476 2119//3476 1302//3476
f 1385//3477 1386//3477 2122//3477
f 1304//3478 2119//3478 1303//3478
f 1384//3479 1385//3479 2122//3479
f 1305//3480 2119//3480 1304//3480
f 1383//3481 1384//3481 2122//3481
f 1306//3482 2119//3482 1305//3482
f 1382//3483 1383//3483 2122//3483
f 1307//3484 2119//3484 1306//3484
f 1381//3485 1382//3485 2122//3485
f 1308//3486 2119//3486 1307//3486
f 1380//3487 1381//3487 2122//3487
f 1309//3488 2119//3488 1308//3488
f 1379//3489 1380//3489 2122//3489
f 1310//3490 2119//3490 1309//3490
f 1378//3491 1379//3491 2122//3491
f 1311//3492 2119//3492 1310//3492
f 1377//3493 1378//3493 2122//3493
f 1312//3494 2119//3494 1311//3494
f 1376//3495 1377//3495 2122//3495
f 1313//3496 2119//3496 1312//3496
f 1375//3497 1376//3497 2122//3497
f 1314//3498 2119//3498 1313//3498
f 1374//3499 1375//3499 2122//3499
f 1315//3500 2119//3500 1314//3500
f 1316//3501 2119//3501 1315//3501
f 1317//3502 2119//3502 1316//3502
f 2123//3503 1325//3503 1326//3503
f 2123//3504 1326//3504 1327//3504
f 2123//3505 1327//3505 1328//3505
f 2123//3506 1328//3506 1329//3506
f 2123//3507 1329//3507 1330//3507
f 2123//3508 1330//3508 1331//3508
f 2123//3509 1331//3509 1332//3509
f 2123//3510 1332//3510 1333//3510
f 2123//3511 1333//3511 1334//3511
f 2123//3512 1334//3512 1335//3512
f 2123//3513 1335//3513 1336//3513
f 2123//3514 1336//3514 1337//3514
f 2123//3515 1337//3515 1338//3515
f 2123//3516 1338//3516 1339//3516
f 2123//3517 1339//3517 1340//3517
f 2123//3518 1340//3518 1341//3518
f 2124//3519 2123//3519 1341//3519
f 2124//3520 1341//3520 1342//3520
f 2124//3521 1342//3521 1343//3521
f 2124//3522 1343//3522 1344//3522
f 2124//3523 1344//3523 1345//3523
f 2124//3524 1345//3524 1346//3524
f 2125//3525 1346//3525 1347//3525
f 2125//3526 1347//3526 1348//3526
f 2125//3527 1348//3527 1349//3527
f 2125//3528 1349//3528 1350//3528
f 2125//3529 1350//3529 1351//3529
f 2125//3530 1351//3530 1352//3530
f 2125//3531 1352//3531 1353//3531
f 2125//3532 1353//3532 1354//3532
f 2125//3533 1354//3533 1355//3533
f 2125//3534 1355//3534 1356//3534
f 2125//3535 1356//3535 1357//3535
f 2125//3536 1357//3536 1358//3536
f 2125//3537 1358//3537 1359//3537
f 2125//3538 1359//3538 1360//3538
f 2125//3539 1360//3539 1361//3539
f 2125//3540 1361//3540 1362//3540
f 2125//3541 1362//3541 1363//3541
f 2125//3542 1363//3542 1364//3542
f 2125//3543 1364//3543 1365//3543
f 2125//3544 1365//3544 1366//3544
f 2125//3545 1374//3545 2122//3545
f 2125//3546 1366//3546 1367//3546
f 2125//3547 1367//3547 1368//3547
f 2125//3548 1368//3548 1369//3548
f 2125//3549 1369//3549 1370//3549
f 2125//3550 1370//3550 1371//3550
f 2125//3551 1371//3551 1372//3551
f 2125//3552 1372//3552 1373//3552
f 2125//3553 1373//3553 1374//3553
f 2125//3554 2124//3554 1346//3554
f 2123//3555 2119//3555 1325//3555
f 1325//3556 2119//3556 1324//3556
f 1324//3557 2119//3557 1323//3557
f 1323//3558 2119//3558 1322//3558
f 1322//3559 2119//3559 1321//3559
f 1321//3560 2119//3560 1320//3560
f 1320//3561 2119//3561 1319//3561
f 1319//3562 2119//3562 1318//3562
f 1318//3563 2119//3563 1317//3563
f 2126//3564 1501//3564 1502//3564
f 1502//3565 1503//3565 2126//3565
f 2126//3566 1500//3566 1501//3566
f 1503//3567 1504//3567 2126//3567
f 2126//3568 1499//3568 1500//3568
f 1504//3569 1505//3569 2126//3569
f 2126//3570 1498//3570 1499//3570
f 1505//3571 1506//3571 2126//3571
f 2126//3572 1497//3572 1498//3572
f 1506//3573 1507//3573 2126//3573
f 2126//3574 1496//3574 1497//3574
f 1507//3575 1508//3575 2126//3575
f 2126//3576 1495//3576 1496//3576
f 1508//3577 1509//3577 2126//3577
f 2126//3578 1494//3578 1495//3578
f 1509//3579 1510//3579 2126//3579
f 2126//3580 1493//3580 1494//3580
f 1510//3581 1511//3581 2126//3581
f 2126//3582 1492//3582 1493//3582
f 1511//3583 1512//3583 2126//3583
f 2126//3584 1491//3584 1492//3584
f 1512//3585 1513//3585 2126//3585
f 2126//3586 1490//3586 1491//3586
f 1513//3587 1514//3587 2126//3587
f 2126//3588 1489//3588 1490//3588
f 1514//3589 1515//3589 2126//3589
f 2126//3590 1488//3590 1489//3590
f 1515//3591 1516//3591 2126//3591
f 2126//3592 1487//3592 1488//3592
f 1516//3593 1517//3593 2126//3593
f 2126//3594 1486//3594 1487//3594
f 1517//3595 1518//3595 2126//3595
f 2126//3596 1485//3596 1486//3596
f 2126//3597 1484//3597 1485//3597
f 2126//3598 1483//3598 1484//3598
f 2126//3599 1482//3599 1483//3599
f 2126//3600 1481//3600 1482//3600
f 2126//3601 1480//3601 1481//3601
f 2126//3602 1479//3602 1480//3602
f 1518//3603 2127//3603 2126//3603
f 1519//3604 2127//3604 1518//3604
f 1520//3605 2127//3605 1519//3605
f 1521//3606 2127//3606 1520//3606
f 1522//3607 2127//3607 1521//3607
f 1523//3608 2127//3608 1522//3608
f 1524//3609 2127//3609 1523//3609
f 1525//3610 2127//3610 1524//3610
f 1526//3611 2127//3611 1525//3611
f 1527//3612 2127//3612 1526//3612
f 1528//3613 2127//3613 1527//3613
f 1529//3614 2127//3614 1528//3614
f 1530//3615 2127//3615 1529//3615
f 1531//3616 2127//3616 1530//3616
f 1532//3617 2127//3617 1531//3617
f 1533//3618 2127//3618 1532//3618
f 1534//3619 2127//3619 1533//3619
f 1535//3620 2127//3620 1534//3620
f 1536//3621 2127//3621 1535//3621
f 1537//3622 2127//3622 1536//3622
f 1538//3623 2127//3623 1537//3623
f 1539//3624 2127//3624 1538//3624
f 1540//3625 2127//3625 1539//3625
f 1540//3626 2128//3626 2127//3626
f 1424//3627 2128//3627 1423//3627
f 1425//3628 2128//3628 1424//3628
f 1426//3629 2128//3629 1425//3629
f 1427//3630 2128//3630 1426//3630
f 1428//3631 2128//3631 1427//3631
f 1429//3632 2128//3632 1428//3632
f 1430//3633 2128//3633 1429//3633
f 1431//3634 2128//3634 1430//3634
f 1432//3635 2128//3635 1431//3635
f 1433//3636 2128//3636 1432//3636
f 1434//3637 2128//3637 1433//3637
f 1435//3638 2128//3638 1434//3638
f 1436//3639 2128//3639 1435//3639
f 1541//3640 2128//3640 1540//3640
f 1542//3641 2128//3641 1541//3641
f 1543//3642 2128//3642 1542//3642
f 1544//3643 2128//3643 1543//3643
f 1545//3644 2128//3644 1544//3644
f 1546//3645 2128//3645 1545//3645
f 1547//3646 2128//3646 1546//3646
f 1548//3647 2128//3647 1547//3647
f 1423//3648 2128//3648 1548//3648
f 2126//3649 2129//3649 1479//3649
f 1447//3650 2129//3650 1446//3650
f 1448//3651 2129//3651 1447//3651
f 1449//3652 2129//3652 1448//3652
f 1450//3653 2129//3653 1449//3653
f 1451//3654 2129//3654 1450//3654
f 1452//3655 2129//3655 1451//3655
f 1453//3656 2129//3656 1452//3656
f 1454//3657 2129//3657 1453//3657
f 1455//3658 2129//3658 1454//3658
f 1456//3659 2129//3659 1455//3659
f 1457//3660 2129//3660 1456//3660
f 1458//3661 2129//3661 1457//3661
f 1459//3662 2129//3662 1458//3662
f 1460//3663 2129//3663 1459//3663
f 1461//3664 2129//3664 1460//3664
f 1462//3665 2129//3665 1461//3665
f 1463//3666 2129//3666 1462//3666
f 1464//3667 2129//3667 1463//3667
f 1465//3668 2129//3668 1464//3668
f 1466//3669 2129//3669 1465//3669
f 1467//3670 2129//3670 1466//3670
f 1468//3671 2129//3671 1467//3671
f 1469//3672 2129//3672 1468//3672
f 1470//3673 2129//3673 1469//3673
f 1471//3674 2129//3674 1470//3674
f 1472//3675 2129//3675 1471//3675
f 1473//3676 2129//3676 1472//3676
f 1474//3677 2129//3677 1473//3677
f 1475//3678 2129//3678 1474//3678
f 1476//3679 2129//3679 1475//3679
f 1477//3680 2129//3680 1476//3680
f 1478//3681 2129//3681 1477//3681
f 1479//3682 2129//3682 1478//3682
f 2129//3683 2130//3683 1446//3683
f 1437//3684 2130//3684 1436//3684
f 1438//3685 2130//3685 1437//3685
f 1439//3686 2130//3686 1438//3686
f 1440//3687 2130//3687 1439//3687
f 1441//3688 2130//3688 1440//3688
f 1442//3689 2130//3689 1441//3689
f 1443//3690 2130//3690 1442//3690
f 1444//3691 2130//3691 1443//3691
f 1445//3692 2130//3692 1444//3692
f 1446//3693 2130//3693 1445//3693
f 1436//3694 2130//3694 2128//3694
f 2129//3695 2131//3695 2130//3695
f 2130//3696 2132//3696 2128//3696
f 2128//3697 2132//3697 2133//3697
f 2133//3698 2068//3698 2134//3698
f 2134//3699 2068//3699 2066//3699
f 2132//3700 2068//3700 2133//3700
f 2135//3701 2068//3701 2132//3701
f 2126//3702 2136//3702 2129//3702
f 2136//3703 2137//3703 2129//3703
f 2071//3704 2138//3704 2070//3704
f 2071//3705 1627//3705 1628//3705
f 1628//3706 1629//3706 2071//3706
f 2071//3707 1626//3707 1627//3707
f 1629//3708 1630//3708 2071//3708
f 2071//3709 1625//3709 1626//3709
f 1630//3710 1631//3710 2071//3710
f 2071//3711 1624//3711 1625//3711
f 1631//3712 1632//3712 2071//3712
f 2071//3713 1623//3713 1624//3713
f 1632//3714 1633//3714 2071//3714
f 2071//3715 1622//3715 1623//3715
f 1633//3716 1634//3716 2071//3716
f 1634//3717 1635//3717 2071//3717
f 1635//3718 1636//3718 2071//3718
f 1636//3719 1637//3719 2071//3719
f 1637//3720 1638//3720 2071//3720
f 1638//3721 1639//3721 2071//3721
f 1639//3722 1640//3722 2071//3722
f 1640//3723 1641//3723 2071//3723
f 1641//3724 1642//3724 2071//3724
f 1642//3725 1643//3725 2071//3725
f 1643//3726 1644//3726 2071//3726
f 2068//3727 2139//3727 2071//3727
f 2135//3728 2139//3728 2068//3728
f 1613//3729 2139//3729 1612//3729
f 1614//3730 2139//3730 1613//3730
f 1615//3731 2139//3731 1614//3731
f 1616//3732 2139//3732 1615//3732
f 1617//3733 2139//3733 1616//3733
f 1618//3734 2139//3734 1617//3734
f 1619//3735 2139//3735 1618//3735
f 1620//3736 2139//3736 1619//3736
f 1621//3737 2139//3737 1620//3737
f 1622//3738 2139//3738 1621//3738
f 2071//3739 2139//3739 1622//3739
f 2139//3740 1611//3740 1612//3740
f 1644//3741 1645//3741 2071//3741
f 2139//3742 1610//3742 1611//3742
f 1645//3743 1646//3743 2071//3743
f 2139//3744 1609//3744 1610//3744
f 1646//3745 1647//3745 2071//3745
f 2139//3746 1608//3746 1609//3746
f 1647//3747 1648//3747 2071//3747
f 2139//3748 1607//3748 1608//3748
f 1648//3749 1649//3749 2071//3749
f 2139//3750 1606//3750 1607//3750
f 1649//3751 1650//3751 2071//3751
f 2139//3752 1605//3752 1606//3752
f 1650//3753 1651//3753 2071//3753
f 2139//3754 1604//3754 1605//3754
f 1651//3755 1652//3755 2071//3755
f 2139//3756 1603//3756 1604//3756
f 1652//3757 1653//3757 2071//3757
f 2139//3758 1602//3758 1603//3758
f 1653//3759 1654//3759 2071//3759
f 2139//3760 1601//3760 1602//3760
f 1654//3761 1655//3761 2071//3761
f 2139//3762 1600//3762 1601//3762
f 1655//3763 1656//3763 2071//3763
f 2139//3764 1599//3764 1600//3764
f 1656//3765 1657//3765 2071//3765
f 2139//3766 1598//3766 1599//3766
f 1657//3767 1658//3767 2071//3767
f 2139//3768 1597//3768 1598//3768
f 2071//3769 1659//3769 2138//3769
f 1658//3770 1659//3770 2071//3770
f 2139//3771 1596//3771 1597//3771
f 1659//3772 1660//3772 2138//3772
f 2139//3773 1595//3773 1596//3773
f 1660//3774 1661//3774 2138//3774
f 2139//3775 1594//3775 1595//3775
f 1661//3776 1662//3776 2138//3776
f 2139//3777 1593//3777 1594//3777
f 1662//3778 1663//3778 2138//3778
f 2139//3779 1592//3779 1593//3779
f 1663//3780 1664//3780 2138//3780
f 2139//3781 1591//3781 1592//3781
f 1664//3782 1665//3782 2138//3782
f 2139//3783 1590//3783 1591//3783
f 1665//3784 1666//3784 2138//3784
f 1666//3785 1667//3785 2138//3785
f 1667//3786 1668//3786 2138//3786
f 1668//3787 1669//3787 2138//3787
f 1669//3788 1670//3788 2138//3788
f 2139//3789 2077//3789 1590//3789
f 1575//3790 2077//3790 1574//3790
f 1576//3791 2077//3791 1575//3791
f 1577//3792 2077//3792 1576//3792
f 1578//3793 2077//3793 1577//3793
f 1579//3794 2077//3794 1578//3794
f 1580//3795 2077//3795 1579//3795
f 1581//3796 2077//3796 1580//3796
f 1582//3797 2077//3797 1581//3797
f 1583//3798 2077//3798 1582//3798
f 1584//3799 2077//3799 1583//3799
f 1585//3800 2077//3800 1584//3800
f 1586//3801 2077//3801 1585//3801
f 1587//3802 2077//3802 1586//3802
f 1588//3803 2077//3803 1587//3803
f 1589//3804 2077//3804 1588//3804
f 1590//3805 2077//3805 1589//3805
f 1568//3806 2077//3806 1567//3806
f 1569//3807 2077//3807 1568//3807
f 1570//3808 2077//3808 1569//3808
f 1571//3809 2077//3809 1570//3809
f 1572//3810 2077//3810 1571//3810
f 1573//3811 2077//3811 1572//3811
f 1574//3812 2077//3812 1573//3812
f 1670//3813 2075//3813 2138//3813
f 1550//3814 2075//3814 1549//3814
f 1551//3815 2075//3815 1550//3815
f 1552//3816 2075//3816 1551//3816
f 1553//3817 2075//3817 1552//3817
f 1554//3818 2075//3818 1553//3818
f 1555//3819 2075//3819 1554//3819
f 1556//3820 2075//3820 1555//3820
f 1557//3821 2075//3821 1556//3821
f 1558//3822 2075//3822 1557//3822
f 1559//3823 2075//3823 1558//3823
f 1560//3824 2075//3824 1559//3824
f 1561//3825 2075//3825 1560//3825
f 1562//3826 2075//3826 1561//3826
f 1563//3827 2075//3827 1562//3827
f 1564//3828 2075//3828 1563//3828
f 1565//3829 2075//3829 1564//3829
f 1566//3830 2075//3830 1565//3830
f 1567//3831 2075//3831 1566//3831
f 1671//3832 2075//3832 1670//3832
f 2077//3833 2075//3833 1567//3833
f 1672//3834 2075//3834 1671//3834
f 1673//3835 2075//3835 1672//3835
f 1674//3836 2075//3836 1673//3836
f 1549//3837 2075//3837 1674//3837
f 2140//3838 1753//3838 1754//3838
f 1754//3839 1755//3839 2140//3839
f 2140//3840 1752//3840 1753//3840
f 1755//3841 1756//3841 2140//3841
f 2140//3842 1751//3842 1752//3842
f 1756//3843 1757//3843 2140//3843
f 2140//3844 1750//3844 1751//3844
f 2140//3845 1749//3845 1750//3845
f 2140//3846 1748//3846 1749//3846
f 2140//3847 1747//3847 1748//3847
f 2140//3848 1746//3848 1747//3848
f 2141//3849 2142//3849 2140//3849
f 2140//3850 2142//3850 1746//3850
f 1738//3851 2142//3851 1737//3851
f 1739//3852 2142//3852 1738//3852
f 1740//3853 2142//3853 1739//3853
f 1741//3854 2142//3854 1740//3854
f 1742//3855 2142//3855 1741//3855
f 1743//3856 2142//3856 1742//3856
f 1744//3857 2142//3857 1743//3857
f 1745//3858 2142//3858 1744//3858
f 1746//3859 2142//3859 1745//3859
f 2142//3860 1736//3860 1737//3860
f 2142//3861 1735//3861 1736//3861
f 2142//3862 1734//3862 1735//3862
f 2142//3863 1733//3863 1734//3863
f 2142//3864 1732//3864 1733//3864
f 2142//3865 1731//3865 1732//3865
f 2142//3866 1730//3866 1731//3866
f 2142//3867 1729//3867 1730//3867
f 2142//3868 1728//3868 1729//3868
f 2139//3869 2080//3869 2077//3869
f 2142//3870 1727//3870 1728//3870
f 2142//3871 1726//3871 1727//3871
f 2142//3872 1725//3872 1726//3872
f 2142//3873 1724//3873 1725//3873
f 2142//3874 1723//3874 1724//3874
f 2142//3875 1722//3875 1723//3875
f 2142//3876 1721//3876 1722//3876
f 2142//3877 1720//3877 1721//3877
f 2142//3878 1719//3878 1720//3878
f 2142//3879 1718//3879 1719//3879
f 2142//3880 1717//3880 1718//3880
f 2142//3881 1716//3881 1717//3881
f 2142//3882 1715//3882 1716//3882
f 2142//3883 1714//3883 1715//3883
f 2142//3884 1713//3884 1714//3884
f 2142//3885 1712//3885 1713//3885
f 2142//3886 1711//3886 1712//3886
f 2142//3887 1710//3887 1711//3887
f 2142//3888 1709//3888 1710//3888
f 2142//3889 1708//3889 1709//3889
f 2142//3890 1707//3890 1708//3890
f 1777//3891 2143//3891 1776//3891
f 1676//3892 2143//3892 1675//3892
f 1778//3893 2143//3893 1777//3893
f 1779//3894 2143//3894 1778//3894
f 1780//3895 2143//3895 1779//3895
f 1781//3896 2143//3896 1780//3896
f 1782//3897 2143//3897 1781//3897
f 1783//3898 2143//3898 1782//3898
f 1784//3899 2143//3899 1783//3899
f 1785//3900 2143//3900 1784//3900
f 1786//3901 2143//3901 1785//3901
f 1787//3902 2143//3902 1786//3902
f 1788//3903 2143//3903 1787//3903
f 1789//3904 2143//3904 1788//3904
f 1790//3905 2143//3905 1789//3905
f 1791//3906 2143//3906 1790//3906
f 1792//3907 2143//3907 1791//3907
f 1793//3908 2143//3908 1792//3908
f 1794//3909 2143//3909 1793//3909
f 1795//3910 2143//3910 1794//3910
f 1796//3911 2143//3911 1795//3911
f 1797//3912 2143//3912 1796//3912
f 1798//3913 2143//3913 1797//3913
f 1799//3914 2143//3914 1798//3914
f 1800//3915 2143//3915 1799//3915
f 1675//3916 2143//3916 1800//3916
f 1771//3917 2143//3917 1770//3917
f 1772//3918 2143//3918 1771//3918
f 1773//3919 2143//3919 1772//3919
f 1774//3920 2143//3920 1773//3920
f 1775//3921 2143//3921 1774//3921
f 1776//3922 2143//3922 1775//3922
f 2144//3923 2145//3923 2080//3923
f 2080//3924 2145//3924 2079//3924
f 1677//3925 2146//3925 1676//3925
f 1678//3926 2146//3926 1677//3926
f 1679//3927 2146//3927 1678//3927
f 1680//3928 2146//3928 1679//3928
f 1681//3929 2146//3929 1680//3929
f 1682//3930 2146//3930 1681//3930
f 1683//3931 2146//3931 1682//3931
f 1684//3932 2146//3932 1683//3932
f 1676//3933 2146//3933 2143//3933
f 1685//3934 2085//3934 1684//3934
f 1686//3935 2085//3935 1685//3935
f 1687//3936 2085//3936 1686//3936
f 1688//3937 2085//3937 1687//3937
f 1689//3938 2085//3938 1688//3938
f 1690//3939 2085//3939 1689//3939
f 1691//3940 2085//3940 1690//3940
f 1692//3941 2085//3941 1691//3941
f 1693//3942 2085//3942 1692//3942
f 1694//3943 2085//3943 1693//3943
f 1684//3944 2085//3944 2146//3944
f 1705//3945 2147//3945 1704//3945
f 1706//3946 2147//3946 1705//3946
f 1707//3947 2147//3947 1706//3947
f 2142//3948 2147//3948 1707//3948
f 2085//3949 2148//3949 2146//3949
f 2085//3950 2083//3950 2148//3950
f 1696//3951 2149//3951 1695//3951
f 1697//3952 2149//3952 1696//3952
f 1698//3953 2149//3953 1697//3953
f 1699//3954 2149//3954 1698//3954
f 1700//3955 2149//3955 1699//3955
f 1701//3956 2149//3956 1700//3956
f 1702//3957 2149//3957 1701//3957
f 2147//3958 2149//3958 1704//3958
f 1703//3959 2149//3959 1702//3959
f 1704//3960 2149//3960 1703//3960
f 1695//3961 2088//3961 1694//3961
f 1694//3962 2088//3962 2085//3962
f 2149//3963 2088//3963 1695//3963
f 2149//3964 2093//3964 2088//3964
f 2088//3965 2091//3965 2087//3965
f 2093//3966 2091//3966 2088//3966
f 2149//3967 2096//3967 2093//3967
f 2096//3968 2099//3968 2095//3968
f 2101//3969 2099//3969 2096//3969
f 2150//3970 1879//3970 1880//3970
f 1880//3971 1881//3971 2150//3971
f 2150//3972 1878//3972 1879//3972
f 1881//3973 1882//3973 2150//3973
f 2150//3974 1877//3974 1878//3974
f 1882//3975 1883//3975 2150//3975
f 2150//3976 1876//3976 1877//3976
f 1883//3977 1884//3977 2150//3977
f 2150//3978 1875//3978 1876//3978
f 1884//3979 1885//3979 2150//3979
f 2150//3980 1874//3980 1875//3980
f 1885//3981 1886//3981 2150//3981
f 2150//3982 1873//3982 1874//3982
f 1886//3983 1887//3983 2150//3983
f 1887//3984 1888//3984 2150//3984
f 1888//3985 1889//3985 2150//3985
f 1889//3986 1890//3986 2150//3986
f 1890//3987 1891//3987 2150//3987
f 1891//3988 1892//3988 2150//3988
f 1892//3989 1893//3989 2150//3989
f 1893//3990 1894//3990 2150//3990
f 1894//3991 1895//3991 2150//3991
f 1895//3992 1896//3992 2150//3992
f 1896//3993 1897//3993 2150//3993
f 1897//3994 1898//3994 2150//3994
f 1898//3995 1899//3995 2150//3995
f 1899//3996 1900//3996 2150//3996
f 1900//3997 1901//3997 2150//3997
f 2115//3998 2151//3998 2117//3998
f 1859//3999 2151//3999 1858//3999
f 1860//4000 2151//4000 1859//4000
f 1861//4001 2151//4001 1860//4001
f 1862//4002 2151//4002 1861//4002
f 1863//4003 2151//4003 1862//4003
f 1864//4004 2151//4004 1863//4004
f 1865//4005 2151//4005 1864//4005
f 1866//4006 2151//4006 1865//4006
f 1867//4007 2151//4007 1866//4007
f 1868//4008 2151//4008 1867//4008
f 1869//4009 2151//4009 1868//4009
f 2151//4010 1857//4010 1858//4010
f 2151//4011 1856//4011 1857//4011
f 2151//4012 1855//4012 1856//4012
f 1902//4013 2152//4013 1901//4013
f 1903//4014 2152//4014 1902//4014
f 1904//4015 2152//4015 1903//4015
f 1901//4016 2152//4016 2150//4016
f 1904//4017 1905//4017 2152//4017
f 2151//4018 1854//4018 1855//4018
f 1905//4019 1906//4019 2152//4019
f 2151//4020 1853//4020 1854//4020
f 1906//4021 1907//4021 2152//4021
f 2151//4022 1852//4022 1853//4022
f 1907//4023 1908//4023 2152//4023
f 2151//4024 1851//4024 1852//4024
f 1908//4025 1909//4025 2152//4025
f 2151//4026 1850//4026 1851//4026
f 1909//4027 1910//4027 2152//4027
f 2151//4028 1849//4028 1850//4028
f 1910//4029 1911//4029 2152//4029
f 2151//4030 1848//4030 1849//4030
f 1911//4031 1912//4031 2152//4031
f 2151//4032 1847//4032 1848//4032
f 1912//4033 1913//4033 2152//4033
f 2151//4034 1846//4034 1847//4034
f 1913//4035 1914//4035 2152//4035
f 2151//4036 1845//4036 1846//4036
f 1914//4037 1915//4037 2152//4037
f 2151//4038 1844//4038 1845//4038
f 1915//4039 1916//4039 2152//4039
f 2151//4040 1843//4040 1844//4040
f 1916//4041 1917//4041 2152//4041
f 2151//4042 1842//4042 1843//4042
f 1917//4043 1918//4043 2152//4043
f 2151//4044 1841//4044 1842//4044
f 1918//4045 1919//4045 2152//4045
f 2151//4046 1840//4046 1841//4046
f 1919//4047 1920//4047 2152//4047
f 2151//4048 1839//4048 1840//4048
f 1920//4049 1921//4049 2152//4049
f 2151//4050 1838//4050 1839//4050
f 2151//4051 1837//4051 1838//4051
f 2151//4052 1836//4052 1837//4052
f 2151//4053 1835//4053 1836//4053
f 2151//4054 1834//4054 1835//4054
f 2153//4055 2154//4055 2109//4055
f 1803//4056 2155//4056 1802//4056
f 1804//4057 2155//4057 1803//4057
f 1805//4058 2155//4058 1804//4058
f 1806//4059 2155//4059 1805//4059
f 1807//4060 2155//4060 1806//4060
f 1808//4061 2155//4061 1807//4061
f 1809//4062 2155//4062 1808//4062
f 1810//4063 2155//4063 1809//4063
f 1811//4064 2155//4064 1810//4064
f 1812//4065 2155//4065 1811//4065
f 1813//4066 2155//4066 1812//4066
f 1814//4067 2155//4067 1813//4067
f 1815//4068 2155//4068 1814//4068
f 1816//4069 2155//4069 1815//4069
f 1817//4070 2155//4070 1816//4070
f 1818//4071 2155//4071 1817//4071
f 1819//4072 2155//4072 1818//4072
f 1820//4073 2155//4073 1819//4073
f 1821//4074 2155//4074 1820//4074
f 1822//4075 2155//4075 1821//4075
f 1823//4076 2155//4076 1822//4076
f 1824//4077 2155//4077 1823//4077
f 1825//4078 2155//4078 1824//4078
f 1826//4079 2155//4079 1825//4079
f 1827//4080 2155//4080 1826//4080
f 1828//4081 2155//4081 1827//4081
f 1829//4082 2155//4082 1828//4082
f 1830//4083 2155//4083 1829//4083
f 1831//4084 2155//4084 1830//4084
f 1832//4085 2155//4085 1831//4085
f 1833//4086 2155//4086 1832//4086
f 1834//4087 2155//4087 1833//4087
f 2151//4088 2155//4088 1834//4088
f 2115//4089 2155//4089 2151//4089
f 2109//4090 2103//4090 2104//4090
f 2109//4091 2107//4091 2103//4091
f 2156//4092 2112//4092 2154//4092
f 2154//4093 2112//4093 2109//4093
f 2112//4094 2157//4094 2111//4094
f 2156//4095 2157//4095 2112//4095
f 2136//4096 2140//4096 2137//4096
f 2146//4097 2144//4097 2143//4097
f 2115//4098 2157//4098 2155//4098
f 2155//4099 2157//4099 2156//4099
f 2142//4100 2151//4100 1869//4100
f 2142//4101 1869//4101 1870//4101
f 2142//4102 1870//4102 1871//4102
f 2142//4103 1871//4103 1872//4103
f 2142//4104 1872//4104 1873//4104
f 2142//4105 1873//4105 2150//4105
f 2142//4106 2150//4106 2147//4106
f 2143//4107 2137//4107 2140//4107
f 2143//4108 2140//4108 1768//4108
f 2143//4109 1768//4109 1769//4109
f 2143//4110 1769//4110 1770//4110
f 1768//4111 2140//4111 1767//4111
f 1767//4112 2140//4112 1766//4112
f 1766//4113 2140//4113 1765//4113
f 1765//4114 2140//4114 1764//4114
f 1764//4115 2140//4115 1763//4115
f 1763//4116 2140//4116 1762//4116
f 1762//4117 2140//4117 1761//4117
f 1761//4118 2140//4118 1760//4118
f 1760//4119 2140//4119 1759//4119
f 1759//4120 2140//4120 1758//4120
f 1758//4121 2140//4121 1757//4121
f 2139//4122 2143//4122 2144//4122
f 2139//4123 2144//4123 2080//4123
f 2155//4124 2152//4124 1801//4124
f 2155//4125 1801//4125 1802//4125
f 1801//4126 2152//4126 1926//4126
f 1926//4127 2152//4127 1925//4127
f 1925//4128 2152//4128 1924//4128
f 1924//4129 2152//4129 1923//4129
f 1923//4130 2152//4130 1922//4130
f 1922//4131 2152//4131 1921//4131
f 2149//4132 2153//4132 2101//4132
f 2149//4133 2101//4133 2096//4133
f 2101//4134 2153//4134 2104//4134
f 2104//4135 2153//4135 2109//4135
f 1930//4136 1937//4136 1931//4136
f 2051//4137 2050//4137 1930//4137
f 2049//4138 1930//4138 2050//4138
f 2052//4139 2051//4139 1930//4139
f 2048//4140 1930//4140 2049//4140
f 2053//4141 2052//4141 1930//4141
f 2047//4142 1930//4142 2048//4142
f 2054//4143 2053//4143 1930//4143
f 2046//4144 1930//4144 2047//4144
f 2055//4145 2054//4145 1930//4145
f 2045//4146 1930//4146 2046//4146
f 2056//4147 2055//4147 1930//4147
f 2044//4148 1930//4148 2045//4148
f 2057//4149 2056//4149 1930//4149
f 2043//4150 1930//4150 2044//4150
f 2058//4151 2057//4151 1930//4151
f 2042//4152 1930//4152 2043//4152
f 2059//4153 2058//4153 1930//4153
f 2041//4154 1930//4154 2042//4154
f 2060//4155 2059//4155 1930//4155
f 2040//4156 1930//4156 2041//4156
f 2061//4157 2060//4157 1930//4157
f 2062//4158 2061//4158 1930//4158
f 2063//4159 2062//4159 1930//4159
f 2064//4160 2063//4160 1930//4160
f 2065//4161 2064//4161 1930//4161
f 1940//4162 1930//4162 2158//4162
f 1940//4163 2065//4163 1930//4163
f 1941//4164 1940//4164 2158//4164
f 1942//4165 1941//4165 2158//4165
f 1943//4166 1942//4166 2158//4166
f 1944//4167 1943//4167 2158//4167
f 1945//4168 1944//4168 2158//4168
f 1946//4169 1945//4169 2158//4169
f 1947//4170 1946//4170 2158//4170
f 1948//4171 1947//4171 2158//4171
f 1949//4172 1948//4172 2158//4172
f 1950//4173 1949//4173 2158//4173
f 1951//4174 1950//4174 2158//4174
f 1952//4175 1951//4175 2158//4175
f 1953//4176 1952//4176 2158//4176
f 1954//4177 1953//4177 2158//4177
f 1955//4178 1954//4178 2158//4178
f 2136//4179 2033//4179 2032//4179
f 2136//4180 2034//4180 2033//4180
f 2136//4181 2035//4181 2034//4181
f 2136//4182 2036//4182 2035//4182
f 2136//4183 2037//4183 2036//4183
f 2136//4184 2038//4184 2037//4184
f 2136//4185 2039//4185 2038//4185
f 2136//4186 2040//4186 2039//4186
f 2136//4187 1930//4187 2040//4187
f 2136//4188 2020//4188 2019//4188
f 2136//4189 2021//4189 2020//4189
f 2136//4190 2022//4190 2021//4190
f 2136//4191 2023//4191 2022//4191
f 2136//4192 2024//4192 2023//4192
f 2136//4193 2025//4193 2024//4193
f 2136//4194 2026//4194 2025//4194
f 2136//4195 2027//4195 2026//4195
f 2136//4196 2028//4196 2027//4196
f 2136//4197 2029//4197 2028//4197
f 2136//4198 2030//4198 2029//4198
f 2136//4199 2031//4199 2030//4199
f 2136//4200 2032//4200 2031//4200
f 1956//4201 1955//4201 2158//4201
f 2018//4202 2136//4202 2019//4202
f 1957//4203 1956//4203 2158//4203
f 2017//4204 2136//4204 2018//4204
f 1958//4205 1957//4205 2158//4205
f 2016//4206 2136//4206 2017//4206
f 1959//4207 1958//4207 2158//4207
f 2015//4208 2136//4208 2016//4208
f 1960//4209 1959//4209 2158//4209
f 2014//4210 2136//4210 2015//4210
f 1961//4211 1960//4211 2158//4211
f 2013//4212 2136//4212 2014//4212
f 1962//4213 1961//4213 2158//4213
f 2012//4214 2136//4214 2013//4214
f 1963//4215 1962//4215 2158//4215
f 2011//4216 2136//4216 2012//4216
f 1964//4217 1963//4217 2158//4217
f 2010//4218 2136//4218 2011//4218
f 1965//4219 1964//4219 2158//4219
f 2009//4220 2136//4220 2010//4220
f 1966//4221 1965//4221 2158//4221
f 2008//4222 2136//4222 2009//4222
f 2007//4223 2136//4223 2008//4223
f 2006//4224 2136//4224 2007//4224
f 2005//4225 2136//4225 2006//4225
f 2004//4226 2136//4226 2005//4226
f 2003//4227 2136//4227 2004//4227
f 2159//4228 1966//4228 2158//4228
f 2159//4229 2136//4229 2003//4229
f 2159//4230 1967//4230 1966//4230
f 2159//4231 1968//4231 1967//4231
f 2159//4232 1969//4232 1968//4232
f 2159//4233 1970//4233 1969//4233
f 2159//4234 1971//4234 1970//4234
f 2159//4235 1972//4235 1971//4235
f 2159//4236 1973//4236 1972//4236
f 2159//4237 1974//4237 1973//4237
f 2159//4238 1975//4238 1974//4238
f 2159//4239 1976//4239 1975//4239
f 2159//4240 1977//4240 1976//4240
f 2159//4241 1978//4241 1977//4241
f 2159//4242 1979//4242 1978//4242
f 2159//4243 1980//4243 1979//4243
f 2159//4244 1981//4244 1980//4244
f 2159//4245 1982//4245 1981//4245
f 2159//4246 1983//4246 1982//4246
f 2159//4247 1984//4247 1983//4247
f 2159//4248 1985//4248 1984//4248
f 2159//4249 1986//4249 1985//4249
f 2159//4250 1987//4250 1986//4250
f 2159//4251 1988//4251 1987//4251
f 2159//4252 1989//4252 1988//4252
f 2159//4253 1990//4253 1989//4253
f 2159//4254 1991//4254 1990//4254
f 2159//4255 1992//4255 1991//4255
f 2159//4256 1993//4256 1992//4256
f 2159//4257 1994//4257 1993//4257
f 2159//4258 1995//4258 1994//4258
f 2159//4259 1996//4259 1995//4259
f 2159//4260 1997//4260 1996//4260
f 2159//4261 1998//4261 1997//4261
f 2159//4262 1999//4262 1998//4262
f 2159//4263 2000//4263 1999//4263
f 2159//4264 2001//4264 2000//4264
f 2159//4265 2002//4265 2001//4265
f 2159//4266 2003//4266 2002//4266
f 2126//4267 1935//4267 2136//4267
f 1935//4268 1937//4268 1930//4268
f 1935//4269 1930//4269 2136//4269
f 1937//4270 1933//4270 1931//4270
f 2115//4271 1938//4271 2157//4271
f 1937//4272 1938//4272 1933//4272
f 1933//4273 1938//4273 2115//4273
f 1932//4274 1934//4274 2113//4274
f 1932//4275 2113//4275 2160//4275
f 1929//4276 1932//4276 2160//4276
f 2161//4277 1929//4277 2160//4277
f 1927//4278 2161//4278 2162//4278
f 1929//4279 2161//4279 1927//4279
f 2163//4280 2162//4280 2161//4280
f 2164//4281 2163//4281 2161//4281
f 2162//4282 2165//4282 1928//4282
f 1927//4283 2162//4283 1928//4283
f 1930//4284 2165//4284 2158//4284
f 1928//4285 2165//4285 1930//4285
f 1939//4286 2157//4286 1938//4286
f 1939//4287 2111//4287 2157//4287
f 2127//4288 1935//4288 2126//4288
f 2166//4289 2127//4289 2167//4289
f 2166//4290 2134//4290 2127//4290
f 2066//4291 1936//4291 2134//4291
f 1936//4292 1935//4292 2127//4292
f 1936//4293 2127//4293 2134//4293
f 2068//4294 2071//4294 2067//4294
f 2067//4295 2071//4295 2069//4295
f 2073//4296 2072//4296 2070//4296
f 2138//4297 2073//4297 2070//4297
f 2073//4298 2075//4298 2074//4298
f 2073//4299 2138//4299 2075//4299
f 2077//4300 2078//4300 2076//4300
f 2077//4301 2080//4301 2078//4301
f 2082//4302 2148//4302 2083//4302
f 2145//4303 2168//4303 2169//4303
f 2145//4304 2169//4304 2148//4304
f 2145//4305 2148//4305 2082//4305
f 2081//4306 2079//4306 2145//4306
f 2081//4307 2145//4307 2082//4307
f 2085//4308 2088//4308 2084//4308
f 2084//4309 2088//4309 2086//4309
f 2089//4310 2091//4310 2090//4310
f 2089//4311 2087//4311 2091//4311
f 2093//4312 2096//4312 2092//4312
f 2092//4313 2096//4313 2094//4313
f 2097//4314 2099//4314 2098//4314
f 2097//4315 2095//4315 2099//4315
f 2101//4316 2104//4316 2100//4316
f 2100//4317 2104//4317 2102//4317
f 2105//4318 2107//4318 2106//4318
f 2105//4319 2103//4319 2107//4319
f 2109//4320 2112//4320 2108//4320
f 2108//4321 2112//4321 2110//4321
f 2116//4322 2113//4322 2114//4322
f 2116//4323 2114//4323 2118//4323
f 2117//4324 2151//4324 2170//4324
f 2117//4325 2170//4325 2116//4325
f 2122//4326 2129//4326 2137//4326
f 2122//4327 2137//4327 2125//4327
f 2171//4328 2124//4328 2125//4328
f 2137//4329 2171//4329 2125//4329
f 2143//4330 2172//4330 2171//4330
f 2143//4331 2171//4331 2137//4331
f 2171//4332 2173//4332 2124//4332
f 2124//4333 2173//4333 2123//4333
f 2173//4334 2119//4334 2123//4334
f 2173//4335 2174//4335 2119//4335
f 2174//4336 2175//4336 2120//4336
f 2174//4337 2120//4337 2119//4337
f 2143//4338 2175//4338 2172//4338
f 2121//4339 2120//4339 2175//4339
f 2139//4340 2121//4340 2175//4340
f 2139//4341 2175//4341 2143//4341
f 2176//4342 2131//4342 2129//4342
f 2176//4343 2129//4343 2122//4343
f 2177//4344 2176//4344 2122//4344
f 2139//4345 2135//4345 2177//4345
f 2121//4346 2139//4346 2177//4346
f 2121//4347 2177//4347 2122//4347
f 2178//4348 2141//4348 2164//4348
f 2178//4349 2142//4349 2141//4349
f 2164//4350 2141//4350 2140//4350
f 2179//4351 2163//4351 2164//4351
f 2179//4352 2164//4352 2140//4352
f 2142//4353 2178//4353 2170//4353
f 2142//4354 2170//4354 2151//4354
f 2179//4355 2140//4355 2136//4355
f 2179//4356 2136//4356 2159//4356
f 2127//4357 2128//4357 2167//4357
f 2167//4358 2128//4358 2180//4358
f 2128//4359 2133//4359 2180//4359
f 2180//4360 2133//4360 2181//4360
f 2133//4361 2134//4361 2181//4361
f 2181//4362 2134//4362 2166//4362
f 2168//4363 2145//4363 2182//4363
f 2145//4364 2144//4364 2182//4364
f 2144//4365 2146//4365 2182//4365
f 2182//4366 2146//4366 2183//4366
f 2183//4367 2146//4367 2169//4367
f 2146//4368 2148//4368 2169//4368
f 2184//4369 2131//4369 2176//4369
f 2184//4370 2130//4370 2131//4370
f 2185//4371 2130//4371 2184//4371
f 2185//4372 2132//4372 2130//4372
f 2132//4373 2185//4373 2177//4373
f 2132//4374 2177//4374 2135//4374
f 2152//4375 2155//4375 2186//4375
f 2152//4376 2186//4376 2187//4376
f 2150//4377 2152//4377 2187//4377
f 2150//4378 2187//4378 2188//4378
f 2147//4379 2150//4379 2188//4379
f 2147//4380 2188//4380 2189//4380
f 2149//4381 2147//4381 2189//4381
f 2149//4382 2189//4382 2190//4382
f 2153//4383 2149//4383 2190//4383
f 2153//4384 2190//4384 2191//4384
f 2154//4385 2153//4385 2191//4385
f 2154//4386 2191//4386 2192//4386
f 2156//4387 2154//4387 2192//4387
f 2156//4388 2192//4388 2193//4388
f 2155//4389 2156//4389 2193//4389
f 2155//4390 2193//4390 2186//4390
f 2162//4391 2179//4391 2159//4391
f 2162//4392 2163//4392 2179//4392
f 2159//4393 2158//4393 2162//4393
f 2158//4394 2165//4394 2162//4394
f 2160//4395 2113//4395 2161//4395
f 2161//4396 2113//4396 2164//4396
f 2164//4397 2116//4397 2178//4397
f 2113//4398 2116//4398 2164//4398
f 2116//4399 2170//4399 2178//4399
f 2180//4400 2181//4400 2167//4400
f 2167//4401 2181//4401 2166//4401
f 2182//4402 2169//4402 2168//4402
f 2183//4403 2169//4403 2182//4403
f 2171//4404 2174//4404 2173//4404
f 2174//4405 2172//4405 2175//4405
f 2171//4406 2172//4406 2174//4406
f 2176//4407 2177//4407 2184//4407
f 2184//4408 2177//4408 2185//4408
f 2188//4409 2187//4409 2189//4409
f 2189//4410 2187//4410 2190//4410
f 2187//4411 2186//4411 2191//4411
f 2191//4412 2193//4412 2192//4412
f 2186//4413 2193//4413 2191//4413
f 2191//4414 2190//4414 2187//4414
