# Created by FreeCAD <https://www.freecad.org>
v 35.000000 -125.500000 -2.000000
v 41.583687 -119.350220 -2.000000
v 41.627205 -119.394836 -2.000000
v 41.672894 -119.437225 -2.000000
v 41.542446 -119.303482 -2.000000
v 41.720638 -119.477287 -2.000000
v 41.503586 -119.254753 -2.000000
v 41.770321 -119.514923 -2.000000
v 41.467201 -119.204147 -2.000000
v 41.821815 -119.550034 -2.000000
v 41.433388 -119.151794 -2.000000
v 41.875000 -119.582535 -2.000000
v 41.402222 -119.097816 -2.000000
v 41.929737 -119.612343 -2.000000
v 41.373791 -119.042358 -2.000000
v 41.985889 -119.639381 -2.000000
v 41.348156 -118.985542 -2.000000
v 42.043324 -119.663589 -2.000000
v 41.325386 -118.927528 -2.000000
v 42.101891 -119.684906 -2.000000
v 41.305534 -118.868446 -2.000000
v 42.161449 -119.703278 -2.000000
v 41.288654 -118.808449 -2.000000
v 42.221848 -119.718658 -2.000000
v 41.274784 -118.747681 -2.000000
v 42.282940 -119.731010 -2.000000
v 41.263962 -118.686302 -2.000000
v 42.344570 -119.740295 -2.000000
v 41.256210 -118.624458 -2.000000
v 42.406586 -119.746506 -2.000000
v 41.251553 -118.562309 -2.000000
v 41.250000 -118.500000 -2.000000
v 41.251553 -118.437691 -2.000000
v 41.256210 -118.375542 -2.000000
v 41.263962 -118.313698 -2.000000
v 42.717060 -119.731010 -2.000000
v 48.500000 -125.500000 -2.000000
v 42.655430 -119.740295 -2.000000
v 42.593414 -119.746506 -2.000000
v 42.531162 -119.749611 -2.000000
v 42.468838 -119.749611 -2.000000
v 41.274784 -118.252319 -2.000000
v 42.778152 -119.718658 -2.000000
v 41.288654 -118.191551 -2.000000
v 42.838551 -119.703278 -2.000000
v 41.305534 -118.131554 -2.000000
v 42.898109 -119.684906 -2.000000
v 41.325386 -118.072472 -2.000000
v 42.956676 -119.663589 -2.000000
v 41.348156 -118.014458 -2.000000
v 43.014111 -119.639381 -2.000000
v 41.373791 -117.957642 -2.000000
v 43.070263 -119.612343 -2.000000
v 41.402222 -117.902184 -2.000000
v 43.125000 -119.582535 -2.000000
v 41.433388 -117.848206 -2.000000
v 43.178185 -119.550034 -2.000000
v 41.467201 -117.795853 -2.000000
v 43.229679 -119.514923 -2.000000
v 43.279362 -119.477287 -2.000000
v 43.327106 -119.437225 -2.000000
v 43.372795 -119.394836 -2.000000
v 43.416313 -119.350220 -2.000000
v 43.457554 -119.303482 -2.000000
v 43.496414 -119.254753 -2.000000
v 43.532799 -119.204147 -2.000000
v 43.566612 -119.151794 -2.000000
v 43.597778 -119.097816 -2.000000
v 43.626209 -119.042358 -2.000000
v 43.651844 -118.985542 -2.000000
v 43.750000 -118.500000 -2.000000
v 48.500000 -116.000000 -2.000000
v 43.748447 -118.562309 -2.000000
v 43.743790 -118.624458 -2.000000
v 43.736038 -118.686302 -2.000000
v 43.014111 -117.360619 -2.000000
v 43.070263 -117.387657 -2.000000
v 43.725216 -118.747681 -2.000000
v 43.125000 -117.417465 -2.000000
v 43.711346 -118.808449 -2.000000
v 43.178185 -117.449966 -2.000000
v 43.694466 -118.868446 -2.000000
v 43.229679 -117.485077 -2.000000
v 43.674614 -118.927528 -2.000000
v 43.279362 -117.522713 -2.000000
v 43.327106 -117.562775 -2.000000
v 43.372795 -117.605164 -2.000000
v 43.416313 -117.649780 -2.000000
v 43.457554 -117.696518 -2.000000
v 43.496414 -117.745247 -2.000000
v 43.532799 -117.795853 -2.000000
v 43.566612 -117.848206 -2.000000
v 43.597778 -117.902184 -2.000000
v 43.626209 -117.957642 -2.000000
v 43.651844 -118.014458 -2.000000
v 43.674614 -118.072472 -2.000000
v 43.694466 -118.131554 -2.000000
v 43.711346 -118.191551 -2.000000
v 43.725216 -118.252319 -2.000000
v 43.736038 -118.313698 -2.000000
v 43.743790 -118.375542 -2.000000
v 43.748447 -118.437691 -2.000000
v 42.838551 -117.296722 -2.000000
v 49.459999 -113.900002 -2.000000
v 42.898109 -117.315094 -2.000000
v 42.956676 -117.336411 -2.000000
v 42.344570 -117.259705 -2.000000
v 49.459999 -110.099998 -2.000000
v 42.406586 -117.253494 -2.000000
v 42.468838 -117.250389 -2.000000
v 42.531162 -117.250389 -2.000000
v 42.593414 -117.253494 -2.000000
v 42.655430 -117.259705 -2.000000
v 42.717060 -117.268990 -2.000000
v 42.778152 -117.281342 -2.000000
v 42.101891 -117.315094 -2.000000
v 48.867943 -105.679398 -2.000000
v 42.161449 -117.296722 -2.000000
v 42.221848 -117.281342 -2.000000
v 42.282940 -117.268990 -2.000000
v 49.261147 -106.486641 -2.000000
v 41.720638 -117.522713 -2.000000
v 41.770321 -117.485077 -2.000000
v 41.821815 -117.449966 -2.000000
v 41.875000 -117.417465 -2.000000
v 41.929737 -117.387657 -2.000000
v 41.985889 -117.360619 -2.000000
v 42.043324 -117.336411 -2.000000
v 50.368629 -106.988495 -2.000000
v 49.637486 -105.339401 -2.000000
v 50.113781 -105.769051 -2.000000
v 49.581306 -106.043419 -2.000000
v 50.186203 -106.404350 -2.000000
v 58.459999 -113.900002 -2.000000
v 59.500000 -116.000000 -2.000000
v 51.265743 -106.615929 -2.000000
v 50.822414 -105.662529 -2.000000
v 50.137909 -104.919388 -2.000000
v 49.247250 -103.790459 -2.000000
v 49.271709 -104.840515 -2.000000
v 49.244465 -102.614357 -2.000000
v 49.276623 -103.393257 -2.000000
v 51.355698 -104.085541 -2.000000
v 51.415909 -105.787941 -2.000000
v 54.781509 -107.120705 -2.000000
v 49.227196 -101.311203 -2.000000
v 49.260380 -102.053947 -2.000000
v 41.503586 -117.745247 -2.000000
v 41.542446 -117.696518 -2.000000
v 41.583687 -117.649780 -2.000000
v 41.627205 -117.605164 -2.000000
v 41.672894 -117.562775 -2.000000
v 58.459999 -110.099998 -2.000000
v 55.278397 -107.186081 -2.000000
v 56.038700 -107.158997 -2.000000
v 55.134563 -105.970024 -2.000000
v 55.644520 -106.440758 -2.000000
v 55.915298 -106.389000 -2.000000
v 56.860580 -107.158997 -2.000000
v 51.119331 -102.215286 -2.000000
v 51.143459 -101.365623 -2.000000
v 51.429333 -102.766869 -2.000000
v 57.331314 -107.120705 -2.000000
v 56.925961 -107.120705 -2.000000
v 54.851845 -104.473572 -2.000000
v 56.416000 -106.636894 -2.000000
v 56.397099 -105.966003 -2.000000
v 56.912884 -106.506134 -2.000000
v 54.851845 -103.968292 -2.000000
v 51.348915 -103.687302 -2.000000
v 57.137367 -105.219749 -2.000000
v 56.834431 -105.460068 -2.000000
v 57.122101 -105.525444 -2.000000
v 57.137367 -104.873100 -2.000000
v 54.858330 -102.508492 -2.000000
v 54.723198 -102.226471 -2.000000
v 54.705570 -101.627182 -2.000000
v 54.617439 -101.321663 -2.000000
v 55.539265 -104.185677 -2.000000
v 57.019863 -103.621643 -2.000000
v 50.962975 -100.075928 -2.000000
v 54.582188 -100.322845 -2.000000
v 56.932343 -102.390984 -2.000000
v 56.990486 -103.304375 -2.000000
v 49.972687 -99.269829 -2.000000
v 54.693821 -99.776436 -2.000000
v 56.873589 -101.627182 -2.000000
v 56.897091 -101.339287 -2.000000
v 56.897091 -102.056084 -2.000000
v 56.808960 -100.011452 -2.000000
v 56.832462 -99.394539 -2.000000
v 59.500000 -125.500000 -2.000000
v 88.083687 -112.850220 -2.000000
v 88.127205 -112.894836 -2.000000
v 88.172890 -112.937225 -2.000000
v 88.042442 -112.803482 -2.000000
v 88.220634 -112.977287 -2.000000
v 88.003586 -112.754753 -2.000000
v 88.270317 -113.014923 -2.000000
v 87.967201 -112.704147 -2.000000
v 88.321815 -113.050034 -2.000000
v 97.000000 -125.500000 -2.000000
v 87.933388 -112.651794 -2.000000
v 88.375000 -113.082535 -2.000000
v 87.902222 -112.597816 -2.000000
v 88.429733 -113.112343 -2.000000
v 87.873787 -112.542358 -2.000000
v 88.485893 -113.139381 -2.000000
v 87.848152 -112.485542 -2.000000
v 88.543327 -113.163589 -2.000000
v 87.825386 -112.427528 -2.000000
v 88.601891 -113.184906 -2.000000
v 87.805534 -112.368446 -2.000000
v 88.661446 -113.203278 -2.000000
v 87.788651 -112.308449 -2.000000
v 88.721848 -113.218658 -2.000000
v 87.774788 -112.247681 -2.000000
v 88.782936 -113.231010 -2.000000
v 87.763962 -112.186302 -2.000000
v 88.844574 -113.240295 -2.000000
v 87.756210 -112.124458 -2.000000
v 88.906586 -113.246506 -2.000000
v 87.751556 -112.062309 -2.000000
v 88.968834 -113.249611 -2.000000
v 87.750000 -112.000000 -2.000000
v 89.031166 -113.249611 -2.000000
v 87.751556 -111.937691 -2.000000
v 89.093414 -113.246506 -2.000000
v 87.756210 -111.875542 -2.000000
v 89.155426 -113.240295 -2.000000
v 87.763962 -111.813698 -2.000000
v 89.217064 -113.231010 -2.000000
v 89.278152 -113.218658 -2.000000
v 89.338554 -113.203278 -2.000000
v 89.398109 -113.184906 -2.000000
v 89.456673 -113.163589 -2.000000
v 89.514107 -113.139381 -2.000000
v 89.570267 -113.112343 -2.000000
v 89.625000 -113.082535 -2.000000
v 89.678185 -113.050034 -2.000000
v 89.729683 -113.014923 -2.000000
v 89.779366 -112.977287 -2.000000
v 89.827110 -112.937225 -2.000000
v 89.872795 -112.894836 -2.000000
v 89.916313 -112.850220 -2.000000
v 89.957558 -112.803482 -2.000000
v 89.996414 -112.754753 -2.000000
v 90.032799 -112.704147 -2.000000
v 90.066612 -112.651794 -2.000000
v 90.097778 -112.597816 -2.000000
v 90.126213 -112.542358 -2.000000
v 90.151848 -112.485542 -2.000000
v 90.174614 -112.427528 -2.000000
v 90.194466 -112.368446 -2.000000
v 90.211349 -112.308449 -2.000000
v 90.225212 -112.247681 -2.000000
v 56.450001 -75.250000 -2.000000
v 87.805534 -111.631554 -2.000000
v 87.582054 -104.864861 -2.000000
v 87.825386 -111.572472 -2.000000
v 87.848152 -111.514458 -2.000000
v 87.873787 -111.457642 -2.000000
v 87.902222 -111.402184 -2.000000
v 87.933388 -111.348206 -2.000000
v 87.967201 -111.295853 -2.000000
v 88.003586 -111.245247 -2.000000
v 88.042442 -111.196518 -2.000000
v 88.083687 -111.149780 -2.000000
v 88.127205 -111.105164 -2.000000
v 88.172890 -111.062775 -2.000000
v 88.220634 -111.022713 -2.000000
v 88.270317 -110.985077 -2.000000
v 88.321815 -110.949966 -2.000000
v 88.375000 -110.917465 -2.000000
v 88.429733 -110.887657 -2.000000
v 88.485893 -110.860619 -2.000000
v 88.543327 -110.836411 -2.000000
v 88.601891 -110.815094 -2.000000
v 85.572510 -101.673332 -2.000000
v 87.774788 -111.752319 -2.000000
v 87.788651 -111.691551 -2.000000
v 85.825699 -101.745674 -2.000000
v 89.278152 -110.781342 -2.000000
v 89.643768 -105.552101 -2.000000
v 89.338554 -110.796722 -2.000000
v 89.398109 -110.815094 -2.000000
v 88.661446 -110.796722 -2.000000
v 88.721848 -110.781342 -2.000000
v 88.782936 -110.768990 -2.000000
v 88.844574 -110.759705 -2.000000
v 88.906586 -110.753494 -2.000000
v 88.968834 -110.750389 -2.000000
v 89.031166 -110.750389 -2.000000
v 89.093414 -110.753494 -2.000000
v 89.155426 -110.759705 -2.000000
v 89.217064 -110.768990 -2.000000
v 90.385269 -105.497849 -2.000000
v 89.456673 -110.836411 -2.000000
v 89.514107 -110.860619 -2.000000
v 90.945908 -105.497849 -2.000000
v 89.570267 -110.887657 -2.000000
v 89.625000 -110.917465 -2.000000
v 89.678185 -110.949966 -2.000000
v 89.729683 -110.985077 -2.000000
v 87.453377 -101.854187 -2.000000
v 88.359718 -103.852089 -2.000000
v 83.734436 -97.843452 -2.000000
v 86.458687 -100.986092 -2.000000
v 87.019325 -101.112686 -2.000000
v 87.833160 -101.836098 -2.000000
v 89.643768 -103.635063 -2.000000
v 91.723579 -105.443588 -2.000000
v 89.779366 -111.022713 -2.000000
v 82.578224 -96.119843 -2.000000
v 92.121452 -105.461678 -2.000000
v 89.827110 -111.062775 -2.000000
v 89.872795 -111.105164 -2.000000
v 89.916313 -111.149780 -2.000000
v 84.398186 -97.650749 -2.000000
v 78.570267 -91.678658 -2.000000
v 86.729965 -99.286079 -2.000000
v 83.616699 -96.141296 -2.000000
v 89.406578 -101.926521 -2.000000
v 89.894882 -101.836098 -2.000000
v 90.493774 -103.635063 -2.000000
v 91.036331 -103.309532 -2.000000
v 90.250000 -112.000000 -2.000000
v 94.020401 -105.787209 -2.000000
v 90.248444 -112.062309 -2.000000
v 93.170395 -105.407417 -2.000000
v 89.957558 -111.196518 -2.000000
v 89.996414 -111.245247 -2.000000
v 90.032799 -111.295853 -2.000000
v 90.066612 -111.348206 -2.000000
v 90.097778 -111.402184 -2.000000
v 90.126213 -111.457642 -2.000000
v 90.151848 -111.514458 -2.000000
v 90.174614 -111.572472 -2.000000
v 90.194466 -111.631554 -2.000000
v 90.211349 -111.691551 -2.000000
v 90.225212 -111.752319 -2.000000
v 90.236038 -111.813698 -2.000000
v 90.243790 -111.875542 -2.000000
v 90.248444 -111.937691 -2.000000
v 88.212952 -99.973320 -2.000000
v 80.631981 -92.365906 -2.000000
v 82.621048 -95.573853 -2.000000
v 63.549999 -75.250000 -2.000000
v 85.961212 -97.340286 -2.000000
v 93.224648 -104.539330 -2.000000
v 86.710602 -97.896980 -2.000000
v 88.375717 -99.430763 -2.000000
v 84.237602 -96.109138 -2.000000
v 85.147583 -96.151962 -2.000000
v 81.373482 -92.311646 -2.000000
v 90.835312 -101.637161 -2.000000
v 89.406578 -100.117996 -2.000000
v 94.816154 -105.371246 -2.000000
v 90.243790 -112.124458 -2.000000
v 90.236038 -112.186302 -2.000000
v 93.658699 -105.027626 -2.000000
v 94.074654 -104.539330 -2.000000
v 94.364021 -105.063797 -2.000000
v 91.287445 -101.745674 -2.000000
v 91.958679 -103.363785 -2.000000
v 81.934120 -92.311646 -2.000000
v 89.985306 -99.955231 -2.000000
v 78.498573 -88.448608 -2.000000
v 79.347931 -90.665886 -2.000000
v 93.948059 -103.834000 -2.000000
v 92.356560 -103.345703 -2.000000
v 85.179695 -95.755852 -2.000000
v 85.843445 -95.691620 -2.000000
v 80.631981 -90.448868 -2.000000
v 94.707642 -104.448898 -2.000000
v 82.711792 -92.257385 -2.000000
v 92.535324 -101.836098 -2.000000
v 91.793831 -101.148857 -2.000000
v 79.077705 -88.341927 -2.000000
v 87.524231 -97.190414 -2.000000
v 88.402100 -97.629341 -2.000000
v 77.416496 -86.619751 -2.000000
v 88.969498 -98.164627 -2.000000
v 94.056572 -103.237190 -2.000000
v 77.203125 -86.375900 -2.000000
v 83.109665 -92.275475 -2.000000
v 92.824692 -101.836098 -2.000000
v 95.286369 -104.249962 -2.000000
v 92.282135 -101.221199 -2.000000
v 92.915115 -101.799927 -2.000000
v 91.070419 -99.882889 -2.000000
v 78.132797 -86.924561 -2.000000
v 87.984573 -96.655128 -2.000000
v 86.207436 -95.691620 -2.000000
v 87.063889 -95.702324 -2.000000
v 86.325203 -97.061943 -2.000000
v 87.063889 -97.061943 -2.000000
v 80.312187 -88.479088 -2.000000
v 84.158607 -92.221214 -2.000000
v 93.421501 -101.347794 -2.000000
v 79.976898 -87.884712 -2.000000
v 85.008614 -92.601006 -2.000000
v 91.070419 -99.557358 -2.000000
v 92.155540 -99.611610 -2.000000
v 87.524231 -95.680916 -2.000000
v 88.380684 -95.745148 -2.000000
v 81.119934 -88.448608 -2.000000
v 81.481987 -90.448868 -2.000000
v 82.024544 -90.123329 -2.000000
v 78.083687 -85.350220 -2.000000
v 78.127205 -85.394836 -2.000000
v 78.172890 -85.437225 -2.000000
v 78.042442 -85.303482 -2.000000
v 78.220634 -85.477287 -2.000000
v 78.003586 -85.254753 -2.000000
v 77.967201 -85.204147 -2.000000
v 77.933388 -85.151794 -2.000000
v 79.565407 -86.772156 -2.000000
v 78.803383 -86.772156 -2.000000
v 77.902222 -85.097816 -2.000000
v 77.873787 -85.042358 -2.000000
v 84.212860 -91.353127 -2.000000
v 77.848152 -84.985542 -2.000000
v 77.825386 -84.927528 -2.000000
v 77.805534 -84.868446 -2.000000
v 95.139603 -102.179718 -2.000000
v 94.888489 -103.363785 -2.000000
v 77.788651 -84.808449 -2.000000
v 87.500000 -94.500000 -2.000000
v 77.774788 -84.747681 -2.000000
v 77.763962 -84.686302 -2.000000
v 77.756210 -84.624458 -2.000000
v 77.751556 -84.562309 -2.000000
v 78.906586 -85.746506 -2.000000
v 78.968834 -85.749611 -2.000000
v 79.413002 -86.238739 -2.000000
v 77.750000 -84.500000 -2.000000
v 79.031166 -85.749611 -2.000000
v 77.751556 -84.437691 -2.000000
v 79.093414 -85.746506 -2.000000
v 77.756210 -84.375542 -2.000000
v 91.324738 -97.918396 -2.000000
v 90.211349 -96.954887 -2.000000
v 89.676071 -98.057571 -2.000000
v 79.155426 -85.740295 -2.000000
v 77.763962 -84.313698 -2.000000
v 79.217064 -85.731010 -2.000000
v 77.774788 -84.252319 -2.000000
v 79.278152 -85.718658 -2.000000
v 77.788651 -84.191551 -2.000000
v 80.037857 -86.436867 -2.000000
v 80.357910 -87.640862 -2.000000
v 81.257095 -87.640862 -2.000000
v 80.708443 -87.991394 -2.000000
v 85.804367 -92.185043 -2.000000
v 79.338554 -85.703278 -2.000000
v 77.805534 -84.131554 -2.000000
v 89.183609 -95.509621 -2.000000
v 84.646912 -91.841431 -2.000000
v 85.062866 -91.353127 -2.000000
v 85.352234 -91.877602 -2.000000
v 79.398109 -85.684906 -2.000000
v 77.825386 -84.072472 -2.000000
v 79.456673 -85.663589 -2.000000
v 77.848152 -84.014458 -2.000000
v 79.514107 -85.639381 -2.000000
v 77.873787 -83.957642 -2.000000
v 79.570267 -85.612343 -2.000000
v 77.902222 -83.902184 -2.000000
v 79.625000 -85.582535 -2.000000
v 91.988487 -97.918396 -2.000000
v 77.933388 -83.848206 -2.000000
v 79.678185 -85.550034 -2.000000
v 77.967201 -83.795853 -2.000000
v 82.247726 -88.052353 -2.000000
v 81.760033 -87.701820 -2.000000
v 79.729683 -85.514923 -2.000000
v 78.003586 -83.745247 -2.000000
v 83.344772 -90.159500 -2.000000
v 84.936272 -90.647797 -2.000000
v 79.779366 -85.477287 -2.000000
v 78.042442 -83.696518 -2.000000
v 79.827110 -85.437225 -2.000000
v 80.464592 -86.375900 -2.000000
v 85.695854 -91.262695 -2.000000
v 78.083687 -83.649780 -2.000000
v 79.872795 -85.394836 -2.000000
v 78.127205 -83.605164 -2.000000
v 79.916313 -85.350220 -2.000000
v 78.172890 -83.562775 -2.000000
v 79.957558 -85.303482 -2.000000
v 78.220634 -83.522713 -2.000000
v 81.394264 -86.680710 -2.000000
v 79.996414 -85.254753 -2.000000
v 78.270317 -83.485077 -2.000000
v 56.700001 -63.000000 -2.000000
v 63.549999 -68.750000 -2.000000
v 56.450001 -68.750000 -2.000000
v 80.032799 -85.204147 -2.000000
v 83.101196 -88.250481 -2.000000
v 82.946892 -90.177582 -2.000000
v 78.321815 -83.449966 -2.000000
v 80.066612 -85.151794 -2.000000
v 90.628876 -95.702324 -2.000000
v 89.740303 -95.766556 -2.000000
v 83.177399 -88.220001 -2.000000
v 78.375000 -83.417465 -2.000000
v 85.044785 -90.050987 -2.000000
v 80.097778 -85.097816 -2.000000
v 78.429733 -83.387657 -2.000000
v 80.126213 -85.042358 -2.000000
v 78.485893 -83.360619 -2.000000
v 80.151848 -84.985542 -2.000000
v 78.543327 -83.336411 -2.000000
v 86.274582 -91.063759 -2.000000
v 78.601891 -83.315094 -2.000000
v 78.661446 -83.296722 -2.000000
v 82.522057 -86.833115 -2.000000
v 82.064842 -86.330177 -2.000000
v 80.248444 -84.562309 -2.000000
v 80.243790 -84.624458 -2.000000
v 80.236038 -84.686302 -2.000000
v 80.225212 -84.747681 -2.000000
v 80.211349 -84.808449 -2.000000
v 80.194466 -84.868446 -2.000000
v 80.174614 -84.927528 -2.000000
v 80.250000 -84.500000 -2.000000
v 80.248444 -84.437691 -2.000000
v 83.726059 -87.869469 -2.000000
v 80.243790 -84.375542 -2.000000
v 80.236038 -84.313698 -2.000000
v 93.765625 -97.308174 -2.000000
v 93.873634 -100.009483 -2.000000
v 92.213310 -95.488213 -2.000000
v 91.035690 -95.702324 -2.000000
v 91.603088 -97.436646 -2.000000
v 80.174614 -84.072472 -2.000000
v 83.207878 -86.375900 -2.000000
v 80.194466 -84.131554 -2.000000
v 80.211349 -84.191551 -2.000000
v 80.225212 -84.252319 -2.000000
v 95.028893 -98.100395 -2.000000
v 95.139603 -99.575439 -2.000000
v 93.187523 -96.034203 -2.000000
v 93.765625 -96.537369 -2.000000
v 95.200188 -97.704285 -2.000000
v 85.736046 -88.172325 -2.000000
v 85.876701 -90.177582 -2.000000
v 92.802116 -95.638092 -2.000000
v 93.187523 -95.595268 -2.000000
v 80.151848 -84.014458 -2.000000
v 84.397736 -86.309547 -2.000000
v 83.939423 -86.817879 -2.000000
v 86.296684 -87.955299 -2.000000
v 94.418671 -96.655128 -2.000000
v 95.146660 -96.740776 -2.000000
v 94.172440 -97.136887 -2.000000
v 94.547142 -95.969971 -2.000000
v 94.579254 -96.301842 -2.000000
v 84.886040 -86.182945 -2.000000
v 95.146660 -95.873619 -2.000000
v 95.285828 -95.509628 -2.000000
v 86.369026 -86.219116 -2.000000
v 85.844551 -87.503166 -2.000000
v 86.604134 -86.092522 -2.000000
v 63.799999 -63.000000 -2.000000
v 97.000000 -94.500000 -2.000000
v 87.500000 -83.500000 -2.000000
v 40.627205 -36.394833 -2.000000
v 40.583687 -36.350216 -2.000000
v 40.672894 -36.437225 -2.000000
v 40.542446 -36.303486 -2.000000
v 40.720638 -36.477291 -2.000000
v 40.503586 -36.254757 -2.000000
v 40.770321 -36.514923 -2.000000
v 40.467201 -36.204151 -2.000000
v 40.821815 -36.550034 -2.000000
v 40.433388 -36.151794 -2.000000
v 40.875000 -36.582531 -2.000000
v 40.929737 -36.612339 -2.000000
v 40.985889 -36.639381 -2.000000
v 41.043324 -36.663593 -2.000000
v 56.700001 -56.500000 -2.000000
v 41.101891 -36.684910 -2.000000
v 41.161449 -36.703281 -2.000000
v 41.221848 -36.718658 -2.000000
v 41.282940 -36.731010 -2.000000
v 56.700001 -53.000000 -2.000000
v 41.344570 -36.740299 -2.000000
v 41.406586 -36.746506 -2.000000
v 41.468838 -36.749611 -2.000000
v 41.531162 -36.749611 -2.000000
v 41.593414 -36.746506 -2.000000
v 41.655430 -36.740299 -2.000000
v 41.717060 -36.731010 -2.000000
v 35.000000 -28.500000 -2.000000
v 40.402222 -36.097816 -2.000000
v 40.373791 -36.042355 -2.000000
v 40.348156 -35.985542 -2.000000
v 40.325386 -35.927525 -2.000000
v 40.305534 -35.868443 -2.000000
v 40.288654 -35.808445 -2.000000
v 40.274784 -35.747684 -2.000000
v 40.263962 -35.686302 -2.000000
v 40.256210 -35.624458 -2.000000
v 40.251553 -35.562305 -2.000000
v 40.250000 -35.500000 -2.000000
v 40.251553 -35.437695 -2.000000
v 40.256210 -35.375542 -2.000000
v 40.263962 -35.313698 -2.000000
v 40.274784 -35.252316 -2.000000
v 40.288654 -35.191555 -2.000000
v 40.305534 -35.131557 -2.000000
v 40.325386 -35.072475 -2.000000
v 40.348156 -35.014458 -2.000000
v 40.373791 -34.957645 -2.000000
v 40.402222 -34.902184 -2.000000
v 40.433388 -34.848206 -2.000000
v 40.467201 -34.795849 -2.000000
v 40.503586 -34.745243 -2.000000
v 40.542446 -34.696514 -2.000000
v 40.583687 -34.649784 -2.000000
v 40.627205 -34.605167 -2.000000
v 40.672894 -34.562775 -2.000000
v 40.720638 -34.522709 -2.000000
v 40.770321 -34.485077 -2.000000
v 40.821815 -34.449966 -2.000000
v 40.875000 -34.417469 -2.000000
v 40.929737 -34.387661 -2.000000
v 40.985889 -34.360619 -2.000000
v 41.043324 -34.336407 -2.000000
v 41.101891 -34.315090 -2.000000
v 79.278152 -83.281342 -2.000000
v 87.033554 -80.235458 -2.000000
v 79.338554 -83.296722 -2.000000
v 79.398109 -83.315094 -2.000000
v 79.456673 -83.336411 -2.000000
v 79.514107 -83.360619 -2.000000
v 79.570267 -83.387657 -2.000000
v 79.625000 -83.417465 -2.000000
v 79.678185 -83.449966 -2.000000
v 79.729683 -83.485077 -2.000000
v 79.779366 -83.522713 -2.000000
v 79.827110 -83.562775 -2.000000
v 79.872795 -83.605164 -2.000000
v 79.916313 -83.649780 -2.000000
v 79.957558 -83.696518 -2.000000
v 79.996414 -83.745247 -2.000000
v 80.032799 -83.795853 -2.000000
v 80.066612 -83.848206 -2.000000
v 80.097778 -83.902184 -2.000000
v 80.126213 -83.957642 -2.000000
v 41.161449 -34.296719 -2.000000
v 41.221848 -34.281342 -2.000000
v 41.282940 -34.268990 -2.000000
v 41.344570 -34.259701 -2.000000
v 41.406586 -34.253494 -2.000000
v 41.468838 -34.250389 -2.000000
v 41.531162 -34.250389 -2.000000
v 41.593414 -34.253494 -2.000000
v 41.655430 -34.259701 -2.000000
v 41.717060 -34.268990 -2.000000
v 41.778152 -34.281342 -2.000000
v 41.838551 -34.296719 -2.000000
v 41.898109 -34.315090 -2.000000
v 41.956676 -34.336407 -2.000000
v 42.014111 -34.360619 -2.000000
v 42.070263 -34.387661 -2.000000
v 42.125000 -34.417469 -2.000000
v 42.178185 -34.449966 -2.000000
v 89.095268 -80.922699 -2.000000
v 89.836769 -80.868446 -2.000000
v 90.397408 -80.868446 -2.000000
v 89.095268 -79.005661 -2.000000
v 56.700001 -46.500000 -2.000000
v 42.750000 -35.500000 -2.000000
v 42.748447 -35.562305 -2.000000
v 42.743790 -35.624458 -2.000000
v 42.736038 -35.686302 -2.000000
v 42.725216 -35.747684 -2.000000
v 42.711346 -35.808445 -2.000000
v 42.694466 -35.868443 -2.000000
v 42.674614 -35.927525 -2.000000
v 42.651844 -35.985542 -2.000000
v 42.626209 -36.042355 -2.000000
v 42.597778 -36.097816 -2.000000
v 42.566612 -36.151794 -2.000000
v 42.532799 -36.204151 -2.000000
v 42.496414 -36.254757 -2.000000
v 42.457554 -36.303486 -2.000000
v 42.416313 -36.350216 -2.000000
v 42.372795 -36.394833 -2.000000
v 42.327106 -36.437225 -2.000000
v 42.279362 -36.477291 -2.000000
v 42.229679 -36.514923 -2.000000
v 42.674614 -35.072475 -2.000000
v 42.694466 -35.131557 -2.000000
v 42.178185 -36.550034 -2.000000
v 42.711346 -35.191555 -2.000000
v 42.125000 -36.582531 -2.000000
v 42.725216 -35.252316 -2.000000
v 42.070263 -36.612339 -2.000000
v 42.736038 -35.313698 -2.000000
v 42.014111 -36.639381 -2.000000
v 42.743790 -35.375542 -2.000000
v 41.956676 -36.663593 -2.000000
v 42.748447 -35.437695 -2.000000
v 41.898109 -36.684910 -2.000000
v 41.838551 -36.703281 -2.000000
v 41.778152 -36.718658 -2.000000
v 91.175079 -80.814186 -2.000000
v 87.811218 -79.222687 -2.000000
v 88.737793 -78.174423 -2.000000
v 91.572952 -80.832275 -2.000000
v 63.799999 -53.000000 -2.000000
v 63.799999 -56.500000 -2.000000
v 89.530296 -77.884857 -2.000000
v 89.945274 -79.005661 -2.000000
v 90.487831 -78.680130 -2.000000
v 93.471901 -81.157806 -2.000000
v 92.621895 -80.778015 -2.000000
v 88.493942 -75.781670 -2.000000
v 89.438850 -77.061867 -2.000000
v 79.155426 -83.259705 -2.000000
v 79.217064 -83.268990 -2.000000
v 92.676147 -79.909927 -2.000000
v 90.368523 -77.336197 -2.000000
v 91.115311 -77.915337 -2.000000
v 91.410179 -78.734383 -2.000000
v 94.267654 -80.741844 -2.000000
v 97.000000 -83.500000 -2.000000
v 93.110199 -80.398224 -2.000000
v 93.526154 -79.909927 -2.000000
v 93.815521 -80.434395 -2.000000
v 91.542046 -77.686729 -2.000000
v 91.808060 -78.716301 -2.000000
v 89.271210 -75.172050 -2.000000
v 89.408371 -75.781670 -2.000000
v 88.539665 -75.080605 -2.000000
v 93.399559 -79.204597 -2.000000
v 94.159142 -79.819496 -2.000000
v 93.508072 -78.607788 -2.000000
v 90.764778 -76.878983 -2.000000
v 91.496323 -76.452248 -2.000000
v 94.737869 -79.620560 -2.000000
v 88.219612 -72.855492 -2.000000
v 78.844574 -83.259705 -2.000000
v 78.906586 -83.253494 -2.000000
v 78.968834 -83.250389 -2.000000
v 79.031166 -83.250389 -2.000000
v 79.093414 -83.253494 -2.000000
v 93.172775 -77.747688 -2.000000
v 89.210243 -73.708961 -2.000000
v 91.039108 -75.354935 -2.000000
v 90.185638 -76.741821 -2.000000
v 91.206749 -75.934074 -2.000000
v 93.675713 -77.869614 -2.000000
v 94.339989 -78.734383 -2.000000
v 89.957031 -74.135696 -2.000000
v 92.867966 -76.619896 -2.000000
v 93.538544 -76.863739 -2.000000
v 91.511559 -74.836754 -2.000000
v 94.727303 -78.006775 -2.000000
v 93.142296 -76.208397 -2.000000
v 95.047356 -77.930573 -2.000000
v 94.529182 -77.397156 -2.000000
v 88.829231 -72.535446 -2.000000
v 90.901939 -72.581161 -2.000000
v 89.941788 -73.236504 -2.000000
v 93.706192 -75.141563 -2.000000
v 90.444725 -73.800407 -2.000000
v 91.603004 -72.946938 -2.000000
v 95.047356 -75.995033 -2.000000
v 94.559662 -75.187286 -2.000000
v 86.875710 -67.293465 -2.000000
v 78.721848 -83.281342 -2.000000
v 78.782936 -83.268990 -2.000000
v 92.928925 -73.297470 -2.000000
v 92.822243 -72.916458 -2.000000
v 93.812874 -73.526077 -2.000000
v 88.937424 -67.980705 -2.000000
v 86.257439 -65.037811 -2.000000
v 87.653374 -66.280685 -2.000000
v 89.678925 -67.926445 -2.000000
v 86.836571 -64.931122 -2.000000
v 84.961990 -62.965103 -2.000000
v 85.175362 -63.208954 -2.000000
v 94.407249 -73.434631 -2.000000
v 95.443604 -73.388908 -2.000000
v 90.239563 -67.926445 -2.000000
v 85.891663 -63.513760 -2.000000
v 95.413124 -72.764046 -2.000000
v 88.937424 -66.063667 -2.000000
v 88.071053 -65.068291 -2.000000
v 91.017235 -67.872192 -2.000000
v 87.735764 -64.473907 -2.000000
v 91.415108 -67.890274 -2.000000
v 88.878799 -65.037804 -2.000000
v 89.787430 -66.063667 -2.000000
v 87.324272 -63.361355 -2.000000
v 86.562248 -63.361355 -2.000000
v 87.171867 -62.827938 -2.000000
v 87.796722 -63.026066 -2.000000
v 88.116776 -64.230064 -2.000000
v 89.015961 -64.230064 -2.000000
v 88.467308 -64.580589 -2.000000
v 93.314056 -68.215813 -2.000000
v 92.464050 -67.836021 -2.000000
v 90.006592 -64.641556 -2.000000
v 90.329987 -65.738129 -2.000000
v 89.518898 -64.291023 -2.000000
v 92.518303 -66.967926 -2.000000
v 87.028419 -61.563637 -2.000000
v 87.281883 -61.628349 -2.000000
v 89.153130 -63.269913 -2.000000
v 88.223457 -62.965103 -2.000000
v 90.860062 -64.839684 -2.000000
v 91.252335 -65.792381 -2.000000
v 90.936264 -64.809196 -2.000000
v 91.650215 -65.774300 -2.000000
v 88.115166 -61.822399 -2.000000
v 94.109810 -67.799850 -2.000000
v 92.952354 -67.456230 -2.000000
v 93.368309 -66.967926 -2.000000
v 93.657677 -67.492401 -2.000000
v 88.491852 -61.696835 -2.000000
v 90.280922 -63.422318 -2.000000
v 93.241714 -66.262604 -2.000000
v 91.484924 -64.458672 -2.000000
v 94.001297 -66.877502 -2.000000
v 89.096832 -61.559860 -2.000000
v 93.350227 -65.665787 -2.000000
v 89.551086 -61.677784 -2.000000
v 89.823708 -62.919380 -2.000000
v 94.580025 -66.678558 -2.000000
v 90.966743 -62.965103 -2.000000
v 89.984848 -61.495144 -2.000000
v 87.779938 -59.288010 -2.000000
v 93.494911 -64.761520 -2.000000
v 94.182144 -65.792381 -2.000000
v 90.420952 -61.495144 -2.000000
v 92.156601 -62.898746 -2.000000
v 91.698288 -63.407078 -2.000000
v 94.055550 -64.544502 -2.000000
v 91.208572 -61.548443 -2.000000
v 91.503021 -61.483730 -2.000000
v 92.644905 -62.772148 -2.000000
v 94.127892 -62.808319 -2.000000
v 93.603416 -64.092369 -2.000000
v 93.485588 -61.982239 -2.000000
v 94.362999 -62.681721 -2.000000
v 92.462456 -59.890514 -2.000000
v 94.463242 -61.686668 -2.000000
v 87.166138 -54.365459 -2.000000
v 87.985405 -59.105370 -2.000000
v 93.917572 -60.072403 -2.000000
v 89.227852 -55.052704 -2.000000
v 88.864342 -59.128201 -2.000000
v 89.195374 -59.128201 -2.000000
v 89.674789 -59.116787 -2.000000
v 89.971581 -59.071129 -2.000000
v 92.231705 -59.048298 -2.000000
v 93.212753 -58.867386 -2.000000
v 86.547867 -52.109810 -2.000000
v 87.943802 -53.352688 -2.000000
v 89.969353 -54.998444 -2.000000
v 90.759201 -58.991222 -2.000000
v 87.126999 -52.003124 -2.000000
v 85.252419 -50.037102 -2.000000
v 85.465790 -50.280952 -2.000000
v 63.799999 -46.500000 -2.000000
v 90.529991 -54.998444 -2.000000
v 86.182091 -50.585758 -2.000000
v 94.872490 -59.162956 -2.000000
v 89.227852 -53.135666 -2.000000
v 88.361481 -52.140289 -2.000000
v 91.307663 -54.944187 -2.000000
v 91.124474 -59.048298 -2.000000
v 88.026192 -51.545910 -2.000000
v 91.705536 -54.962273 -2.000000
v 91.855019 -59.048298 -2.000000
v 89.169228 -52.109806 -2.000000
v 90.077858 -53.135666 -2.000000
v 87.614700 -50.433353 -2.000000
v 86.852676 -50.433353 -2.000000
v 92.754478 -54.908016 -2.000000
v 87.462296 -49.899937 -2.000000
v 88.087151 -50.098064 -2.000000
v 88.407204 -51.302063 -2.000000
v 89.306389 -51.302063 -2.000000
v 88.757736 -51.652592 -2.000000
v 93.604485 -55.287807 -2.000000
v 90.297020 -51.713554 -2.000000
v 90.620415 -52.810127 -2.000000
v 89.809326 -51.363022 -2.000000
v 92.808731 -54.039925 -2.000000
v 87.318848 -48.635635 -2.000000
v 87.572311 -48.700348 -2.000000
v 89.443558 -50.341911 -2.000000
v 88.513885 -50.037102 -2.000000
v 91.150490 -51.911682 -2.000000
v 91.542763 -52.864384 -2.000000
v 91.226692 -51.881199 -2.000000
v 91.940643 -52.846298 -2.000000
v 88.405594 -48.894398 -2.000000
v 94.400238 -54.871845 -2.000000
v 93.242783 -54.528229 -2.000000
v 93.658737 -54.039925 -2.000000
v 93.948105 -54.564400 -2.000000
v 88.782280 -48.768833 -2.000000
v 90.571350 -50.494316 -2.000000
v 93.532143 -53.334599 -2.000000
v 91.775352 -51.530670 -2.000000
v 94.291725 -53.949497 -2.000000
v 76.583687 -35.850216 -2.000000
v 76.627205 -35.894833 -2.000000
v 76.672890 -35.937225 -2.000000
v 76.542442 -35.803486 -2.000000
v 76.720634 -35.977291 -2.000000
v 76.503586 -35.754757 -2.000000
v 76.770317 -36.014923 -2.000000
v 89.387260 -48.631859 -2.000000
v 76.467201 -35.704151 -2.000000
v 76.821815 -36.050034 -2.000000
v 76.433388 -35.651794 -2.000000
v 76.875000 -36.082531 -2.000000
v 76.402222 -35.597816 -2.000000
v 76.929733 -36.112339 -2.000000
v 76.373787 -35.542355 -2.000000
v 76.985893 -36.139381 -2.000000
v 76.348152 -35.485542 -2.000000
v 77.043327 -36.163593 -2.000000
v 76.325386 -35.427525 -2.000000
v 93.640656 -52.737785 -2.000000
v 77.101891 -36.184910 -2.000000
v 76.305534 -35.368443 -2.000000
v 77.161446 -36.203281 -2.000000
v 76.288651 -35.308445 -2.000000
v 77.221848 -36.218658 -2.000000
v 76.274788 -35.247684 -2.000000
v 77.282936 -36.231010 -2.000000
v 76.263962 -35.186302 -2.000000
v 89.841515 -48.749783 -2.000000
v 90.114136 -49.991379 -2.000000
v 77.344574 -36.240299 -2.000000
v 94.870453 -53.750561 -2.000000
v 76.256210 -35.124458 -2.000000
v 77.406586 -36.246506 -2.000000
v 76.251556 -35.062305 -2.000000
v 77.468834 -36.249611 -2.000000
v 91.257172 -50.037102 -2.000000
v 76.250000 -35.000000 -2.000000
v 77.531166 -36.249611 -2.000000
v 76.251556 -34.937695 -2.000000
v 77.593414 -36.246506 -2.000000
v 76.256210 -34.875542 -2.000000
v 76.263962 -34.813698 -2.000000
v 76.274788 -34.752316 -2.000000
v 76.288651 -34.691555 -2.000000
v 76.305534 -34.631557 -2.000000
v 90.275276 -48.567146 -2.000000
v 88.070366 -46.360008 -2.000000
v 76.325386 -34.572475 -2.000000
v 42.651844 -35.014458 -2.000000
v 42.626209 -34.957645 -2.000000
v 76.348152 -34.514458 -2.000000
v 42.597778 -34.902184 -2.000000
v 76.373787 -34.457645 -2.000000
v 93.785339 -51.833523 -2.000000
v 94.472572 -52.864384 -2.000000
v 76.402222 -34.402184 -2.000000
v 42.566612 -34.848206 -2.000000
v 76.433388 -34.348206 -2.000000
v 42.532799 -34.795849 -2.000000
v 90.711380 -48.567146 -2.000000
v 76.467201 -34.295849 -2.000000
v 42.496414 -34.745243 -2.000000
v 76.503586 -34.245243 -2.000000
v 42.457554 -34.696514 -2.000000
v 76.542442 -34.196514 -2.000000
v 42.416313 -34.649784 -2.000000
v 76.583687 -34.149784 -2.000000
v 42.372795 -34.605167 -2.000000
v 92.447029 -49.970749 -2.000000
v 91.988716 -50.479076 -2.000000
v 76.627205 -34.105167 -2.000000
v 42.327106 -34.562775 -2.000000
v 76.672890 -34.062775 -2.000000
v 42.279362 -34.522709 -2.000000
v 76.720634 -34.022709 -2.000000
v 42.229679 -34.485077 -2.000000
v 94.345978 -51.616501 -2.000000
v 76.770317 -33.985077 -2.000000
v 76.821815 -33.949966 -2.000000
v 91.499001 -48.620441 -2.000000
v 76.875000 -33.917469 -2.000000
v 76.929733 -33.887661 -2.000000
v 76.985893 -33.860619 -2.000000
v 77.043327 -33.836407 -2.000000
v 91.793449 -48.555733 -2.000000
v 92.935333 -49.844147 -2.000000
v 77.101891 -33.815090 -2.000000
v 77.161446 -33.796719 -2.000000
v 94.418320 -49.880318 -2.000000
v 93.893845 -51.164368 -2.000000
v 93.776016 -49.054237 -2.000000
v 94.653427 -49.753719 -2.000000
v 78.125000 -36.082531 -2.000000
v 85.004768 -39.486191 -2.000000
v 78.070267 -36.112339 -2.000000
v 78.014107 -36.139381 -2.000000
v 77.956673 -36.163593 -2.000000
v 77.898109 -36.184910 -2.000000
v 77.838554 -36.203281 -2.000000
v 77.778152 -36.218658 -2.000000
v 77.717064 -36.231010 -2.000000
v 77.655426 -36.240299 -2.000000
v 86.982513 -41.456760 -2.000000
v 88.275833 -46.177372 -2.000000
v 92.752884 -46.962513 -2.000000
v 94.753670 -48.758667 -2.000000
v 85.550148 -39.364193 -2.000000
v 78.229683 -36.014923 -2.000000
v 84.251266 -37.570156 -2.000000
v 78.178185 -36.050034 -2.000000
v 89.044228 -42.144001 -2.000000
v 89.154770 -46.200199 -2.000000
v 89.485802 -46.200199 -2.000000
v 78.750000 -35.000000 -2.000000
v 83.949860 -37.017574 -2.000000
v 78.748444 -35.062305 -2.000000
v 78.743790 -35.124458 -2.000000
v 78.736038 -35.186302 -2.000000
v 78.725212 -35.247684 -2.000000
v 78.711349 -35.308445 -2.000000
v 78.694466 -35.368443 -2.000000
v 78.674614 -35.427525 -2.000000
v 78.651848 -35.485542 -2.000000
v 78.626213 -35.542355 -2.000000
v 78.597778 -35.597816 -2.000000
v 78.566612 -35.651794 -2.000000
v 78.532799 -35.704151 -2.000000
v 78.496414 -35.754757 -2.000000
v 78.457558 -35.803486 -2.000000
v 78.416313 -35.850216 -2.000000
v 78.372795 -35.894833 -2.000000
v 78.597778 -34.402184 -2.000000
v 78.626213 -34.457645 -2.000000
v 78.327110 -35.937225 -2.000000
v 78.651848 -34.514458 -2.000000
v 78.279366 -35.977291 -2.000000
v 78.674614 -34.572475 -2.000000
v 78.694466 -34.631557 -2.000000
v 78.711349 -34.691555 -2.000000
v 78.725212 -34.752316 -2.000000
v 78.736038 -34.813698 -2.000000
v 78.743790 -34.875542 -2.000000
v 78.748444 -34.937695 -2.000000
v 94.208000 -47.144402 -2.000000
v 87.760178 -40.443989 -2.000000
v 85.004768 -37.519955 -2.000000
v 92.522133 -46.120296 -2.000000
v 93.503181 -45.939384 -2.000000
v 89.785728 -42.089745 -2.000000
v 89.965218 -46.188786 -2.000000
v 90.262009 -46.143127 -2.000000
v 90.346367 -42.089745 -2.000000
v 91.049622 -46.063221 -2.000000
v 87.293991 -38.947990 -2.000000
v 87.071526 -38.481537 -2.000000
v 85.392273 -37.541435 -2.000000
v 87.911148 -39.278095 -2.000000
v 89.044228 -40.226963 -2.000000
v 95.162918 -46.234955 -2.000000
v 86.483063 -37.419441 -2.000000
v 91.124039 -42.035488 -2.000000
v 88.513947 -39.062809 -2.000000
v 91.521912 -42.053574 -2.000000
v 91.414894 -46.120296 -2.000000
v 92.145439 -46.120296 -2.000000
v 87.545158 -38.043785 -2.000000
v 88.119255 -38.603531 -2.000000
v 87.817856 -38.675293 -2.000000
v 86.217537 -37.017574 -2.000000
v 87.006943 -37.110878 -2.000000
v 88.420654 -38.137077 -2.000000
v 89.403801 -39.055634 -2.000000
v 89.894234 -40.226963 -2.000000
v 88.844055 -38.345188 -2.000000
v 92.570854 -41.999317 -2.000000
v 90.114243 -39.400093 -2.000000
v 90.436790 -39.901428 -2.000000
v 89.152626 -38.187313 -2.000000
v 93.420860 -42.379108 -2.000000
v 87.344223 -37.132408 -2.000000
v 88.470894 -37.074997 -2.000000
v 87.135223 -35.726936 -2.000000
v 92.625107 -41.131226 -2.000000
v 87.388687 -35.791649 -2.000000
v 90.795982 -39.034103 -2.000000
v 91.359138 -39.955685 -2.000000
v 91.757019 -39.937599 -2.000000
v 88.786644 -36.996059 -2.000000
v 89.432503 -37.232876 -2.000000
v 88.221970 -35.985699 -2.000000
v 94.216614 -41.963146 -2.000000
v 93.059158 -41.619526 -2.000000
v 93.475113 -41.131226 -2.000000
v 93.764481 -41.655697 -2.000000
v 88.598656 -35.860134 -2.000000
v 93.348518 -40.425900 -2.000000
v 94.108101 -41.040798 -2.000000
v 91.126091 -37.972027 -2.000000
v 89.203636 -35.723160 -2.000000
v 93.457031 -39.829086 -2.000000
v 89.657890 -35.841084 -2.000000
v 90.394119 -36.852535 -2.000000
v 94.686829 -40.841862 -2.000000
v 93.156960 -39.270920 -2.000000
v 93.616234 -39.242214 -2.000000
v 94.288948 -39.955685 -2.000000
v 90.091652 -35.658443 -2.000000
v 78.229683 -33.985077 -2.000000
v 87.886742 -33.451309 -2.000000
v 78.279366 -34.022709 -2.000000
v 78.327110 -34.062775 -2.000000
v 78.372795 -34.105167 -2.000000
v 78.416313 -34.149784 -2.000000
v 78.457558 -34.196514 -2.000000
v 78.496414 -34.245243 -2.000000
v 78.532799 -34.295849 -2.000000
v 78.566612 -34.348206 -2.000000
v 77.838554 -33.796719 -2.000000
v 88.092209 -33.268669 -2.000000
v 77.898109 -33.815090 -2.000000
v 77.956673 -33.836407 -2.000000
v 78.014107 -33.860619 -2.000000
v 78.070267 -33.887661 -2.000000
v 78.125000 -33.917469 -2.000000
v 78.178185 -33.949966 -2.000000
v 77.717064 -33.768990 -2.000000
v 77.778152 -33.781342 -2.000000
v 90.527756 -35.658443 -2.000000
v 90.946686 -37.204170 -2.000000
v 91.944176 -36.874065 -2.000000
v 91.315376 -35.711742 -2.000000
v 91.609825 -35.647030 -2.000000
v 92.216873 -36.802303 -2.000000
v 88.971146 -33.291500 -2.000000
v 90.078384 -33.234428 -2.000000
v 89.302177 -33.291500 -2.000000
v 89.781593 -33.280087 -2.000000
v 93.592392 -36.145538 -2.000000
v 94.283623 -36.651604 -2.000000
v 93.243073 -38.567650 -2.000000
v 94.850540 -36.651604 -2.000000
v 92.569260 -34.053814 -2.000000
v 94.570045 -35.849968 -2.000000
v 90.865997 -33.154522 -2.000000
v 91.961815 -33.211597 -2.000000
v 91.231270 -33.211597 -2.000000
v 94.024376 -34.235703 -2.000000
v 92.338509 -33.211597 -2.000000
v 93.319557 -33.030685 -2.000000
v 94.979294 -33.326256 -2.000000
v 97.000000 -28.500000 -2.000000
v 77.406586 -33.753494 -2.000000
v 77.468834 -33.750389 -2.000000
v 77.531166 -33.750389 -2.000000
v 77.593414 -33.753494 -2.000000
v 77.655426 -33.759701 -2.000000
v 77.344574 -33.759701 -2.000000
v 77.282936 -33.768990 -2.000000
v 77.221848 -33.781342 -2.000000
v 50.661438 -103.685875 -2.000000
v 50.021309 -102.654518 -2.000000
v 56.350681 -101.398041 -2.000000
v 54.952339 -100.240593 -2.000000
v 91.976768 -104.051025 -2.000000
v 90.963997 -104.720177 -2.000000
v 78.844574 -85.740295 -2.000000
v 78.782936 -85.731010 -2.000000
v 78.721848 -85.718658 -2.000000
v 78.661446 -85.703278 -2.000000
v 78.601891 -85.684906 -2.000000
v 78.543327 -85.663589 -2.000000
v 78.485893 -85.639381 -2.000000
v 78.429733 -85.612343 -2.000000
v 78.375000 -85.582535 -2.000000
v 78.321815 -85.550034 -2.000000
v 78.270317 -85.514923 -2.000000
v 82.964981 -90.864822 -2.000000
v 81.952209 -91.533974 -2.000000
v 91.428268 -79.421623 -2.000000
v 90.415497 -80.090775 -2.000000
v 94.254852 -77.077110 -2.000000
v 91.270424 -66.479630 -2.000000
v 90.257652 -67.148773 -2.000000
v 88.887169 -59.584793 -2.000000
v 87.791351 -59.744598 -2.000000
v 88.226974 -61.289680 -2.000000
v 90.224564 -60.958652 -2.000000
v 91.354630 -61.152702 -2.000000
v 90.955589 -59.615257 -2.000000
v 91.560852 -53.551624 -2.000000
v 90.548080 -54.220776 -2.000000
v 89.177597 -46.656792 -2.000000
v 88.081779 -46.816601 -2.000000
v 88.517403 -48.361679 -2.000000
v 90.514992 -48.030651 -2.000000
v 91.645050 -48.224701 -2.000000
v 91.246010 -46.687260 -2.000000
v 88.993973 -33.748093 -2.000000
v 87.898155 -33.907898 -2.000000
v 88.333778 -35.452980 -2.000000
v 91.377228 -40.642925 -2.000000
v 90.364456 -41.312077 -2.000000
v 90.331367 -35.121952 -2.000000
v 91.461426 -35.316002 -2.000000
v 91.062386 -33.778557 -2.000000
v 87.500000 -94.500000 3.000000
v 97.000000 -94.500000 3.000000
v 97.000000 -95.790001 3.000000
v 97.000000 -106.209999 3.000000
v 97.000000 -95.790001 4.700000
v 97.000000 -106.209999 4.700000
v 97.000000 -125.500000 3.000000
v 87.500000 -83.500000 3.000000
v 67.589996 -125.500000 3.000000
v 59.500000 -125.500000 3.000000
v 88.410004 -125.500000 3.000000
v 88.410004 -125.500000 4.700000
v 67.589996 -125.500000 4.700000
v 97.000000 -83.500000 3.000000
v 59.500000 -116.000000 3.000000
v 97.000000 -32.790001 3.000000
v 97.000000 -28.500000 3.000000
v 97.000000 -43.209999 3.000000
v 97.000000 -43.209999 4.700000
v 97.000000 -32.790001 4.700000
v 97.000000 -45.790001 3.000000
v 97.000000 -56.209999 3.000000
v 97.000000 -45.790001 4.700000
v 97.000000 -56.209999 4.700000
v 97.000000 -69.209999 4.700000
v 97.000000 -58.790001 3.000000
v 97.000000 -58.790001 4.700000
v 97.000000 -69.209999 3.000000
v 97.000000 -71.790001 3.000000
v 97.000000 -82.209999 3.000000
v 97.000000 -71.790001 4.700000
v 97.000000 -82.209999 4.700000
v 48.500000 -116.000000 3.000000
v 35.000000 -28.500000 3.000000
v 48.500000 -125.500000 3.000000
v 35.000000 -125.500000 3.000000
v 43.750000 -118.500000 3.000000
v 43.748447 -118.437691 3.000000
v 43.743790 -118.375542 3.000000
v 43.736038 -118.313698 3.000000
v 43.725216 -118.252319 3.000000
v 43.711346 -118.191551 3.000000
v 43.694466 -118.131554 3.000000
v 43.674614 -118.072472 3.000000
v 43.651844 -118.014458 3.000000
v 43.626209 -117.957642 3.000000
v 43.597778 -117.902184 3.000000
v 43.566612 -117.848206 3.000000
v 43.532799 -117.795853 3.000000
v 43.496414 -117.745247 3.000000
v 43.457554 -117.696518 3.000000
v 43.416313 -117.649780 3.000000
v 43.372795 -117.605164 3.000000
v 43.327106 -117.562775 3.000000
v 43.279362 -117.522713 3.000000
v 43.229679 -117.485077 3.000000
v 43.178185 -117.449966 3.000000
v 43.125000 -117.417465 3.000000
v 43.070263 -117.387657 3.000000
v 43.014111 -117.360619 3.000000
v 42.956676 -117.336411 3.000000
v 42.898109 -117.315094 3.000000
v 42.838551 -117.296722 3.000000
v 42.778152 -117.281342 3.000000
v 42.717060 -117.268990 3.000000
v 42.655430 -117.259705 3.000000
v 42.593414 -117.253494 3.000000
v 42.531162 -117.250389 3.000000
v 42.468838 -117.250389 3.000000
v 42.406586 -117.253494 3.000000
v 42.344570 -117.259705 3.000000
v 42.282940 -117.268990 3.000000
v 42.221848 -117.281342 3.000000
v 42.161449 -117.296722 3.000000
v 42.101891 -117.315094 3.000000
v 42.043324 -117.336411 3.000000
v 41.985889 -117.360619 3.000000
v 41.929737 -117.387657 3.000000
v 41.875000 -117.417465 3.000000
v 41.821815 -117.449966 3.000000
v 41.770321 -117.485077 3.000000
v 41.720638 -117.522713 3.000000
v 41.672894 -117.562775 3.000000
v 41.627205 -117.605164 3.000000
v 41.583687 -117.649780 3.000000
v 41.542446 -117.696518 3.000000
v 41.503586 -117.745247 3.000000
v 41.467201 -117.795853 3.000000
v 41.433388 -117.848206 3.000000
v 41.402222 -117.902184 3.000000
v 41.373791 -117.957642 3.000000
v 41.348156 -118.014458 3.000000
v 41.325386 -118.072472 3.000000
v 41.305534 -118.131554 3.000000
v 41.288654 -118.191551 3.000000
v 41.274784 -118.252319 3.000000
v 41.263962 -118.313698 3.000000
v 41.256210 -118.375542 3.000000
v 41.251553 -118.437691 3.000000
v 41.250000 -118.500000 3.000000
v 41.251553 -118.562309 3.000000
v 41.256210 -118.624458 3.000000
v 41.263962 -118.686302 3.000000
v 41.274784 -118.747681 3.000000
v 41.288654 -118.808449 3.000000
v 41.305534 -118.868446 3.000000
v 41.325386 -118.927528 3.000000
v 41.348156 -118.985542 3.000000
v 41.373791 -119.042358 3.000000
v 41.402222 -119.097816 3.000000
v 41.433388 -119.151794 3.000000
v 41.467201 -119.204147 3.000000
v 41.503586 -119.254753 3.000000
v 41.542446 -119.303482 3.000000
v 41.583687 -119.350220 3.000000
v 41.627205 -119.394836 3.000000
v 41.672894 -119.437225 3.000000
v 41.720638 -119.477287 3.000000
v 41.770321 -119.514923 3.000000
v 41.821815 -119.550034 3.000000
v 41.875000 -119.582535 3.000000
v 41.929737 -119.612343 3.000000
v 41.985889 -119.639381 3.000000
v 42.043324 -119.663589 3.000000
v 42.101891 -119.684906 3.000000
v 42.161449 -119.703278 3.000000
v 42.221848 -119.718658 3.000000
v 42.282940 -119.731010 3.000000
v 42.344570 -119.740295 3.000000
v 42.406586 -119.746506 3.000000
v 42.468838 -119.749611 3.000000
v 42.531162 -119.749611 3.000000
v 42.593414 -119.746506 3.000000
v 42.655430 -119.740295 3.000000
v 42.717060 -119.731010 3.000000
v 42.778152 -119.718658 3.000000
v 42.838551 -119.703278 3.000000
v 42.898109 -119.684906 3.000000
v 42.956676 -119.663589 3.000000
v 43.014111 -119.639381 3.000000
v 43.070263 -119.612343 3.000000
v 43.125000 -119.582535 3.000000
v 43.178185 -119.550034 3.000000
v 43.229679 -119.514923 3.000000
v 43.279362 -119.477287 3.000000
v 43.327106 -119.437225 3.000000
v 43.372795 -119.394836 3.000000
v 43.416313 -119.350220 3.000000
v 43.457554 -119.303482 3.000000
v 43.496414 -119.254753 3.000000
v 43.532799 -119.204147 3.000000
v 43.566612 -119.151794 3.000000
v 43.597778 -119.097816 3.000000
v 43.626209 -119.042358 3.000000
v 43.651844 -118.985542 3.000000
v 43.674614 -118.927528 3.000000
v 43.694466 -118.868446 3.000000
v 43.711346 -118.808449 3.000000
v 43.725216 -118.747681 3.000000
v 43.736038 -118.686302 3.000000
v 43.743790 -118.624458 3.000000
v 43.748447 -118.562309 3.000000
v 49.459999 -113.900002 3.000000
v 49.459999 -110.099998 3.000000
v 58.459999 -110.099998 3.000000
v 58.459999 -113.900002 3.000000
v 50.822414 -105.662529 -1.500000
v 51.415909 -105.787941 -1.500000
v 50.186203 -106.404350 -1.500000
v 49.581306 -106.043419 -1.500000
v 49.637486 -105.339401 -1.500000
v 50.113781 -105.769051 -1.500000
v 50.137909 -104.919388 -1.500000
v 49.271709 -104.840515 -1.500000
v 48.867943 -105.679398 -1.500000
v 49.261147 -106.486641 -1.500000
v 50.368629 -106.988495 -1.500000
v 51.265743 -106.615929 -1.500000
v 49.247250 -103.790459 -1.500000
v 51.355698 -104.085541 -1.500000
v 51.348915 -103.687302 -1.500000
v 50.021309 -102.654518 -1.500000
v 51.429333 -102.766869 -1.500000
v 51.119331 -102.215286 -1.500000
v 49.260380 -102.053947 -1.500000
v 49.244465 -102.614357 -1.500000
v 50.661438 -103.685875 -1.500000
v 49.276623 -103.393257 -1.500000
v 49.227196 -101.311203 -1.500000
v 51.143459 -101.365623 -1.500000
v 50.962975 -100.075928 -1.500000
v 49.972687 -99.269829 -1.500000
v 56.925961 -107.120705 -1.500000
v 56.860580 -107.158997 -1.500000
v 57.331314 -107.120705 -1.500000
v 57.122101 -105.525444 -1.500000
v 56.834431 -105.460068 -1.500000
v 56.912884 -106.506134 -1.500000
v 56.416000 -106.636894 -1.500000
v 56.397099 -105.966003 -1.500000
v 55.134563 -105.970024 -1.500000
v 54.781509 -107.120705 -1.500000
v 55.278397 -107.186081 -1.500000
v 55.644520 -106.440758 -1.500000
v 55.915298 -106.389000 -1.500000
v 56.038700 -107.158997 -1.500000
v 57.137367 -104.873100 -1.500000
v 57.137367 -105.219749 -1.500000
v 55.539265 -104.185677 -1.500000
v 57.019863 -103.621643 -1.500000
v 56.990486 -103.304375 -1.500000
v 54.851845 -103.968292 -1.500000
v 54.851845 -104.473572 -1.500000
v 56.897091 -102.056084 -1.500000
v 56.932343 -102.390984 -1.500000
v 54.723198 -102.226471 -1.500000
v 54.858330 -102.508492 -1.500000
v 54.705570 -101.627182 -1.500000
v 56.873589 -101.627182 -1.500000
v 56.897091 -101.339287 -1.500000
v 54.952339 -100.240593 -1.500000
v 56.808960 -100.011452 -1.500000
v 56.832462 -99.394539 -1.500000
v 54.693821 -99.776436 -1.500000
v 54.582188 -100.322845 -1.500000
v 56.350681 -101.398041 -1.500000
v 54.617439 -101.321663 -1.500000
v 90.250000 -112.000000 3.000000
v 90.248444 -111.937691 3.000000
v 90.243790 -111.875542 3.000000
v 90.236038 -111.813698 3.000000
v 90.225212 -111.752319 3.000000
v 90.211349 -111.691551 3.000000
v 90.194466 -111.631554 3.000000
v 90.174614 -111.572472 3.000000
v 90.151848 -111.514458 3.000000
v 90.126213 -111.457642 3.000000
v 90.097778 -111.402184 3.000000
v 90.066612 -111.348206 3.000000
v 90.032799 -111.295853 3.000000
v 89.996414 -111.245247 3.000000
v 89.957558 -111.196518 3.000000
v 89.916313 -111.149780 3.000000
v 89.872795 -111.105164 3.000000
v 89.827110 -111.062775 3.000000
v 89.779366 -111.022713 3.000000
v 89.729683 -110.985077 3.000000
v 89.678185 -110.949966 3.000000
v 89.625000 -110.917465 3.000000
v 89.570267 -110.887657 3.000000
v 89.514107 -110.860619 3.000000
v 89.456673 -110.836411 3.000000
v 89.398109 -110.815094 3.000000
v 89.338554 -110.796722 3.000000
v 89.278152 -110.781342 3.000000
v 89.217064 -110.768990 3.000000
v 89.155426 -110.759705 3.000000
v 89.093414 -110.753494 3.000000
v 89.031166 -110.750389 3.000000
v 88.968834 -110.750389 3.000000
v 88.906586 -110.753494 3.000000
v 88.844574 -110.759705 3.000000
v 88.782936 -110.768990 3.000000
v 88.721848 -110.781342 3.000000
v 88.661446 -110.796722 3.000000
v 88.601891 -110.815094 3.000000
v 88.543327 -110.836411 3.000000
v 88.485893 -110.860619 3.000000
v 88.429733 -110.887657 3.000000
v 88.375000 -110.917465 3.000000
v 88.321815 -110.949966 3.000000
v 88.270317 -110.985077 3.000000
v 88.220634 -111.022713 3.000000
v 88.172890 -111.062775 3.000000
v 88.127205 -111.105164 3.000000
v 88.083687 -111.149780 3.000000
v 88.042442 -111.196518 3.000000
v 88.003586 -111.245247 3.000000
v 87.967201 -111.295853 3.000000
v 87.933388 -111.348206 3.000000
v 87.902222 -111.402184 3.000000
v 87.873787 -111.457642 3.000000
v 87.848152 -111.514458 3.000000
v 87.825386 -111.572472 3.000000
v 87.805534 -111.631554 3.000000
v 87.788651 -111.691551 3.000000
v 87.774788 -111.752319 3.000000
v 87.763962 -111.813698 3.000000
v 87.756210 -111.875542 3.000000
v 87.751556 -111.937691 3.000000
v 87.750000 -112.000000 3.000000
v 87.751556 -112.062309 3.000000
v 87.756210 -112.124458 3.000000
v 87.763962 -112.186302 3.000000
v 87.774788 -112.247681 3.000000
v 87.788651 -112.308449 3.000000
v 87.805534 -112.368446 3.000000
v 87.825386 -112.427528 3.000000
v 87.848152 -112.485542 3.000000
v 87.873787 -112.542358 3.000000
v 87.902222 -112.597816 3.000000
v 87.933388 -112.651794 3.000000
v 87.967201 -112.704147 3.000000
v 88.003586 -112.754753 3.000000
v 88.042442 -112.803482 3.000000
v 88.083687 -112.850220 3.000000
v 88.127205 -112.894836 3.000000
v 88.172890 -112.937225 3.000000
v 88.220634 -112.977287 3.000000
v 88.270317 -113.014923 3.000000
v 88.321815 -113.050034 3.000000
v 88.375000 -113.082535 3.000000
v 88.429733 -113.112343 3.000000
v 88.485893 -113.139381 3.000000
v 88.543327 -113.163589 3.000000
v 88.601891 -113.184906 3.000000
v 88.661446 -113.203278 3.000000
v 88.721848 -113.218658 3.000000
v 88.782936 -113.231010 3.000000
v 88.844574 -113.240295 3.000000
v 88.906586 -113.246506 3.000000
v 88.968834 -113.249611 3.000000
v 89.031166 -113.249611 3.000000
v 89.093414 -113.246506 3.000000
v 89.155426 -113.240295 3.000000
v 89.217064 -113.231010 3.000000
v 89.278152 -113.218658 3.000000
v 89.338554 -113.203278 3.000000
v 89.398109 -113.184906 3.000000
v 89.456673 -113.163589 3.000000
v 89.514107 -113.139381 3.000000
v 89.570267 -113.112343 3.000000
v 89.625000 -113.082535 3.000000
v 89.678185 -113.050034 3.000000
v 89.729683 -113.014923 3.000000
v 89.779366 -112.977287 3.000000
v 89.827110 -112.937225 3.000000
v 89.872795 -112.894836 3.000000
v 89.916313 -112.850220 3.000000
v 89.957558 -112.803482 3.000000
v 89.996414 -112.754753 3.000000
v 90.032799 -112.704147 3.000000
v 90.066612 -112.651794 3.000000
v 90.097778 -112.597816 3.000000
v 90.126213 -112.542358 3.000000
v 90.151848 -112.485542 3.000000
v 90.174614 -112.427528 3.000000
v 90.194466 -112.368446 3.000000
v 90.211349 -112.308449 3.000000
v 90.225212 -112.247681 3.000000
v 90.236038 -112.186302 3.000000
v 90.243790 -112.124458 3.000000
v 90.248444 -112.062309 3.000000
v 87.833160 -101.836098 -1.500000
v 86.729965 -99.286079 -1.500000
v 85.572510 -101.673332 -1.500000
v 85.825699 -101.745674 -1.500000
v 86.458687 -100.986092 -1.500000
v 87.019325 -101.112686 -1.500000
v 87.453377 -101.854187 -1.500000
v 89.643768 -105.552101 -1.500000
v 89.643768 -103.635063 -1.500000
v 88.359718 -103.852089 -1.500000
v 87.582054 -104.864861 -1.500000
v 92.121452 -105.461678 -1.500000
v 92.356560 -103.345703 -1.500000
v 91.958679 -103.363785 -1.500000
v 90.963997 -104.720177 -1.500000
v 91.036331 -103.309532 -1.500000
v 90.493774 -103.635063 -1.500000
v 90.385269 -105.497849 -1.500000
v 90.945908 -105.497849 -1.500000
v 91.976768 -104.051025 -1.500000
v 91.723579 -105.443588 -1.500000
v 93.948059 -103.834000 -1.500000
v 94.056572 -103.237190 -1.500000
v 94.707642 -104.448898 -1.500000
v 94.364021 -105.063797 -1.500000
v 93.658699 -105.027626 -1.500000
v 94.074654 -104.539330 -1.500000
v 93.224648 -104.539330 -1.500000
v 93.170395 -105.407417 -1.500000
v 94.020401 -105.787209 -1.500000
v 94.816154 -105.371246 -1.500000
v 95.286369 -104.249962 -1.500000
v 94.888489 -103.363785 -1.500000
v 91.070419 -99.882889 -1.500000
v 89.985306 -99.955231 -1.500000
v 91.070419 -99.557358 -1.500000
v 88.375717 -99.430763 -1.500000
v 88.212952 -99.973320 -1.500000
v 89.406578 -100.117996 -1.500000
v 89.406578 -101.926521 -1.500000
v 89.894882 -101.836098 -1.500000
v 92.915115 -101.799927 -1.500000
v 92.155540 -99.611610 -1.500000
v 90.835312 -101.637161 -1.500000
v 91.287445 -101.745674 -1.500000
v 91.793831 -101.148857 -1.500000
v 92.282135 -101.221199 -1.500000
v 92.535324 -101.836098 -1.500000
v 92.824692 -101.836098 -1.500000
v 93.873634 -100.009483 -1.500000
v 95.139603 -99.575439 -1.500000
v 93.421501 -101.347794 -1.500000
v 95.139603 -102.179718 -1.500000
v 80.631981 -92.365906 -1.500000
v 80.631981 -90.448868 -1.500000
v 79.347931 -90.665886 -1.500000
v 78.570267 -91.678658 -1.500000
v 79.077705 -88.341927 -1.500000
v 78.803383 -86.772156 -1.500000
v 79.565407 -86.772156 -1.500000
v 79.413002 -86.238739 -1.500000
v 77.203125 -86.375900 -1.500000
v 77.416496 -86.619751 -1.500000
v 78.132797 -86.924561 -1.500000
v 78.498573 -88.448608 -1.500000
v 81.394264 -86.680710 -1.500000
v 82.064842 -86.330177 -1.500000
v 81.257095 -87.640862 -1.500000
v 80.708443 -87.991394 -1.500000
v 80.357910 -87.640862 -1.500000
v 80.464592 -86.375900 -1.500000
v 80.037857 -86.436867 -1.500000
v 79.976898 -87.884712 -1.500000
v 80.312187 -88.479088 -1.500000
v 81.119934 -88.448608 -1.500000
v 81.760033 -87.701820 -1.500000
v 80.250000 -84.500000 3.000000
v 80.248444 -84.437691 3.000000
v 80.243790 -84.375542 3.000000
v 80.236038 -84.313698 3.000000
v 80.225212 -84.252319 3.000000
v 80.211349 -84.191551 3.000000
v 80.194466 -84.131554 3.000000
v 80.174614 -84.072472 3.000000
v 80.151848 -84.014458 3.000000
v 80.126213 -83.957642 3.000000
v 80.097778 -83.902184 3.000000
v 80.066612 -83.848206 3.000000
v 80.032799 -83.795853 3.000000
v 79.996414 -83.745247 3.000000
v 79.957558 -83.696518 3.000000
v 79.916313 -83.649780 3.000000
v 79.872795 -83.605164 3.000000
v 79.827110 -83.562775 3.000000
v 79.779366 -83.522713 3.000000
v 79.729683 -83.485077 3.000000
v 79.678185 -83.449966 3.000000
v 79.625000 -83.417465 3.000000
v 79.570267 -83.387657 3.000000
v 79.514107 -83.360619 3.000000
v 79.456673 -83.336411 3.000000
v 79.398109 -83.315094 3.000000
v 79.338554 -83.296722 3.000000
v 79.278152 -83.281342 3.000000
v 79.217064 -83.268990 3.000000
v 79.155426 -83.259705 3.000000
v 79.093414 -83.253494 3.000000
v 79.031166 -83.250389 3.000000
v 78.968834 -83.250389 3.000000
v 78.906586 -83.253494 3.000000
v 78.844574 -83.259705 3.000000
v 78.782936 -83.268990 3.000000
v 78.721848 -83.281342 3.000000
v 78.661446 -83.296722 3.000000
v 78.601891 -83.315094 3.000000
v 78.543327 -83.336411 3.000000
v 78.485893 -83.360619 3.000000
v 78.429733 -83.387657 3.000000
v 78.375000 -83.417465 3.000000
v 78.321815 -83.449966 3.000000
v 78.270317 -83.485077 3.000000
v 78.220634 -83.522713 3.000000
v 78.172890 -83.562775 3.000000
v 78.127205 -83.605164 3.000000
v 78.083687 -83.649780 3.000000
v 78.042442 -83.696518 3.000000
v 78.003586 -83.745247 3.000000
v 77.967201 -83.795853 3.000000
v 77.933388 -83.848206 3.000000
v 77.902222 -83.902184 3.000000
v 77.873787 -83.957642 3.000000
v 77.848152 -84.014458 3.000000
v 77.825386 -84.072472 3.000000
v 77.805534 -84.131554 3.000000
v 77.788651 -84.191551 3.000000
v 77.774788 -84.252319 3.000000
v 77.763962 -84.313698 3.000000
v 77.756210 -84.375542 3.000000
v 77.751556 -84.437691 3.000000
v 77.750000 -84.500000 3.000000
v 77.751556 -84.562309 3.000000
v 77.756210 -84.624458 3.000000
v 77.763962 -84.686302 3.000000
v 77.774788 -84.747681 3.000000
v 77.788651 -84.808449 3.000000
v 77.805534 -84.868446 3.000000
v 77.825386 -84.927528 3.000000
v 77.848152 -84.985542 3.000000
v 77.873787 -85.042358 3.000000
v 77.902222 -85.097816 3.000000
v 77.933388 -85.151794 3.000000
v 77.967201 -85.204147 3.000000
v 78.003586 -85.254753 3.000000
v 78.042442 -85.303482 3.000000
v 78.083687 -85.350220 3.000000
v 78.127205 -85.394836 3.000000
v 78.172890 -85.437225 3.000000
v 78.220634 -85.477287 3.000000
v 78.270317 -85.514923 3.000000
v 78.321815 -85.550034 3.000000
v 78.375000 -85.582535 3.000000
v 78.429733 -85.612343 3.000000
v 78.485893 -85.639381 3.000000
v 78.543327 -85.663589 3.000000
v 78.601891 -85.684906 3.000000
v 78.661446 -85.703278 3.000000
v 78.721848 -85.718658 3.000000
v 78.782936 -85.731010 3.000000
v 78.844574 -85.740295 3.000000
v 78.906586 -85.746506 3.000000
v 78.968834 -85.749611 3.000000
v 79.031166 -85.749611 3.000000
v 79.093414 -85.746506 3.000000
v 79.155426 -85.740295 3.000000
v 79.217064 -85.731010 3.000000
v 79.278152 -85.718658 3.000000
v 79.338554 -85.703278 3.000000
v 79.398109 -85.684906 3.000000
v 79.456673 -85.663589 3.000000
v 79.514107 -85.639381 3.000000
v 79.570267 -85.612343 3.000000
v 79.625000 -85.582535 3.000000
v 79.678185 -85.550034 3.000000
v 79.729683 -85.514923 3.000000
v 79.779366 -85.477287 3.000000
v 79.827110 -85.437225 3.000000
v 79.872795 -85.394836 3.000000
v 79.916313 -85.350220 3.000000
v 79.957558 -85.303482 3.000000
v 79.996414 -85.254753 3.000000
v 80.032799 -85.204147 3.000000
v 80.066612 -85.151794 3.000000
v 80.097778 -85.097816 3.000000
v 80.126213 -85.042358 3.000000
v 80.151848 -84.985542 3.000000
v 80.174614 -84.927528 3.000000
v 80.194466 -84.868446 3.000000
v 80.211349 -84.808449 3.000000
v 80.225212 -84.747681 3.000000
v 80.236038 -84.686302 3.000000
v 80.243790 -84.624458 3.000000
v 80.248444 -84.562309 3.000000
v 82.621048 -95.573853 -1.500000
v 85.179695 -95.755852 -1.500000
v 82.578224 -96.119843 -1.500000
v 83.616699 -96.141296 -1.500000
v 83.734436 -97.843452 -1.500000
v 84.398186 -97.650749 -1.500000
v 84.237602 -96.109138 -1.500000
v 85.147583 -96.151962 -1.500000
v 87.063889 -95.702324 -1.500000
v 87.524231 -95.680916 -1.500000
v 87.063889 -97.061943 -1.500000
v 86.325203 -97.061943 -1.500000
v 86.207436 -95.691620 -1.500000
v 85.843445 -95.691620 -1.500000
v 85.961212 -97.340286 -1.500000
v 86.710602 -97.896980 -1.500000
v 87.524231 -97.190414 -1.500000
v 83.109665 -92.275475 -1.500000
v 83.344772 -90.159500 -1.500000
v 82.946892 -90.177582 -1.500000
v 81.952209 -91.533974 -1.500000
v 82.024544 -90.123329 -1.500000
v 81.481987 -90.448868 -1.500000
v 81.373482 -92.311646 -1.500000
v 81.934120 -92.311646 -1.500000
v 82.964981 -90.864822 -1.500000
v 82.711792 -92.257385 -1.500000
v 83.177399 -88.220001 -1.500000
v 83.726059 -87.869469 -1.500000
v 83.939423 -86.817879 -1.500000
v 83.207878 -86.375900 -1.500000
v 82.522057 -86.833115 -1.500000
v 82.247726 -88.052353 -1.500000
v 83.101196 -88.250481 -1.500000
v 84.936272 -90.647797 -1.500000
v 85.044785 -90.050987 -1.500000
v 85.695854 -91.262695 -1.500000
v 85.352234 -91.877602 -1.500000
v 84.646912 -91.841431 -1.500000
v 85.062866 -91.353127 -1.500000
v 84.212860 -91.353127 -1.500000
v 84.158607 -92.221214 -1.500000
v 85.008614 -92.601006 -1.500000
v 85.804367 -92.185043 -1.500000
v 86.274582 -91.063759 -1.500000
v 85.876701 -90.177582 -1.500000
v 88.380684 -95.745148 -1.500000
v 89.183609 -95.509621 -1.500000
v 87.984573 -96.655128 -1.500000
v 88.402100 -97.629341 -1.500000
v 88.969498 -98.164627 -1.500000
v 89.676071 -98.057571 -1.500000
v 90.211349 -96.954887 -1.500000
v 89.740303 -95.766556 -1.500000
v 92.213310 -95.488213 -1.500000
v 92.802116 -95.638092 -1.500000
v 91.603088 -97.436646 -1.500000
v 91.035690 -95.702324 -1.500000
v 90.628876 -95.702324 -1.500000
v 91.324738 -97.918396 -1.500000
v 91.988487 -97.918396 -1.500000
v 95.285828 -95.509628 -1.500000
v 95.146660 -95.873619 -1.500000
v 93.187523 -95.595268 -1.500000
v 93.187523 -96.034203 -1.500000
v 94.547142 -95.969971 -1.500000
v 94.579254 -96.301842 -1.500000
v 93.765625 -96.537369 -1.500000
v 93.765625 -97.308174 -1.500000
v 95.028893 -98.100395 -1.500000
v 95.200188 -97.704285 -1.500000
v 94.172440 -97.136887 -1.500000
v 94.418671 -96.655128 -1.500000
v 95.146660 -96.740776 -1.500000
v 86.369026 -86.219116 -1.500000
v 86.604134 -86.092522 -1.500000
v 85.844551 -87.503166 -1.500000
v 84.886040 -86.182945 -1.500000
v 84.397736 -86.309547 -1.500000
v 85.736046 -88.172325 -1.500000
v 86.296684 -87.955299 -1.500000
v 89.095268 -80.922699 -1.500000
v 89.095268 -79.005661 -1.500000
v 87.811218 -79.222687 -1.500000
v 87.033554 -80.235458 -1.500000
v 91.572952 -80.832275 -1.500000
v 91.808060 -78.716301 -1.500000
v 91.410179 -78.734383 -1.500000
v 90.415497 -80.090775 -1.500000
v 90.487831 -78.680130 -1.500000
v 89.945274 -79.005661 -1.500000
v 89.836769 -80.868446 -1.500000
v 90.397408 -80.868446 -1.500000
v 91.428268 -79.421623 -1.500000
v 91.175079 -80.814186 -1.500000
v 91.206749 -75.934074 -1.500000
v 91.496323 -76.452248 -1.500000
v 90.185638 -76.741821 -1.500000
v 89.408371 -75.781670 -1.500000
v 88.493942 -75.781670 -1.500000
v 89.438850 -77.061867 -1.500000
v 88.737793 -78.174423 -1.500000
v 89.530296 -77.884857 -1.500000
v 90.368523 -77.336197 -1.500000
v 91.115311 -77.915337 -1.500000
v 91.542046 -77.686729 -1.500000
v 90.764778 -76.878983 -1.500000
v 93.399559 -79.204597 -1.500000
v 93.508072 -78.607788 -1.500000
v 94.159142 -79.819496 -1.500000
v 93.815521 -80.434395 -1.500000
v 93.110199 -80.398224 -1.500000
v 93.526154 -79.909927 -1.500000
v 92.676147 -79.909927 -1.500000
v 92.621895 -80.778015 -1.500000
v 93.471901 -81.157806 -1.500000
v 94.267654 -80.741844 -1.500000
v 94.737869 -79.620560 -1.500000
v 94.339989 -78.734383 -1.500000
v 95.047356 -77.930573 -1.500000
v 95.047356 -75.995033 -1.500000
v 93.142296 -76.208397 -1.500000
v 92.867966 -76.619896 -1.500000
v 93.538544 -76.863739 -1.500000
v 94.254852 -77.077110 -1.500000
v 93.172775 -77.747688 -1.500000
v 93.675713 -77.869614 -1.500000
v 94.529182 -77.397156 -1.500000
v 94.727303 -78.006775 -1.500000
v 56.450001 -75.250000 3.000000
v 56.450001 -68.750000 3.000000
v 63.549999 -68.750000 3.000000
v 63.549999 -75.250000 3.000000
v 56.700001 -63.000000 3.000000
v 56.700001 -56.500000 3.000000
v 63.799999 -56.500000 3.000000
v 63.799999 -63.000000 3.000000
v 42.750000 -35.500000 3.000000
v 42.748447 -35.437695 3.000000
v 42.743790 -35.375542 3.000000
v 42.736038 -35.313698 3.000000
v 42.725216 -35.252316 3.000000
v 42.711346 -35.191555 3.000000
v 42.694466 -35.131557 3.000000
v 42.674614 -35.072475 3.000000
v 42.651844 -35.014458 3.000000
v 42.626209 -34.957645 3.000000
v 42.597778 -34.902184 3.000000
v 42.566612 -34.848206 3.000000
v 42.532799 -34.795849 3.000000
v 42.496414 -34.745243 3.000000
v 42.457554 -34.696514 3.000000
v 42.416313 -34.649784 3.000000
v 42.372795 -34.605167 3.000000
v 42.327106 -34.562775 3.000000
v 42.279362 -34.522709 3.000000
v 42.229679 -34.485077 3.000000
v 42.178185 -34.449966 3.000000
v 42.125000 -34.417469 3.000000
v 42.070263 -34.387661 3.000000
v 42.014111 -34.360619 3.000000
v 41.956676 -34.336407 3.000000
v 41.898109 -34.315090 3.000000
v 41.838551 -34.296719 3.000000
v 41.778152 -34.281342 3.000000
v 41.717060 -34.268990 3.000000
v 41.655430 -34.259701 3.000000
v 41.593414 -34.253494 3.000000
v 41.531162 -34.250389 3.000000
v 41.468838 -34.250389 3.000000
v 41.406586 -34.253494 3.000000
v 41.344570 -34.259701 3.000000
v 41.282940 -34.268990 3.000000
v 41.221848 -34.281342 3.000000
v 41.161449 -34.296719 3.000000
v 41.101891 -34.315090 3.000000
v 41.043324 -34.336407 3.000000
v 40.985889 -34.360619 3.000000
v 40.929737 -34.387661 3.000000
v 40.875000 -34.417469 3.000000
v 40.821815 -34.449966 3.000000
v 40.770321 -34.485077 3.000000
v 40.720638 -34.522709 3.000000
v 40.672894 -34.562775 3.000000
v 40.627205 -34.605167 3.000000
v 40.583687 -34.649784 3.000000
v 40.542446 -34.696514 3.000000
v 40.503586 -34.745243 3.000000
v 40.467201 -34.795849 3.000000
v 40.433388 -34.848206 3.000000
v 40.402222 -34.902184 3.000000
v 40.373791 -34.957645 3.000000
v 40.348156 -35.014458 3.000000
v 40.325386 -35.072475 3.000000
v 40.305534 -35.131557 3.000000
v 40.288654 -35.191555 3.000000
v 40.274784 -35.252316 3.000000
v 40.263962 -35.313698 3.000000
v 40.256210 -35.375542 3.000000
v 40.251553 -35.437695 3.000000
v 40.250000 -35.500000 3.000000
v 40.251553 -35.562305 3.000000
v 40.256210 -35.624458 3.000000
v 40.263962 -35.686302 3.000000
v 40.274784 -35.747684 3.000000
v 40.288654 -35.808445 3.000000
v 40.305534 -35.868443 3.000000
v 40.325386 -35.927525 3.000000
v 40.348156 -35.985542 3.000000
v 40.373791 -36.042355 3.000000
v 40.402222 -36.097816 3.000000
v 40.433388 -36.151794 3.000000
v 40.467201 -36.204151 3.000000
v 40.503586 -36.254757 3.000000
v 40.542446 -36.303486 3.000000
v 40.583687 -36.350216 3.000000
v 40.627205 -36.394833 3.000000
v 40.672894 -36.437225 3.000000
v 40.720638 -36.477291 3.000000
v 40.770321 -36.514923 3.000000
v 40.821815 -36.550034 3.000000
v 40.875000 -36.582531 3.000000
v 40.929737 -36.612339 3.000000
v 40.985889 -36.639381 3.000000
v 41.043324 -36.663593 3.000000
v 41.101891 -36.684910 3.000000
v 41.161449 -36.703281 3.000000
v 41.221848 -36.718658 3.000000
v 41.282940 -36.731010 3.000000
v 41.344570 -36.740299 3.000000
v 41.406586 -36.746506 3.000000
v 41.468838 -36.749611 3.000000
v 41.531162 -36.749611 3.000000
v 41.593414 -36.746506 3.000000
v 41.655430 -36.740299 3.000000
v 41.717060 -36.731010 3.000000
v 41.778152 -36.718658 3.000000
v 41.838551 -36.703281 3.000000
v 41.898109 -36.684910 3.000000
v 41.956676 -36.663593 3.000000
v 42.014111 -36.639381 3.000000
v 42.070263 -36.612339 3.000000
v 42.125000 -36.582531 3.000000
v 42.178185 -36.550034 3.000000
v 42.229679 -36.514923 3.000000
v 42.279362 -36.477291 3.000000
v 42.327106 -36.437225 3.000000
v 42.372795 -36.394833 3.000000
v 42.416313 -36.350216 3.000000
v 42.457554 -36.303486 3.000000
v 42.496414 -36.254757 3.000000
v 42.532799 -36.204151 3.000000
v 42.566612 -36.151794 3.000000
v 42.597778 -36.097816 3.000000
v 42.626209 -36.042355 3.000000
v 42.651844 -35.985542 3.000000
v 42.674614 -35.927525 3.000000
v 42.694466 -35.868443 3.000000
v 42.711346 -35.808445 3.000000
v 42.725216 -35.747684 3.000000
v 42.736038 -35.686302 3.000000
v 42.743790 -35.624458 3.000000
v 42.748447 -35.562305 3.000000
v 56.700001 -53.000000 3.000000
v 56.700001 -46.500000 3.000000
v 63.799999 -46.500000 3.000000
v 63.799999 -53.000000 3.000000
v 88.937424 -67.980705 -1.500000
v 88.937424 -66.063667 -1.500000
v 87.653374 -66.280685 -1.500000
v 86.875710 -67.293465 -1.500000
v 90.901939 -72.581161 -1.500000
v 91.603004 -72.946938 -1.500000
v 89.941788 -73.236504 -1.500000
v 88.829231 -72.535446 -1.500000
v 88.219612 -72.855492 -1.500000
v 89.210243 -73.708961 -1.500000
v 88.539665 -75.080605 -1.500000
v 89.271210 -75.172050 -1.500000
v 89.957031 -74.135696 -1.500000
v 91.039108 -75.354935 -1.500000
v 91.511559 -74.836754 -1.500000
v 90.444725 -73.800407 -1.500000
v 94.559662 -75.187286 -1.500000
v 94.407249 -73.434631 -1.500000
v 95.443604 -73.388908 -1.500000
v 95.413124 -72.764046 -1.500000
v 92.822243 -72.916458 -1.500000
v 92.928925 -73.297470 -1.500000
v 93.812874 -73.526077 -1.500000
v 93.706192 -75.141563 -1.500000
v 91.415108 -67.890274 -1.500000
v 91.650215 -65.774300 -1.500000
v 91.252335 -65.792381 -1.500000
v 90.257652 -67.148773 -1.500000
v 90.329987 -65.738129 -1.500000
v 89.787430 -66.063667 -1.500000
v 89.678925 -67.926445 -1.500000
v 90.239563 -67.926445 -1.500000
v 91.270424 -66.479630 -1.500000
v 91.017235 -67.872192 -1.500000
v 93.241714 -66.262604 -1.500000
v 93.350227 -65.665787 -1.500000
v 94.001297 -66.877502 -1.500000
v 93.657677 -67.492401 -1.500000
v 92.952354 -67.456230 -1.500000
v 93.368309 -66.967926 -1.500000
v 92.518303 -66.967926 -1.500000
v 92.464050 -67.836021 -1.500000
v 93.314056 -68.215813 -1.500000
v 94.109810 -67.799850 -1.500000
v 94.580025 -66.678558 -1.500000
v 94.182144 -65.792381 -1.500000
v 86.836571 -64.931122 -1.500000
v 86.562248 -63.361355 -1.500000
v 87.324272 -63.361355 -1.500000
v 87.171867 -62.827938 -1.500000
v 84.961990 -62.965103 -1.500000
v 85.175362 -63.208954 -1.500000
v 85.891663 -63.513760 -1.500000
v 86.257439 -65.037811 -1.500000
v 89.195374 -59.128201 -1.500000
v 88.864342 -59.128201 -1.500000
v 88.226974 -61.289680 -1.500000
v 87.985405 -59.105370 -1.500000
v 87.779938 -59.288010 -1.500000
v 87.028419 -61.563637 -1.500000
v 87.281883 -61.628349 -1.500000
v 87.791351 -59.744598 -1.500000
v 88.115166 -61.822399 -1.500000
v 88.491852 -61.696835 -1.500000
v 88.887169 -59.584793 -1.500000
v 89.096832 -61.559860 -1.500000
v 89.551086 -61.677784 -1.500000
v 89.153130 -63.269913 -1.500000
v 89.823708 -62.919380 -1.500000
v 89.015961 -64.230064 -1.500000
v 88.467308 -64.580589 -1.500000
v 88.116776 -64.230064 -1.500000
v 88.223457 -62.965103 -1.500000
v 87.796722 -63.026066 -1.500000
v 87.735764 -64.473907 -1.500000
v 88.071053 -65.068291 -1.500000
v 88.878799 -65.037804 -1.500000
v 89.518898 -64.291023 -1.500000
v 90.936264 -64.809196 -1.500000
v 91.484924 -64.458672 -1.500000
v 91.698288 -63.407078 -1.500000
v 90.966743 -62.965103 -1.500000
v 90.280922 -63.422318 -1.500000
v 90.006592 -64.641556 -1.500000
v 90.860062 -64.839684 -1.500000
v 89.984848 -61.495144 -1.500000
v 89.674789 -59.116787 -1.500000
v 90.420952 -61.495144 -1.500000
v 90.955589 -59.615257 -1.500000
v 91.208572 -61.548443 -1.500000
v 91.503021 -61.483730 -1.500000
v 92.231705 -59.048298 -1.500000
v 91.855019 -59.048298 -1.500000
v 91.354630 -61.152702 -1.500000
v 91.124474 -59.048298 -1.500000
v 90.759201 -58.991222 -1.500000
v 90.224564 -60.958652 -1.500000
v 89.971581 -59.071129 -1.500000
v 94.127892 -62.808319 -1.500000
v 94.362999 -62.681721 -1.500000
v 93.603416 -64.092369 -1.500000
v 92.644905 -62.772148 -1.500000
v 92.156601 -62.898746 -1.500000
v 93.494911 -64.761520 -1.500000
v 94.055550 -64.544502 -1.500000
v 94.463242 -61.686668 -1.500000
v 94.872490 -59.162956 -1.500000
v 93.212753 -58.867386 -1.500000
v 92.462456 -59.890514 -1.500000
v 93.917572 -60.072403 -1.500000
v 93.485588 -61.982239 -1.500000
v 78.750000 -35.000000 3.000000
v 78.748444 -34.937695 3.000000
v 78.743790 -34.875542 3.000000
v 78.736038 -34.813698 3.000000
v 78.725212 -34.752316 3.000000
v 78.711349 -34.691555 3.000000
v 78.694466 -34.631557 3.000000
v 78.674614 -34.572475 3.000000
v 78.651848 -34.514458 3.000000
v 78.626213 -34.457645 3.000000
v 78.597778 -34.402184 3.000000
v 78.566612 -34.348206 3.000000
v 78.532799 -34.295849 3.000000
v 78.496414 -34.245243 3.000000
v 78.457558 -34.196514 3.000000
v 78.416313 -34.149784 3.000000
v 78.372795 -34.105167 3.000000
v 78.327110 -34.062775 3.000000
v 78.279366 -34.022709 3.000000
v 78.229683 -33.985077 3.000000
v 78.178185 -33.949966 3.000000
v 78.125000 -33.917469 3.000000
v 78.070267 -33.887661 3.000000
v 78.014107 -33.860619 3.000000
v 77.956673 -33.836407 3.000000
v 77.898109 -33.815090 3.000000
v 77.838554 -33.796719 3.000000
v 77.778152 -33.781342 3.000000
v 77.717064 -33.768990 3.000000
v 77.655426 -33.759701 3.000000
v 77.593414 -33.753494 3.000000
v 77.531166 -33.750389 3.000000
v 77.468834 -33.750389 3.000000
v 77.406586 -33.753494 3.000000
v 77.344574 -33.759701 3.000000
v 77.282936 -33.768990 3.000000
v 77.221848 -33.781342 3.000000
v 77.161446 -33.796719 3.000000
v 77.101891 -33.815090 3.000000
v 77.043327 -33.836407 3.000000
v 76.985893 -33.860619 3.000000
v 76.929733 -33.887661 3.000000
v 76.875000 -33.917469 3.000000
v 76.821815 -33.949966 3.000000
v 76.770317 -33.985077 3.000000
v 76.720634 -34.022709 3.000000
v 76.672890 -34.062775 3.000000
v 76.627205 -34.105167 3.000000
v 76.583687 -34.149784 3.000000
v 76.542442 -34.196514 3.000000
v 76.503586 -34.245243 3.000000
v 76.467201 -34.295849 3.000000
v 76.433388 -34.348206 3.000000
v 76.402222 -34.402184 3.000000
v 76.373787 -34.457645 3.000000
v 76.348152 -34.514458 3.000000
v 76.325386 -34.572475 3.000000
v 76.305534 -34.631557 3.000000
v 76.288651 -34.691555 3.000000
v 76.274788 -34.752316 3.000000
v 76.263962 -34.813698 3.000000
v 76.256210 -34.875542 3.000000
v 76.251556 -34.937695 3.000000
v 76.250000 -35.000000 3.000000
v 76.251556 -35.062305 3.000000
v 76.256210 -35.124458 3.000000
v 76.263962 -35.186302 3.000000
v 76.274788 -35.247684 3.000000
v 76.288651 -35.308445 3.000000
v 76.305534 -35.368443 3.000000
v 76.325386 -35.427525 3.000000
v 76.348152 -35.485542 3.000000
v 76.373787 -35.542355 3.000000
v 76.402222 -35.597816 3.000000
v 76.433388 -35.651794 3.000000
v 76.467201 -35.704151 3.000000
v 76.503586 -35.754757 3.000000
v 76.542442 -35.803486 3.000000
v 76.583687 -35.850216 3.000000
v 76.627205 -35.894833 3.000000
v 76.672890 -35.937225 3.000000
v 76.720634 -35.977291 3.000000
v 76.770317 -36.014923 3.000000
v 76.821815 -36.050034 3.000000
v 76.875000 -36.082531 3.000000
v 76.929733 -36.112339 3.000000
v 76.985893 -36.139381 3.000000
v 77.043327 -36.163593 3.000000
v 77.101891 -36.184910 3.000000
v 77.161446 -36.203281 3.000000
v 77.221848 -36.218658 3.000000
v 77.282936 -36.231010 3.000000
v 77.344574 -36.240299 3.000000
v 77.406586 -36.246506 3.000000
v 77.468834 -36.249611 3.000000
v 77.531166 -36.249611 3.000000
v 77.593414 -36.246506 3.000000
v 77.655426 -36.240299 3.000000
v 77.717064 -36.231010 3.000000
v 77.778152 -36.218658 3.000000
v 77.838554 -36.203281 3.000000
v 77.898109 -36.184910 3.000000
v 77.956673 -36.163593 3.000000
v 78.014107 -36.139381 3.000000
v 78.070267 -36.112339 3.000000
v 78.125000 -36.082531 3.000000
v 78.178185 -36.050034 3.000000
v 78.229683 -36.014923 3.000000
v 78.279366 -35.977291 3.000000
v 78.327110 -35.937225 3.000000
v 78.372795 -35.894833 3.000000
v 78.416313 -35.850216 3.000000
v 78.457558 -35.803486 3.000000
v 78.496414 -35.754757 3.000000
v 78.532799 -35.704151 3.000000
v 78.566612 -35.651794 3.000000
v 78.597778 -35.597816 3.000000
v 78.626213 -35.542355 3.000000
v 78.651848 -35.485542 3.000000
v 78.674614 -35.427525 3.000000
v 78.694466 -35.368443 3.000000
v 78.711349 -35.308445 3.000000
v 78.725212 -35.247684 3.000000
v 78.736038 -35.186302 3.000000
v 78.743790 -35.124458 3.000000
v 78.748444 -35.062305 3.000000
v 89.227852 -55.052704 -1.500000
v 89.227852 -53.135666 -1.500000
v 87.943802 -53.352688 -1.500000
v 87.166138 -54.365459 -1.500000
v 87.126999 -52.003124 -1.500000
v 86.852676 -50.433353 -1.500000
v 87.614700 -50.433353 -1.500000
v 87.462296 -49.899937 -1.500000
v 85.252419 -50.037102 -1.500000
v 85.465790 -50.280952 -1.500000
v 86.182091 -50.585758 -1.500000
v 86.547867 -52.109810 -1.500000
v 91.705536 -54.962273 -1.500000
v 91.940643 -52.846298 -1.500000
v 91.542763 -52.864384 -1.500000
v 90.548080 -54.220776 -1.500000
v 90.620415 -52.810127 -1.500000
v 90.077858 -53.135666 -1.500000
v 89.969353 -54.998444 -1.500000
v 90.529991 -54.998444 -1.500000
v 91.560852 -53.551624 -1.500000
v 91.307663 -54.944187 -1.500000
v 89.443558 -50.341911 -1.500000
v 90.114136 -49.991379 -1.500000
v 89.306389 -51.302063 -1.500000
v 88.757736 -51.652592 -1.500000
v 88.407204 -51.302063 -1.500000
v 88.513885 -50.037102 -1.500000
v 88.087151 -50.098064 -1.500000
v 88.026192 -51.545910 -1.500000
v 88.361481 -52.140289 -1.500000
v 89.169228 -52.109806 -1.500000
v 89.809326 -51.363022 -1.500000
v 91.226692 -51.881199 -1.500000
v 91.775352 -51.530670 -1.500000
v 91.988716 -50.479076 -1.500000
v 91.257172 -50.037102 -1.500000
v 90.571350 -50.494316 -1.500000
v 90.297020 -51.713554 -1.500000
v 91.150490 -51.911682 -1.500000
v 93.532143 -53.334599 -1.500000
v 93.640656 -52.737785 -1.500000
v 94.291725 -53.949497 -1.500000
v 93.948105 -54.564400 -1.500000
v 93.242783 -54.528229 -1.500000
v 93.658737 -54.039925 -1.500000
v 92.808731 -54.039925 -1.500000
v 92.754478 -54.908016 -1.500000
v 93.604485 -55.287807 -1.500000
v 94.400238 -54.871845 -1.500000
v 94.870453 -53.750561 -1.500000
v 94.472572 -52.864384 -1.500000
v 94.418320 -49.880318 -1.500000
v 94.653427 -49.753719 -1.500000
v 93.893845 -51.164368 -1.500000
v 92.935333 -49.844147 -1.500000
v 92.447029 -49.970749 -1.500000
v 93.785339 -51.833523 -1.500000
v 94.345978 -51.616501 -1.500000
v 89.485802 -46.200199 -1.500000
v 89.154770 -46.200199 -1.500000
v 88.517403 -48.361679 -1.500000
v 88.275833 -46.177372 -1.500000
v 88.070366 -46.360008 -1.500000
v 87.318848 -48.635635 -1.500000
v 87.572311 -48.700348 -1.500000
v 88.081779 -46.816601 -1.500000
v 88.405594 -48.894398 -1.500000
v 88.782280 -48.768833 -1.500000
v 89.177597 -46.656792 -1.500000
v 89.387260 -48.631859 -1.500000
v 89.841515 -48.749783 -1.500000
v 90.275276 -48.567146 -1.500000
v 89.965218 -46.188786 -1.500000
v 90.711380 -48.567146 -1.500000
v 91.246010 -46.687260 -1.500000
v 91.499001 -48.620441 -1.500000
v 91.793449 -48.555733 -1.500000
v 92.522133 -46.120296 -1.500000
v 92.145439 -46.120296 -1.500000
v 91.645050 -48.224701 -1.500000
v 91.414894 -46.120296 -1.500000
v 91.049622 -46.063221 -1.500000
v 90.514992 -48.030651 -1.500000
v 90.262009 -46.143127 -1.500000
v 94.753670 -48.758667 -1.500000
v 95.162918 -46.234955 -1.500000
v 93.503181 -45.939384 -1.500000
v 92.752884 -46.962513 -1.500000
v 94.208000 -47.144402 -1.500000
v 93.776016 -49.054237 -1.500000
v 89.044228 -42.144001 -1.500000
v 89.044228 -40.226963 -1.500000
v 87.760178 -40.443989 -1.500000
v 86.982513 -41.456760 -1.500000
v 85.550148 -39.364193 -1.500000
v 85.392273 -37.541435 -1.500000
v 86.483063 -37.419441 -1.500000
v 86.217537 -37.017574 -1.500000
v 83.949860 -37.017574 -1.500000
v 84.251266 -37.570156 -1.500000
v 85.004768 -37.519955 -1.500000
v 85.004768 -39.486191 -1.500000
v 88.470894 -37.074997 -1.500000
v 88.786644 -36.996059 -1.500000
v 88.420654 -38.137077 -1.500000
v 88.119255 -38.603531 -1.500000
v 87.817856 -38.675293 -1.500000
v 87.545158 -38.043785 -1.500000
v 87.344223 -37.132408 -1.500000
v 87.006943 -37.110878 -1.500000
v 87.071526 -38.481537 -1.500000
v 87.293991 -38.947990 -1.500000
v 87.911148 -39.278095 -1.500000
v 88.513947 -39.062809 -1.500000
v 88.844055 -38.345188 -1.500000
v 89.302177 -33.291500 -1.500000
v 88.971146 -33.291500 -1.500000
v 88.333778 -35.452980 -1.500000
v 88.092209 -33.268669 -1.500000
v 87.886742 -33.451309 -1.500000
v 87.135223 -35.726936 -1.500000
v 87.388687 -35.791649 -1.500000
v 87.898155 -33.907898 -1.500000
v 88.221970 -35.985699 -1.500000
v 88.598656 -35.860134 -1.500000
v 88.993973 -33.748093 -1.500000
v 89.203636 -35.723160 -1.500000
v 89.657890 -35.841084 -1.500000
v 91.521912 -42.053574 -1.500000
v 91.757019 -39.937599 -1.500000
v 91.359138 -39.955685 -1.500000
v 90.364456 -41.312077 -1.500000
v 90.436790 -39.901428 -1.500000
v 89.894234 -40.226963 -1.500000
v 89.785728 -42.089745 -1.500000
v 90.346367 -42.089745 -1.500000
v 91.377228 -40.642925 -1.500000
v 91.124039 -42.035488 -1.500000
v 93.348518 -40.425900 -1.500000
v 93.457031 -39.829086 -1.500000
v 94.108101 -41.040798 -1.500000
v 93.764481 -41.655697 -1.500000
v 93.059158 -41.619526 -1.500000
v 93.475113 -41.131226 -1.500000
v 92.625107 -41.131226 -1.500000
v 92.570854 -41.999317 -1.500000
v 93.420860 -42.379108 -1.500000
v 94.216614 -41.963146 -1.500000
v 94.686829 -40.841862 -1.500000
v 94.288948 -39.955685 -1.500000
v 89.432503 -37.232876 -1.500000
v 90.394119 -36.852535 -1.500000
v 89.152626 -38.187313 -1.500000
v 89.403801 -39.055634 -1.500000
v 90.114243 -39.400093 -1.500000
v 90.795982 -39.034103 -1.500000
v 91.126091 -37.972027 -1.500000
v 90.946686 -37.204170 -1.500000
v 90.091652 -35.658443 -1.500000
v 89.781593 -33.280087 -1.500000
v 90.527756 -35.658443 -1.500000
v 91.062386 -33.778557 -1.500000
v 91.315376 -35.711742 -1.500000
v 91.609825 -35.647030 -1.500000
v 92.338509 -33.211597 -1.500000
v 91.961815 -33.211597 -1.500000
v 91.461426 -35.316002 -1.500000
v 91.231270 -33.211597 -1.500000
v 90.865997 -33.154522 -1.500000
v 90.331367 -35.121952 -1.500000
v 90.078384 -33.234428 -1.500000
v 94.283623 -36.651604 -1.500000
v 94.850540 -36.651604 -1.500000
v 93.243073 -38.567650 -1.500000
v 92.216873 -36.802303 -1.500000
v 91.944176 -36.874065 -1.500000
v 93.156960 -39.270920 -1.500000
v 93.616234 -39.242214 -1.500000
v 94.570045 -35.849968 -1.500000
v 94.979294 -33.326256 -1.500000
v 93.319557 -33.030685 -1.500000
v 92.569260 -34.053814 -1.500000
v 94.024376 -34.235703 -1.500000
v 93.592392 -36.145538 -1.500000
v 42.806484 -109.397766 3.000000
v 42.745560 -109.335304 3.000000
v 42.870449 -109.457115 3.000000
v 42.687820 -109.269875 3.000000
v 42.937294 -109.513206 3.000000
v 42.633419 -109.201660 3.000000
v 43.006847 -109.565895 3.000000
v 42.582481 -109.130814 3.000000
v 43.078945 -109.615044 3.000000
v 42.535141 -109.057510 3.000000
v 43.153400 -109.660545 3.000000
v 42.491512 -108.981941 3.000000
v 43.230030 -109.702278 3.000000
v 42.451706 -108.904297 3.000000
v 43.308647 -109.740135 3.000000
v 42.415817 -108.824760 3.000000
v 43.389053 -109.774033 3.000000
v 42.383938 -108.743538 3.000000
v 43.471050 -109.803871 3.000000
v 42.356148 -108.660820 3.000000
v 43.554428 -109.829590 3.000000
v 42.332516 -108.576828 3.000000
v 43.638988 -109.851128 3.000000
v 42.313099 -108.491753 3.000000
v 43.724514 -109.868416 3.000000
v 42.297947 -108.405823 3.000000
v 43.810799 -109.881416 3.000000
v 42.287098 -108.319244 3.000000
v 43.897621 -109.890106 3.000000
v 42.280575 -108.232231 3.000000
v 43.984772 -109.894455 3.000000
v 42.278400 -108.144997 3.000000
v 44.072029 -109.894455 3.000000
v 42.280575 -108.057770 3.000000
v 44.159176 -109.890106 3.000000
v 42.287098 -107.970757 3.000000
v 44.246002 -109.881416 3.000000
v 42.297947 -107.884178 3.000000
v 44.332283 -109.868416 3.000000
v 42.313099 -107.798241 3.000000
v 44.417812 -109.851128 3.000000
v 44.502369 -109.829590 3.000000
v 44.585751 -109.803871 3.000000
v 44.667747 -109.774033 3.000000
v 44.748154 -109.740135 3.000000
v 44.826767 -109.702278 3.000000
v 44.903400 -109.660545 3.000000
v 44.977856 -109.615044 3.000000
v 45.049950 -109.565895 3.000000
v 45.119507 -109.513206 3.000000
v 45.776226 -108.057770 3.000000
v 45.778400 -108.144997 3.000000
v 45.769703 -107.970757 3.000000
v 45.758854 -107.884178 3.000000
v 45.743702 -107.798241 3.000000
v 45.724285 -107.713173 3.000000
v 45.700653 -107.629181 3.000000
v 45.672863 -107.546463 3.000000
v 45.186352 -109.457115 3.000000
v 45.640984 -107.465240 3.000000
v 45.250313 -109.397766 3.000000
v 45.605095 -107.385704 3.000000
v 45.311241 -109.335304 3.000000
v 45.565289 -107.308052 3.000000
v 45.368977 -109.269875 3.000000
v 45.521660 -107.232491 3.000000
v 45.423382 -109.201660 3.000000
v 45.474319 -107.159187 3.000000
v 45.474319 -109.130814 3.000000
v 45.423382 -107.088341 3.000000
v 45.521660 -109.057510 3.000000
v 45.368977 -107.020119 3.000000
v 45.565289 -108.981941 3.000000
v 45.605095 -108.904297 3.000000
v 45.640984 -108.824760 3.000000
v 45.672863 -108.743538 3.000000
v 45.700653 -108.660820 3.000000
v 45.724285 -108.576828 3.000000
v 45.743702 -108.491753 3.000000
v 45.758854 -108.405823 3.000000
v 45.769703 -108.319244 3.000000
v 45.776226 -108.232231 3.000000
v 67.589996 -123.250000 3.000000
v 67.489998 -122.500000 3.000000
v 67.489998 -118.150002 3.000000
v 42.745560 -92.164902 3.000000
v 42.745560 -106.954697 3.000000
v 42.806484 -106.892235 3.000000
v 42.687820 -107.020119 3.000000
v 42.806484 -92.227364 3.000000
v 42.870449 -92.286720 3.000000
v 42.870449 -106.832886 3.000000
v 42.687820 -92.099480 3.000000
v 42.937294 -92.342804 3.000000
v 42.937294 -106.776794 3.000000
v 42.633419 -92.031258 3.000000
v 42.633419 -107.088341 3.000000
v 43.006847 -92.395493 3.000000
v 43.006847 -106.724106 3.000000
v 42.582481 -91.960411 3.000000
v 42.582481 -107.159187 3.000000
v 43.078945 -92.444649 3.000000
v 43.078945 -106.674957 3.000000
v 42.535141 -91.887108 3.000000
v 42.535141 -107.232491 3.000000
v 42.491512 -107.308052 3.000000
v 43.153400 -92.490143 3.000000
v 43.153400 -106.629456 3.000000
v 42.491512 -91.811546 3.000000
v 43.230030 -92.531876 3.000000
v 43.230030 -106.587723 3.000000
v 42.451706 -91.733894 3.000000
v 42.451706 -107.385704 3.000000
v 43.308647 -92.569733 3.000000
v 43.308647 -106.549866 3.000000
v 42.415817 -91.654358 3.000000
v 42.415817 -107.465240 3.000000
v 43.389053 -92.603630 3.000000
v 43.389053 -106.515968 3.000000
v 43.471050 -106.486130 3.000000
v 42.383938 -91.573135 3.000000
v 42.383938 -107.546463 3.000000
v 42.356148 -107.629181 3.000000
v 43.471050 -92.633476 3.000000
v 43.554428 -106.460411 3.000000
v 42.356148 -91.490425 3.000000
v 43.554428 -92.659195 3.000000
v 42.332516 -91.406425 3.000000
v 42.332516 -107.713173 3.000000
v 43.638988 -92.680725 3.000000
v 43.638988 -106.438873 3.000000
v 42.313099 -91.321358 3.000000
v 43.724514 -92.698013 3.000000
v 43.724514 -106.421585 3.000000
v 42.297947 -91.235420 3.000000
v 43.810799 -92.711021 3.000000
v 43.810799 -106.408585 3.000000
v 43.897621 -106.399895 3.000000
v 42.287098 -91.148842 3.000000
v 43.897621 -92.719704 3.000000
v 42.280575 -91.061829 3.000000
v 43.984772 -92.724052 3.000000
v 43.984772 -106.395546 3.000000
v 42.278400 -90.974602 3.000000
v 44.072029 -92.724052 3.000000
v 44.072029 -106.395546 3.000000
v 42.280575 -90.887367 3.000000
v 44.159176 -92.719704 3.000000
v 44.159176 -106.399895 3.000000
v 44.246002 -92.711021 3.000000
v 44.246002 -106.408585 3.000000
v 44.332283 -92.698013 3.000000
v 44.332283 -106.421585 3.000000
v 44.417812 -92.680725 3.000000
v 44.417812 -106.438873 3.000000
v 44.502369 -92.659195 3.000000
v 44.502369 -106.460411 3.000000
v 44.585751 -92.633476 3.000000
v 44.585751 -106.486130 3.000000
v 44.667747 -92.603630 3.000000
v 44.667747 -106.515968 3.000000
v 44.748154 -106.549866 3.000000
v 44.748154 -92.569733 3.000000
v 44.826767 -92.531876 3.000000
v 44.826767 -106.587723 3.000000
v 44.903400 -106.629456 3.000000
v 44.903400 -92.490143 3.000000
v 44.977856 -92.444649 3.000000
v 44.977856 -106.674957 3.000000
v 45.049950 -92.395493 3.000000
v 45.049950 -106.724106 3.000000
v 45.119507 -106.776794 3.000000
v 45.119507 -92.342804 3.000000
v 45.186352 -92.286720 3.000000
v 45.186352 -106.832886 3.000000
v 45.250313 -106.892235 3.000000
v 45.250313 -92.227364 3.000000
v 45.311241 -106.954697 3.000000
v 45.311241 -92.164902 3.000000
v 45.368977 -92.099480 3.000000
v 45.423382 -92.031258 3.000000
v 45.474319 -91.960411 3.000000
v 45.521660 -91.887108 3.000000
v 45.565289 -91.811546 3.000000
v 45.605095 -91.733894 3.000000
v 45.640984 -91.654358 3.000000
v 45.672863 -91.573135 3.000000
v 45.700653 -91.490425 3.000000
v 45.724285 -91.406425 3.000000
v 44.603680 -82.480003 3.000000
v 44.826767 -89.417328 3.000000
v 44.903400 -89.459053 3.000000
v 44.748154 -89.379463 3.000000
v 44.667747 -89.345573 3.000000
v 44.585751 -89.315727 3.000000
v 44.502369 -89.290009 3.000000
v 44.417812 -89.268478 3.000000
v 44.332283 -89.251190 3.000000
v 44.246002 -89.238182 3.000000
v 44.159176 -89.229492 3.000000
v 44.072029 -89.225143 3.000000
v 43.984772 -89.225143 3.000000
v 43.897621 -89.229492 3.000000
v 43.810799 -89.238182 3.000000
v 43.724514 -89.251190 3.000000
v 43.638988 -89.268478 3.000000
v 43.554428 -89.290009 3.000000
v 43.471050 -89.315727 3.000000
v 43.389053 -89.345573 3.000000
v 43.308647 -89.379463 3.000000
v 43.230030 -89.417328 3.000000
v 43.153400 -89.459053 3.000000
v 43.078945 -89.504555 3.000000
v 43.006847 -89.553711 3.000000
v 42.937294 -89.606392 3.000000
v 42.870449 -89.662483 3.000000
v 42.806484 -89.721832 3.000000
v 42.745560 -89.784294 3.000000
v 42.687820 -89.849724 3.000000
v 42.633419 -89.917946 3.000000
v 42.582481 -89.988792 3.000000
v 42.535141 -90.062088 3.000000
v 42.491512 -90.137657 3.000000
v 42.451706 -90.215302 3.000000
v 42.415817 -90.294838 3.000000
v 42.383938 -90.376068 3.000000
v 88.410004 -123.250000 3.000000
v 88.510002 -122.500000 3.000000
v 49.603680 -82.480003 3.000000
v 45.672863 -90.376068 3.000000
v 45.700653 -90.458778 3.000000
v 45.640984 -90.294838 3.000000
v 45.605095 -90.215302 3.000000
v 45.565289 -90.137657 3.000000
v 45.521660 -90.062088 3.000000
v 45.474319 -89.988792 3.000000
v 45.423382 -89.917946 3.000000
v 45.368977 -89.849724 3.000000
v 45.311241 -89.784294 3.000000
v 45.250313 -89.721832 3.000000
v 45.186352 -89.662483 3.000000
v 45.119507 -89.606392 3.000000
v 45.049950 -89.553711 3.000000
v 44.977856 -89.504555 3.000000
v 45.776226 -91.061829 3.000000
v 45.769703 -91.148842 3.000000
v 45.778400 -90.974602 3.000000
v 45.776226 -90.887367 3.000000
v 45.769703 -90.800354 3.000000
v 45.758854 -90.713776 3.000000
v 45.743702 -90.627846 3.000000
v 45.724285 -90.542778 3.000000
v 88.510002 -118.150002 3.000000
v 82.217155 -109.335304 3.000000
v 82.278084 -109.397766 3.000000
v 82.342049 -109.457115 3.000000
v 82.159424 -109.269875 3.000000
v 82.408890 -109.513206 3.000000
v 82.105019 -109.201660 3.000000
v 82.478447 -109.565895 3.000000
v 82.054085 -109.130814 3.000000
v 82.550545 -109.615044 3.000000
v 82.006744 -109.057510 3.000000
v 82.625000 -109.660545 3.000000
v 81.963112 -108.981941 3.000000
v 82.701630 -109.702278 3.000000
v 81.923302 -108.904297 3.000000
v 82.780251 -109.740135 3.000000
v 81.887413 -108.824760 3.000000
v 82.860657 -109.774033 3.000000
v 81.855537 -108.743538 3.000000
v 82.942650 -109.803871 3.000000
v 81.827751 -108.660820 3.000000
v 83.026031 -109.829590 3.000000
v 81.804115 -108.576828 3.000000
v 83.110588 -109.851128 3.000000
v 81.784698 -108.491753 3.000000
v 83.196114 -109.868416 3.000000
v 81.769547 -108.405823 3.000000
v 83.282402 -109.881416 3.000000
v 81.758698 -108.319244 3.000000
v 83.369225 -109.890106 3.000000
v 81.752174 -108.232231 3.000000
v 81.750000 -108.144997 3.000000
v 81.752174 -108.057770 3.000000
v 81.758698 -107.970757 3.000000
v 81.769547 -107.884178 3.000000
v 81.784698 -107.798241 3.000000
v 81.804115 -107.713173 3.000000
v 81.827751 -107.629181 3.000000
v 81.855537 -107.546463 3.000000
v 81.887413 -107.465240 3.000000
v 81.923302 -107.385704 3.000000
v 81.963112 -107.308052 3.000000
v 82.006744 -107.232491 3.000000
v 83.456367 -109.894455 3.000000
v 83.543633 -109.894455 3.000000
v 83.630775 -109.890106 3.000000
v 83.717598 -109.881416 3.000000
v 83.803886 -109.868416 3.000000
v 83.889412 -109.851128 3.000000
v 83.973969 -109.829590 3.000000
v 84.057350 -109.803871 3.000000
v 84.139343 -109.774033 3.000000
v 84.219749 -109.740135 3.000000
v 84.298370 -109.702278 3.000000
v 84.375000 -109.660545 3.000000
v 84.449455 -109.615044 3.000000
v 84.521553 -109.565895 3.000000
v 84.591110 -109.513206 3.000000
v 84.657951 -109.457115 3.000000
v 84.721916 -109.397766 3.000000
v 84.782845 -109.335304 3.000000
v 84.840576 -109.269875 3.000000
v 84.894981 -109.201660 3.000000
v 84.945915 -109.130814 3.000000
v 84.993256 -109.057510 3.000000
v 85.036888 -108.981941 3.000000
v 85.076698 -108.904297 3.000000
v 85.112587 -108.824760 3.000000
v 85.144463 -108.743538 3.000000
v 85.172249 -108.660820 3.000000
v 85.195885 -108.576828 3.000000
v 85.215302 -108.491753 3.000000
v 85.230453 -108.405823 3.000000
v 85.241302 -108.319244 3.000000
v 85.247826 -108.232231 3.000000
v 89.544998 -106.309998 3.000000
v 85.247826 -108.057770 3.000000
v 85.250000 -108.144997 3.000000
v 85.241302 -107.970757 3.000000
v 85.230453 -107.884178 3.000000
v 85.215302 -107.798241 3.000000
v 85.195885 -107.713173 3.000000
v 85.172249 -107.629181 3.000000
v 85.144463 -107.546463 3.000000
v 85.112587 -107.465240 3.000000
v 85.076698 -107.385704 3.000000
v 85.036888 -107.308052 3.000000
v 84.993256 -107.232491 3.000000
v 84.945915 -107.159187 3.000000
v 84.894981 -107.088341 3.000000
v 84.840576 -107.020119 3.000000
v 84.782845 -106.954697 3.000000
v 84.721916 -106.892235 3.000000
v 84.657951 -106.832886 3.000000
v 84.591110 -106.776794 3.000000
v 84.521553 -106.724106 3.000000
v 84.449455 -106.674957 3.000000
v 84.375000 -106.629456 3.000000
v 84.298370 -106.587723 3.000000
v 84.219749 -106.549866 3.000000
v 70.000000 -82.480003 3.000000
v 45.743702 -91.321358 3.000000
v 45.758854 -91.235420 3.000000
v 94.000000 -106.309998 3.000000
v 94.750000 -106.209999 3.000000
v 82.278084 -92.252769 3.000000
v 82.217155 -106.954697 3.000000
v 82.278084 -106.892235 3.000000
v 82.217155 -92.190300 3.000000
v 82.342049 -92.312119 3.000000
v 82.342049 -106.832886 3.000000
v 82.408890 -106.776794 3.000000
v 82.159424 -92.124878 3.000000
v 82.159424 -107.020119 3.000000
v 82.408890 -92.368202 3.000000
v 82.478447 -106.724106 3.000000
v 82.105019 -92.056656 3.000000
v 82.105019 -107.088341 3.000000
v 82.478447 -92.420891 3.000000
v 82.550545 -106.674957 3.000000
v 82.054085 -91.985809 3.000000
v 82.054085 -107.159187 3.000000
v 82.550545 -92.470047 3.000000
v 82.006744 -91.912514 3.000000
v 82.625000 -92.515541 3.000000
v 82.625000 -106.629456 3.000000
v 81.963112 -91.836945 3.000000
v 82.701630 -92.557274 3.000000
v 82.701630 -106.587723 3.000000
v 81.923302 -91.759300 3.000000
v 82.780251 -92.595139 3.000000
v 82.780251 -106.549866 3.000000
v 82.860657 -106.515968 3.000000
v 81.887413 -91.679764 3.000000
v 82.860657 -92.629028 3.000000
v 81.855537 -91.598534 3.000000
v 82.942650 -92.658875 3.000000
v 82.942650 -106.486130 3.000000
v 81.827751 -91.515823 3.000000
v 83.026031 -92.684593 3.000000
v 83.026031 -106.460411 3.000000
v 83.110588 -106.438873 3.000000
v 81.804115 -91.431824 3.000000
v 83.110588 -92.706123 3.000000
v 83.196114 -92.723412 3.000000
v 83.196114 -106.421585 3.000000
v 83.282402 -92.736420 3.000000
v 83.282402 -106.408585 3.000000
v 83.369225 -92.745110 3.000000
v 83.369225 -106.399895 3.000000
v 81.784698 -91.346756 3.000000
v 81.769547 -91.260826 3.000000
v 81.758698 -91.174240 3.000000
v 81.752174 -91.087227 3.000000
v 75.000000 -82.480003 3.000000
v 81.750000 -91.000000 3.000000
v 81.752174 -90.912773 3.000000
v 81.758698 -90.825760 3.000000
v 81.769547 -90.739174 3.000000
v 81.784698 -90.653244 3.000000
v 84.057350 -92.658875 3.000000
v 83.973969 -92.684593 3.000000
v 84.139343 -92.629028 3.000000
v 84.219749 -92.595139 3.000000
v 84.298370 -92.557274 3.000000
v 84.375000 -92.515541 3.000000
v 84.449455 -92.470047 3.000000
v 84.521553 -92.420891 3.000000
v 84.591110 -92.368202 3.000000
v 84.657951 -92.312119 3.000000
v 84.721916 -92.252769 3.000000
v 84.782845 -92.190300 3.000000
v 84.840576 -92.124878 3.000000
v 84.894981 -92.056656 3.000000
v 84.945915 -91.985809 3.000000
v 83.803886 -106.421585 3.000000
v 83.889412 -106.438873 3.000000
v 83.717598 -106.408585 3.000000
v 83.630775 -106.399895 3.000000
v 83.543633 -106.395546 3.000000
v 83.456367 -106.395546 3.000000
v 83.456367 -92.749458 3.000000
v 83.543633 -92.749458 3.000000
v 83.630775 -92.745110 3.000000
v 83.717598 -92.736420 3.000000
v 83.803886 -92.723412 3.000000
v 83.889412 -92.706123 3.000000
v 81.804115 -90.568176 3.000000
v 81.827751 -90.484177 3.000000
v 84.993256 -91.912514 3.000000
v 81.855537 -90.401466 3.000000
v 81.887413 -90.320236 3.000000
v 85.036888 -91.836945 3.000000
v 81.923302 -90.240700 3.000000
v 85.076698 -91.759300 3.000000
v 81.963112 -90.163055 3.000000
v 82.006744 -90.087486 3.000000
v 85.112587 -91.679764 3.000000
v 82.054085 -90.014191 3.000000
v 85.144463 -91.598534 3.000000
v 82.105019 -89.943344 3.000000
v 82.159424 -89.875122 3.000000
v 85.172249 -91.515823 3.000000
v 82.217155 -89.809700 3.000000
v 85.195885 -91.431824 3.000000
v 82.278084 -89.747231 3.000000
v 89.544998 -95.690002 3.000000
v 84.139343 -106.515968 3.000000
v 84.057350 -106.486130 3.000000
v 83.973969 -106.460411 3.000000
v 85.215302 -91.346756 3.000000
v 82.342049 -89.687881 3.000000
v 85.230453 -91.260826 3.000000
v 82.408890 -89.631798 3.000000
v 85.241302 -91.174240 3.000000
v 82.478447 -89.579109 3.000000
v 85.247826 -91.087227 3.000000
v 82.550545 -89.529953 3.000000
v 85.250000 -91.000000 3.000000
v 82.625000 -89.484459 3.000000
v 85.247826 -90.912773 3.000000
v 82.701630 -89.442726 3.000000
v 85.241302 -90.825760 3.000000
v 82.780251 -89.404861 3.000000
v 85.230453 -90.739174 3.000000
v 85.215302 -90.653244 3.000000
v 82.860657 -89.370972 3.000000
v 82.942650 -89.341125 3.000000
v 83.026031 -89.315407 3.000000
v 83.110588 -89.293877 3.000000
v 83.196114 -89.276588 3.000000
v 83.282402 -89.263580 3.000000
v 83.369225 -89.254890 3.000000
v 83.456367 -89.250542 3.000000
v 83.543633 -89.250542 3.000000
v 83.630775 -89.254890 3.000000
v 83.717598 -89.263580 3.000000
v 94.000000 -95.690002 3.000000
v 94.750000 -95.790001 3.000000
v 85.172249 -90.484177 3.000000
v 85.195885 -90.568176 3.000000
v 85.144463 -90.401466 3.000000
v 85.112587 -90.320236 3.000000
v 85.076698 -90.240700 3.000000
v 85.036888 -90.163055 3.000000
v 84.993256 -90.087486 3.000000
v 84.945915 -90.014191 3.000000
v 84.894981 -89.943344 3.000000
v 84.840576 -89.875122 3.000000
v 84.782845 -89.809700 3.000000
v 84.721916 -89.747231 3.000000
v 84.657951 -89.687881 3.000000
v 84.591110 -89.631798 3.000000
v 84.521553 -89.579109 3.000000
v 84.449455 -89.529953 3.000000
v 84.375000 -89.484459 3.000000
v 84.298370 -89.442726 3.000000
v 84.219749 -89.404861 3.000000
v 84.139343 -89.370972 3.000000
v 84.057350 -89.341125 3.000000
v 83.973969 -89.315407 3.000000
v 83.889412 -89.293877 3.000000
v 83.803886 -89.276588 3.000000
v 42.356148 -90.458778 3.000000
v 42.332516 -90.542778 3.000000
v 42.313099 -90.627846 3.000000
v 42.297947 -90.713776 3.000000
v 94.000000 -82.309998 3.000000
v 89.639999 -82.309998 3.000000
v 44.603680 -31.762720 3.000000
v 94.750000 -82.209999 3.000000
v 49.603680 -31.762720 3.000000
v 89.639999 -71.690002 3.000000
v 89.639999 -69.309998 3.000000
v 94.000000 -71.690002 3.000000
v 94.750000 -71.790001 3.000000
v 94.000000 -69.309998 3.000000
v 94.750000 -69.209999 3.000000
v 94.750000 -58.790001 3.000000
v 94.000000 -58.689999 3.000000
v 94.000000 -56.310001 3.000000
v 89.639999 -56.310001 3.000000
v 89.639999 -58.689999 3.000000
v 70.000000 -31.760000 3.000000
v 94.750000 -56.209999 3.000000
v 75.000000 -31.760000 3.000000
v 89.639999 -45.689999 3.000000
v 89.639999 -43.310001 3.000000
v 94.000000 -45.689999 3.000000
v 94.750000 -45.790001 3.000000
v 94.000000 -43.310001 3.000000
v 94.750000 -43.209999 3.000000
v 89.639999 -32.689999 3.000000
v 94.750000 -32.790001 3.000000
v 94.000000 -32.689999 3.000000
v 42.287098 -90.800354 3.000000
v 94.750000 -95.790001 4.700000
v 94.750000 -106.209999 4.700000
v 88.410004 -123.250000 4.700000
v 67.589996 -123.250000 4.700000
v 94.750000 -32.790001 4.700000
v 94.750000 -43.209999 4.700000
v 94.750000 -45.790001 4.700000
v 94.750000 -56.209999 4.700000
v 94.750000 -58.790001 4.700000
v 94.750000 -69.209999 4.700000
v 94.750000 -71.790001 4.700000
v 94.750000 -82.209999 4.700000
v 49.748264 -100.801323 -1.500000
v 50.594341 -100.951996 -1.500000
v 50.330250 -100.057961 -1.500000
v 86.422516 -100.588219 -1.500000
v 87.055496 -100.732895 -1.500000
v 86.675705 -100.009491 -1.500000
v 88.359718 -104.485069 -1.500000
v 89.119301 -105.045715 -1.500000
v 89.245895 -104.195709 -1.500000
v 91.830002 -100.750984 -1.500000
v 92.300217 -100.823326 -1.500000
v 92.155540 -100.226509 -1.500000
v 94.705559 -101.474388 -1.500000
v 94.090660 -100.732895 -1.500000
v 94.705559 -100.262680 -1.500000
v 79.347931 -91.298866 -1.500000
v 80.107513 -91.859512 -1.500000
v 80.234108 -91.009506 -1.500000
v 83.162155 -87.701820 -1.500000
v 82.918312 -87.442734 -1.500000
v 83.009750 -87.107445 -1.500000
v 83.360283 -87.305573 -1.500000
v 88.787498 -96.762184 -1.500000
v 89.301369 -97.083351 -1.500000
v 89.151497 -96.430313 -1.500000
v 89.429840 -96.783600 -1.500000
v 87.811218 -79.855667 -1.500000
v 88.570801 -80.416313 -1.500000
v 88.697395 -79.566307 -1.500000
v 93.965279 -76.711334 -1.500000
v 94.011002 -76.467491 -1.500000
v 94.483459 -76.604652 -1.500000
v 87.653374 -66.913673 -1.500000
v 88.412956 -67.474319 -1.500000
v 88.539551 -66.624306 -1.500000
v 90.921021 -64.291023 -1.500000
v 90.677177 -64.031937 -1.500000
v 90.768616 -63.696644 -1.500000
v 91.119148 -63.894772 -1.500000
v 93.167282 -59.685886 -1.500000
v 93.303696 -59.231167 -1.500000
v 94.167671 -59.526733 -1.500000
v 87.943802 -53.985668 -1.500000
v 88.703384 -54.546314 -1.500000
v 88.829979 -53.696304 -1.500000
v 91.211449 -51.363022 -1.500000
v 90.967606 -51.103935 -1.500000
v 91.059044 -50.768642 -1.500000
v 91.409576 -50.966770 -1.500000
v 93.457710 -46.757885 -1.500000
v 93.594124 -46.303165 -1.500000
v 94.458099 -46.598732 -1.500000
v 87.760178 -41.076969 -1.500000
v 88.519760 -41.637615 -1.500000
v 88.646355 -40.787605 -1.500000
v 89.762611 -38.036610 -1.500000
v 90.229065 -38.323658 -1.500000
v 90.444351 -38.065315 -1.500000
v 90.243416 -37.627567 -1.500000
v 93.274086 -33.849186 -1.500000
v 93.410500 -33.394466 -1.500000
v 94.274475 -33.690033 -1.500000
v 45.776226 -108.057770 0.000000
v 45.778400 -108.144997 0.000000
v 45.769703 -107.970757 0.000000
v 45.758854 -107.884178 0.000000
v 45.743702 -107.798241 0.000000
v 45.724285 -107.713173 0.000000
v 45.700653 -107.629181 0.000000
v 45.672863 -107.546463 0.000000
v 45.640984 -107.465240 0.000000
v 45.605095 -107.385704 0.000000
v 45.565289 -107.308052 0.000000
v 45.521660 -107.232491 0.000000
v 45.474319 -107.159187 0.000000
v 45.423382 -107.088341 0.000000
v 45.368977 -107.020119 0.000000
v 45.311241 -106.954697 0.000000
v 45.250313 -106.892235 0.000000
v 45.186352 -106.832886 0.000000
v 45.119507 -106.776794 0.000000
v 45.049950 -106.724106 0.000000
v 44.977856 -106.674957 0.000000
v 44.903400 -106.629456 0.000000
v 44.826767 -106.587723 0.000000
v 44.748154 -106.549866 0.000000
v 44.667747 -106.515968 0.000000
v 44.585751 -106.486130 0.000000
v 44.502369 -106.460411 0.000000
v 44.417812 -106.438873 0.000000
v 44.332283 -106.421585 0.000000
v 44.246002 -106.408585 0.000000
v 44.159176 -106.399895 0.000000
v 44.072029 -106.395546 0.000000
v 43.984772 -106.395546 0.000000
v 43.897621 -106.399895 0.000000
v 43.810799 -106.408585 0.000000
v 43.724514 -106.421585 0.000000
v 43.638988 -106.438873 0.000000
v 43.554428 -106.460411 0.000000
v 43.471050 -106.486130 0.000000
v 43.389053 -106.515968 0.000000
v 43.308647 -106.549866 0.000000
v 43.230030 -106.587723 0.000000
v 43.153400 -106.629456 0.000000
v 43.078945 -106.674957 0.000000
v 43.006847 -106.724106 0.000000
v 42.937294 -106.776794 0.000000
v 42.870449 -106.832886 0.000000
v 42.806484 -106.892235 0.000000
v 42.745560 -106.954697 0.000000
v 42.687820 -107.020119 0.000000
v 42.633419 -107.088341 0.000000
v 42.582481 -107.159187 0.000000
v 42.535141 -107.232491 0.000000
v 42.491512 -107.308052 0.000000
v 42.451706 -107.385704 0.000000
v 42.415817 -107.465240 0.000000
v 42.383938 -107.546463 0.000000
v 42.356148 -107.629181 0.000000
v 42.332516 -107.713173 0.000000
v 42.313099 -107.798241 0.000000
v 42.297947 -107.884178 0.000000
v 42.287098 -107.970757 0.000000
v 42.280575 -108.057770 0.000000
v 42.278400 -108.144997 0.000000
v 42.280575 -108.232231 0.000000
v 42.287098 -108.319244 0.000000
v 42.297947 -108.405823 0.000000
v 42.313099 -108.491753 0.000000
v 42.332516 -108.576828 0.000000
v 42.356148 -108.660820 0.000000
v 42.383938 -108.743538 0.000000
v 42.415817 -108.824760 0.000000
v 42.451706 -108.904297 0.000000
v 42.491512 -108.981941 0.000000
v 42.535141 -109.057510 0.000000
v 42.582481 -109.130814 0.000000
v 42.633419 -109.201660 0.000000
v 42.687820 -109.269875 0.000000
v 42.745560 -109.335304 0.000000
v 42.806484 -109.397766 0.000000
v 42.870449 -109.457115 0.000000
v 42.937294 -109.513206 0.000000
v 43.006847 -109.565895 0.000000
v 43.078945 -109.615044 0.000000
v 43.153400 -109.660545 0.000000
v 43.230030 -109.702278 0.000000
v 43.308647 -109.740135 0.000000
v 43.389053 -109.774033 0.000000
v 43.471050 -109.803871 0.000000
v 43.554428 -109.829590 0.000000
v 43.638988 -109.851128 0.000000
v 43.724514 -109.868416 0.000000
v 43.810799 -109.881416 0.000000
v 43.897621 -109.890106 0.000000
v 43.984772 -109.894455 0.000000
v 44.072029 -109.894455 0.000000
v 44.159176 -109.890106 0.000000
v 44.246002 -109.881416 0.000000
v 44.332283 -109.868416 0.000000
v 44.417812 -109.851128 0.000000
v 44.502369 -109.829590 0.000000
v 44.585751 -109.803871 0.000000
v 44.667747 -109.774033 0.000000
v 44.748154 -109.740135 0.000000
v 44.826767 -109.702278 0.000000
v 44.903400 -109.660545 0.000000
v 44.977856 -109.615044 0.000000
v 45.049950 -109.565895 0.000000
v 45.119507 -109.513206 0.000000
v 45.186352 -109.457115 0.000000
v 45.250313 -109.397766 0.000000
v 45.311241 -109.335304 0.000000
v 45.368977 -109.269875 0.000000
v 45.423382 -109.201660 0.000000
v 45.474319 -109.130814 0.000000
v 45.521660 -109.057510 0.000000
v 45.565289 -108.981941 0.000000
v 45.605095 -108.904297 0.000000
v 45.640984 -108.824760 0.000000
v 45.672863 -108.743538 0.000000
v 45.700653 -108.660820 0.000000
v 45.724285 -108.576828 0.000000
v 45.743702 -108.491753 0.000000
v 45.758854 -108.405823 0.000000
v 45.769703 -108.319244 0.000000
v 45.776226 -108.232231 0.000000
v 45.776226 -90.887367 0.000000
v 45.778400 -90.974602 0.000000
v 45.769703 -90.800354 0.000000
v 45.758854 -90.713776 0.000000
v 45.743702 -90.627846 0.000000
v 45.724285 -90.542778 0.000000
v 45.700653 -90.458778 0.000000
v 45.672863 -90.376068 0.000000
v 45.640984 -90.294838 0.000000
v 45.605095 -90.215302 0.000000
v 45.565289 -90.137657 0.000000
v 45.521660 -90.062088 0.000000
v 45.474319 -89.988792 0.000000
v 45.423382 -89.917946 0.000000
v 45.368977 -89.849724 0.000000
v 45.311241 -89.784294 0.000000
v 45.250313 -89.721832 0.000000
v 45.186352 -89.662483 0.000000
v 45.119507 -89.606392 0.000000
v 45.049950 -89.553711 0.000000
v 44.977856 -89.504555 0.000000
v 44.903400 -89.459053 0.000000
v 44.826767 -89.417328 0.000000
v 44.748154 -89.379463 0.000000
v 44.667747 -89.345573 0.000000
v 44.585751 -89.315727 0.000000
v 44.502369 -89.290009 0.000000
v 44.417812 -89.268478 0.000000
v 44.332283 -89.251190 0.000000
v 44.246002 -89.238182 0.000000
v 44.159176 -89.229492 0.000000
v 44.072029 -89.225143 0.000000
v 43.984772 -89.225143 0.000000
v 43.897621 -89.229492 0.000000
v 43.810799 -89.238182 0.000000
v 43.724514 -89.251190 0.000000
v 43.638988 -89.268478 0.000000
v 43.554428 -89.290009 0.000000
v 43.471050 -89.315727 0.000000
v 43.389053 -89.345573 0.000000
v 43.308647 -89.379463 0.000000
v 43.230030 -89.417328 0.000000
v 43.153400 -89.459053 0.000000
v 43.078945 -89.504555 0.000000
v 43.006847 -89.553711 0.000000
v 42.937294 -89.606392 0.000000
v 42.870449 -89.662483 0.000000
v 42.806484 -89.721832 0.000000
v 42.745560 -89.784294 0.000000
v 42.687820 -89.849724 0.000000
v 42.633419 -89.917946 0.000000
v 42.582481 -89.988792 0.000000
v 42.535141 -90.062088 0.000000
v 42.491512 -90.137657 0.000000
v 42.451706 -90.215302 0.000000
v 42.415817 -90.294838 0.000000
v 42.383938 -90.376068 0.000000
v 42.356148 -90.458778 0.000000
v 42.332516 -90.542778 0.000000
v 42.313099 -90.627846 0.000000
v 42.297947 -90.713776 0.000000
v 42.287098 -90.800354 0.000000
v 42.280575 -90.887367 0.000000
v 42.278400 -90.974602 0.000000
v 42.280575 -91.061829 0.000000
v 42.287098 -91.148842 0.000000
v 42.297947 -91.235420 0.000000
v 42.313099 -91.321358 0.000000
v 42.332516 -91.406425 0.000000
v 42.356148 -91.490425 0.000000
v 42.383938 -91.573135 0.000000
v 42.415817 -91.654358 0.000000
v 42.451706 -91.733894 0.000000
v 42.491512 -91.811546 0.000000
v 42.535141 -91.887108 0.000000
v 42.582481 -91.960411 0.000000
v 42.633419 -92.031258 0.000000
v 42.687820 -92.099480 0.000000
v 42.745560 -92.164902 0.000000
v 42.806484 -92.227364 0.000000
v 42.870449 -92.286720 0.000000
v 42.937294 -92.342804 0.000000
v 43.006847 -92.395493 0.000000
v 43.078945 -92.444649 0.000000
v 43.153400 -92.490143 0.000000
v 43.230030 -92.531876 0.000000
v 43.308647 -92.569733 0.000000
v 43.389053 -92.603630 0.000000
v 43.471050 -92.633476 0.000000
v 43.554428 -92.659195 0.000000
v 43.638988 -92.680725 0.000000
v 43.724514 -92.698013 0.000000
v 43.810799 -92.711021 0.000000
v 43.897621 -92.719704 0.000000
v 43.984772 -92.724052 0.000000
v 44.072029 -92.724052 0.000000
v 44.159176 -92.719704 0.000000
v 44.246002 -92.711021 0.000000
v 44.332283 -92.698013 0.000000
v 44.417812 -92.680725 0.000000
v 44.502369 -92.659195 0.000000
v 44.585751 -92.633476 0.000000
v 44.667747 -92.603630 0.000000
v 44.748154 -92.569733 0.000000
v 44.826767 -92.531876 0.000000
v 44.903400 -92.490143 0.000000
v 44.977856 -92.444649 0.000000
v 45.049950 -92.395493 0.000000
v 45.119507 -92.342804 0.000000
v 45.186352 -92.286720 0.000000
v 45.250313 -92.227364 0.000000
v 45.311241 -92.164902 0.000000
v 45.368977 -92.099480 0.000000
v 45.423382 -92.031258 0.000000
v 45.474319 -91.960411 0.000000
v 45.521660 -91.887108 0.000000
v 45.565289 -91.811546 0.000000
v 45.605095 -91.733894 0.000000
v 45.640984 -91.654358 0.000000
v 45.672863 -91.573135 0.000000
v 45.700653 -91.490425 0.000000
v 45.724285 -91.406425 0.000000
v 45.743702 -91.321358 0.000000
v 45.758854 -91.235420 0.000000
v 45.769703 -91.148842 0.000000
v 45.776226 -91.061829 0.000000
v 67.489998 -122.500000 0.000000
v 67.489998 -118.150002 0.000000
v 88.510002 -118.150002 0.000000
v 88.510002 -122.500000 0.000000
v 85.247826 -108.057770 0.000000
v 85.250000 -108.144997 0.000000
v 85.241302 -107.970757 0.000000
v 85.230453 -107.884178 0.000000
v 85.215302 -107.798241 0.000000
v 85.195885 -107.713173 0.000000
v 85.172249 -107.629181 0.000000
v 85.144463 -107.546463 0.000000
v 85.112587 -107.465240 0.000000
v 85.076698 -107.385704 0.000000
v 85.036888 -107.308052 0.000000
v 84.993256 -107.232491 0.000000
v 84.945915 -107.159187 0.000000
v 84.894981 -107.088341 0.000000
v 84.840576 -107.020119 0.000000
v 84.782845 -106.954697 0.000000
v 84.721916 -106.892235 0.000000
v 84.657951 -106.832886 0.000000
v 84.591110 -106.776794 0.000000
v 84.521553 -106.724106 0.000000
v 84.449455 -106.674957 0.000000
v 84.375000 -106.629456 0.000000
v 84.298370 -106.587723 0.000000
v 84.219749 -106.549866 0.000000
v 84.139343 -106.515968 0.000000
v 84.057350 -106.486130 0.000000
v 83.973969 -106.460411 0.000000
v 83.889412 -106.438873 0.000000
v 83.803886 -106.421585 0.000000
v 83.717598 -106.408585 0.000000
v 83.630775 -106.399895 0.000000
v 83.543633 -106.395546 0.000000
v 83.456367 -106.395546 0.000000
v 83.369225 -106.399895 0.000000
v 83.282402 -106.408585 0.000000
v 83.196114 -106.421585 0.000000
v 83.110588 -106.438873 0.000000
v 83.026031 -106.460411 0.000000
v 82.942650 -106.486130 0.000000
v 82.860657 -106.515968 0.000000
v 82.780251 -106.549866 0.000000
v 82.701630 -106.587723 0.000000
v 82.625000 -106.629456 0.000000
v 82.550545 -106.674957 0.000000
v 82.478447 -106.724106 0.000000
v 82.408890 -106.776794 0.000000
v 82.342049 -106.832886 0.000000
v 82.278084 -106.892235 0.000000
v 82.217155 -106.954697 0.000000
v 82.159424 -107.020119 0.000000
v 82.105019 -107.088341 0.000000
v 82.054085 -107.159187 0.000000
v 82.006744 -107.232491 0.000000
v 81.963112 -107.308052 0.000000
v 81.923302 -107.385704 0.000000
v 81.887413 -107.465240 0.000000
v 81.855537 -107.546463 0.000000
v 81.827751 -107.629181 0.000000
v 81.804115 -107.713173 0.000000
v 81.784698 -107.798241 0.000000
v 81.769547 -107.884178 0.000000
v 81.758698 -107.970757 0.000000
v 81.752174 -108.057770 0.000000
v 81.750000 -108.144997 0.000000
v 81.752174 -108.232231 0.000000
v 81.758698 -108.319244 0.000000
v 81.769547 -108.405823 0.000000
v 81.784698 -108.491753 0.000000
v 81.804115 -108.576828 0.000000
v 81.827751 -108.660820 0.000000
v 81.855537 -108.743538 0.000000
v 81.887413 -108.824760 0.000000
v 81.923302 -108.904297 0.000000
v 81.963112 -108.981941 0.000000
v 82.006744 -109.057510 0.000000
v 82.054085 -109.130814 0.000000
v 82.105019 -109.201660 0.000000
v 82.159424 -109.269875 0.000000
v 82.217155 -109.335304 0.000000
v 82.278084 -109.397766 0.000000
v 82.342049 -109.457115 0.000000
v 82.408890 -109.513206 0.000000
v 82.478447 -109.565895 0.000000
v 82.550545 -109.615044 0.000000
v 82.625000 -109.660545 0.000000
v 82.701630 -109.702278 0.000000
v 82.780251 -109.740135 0.000000
v 82.860657 -109.774033 0.000000
v 82.942650 -109.803871 0.000000
v 83.026031 -109.829590 0.000000
v 83.110588 -109.851128 0.000000
v 83.196114 -109.868416 0.000000
v 83.282402 -109.881416 0.000000
v 83.369225 -109.890106 0.000000
v 83.456367 -109.894455 0.000000
v 83.543633 -109.894455 0.000000
v 83.630775 -109.890106 0.000000
v 83.717598 -109.881416 0.000000
v 83.803886 -109.868416 0.000000
v 83.889412 -109.851128 0.000000
v 83.973969 -109.829590 0.000000
v 84.057350 -109.803871 0.000000
v 84.139343 -109.774033 0.000000
v 84.219749 -109.740135 0.000000
v 84.298370 -109.702278 0.000000
v 84.375000 -109.660545 0.000000
v 84.449455 -109.615044 0.000000
v 84.521553 -109.565895 0.000000
v 84.591110 -109.513206 0.000000
v 84.657951 -109.457115 0.000000
v 84.721916 -109.397766 0.000000
v 84.782845 -109.335304 0.000000
v 84.840576 -109.269875 0.000000
v 84.894981 -109.201660 0.000000
v 84.945915 -109.130814 0.000000
v 84.993256 -109.057510 0.000000
v 85.036888 -108.981941 0.000000
v 85.076698 -108.904297 0.000000
v 85.112587 -108.824760 0.000000
v 85.144463 -108.743538 0.000000
v 85.172249 -108.660820 0.000000
v 85.195885 -108.576828 0.000000
v 85.215302 -108.491753 0.000000
v 85.230453 -108.405823 0.000000
v 85.241302 -108.319244 0.000000
v 85.247826 -108.232231 0.000000
v 94.000000 -106.309998 0.000000
v 89.544998 -106.309998 0.000000
v 89.544998 -95.690002 0.000000
v 94.000000 -95.690002 0.000000
v 85.247826 -90.912773 0.000000
v 85.250000 -91.000000 0.000000
v 85.241302 -90.825760 0.000000
v 85.230453 -90.739174 0.000000
v 85.215302 -90.653244 0.000000
v 85.195885 -90.568176 0.000000
v 85.172249 -90.484177 0.000000
v 85.144463 -90.401466 0.000000
v 85.112587 -90.320236 0.000000
v 85.076698 -90.240700 0.000000
v 85.036888 -90.163055 0.000000
v 84.993256 -90.087486 0.000000
v 84.945915 -90.014191 0.000000
v 84.894981 -89.943344 0.000000
v 84.840576 -89.875122 0.000000
v 84.782845 -89.809700 0.000000
v 84.721916 -89.747231 0.000000
v 84.657951 -89.687881 0.000000
v 84.591110 -89.631798 0.000000
v 84.521553 -89.579109 0.000000
v 84.449455 -89.529953 0.000000
v 84.375000 -89.484459 0.000000
v 84.298370 -89.442726 0.000000
v 84.219749 -89.404861 0.000000
v 84.139343 -89.370972 0.000000
v 84.057350 -89.341125 0.000000
v 83.973969 -89.315407 0.000000
v 83.889412 -89.293877 0.000000
v 83.803886 -89.276588 0.000000
v 83.717598 -89.263580 0.000000
v 83.630775 -89.254890 0.000000
v 83.543633 -89.250542 0.000000
v 83.456367 -89.250542 0.000000
v 83.369225 -89.254890 0.000000
v 83.282402 -89.263580 0.000000
v 83.196114 -89.276588 0.000000
v 83.110588 -89.293877 0.000000
v 83.026031 -89.315407 0.000000
v 82.942650 -89.341125 0.000000
v 82.860657 -89.370972 0.000000
v 82.780251 -89.404861 0.000000
v 82.701630 -89.442726 0.000000
v 82.625000 -89.484459 0.000000
v 82.550545 -89.529953 0.000000
v 82.478447 -89.579109 0.000000
v 82.408890 -89.631798 0.000000
v 82.342049 -89.687881 0.000000
v 82.278084 -89.747231 0.000000
v 82.217155 -89.809700 0.000000
v 82.159424 -89.875122 0.000000
v 82.105019 -89.943344 0.000000
v 82.054085 -90.014191 0.000000
v 82.006744 -90.087486 0.000000
v 81.963112 -90.163055 0.000000
v 81.923302 -90.240700 0.000000
v 81.887413 -90.320236 0.000000
v 81.855537 -90.401466 0.000000
v 81.827751 -90.484177 0.000000
v 81.804115 -90.568176 0.000000
v 81.784698 -90.653244 0.000000
v 81.769547 -90.739174 0.000000
v 81.758698 -90.825760 0.000000
v 81.752174 -90.912773 0.000000
v 81.750000 -91.000000 0.000000
v 81.752174 -91.087227 0.000000
v 81.758698 -91.174240 0.000000
v 81.769547 -91.260826 0.000000
v 81.784698 -91.346756 0.000000
v 81.804115 -91.431824 0.000000
v 81.827751 -91.515823 0.000000
v 81.855537 -91.598534 0.000000
v 81.887413 -91.679764 0.000000
v 81.923302 -91.759300 0.000000
v 81.963112 -91.836945 0.000000
v 82.006744 -91.912514 0.000000
v 82.054085 -91.985809 0.000000
v 82.105019 -92.056656 0.000000
v 82.159424 -92.124878 0.000000
v 82.217155 -92.190300 0.000000
v 82.278084 -92.252769 0.000000
v 82.342049 -92.312119 0.000000
v 82.408890 -92.368202 0.000000
v 82.478447 -92.420891 0.000000
v 82.550545 -92.470047 0.000000
v 82.625000 -92.515541 0.000000
v 82.701630 -92.557274 0.000000
v 82.780251 -92.595139 0.000000
v 82.860657 -92.629028 0.000000
v 82.942650 -92.658875 0.000000
v 83.026031 -92.684593 0.000000
v 83.110588 -92.706123 0.000000
v 83.196114 -92.723412 0.000000
v 83.282402 -92.736420 0.000000
v 83.369225 -92.745110 0.000000
v 83.456367 -92.749458 0.000000
v 83.543633 -92.749458 0.000000
v 83.630775 -92.745110 0.000000
v 83.717598 -92.736420 0.000000
v 83.803886 -92.723412 0.000000
v 83.889412 -92.706123 0.000000
v 83.973969 -92.684593 0.000000
v 84.057350 -92.658875 0.000000
v 84.139343 -92.629028 0.000000
v 84.219749 -92.595139 0.000000
v 84.298370 -92.557274 0.000000
v 84.375000 -92.515541 0.000000
v 84.449455 -92.470047 0.000000
v 84.521553 -92.420891 0.000000
v 84.591110 -92.368202 0.000000
v 84.657951 -92.312119 0.000000
v 84.721916 -92.252769 0.000000
v 84.782845 -92.190300 0.000000
v 84.840576 -92.124878 0.000000
v 84.894981 -92.056656 0.000000
v 84.945915 -91.985809 0.000000
v 84.993256 -91.912514 0.000000
v 85.036888 -91.836945 0.000000
v 85.076698 -91.759300 0.000000
v 85.112587 -91.679764 0.000000
v 85.144463 -91.598534 0.000000
v 85.172249 -91.515823 0.000000
v 85.195885 -91.431824 0.000000
v 85.215302 -91.346756 0.000000
v 85.230453 -91.260826 0.000000
v 85.241302 -91.174240 0.000000
v 85.247826 -91.087227 0.000000
v 44.603680 -82.480003 0.000000
v 44.603680 -31.762720 0.000000
v 49.603680 -31.762720 0.000000
v 49.603680 -82.480003 0.000000
v 75.000000 -82.480003 0.000000
v 70.000000 -82.480003 0.000000
v 70.000000 -31.760000 0.000000
v 75.000000 -31.760000 0.000000
v 94.000000 -82.309998 0.000000
v 89.639999 -82.309998 0.000000
v 89.639999 -71.690002 0.000000
v 94.000000 -71.690002 0.000000
v 94.000000 -69.309998 0.000000
v 89.639999 -69.309998 0.000000
v 89.639999 -58.689999 0.000000
v 94.000000 -58.689999 0.000000
v 94.000000 -56.310001 0.000000
v 89.639999 -56.310001 0.000000
v 89.639999 -45.689999 0.000000
v 94.000000 -45.689999 0.000000
v 94.000000 -43.310001 0.000000
v 89.639999 -43.310001 0.000000
v 89.639999 -32.689999 0.000000
v 94.000000 -32.689999 0.000000
v 50.594341 -100.951996 -2.000000
v 50.330250 -100.057961 -2.000000
v 49.748264 -100.801323 -2.000000
v 87.055496 -100.732895 -2.000000
v 86.675705 -100.009491 -2.000000
v 86.422516 -100.588219 -2.000000
v 89.245895 -104.195709 -2.000000
v 88.359718 -104.485069 -2.000000
v 89.119301 -105.045715 -2.000000
v 92.300217 -100.823326 -2.000000
v 92.155540 -100.226509 -2.000000
v 91.830002 -100.750984 -2.000000
v 94.705559 -101.474388 -2.000000
v 94.705559 -100.262680 -2.000000
v 94.090660 -100.732895 -2.000000
v 80.234108 -91.009506 -2.000000
v 79.347931 -91.298866 -2.000000
v 80.107513 -91.859512 -2.000000
v 83.162155 -87.701820 -2.000000
v 83.360283 -87.305573 -2.000000
v 83.009750 -87.107445 -2.000000
v 82.918312 -87.442734 -2.000000
v 89.151497 -96.430313 -2.000000
v 88.787498 -96.762184 -2.000000
v 89.301369 -97.083351 -2.000000
v 89.429840 -96.783600 -2.000000
v 88.697395 -79.566307 -2.000000
v 87.811218 -79.855667 -2.000000
v 88.570801 -80.416313 -2.000000
v 94.483459 -76.604652 -2.000000
v 94.011002 -76.467491 -2.000000
v 93.965279 -76.711334 -2.000000
v 88.539551 -66.624306 -2.000000
v 87.653374 -66.913673 -2.000000
v 88.412956 -67.474319 -2.000000
v 90.921021 -64.291023 -2.000000
v 91.119148 -63.894772 -2.000000
v 90.768616 -63.696644 -2.000000
v 90.677177 -64.031937 -2.000000
v 94.167671 -59.526733 -2.000000
v 93.303696 -59.231167 -2.000000
v 93.167282 -59.685886 -2.000000
v 88.829979 -53.696304 -2.000000
v 87.943802 -53.985668 -2.000000
v 88.703384 -54.546314 -2.000000
v 91.211449 -51.363022 -2.000000
v 91.409576 -50.966770 -2.000000
v 91.059044 -50.768642 -2.000000
v 90.967606 -51.103935 -2.000000
v 94.458099 -46.598732 -2.000000
v 93.594124 -46.303165 -2.000000
v 93.457710 -46.757885 -2.000000
v 88.646355 -40.787605 -2.000000
v 87.760178 -41.076969 -2.000000
v 88.519760 -41.637615 -2.000000
v 90.243416 -37.627567 -2.000000
v 89.762611 -38.036610 -2.000000
v 90.229065 -38.323658 -2.000000
v 90.444351 -38.065315 -2.000000
v 94.274475 -33.690033 -2.000000
v 93.410500 -33.394466 -2.000000
v 93.274086 -33.849186 -2.000000
vn 0.000000 0.000000 -1.000000
vn 0.000000 -0.000000 -1.000000
vn 0.000000 0.000000 -1.000000
vn 0.000000 -0.000000 -1.000000
vn 0.000000 0.000000 -1.000000
vn 0.000000 -0.000000 -1.000000
vn 0.000000 0.000000 -1.000000
vn 0.000000 -0.000000 -1.000000
vn 0.000000 0.000000 -1.000000
vn 0.000000 -0.000000 -1.000000
vn 0.000000 0.000000 -1.000000
vn 0.000000 -0.000000 -1.000000
vn 0.000000 0.000000 -1.000000
vn 0.000000 -0.000000 -1.000000
vn 0.000000 0.000000 -1.000000
vn 0.000000 -0.000000 -1.000000
vn 0.000000 0.000000 -1.000000
vn 0.000000 -0.000000 -1.000000
vn 0.000000 0.000000 -1.000000
vn 0.000000 -0.000000 -1.000000
vn 0.000000 0.000000 -1.000000
vn 0.000000 -0.000000 -1.000000
vn 0.000000 0.000000 -1.000000
vn 0.000000 -0.000000 -1.000000
vn 0.000000 0.000000 -1.000000
vn 0.000000 -0.000000 -1.000000
vn 0.000000 0.000000 -1.000000
vn 0.000000 -0.000000 -1.000000
vn 0.000000 0.000000 -1.000000
vn 0.000000 0.000000 -1.000000
vn 0.000000 0.000000 -1.000000
vn 0.000000 0.000000 -1.000000
vn 0.000000 0.000000 -1.000000
vn 0.000000 -0.000000 -1.000000
vn 0.000000 -0.000000 -1.000000
vn 0.000000 -0.000000 -1.000000
vn -0.000000 -0.000000 -1.000000
vn -0.000000 -0.000000 -1.000000
vn 0.000000 -0.000000 -1.000000
vn 0.000000 0.000000 -1.000000
vn 0.000000 0.000000 -1.000000
vn 0.000000 0.000000 -1.000000
vn 0.000000 0.000000 -1.000000
vn 0.000000 0.000000 -1.000000
vn 0.000000 0.000000 -1.000000
vn 0.000000 0.000000 -1.000000
vn 0.000000 0.000000 -1.000000
vn 0.000000 0.000000 -1.000000
vn 0.000000 0.000000 -1.000000
vn 0.000000 0.000000 -1.000000
vn 0.000000 0.000000 -1.000000
vn 0.000000 0.000000 -1.000000
vn 0.000000 0.000000 -1.000000
vn 0.000000 0.000000 -1.000000
vn 0.000000 0.000000 -1.000000
vn 0.000000 0.000000 -1.000000
vn 0.000000 0.000000 -1.000000
vn 0.000000 0.000000 -1.000000
vn 0.000000 0.000000 -1.000000
vn 0.000000 0.000000 -1.000000
vn 0.000000 0.000000 -1.000000
vn 0.000000 0.000000 -1.000000
vn 0.000000 0.000000 -1.000000
vn 0.000000 0.000000 -1.000000
vn 0.000000 0.000000 -1.000000
vn 0.000000 0.000000 -1.000000
vn 0.000000 0.000000 -1.000000
vn 0.000000 0.000000 -1.000000
vn 0.000000 -0.000000 -1.000000
vn 0.000000 -0.000000 -1.000000
vn 0.000000 -0.000000 -1.000000
vn 0.000000 0.000000 -1.000000
vn 0.000000 -0.000000 -1.000000
vn 0.000000 0.000000 -1.000000
vn 0.000000 -0.000000 -1.000000
vn 0.000000 0.000000 -1.000000
vn 0.000000 -0.000000 -1.000000
vn 0.000000 0.000000 -1.000000
vn 0.000000 -0.000000 -1.000000
vn 0.000000 0.000000 -1.000000
vn 0.000000 -0.000000 -1.000000
vn 0.000000 0.000000 -1.000000
vn 0.000000 0.000000 -1.000000
vn 0.000000 0.000000 -1.000000
vn 0.000000 0.000000 -1.000000
vn 0.000000 0.000000 -1.000000
vn 0.000000 0.000000 -1.000000
vn 0.000000 0.000000 -1.000000
vn 0.000000 0.000000 -1.000000
vn 0.000000 0.000000 -1.000000
vn 0.000000 0.000000 -1.000000
vn 0.000000 0.000000 -1.000000
vn 0.000000 0.000000 -1.000000
vn 0.000000 0.000000 -1.000000
vn 0.000000 0.000000 -1.000000
vn 0.000000 0.000000 -1.000000
vn 0.000000 0.000000 -1.000000
vn 0.000000 0.000000 -1.000000
vn 0.000000 0.000000 -1.000000
vn 0.000000 0.000000 -1.000000
vn 0.000000 0.000000 -1.000000
vn 0.000000 0.000000 -1.000000
vn 0.000000 0.000000 -1.000000
vn 0.000000 0.000000 -1.000000
vn 0.000000 0.000000 -1.000000
vn 0.000000 0.000000 -1.000000
vn 0.000000 0.000000 -1.000000
vn 0.000000 0.000000 -1.000000
vn 0.000000 0.000000 -1.000000
vn 0.000000 0.000000 -1.000000
vn 0.000000 0.000000 -1.000000
vn 0.000000 0.000000 -1.000000
vn 0.000000 0.000000 -1.000000
vn 0.000000 0.000000 -1.000000
vn 0.000000 0.000000 -1.000000
vn 0.000000 0.000000 -1.000000
vn 0.000000 0.000000 -1.000000
vn 0.000000 0.000000 -1.000000
vn 0.000000 0.000000 -1.000000
vn 0.000000 0.000000 -1.000000
vn 0.000000 0.000000 -1.000000
vn 0.000000 0.000000 -1.000000
vn 0.000000 0.000000 -1.000000
vn 0.000000 0.000000 -1.000000
vn 0.000000 0.000000 -1.000000
vn 0.000000 0.000000 -1.000000
vn 0.000000 0.000000 -1.000000
vn 0.000000 -0.000000 -1.000000
vn 0.000000 0.000000 -1.000000
vn 0.000000 0.000000 -1.000000
vn 0.000000 -0.000000 -1.000000
vn 0.000000 -0.000000 -1.000000
vn 0.000000 0.000000 -1.000000
vn 0.000000 0.000000 -1.000000
vn 0.000000 0.000000 -1.000000
vn 0.000000 0.000000 -1.000000
vn 0.000000 0.000000 -1.000000
vn 0.000000 0.000000 -1.000000
vn 0.000000 0.000000 -1.000000
vn 0.000000 0.000000 -1.000000
vn 0.000000 -0.000000 -1.000000
vn 0.000000 -0.000000 -1.000000
vn 0.000000 0.000000 -1.000000
vn 0.000000 0.000000 -1.000000
vn 0.000000 0.000000 -1.000000
vn 0.000000 0.000000 -1.000000
vn 0.000000 0.000000 -1.000000
vn 0.000000 0.000000 -1.000000
vn 0.000000 0.000000 -1.000000
vn 0.000000 0.000000 -1.000000
vn 0.000000 0.000000 -1.000000
vn 0.000000 0.000000 -1.000000
vn 0.000000 -0.000000 -1.000000
vn -0.000000 -0.000000 -1.000000
vn 0.000000 0.000000 -1.000000
vn 0.000000 0.000000 -1.000000
vn 0.000000 0.000000 -1.000000
vn 0.000000 0.000000 -1.000000
vn 0.000000 0.000000 -1.000000
vn 0.000000 0.000000 -1.000000
vn 0.000000 0.000000 -1.000000
vn 0.000000 0.000000 -1.000000
vn 0.000000 0.000000 -1.000000
vn 0.000000 -0.000000 -1.000000
vn 0.000000 0.000000 -1.000000
vn 0.000000 0.000000 -1.000000
vn 0.000000 0.000000 -1.000000
vn 0.000000 -0.000000 -1.000000
vn 0.000000 0.000000 -1.000000
vn 0.000000 0.000000 -1.000000
vn 0.000000 0.000000 -1.000000
vn 0.000000 0.000000 -1.000000
vn 0.000000 0.000000 -1.000000
vn 0.000000 0.000000 -1.000000
vn 0.000000 0.000000 -1.000000
vn 0.000000 0.000000 -1.000000
vn 0.000000 0.000000 -1.000000
vn 0.000000 0.000000 -1.000000
vn 0.000000 0.000000 -1.000000
vn 0.000000 0.000000 -1.000000
vn 0.000000 0.000000 -1.000000
vn 0.000000 0.000000 -1.000000
vn 0.000000 0.000000 -1.000000
vn 0.000000 0.000000 -1.000000
vn 0.000000 0.000000 -1.000000
vn 0.000000 0.000000 -1.000000
vn 0.000000 0.000000 -1.000000
vn 0.000000 0.000000 -1.000000
vn 0.000000 0.000000 -1.000000
vn 0.000000 0.000000 -1.000000
vn 0.000000 -0.000000 -1.000000
vn 0.000000 0.000000 -1.000000
vn 0.000000 -0.000000 -1.000000
vn 0.000000 0.000000 -1.000000
vn 0.000000 -0.000000 -1.000000
vn 0.000000 0.000000 -1.000000
vn 0.000000 0.000000 -1.000000
vn 0.000000 -0.000000 -1.000000
vn 0.000000 0.000000 -1.000000
vn 0.000000 0.000000 -1.000000
vn 0.000000 0.000000 -1.000000
vn 0.000000 0.000000 -1.000000
vn 0.000000 0.000000 -1.000000
vn 0.000000 0.000000 -1.000000
vn 0.000000 0.000000 -1.000000
vn 0.000000 0.000000 -1.000000
vn 0.000000 0.000000 -1.000000
vn 0.000000 0.000000 -1.000000
vn 0.000000 0.000000 -1.000000
vn 0.000000 0.000000 -1.000000
vn 0.000000 0.000000 -1.000000
vn 0.000000 0.000000 -1.000000
vn 0.000000 0.000000 -1.000000
vn 0.000000 0.000000 -1.000000
vn 0.000000 0.000000 -1.000000
vn 0.000000 0.000000 -1.000000
vn 0.000000 0.000000 -1.000000
vn 0.000000 0.000000 -1.000000
vn 0.000000 0.000000 -1.000000
vn 0.000000 0.000000 -1.000000
vn 0.000000 0.000000 -1.000000
vn 0.000000 0.000000 -1.000000
vn 0.000000 0.000000 -1.000000
vn 0.000000 0.000000 -1.000000
vn 0.000000 0.000000 -1.000000
vn 0.000000 0.000000 -1.000000
vn 0.000000 0.000000 -1.000000
vn 0.000000 0.000000 -1.000000
vn 0.000000 0.000000 -1.000000
vn 0.000000 0.000000 -1.000000
vn 0.000000 0.000000 -1.000000
vn 0.000000 0.000000 -1.000000
vn 0.000000 0.000000 -1.000000
vn 0.000000 0.000000 -1.000000
vn 0.000000 0.000000 -1.000000
vn 0.000000 0.000000 -1.000000
vn 0.000000 0.000000 -1.000000
vn 0.000000 0.000000 -1.000000
vn 0.000000 0.000000 -1.000000
vn 0.000000 0.000000 -1.000000
vn 0.000000 0.000000 -1.000000
vn 0.000000 0.000000 -1.000000
vn 0.000000 0.000000 -1.000000
vn 0.000000 0.000000 -1.000000
vn 0.000000 0.000000 -1.000000
vn 0.000000 0.000000 -1.000000
vn 0.000000 0.000000 -1.000000
vn 0.000000 0.000000 -1.000000
vn 0.000000 0.000000 -1.000000
vn 0.000000 0.000000 -1.000000
vn 0.000000 0.000000 -1.000000
vn 0.000000 0.000000 -1.000000
vn 0.000000 0.000000 -1.000000
vn 0.000000 0.000000 -1.000000
vn 0.000000 0.000000 -1.000000
vn 0.000000 0.000000 -1.000000
vn 0.000000 0.000000 -1.000000
vn 0.000000 0.000000 -1.000000
vn 0.000000 0.000000 -1.000000
vn 0.000000 0.000000 -1.000000
vn 0.000000 0.000000 -1.000000
vn 0.000000 0.000000 -1.000000
vn 0.000000 0.000000 -1.000000
vn 0.000000 0.000000 -1.000000
vn 0.000000 0.000000 -1.000000
vn 0.000000 0.000000 -1.000000
vn 0.000000 0.000000 -1.000000
vn 0.000000 0.000000 -1.000000
vn 0.000000 0.000000 -1.000000
vn 0.000000 0.000000 -1.000000
vn 0.000000 0.000000 -1.000000
vn 0.000000 0.000000 -1.000000
vn 0.000000 0.000000 -1.000000
vn 0.000000 0.000000 -1.000000
vn 0.000000 0.000000 -1.000000
vn 0.000000 0.000000 -1.000000
vn 0.000000 0.000000 -1.000000
vn 0.000000 0.000000 -1.000000
vn 0.000000 0.000000 -1.000000
vn 0.000000 0.000000 -1.000000
vn 0.000000 0.000000 -1.000000
vn 0.000000 0.000000 -1.000000
vn 0.000000 0.000000 -1.000000
vn 0.000000 0.000000 -1.000000
vn 0.000000 0.000000 -1.000000
vn 0.000000 0.000000 -1.000000
vn 0.000000 0.000000 -1.000000
vn 0.000000 0.000000 -1.000000
vn 0.000000 0.000000 -1.000000
vn 0.000000 0.000000 -1.000000
vn 0.000000 0.000000 -1.000000
vn 0.000000 0.000000 -1.000000
vn 0.000000 0.000000 -1.000000
vn 0.000000 0.000000 -1.000000
vn 0.000000 0.000000 -1.000000
vn 0.000000 0.000000 -1.000000
vn 0.000000 -0.000000 -1.000000
vn 0.000000 0.000000 -1.000000
vn 0.000000 0.000000 -1.000000
vn 0.000000 0.000000 -1.000000
vn 0.000000 0.000000 -1.000000
vn 0.000000 -0.000000 -1.000000
vn 0.000000 0.000000 -1.000000
vn 0.000000 0.000000 -1.000000
vn 0.000000 0.000000 -1.000000
vn 0.000000 -0.000000 -1.000000
vn 0.000000 0.000000 -1.000000
vn 0.000000 0.000000 -1.000000
vn 0.000000 0.000000 -1.000000
vn 0.000000 0.000000 -1.000000
vn 0.000000 -0.000000 -1.000000
vn 0.000000 0.000000 -1.000000
vn 0.000000 0.000000 -1.000000
vn 0.000000 0.000000 -1.000000
vn 0.000000 0.000000 -1.000000
vn 0.000000 0.000000 -1.000000
vn 0.000000 0.000000 -1.000000
vn 0.000000 -0.000000 -1.000000
vn 0.000000 0.000000 -1.000000
vn 0.000000 0.000000 -1.000000
vn 0.000000 0.000000 -1.000000
vn 0.000000 0.000000 -1.000000
vn 0.000000 0.000000 -1.000000
vn 0.000000 0.000000 -1.000000
vn 0.000000 0.000000 -1.000000
vn 0.000000 0.000000 -1.000000
vn 0.000000 0.000000 -1.000000
vn 0.000000 0.000000 -1.000000
vn 0.000000 0.000000 -1.000000
vn 0.000000 0.000000 -1.000000
vn 0.000000 0.000000 -1.000000
vn 0.000000 -0.000000 -1.000000
vn 0.000000 -0.000000 -1.000000
vn 0.000000 -0.000000 -1.000000
vn 0.000000 0.000000 -1.000000
vn 0.000000 0.000000 -1.000000
vn 0.000000 0.000000 -1.000000
vn 0.000000 0.000000 -1.000000
vn 0.000000 0.000000 -1.000000
vn 0.000000 0.000000 -1.000000
vn 0.000000 0.000000 -1.000000
vn 0.000000 0.000000 -1.000000
vn 0.000000 0.000000 -1.000000
vn 0.000000 0.000000 -1.000000
vn 0.000000 0.000000 -1.000000
vn 0.000000 0.000000 -1.000000
vn 0.000000 0.000000 -1.000000
vn 0.000000 0.000000 -1.000000
vn 0.000000 0.000000 -1.000000
vn 0.000000 0.000000 -1.000000
vn 0.000000 0.000000 -1.000000
vn 0.000000 0.000000 -1.000000
vn 0.000000 0.000000 -1.000000
vn 0.000000 0.000000 -1.000000
vn 0.000000 0.000000 -1.000000
vn 0.000000 0.000000 -1.000000
vn 0.000000 0.000000 -1.000000
vn 0.000000 0.000000 -1.000000
vn 0.000000 0.000000 -1.000000
vn 0.000000 0.000000 -1.000000
vn 0.000000 0.000000 -1.000000
vn 0.000000 0.000000 -1.000000
vn 0.000000 0.000000 -1.000000
vn 0.000000 -0.000000 -1.000000
vn 0.000000 -0.000000 -1.000000
vn 0.000000 -0.000000 -1.000000
vn 0.000000 -0.000000 -1.000000
vn 0.000000 0.000000 -1.000000
vn 0.000000 0.000000 -1.000000
vn 0.000000 0.000000 -1.000000
vn 0.000000 0.000000 -1.000000
vn 0.000000 0.000000 -1.000000
vn 0.000000 0.000000 -1.000000
vn 0.000000 0.000000 -1.000000
vn 0.000000 0.000000 -1.000000
vn 0.000000 0.000000 -1.000000
vn 0.000000 -0.000000 -1.000000
vn 0.000000 0.000000 -1.000000
vn 0.000000 0.000000 -1.000000
vn 0.000000 0.000000 -1.000000
vn 0.000000 0.000000 -1.000000
vn 0.000000 0.000000 -1.000000
vn 0.000000 0.000000 -1.000000
vn 0.000000 -0.000000 -1.000000
vn 0.000000 0.000000 -1.000000
vn 0.000000 -0.000000 -1.000000
vn 0.000000 0.000000 -1.000000
vn 0.000000 0.000000 -1.000000
vn 0.000000 -0.000000 -1.000000
vn 0.000000 0.000000 -1.000000
vn 0.000000 0.000000 -1.000000
vn 0.000000 -0.000000 -1.000000
vn 0.000000 0.000000 -1.000000
vn 0.000000 -0.000000 -1.000000
vn 0.000000 0.000000 -1.000000
vn 0.000000 -0.000000 -1.000000
vn 0.000000 0.000000 -1.000000
vn 0.000000 0.000000 -1.000000
vn 0.000000 0.000000 -1.000000
vn 0.000000 0.000000 -1.000000
vn 0.000000 0.000000 -1.000000
vn 0.000000 0.000000 -1.000000
vn 0.000000 0.000000 -1.000000
vn 0.000000 0.000000 -1.000000
vn 0.000000 0.000000 -1.000000
vn 0.000000 0.000000 -1.000000
vn 0.000000 -0.000000 -1.000000
vn 0.000000 0.000000 -1.000000
vn 0.000000 0.000000 -1.000000
vn 0.000000 0.000000 -1.000000
vn 0.000000 -0.000000 -1.000000
vn 0.000000 0.000000 -1.000000
vn 0.000000 0.000000 -1.000000
vn 0.000000 0.000000 -1.000000
vn 0.000000 0.000000 -1.000000
vn 0.000000 0.000000 -1.000000
vn 0.000000 0.000000 -1.000000
vn 0.000000 -0.000000 -1.000000
vn 0.000000 0.000000 -1.000000
vn 0.000000 -0.000000 -1.000000
vn 0.000000 0.000000 -1.000000
vn 0.000000 0.000000 -1.000000
vn 0.000000 0.000000 -1.000000
vn 0.000000 0.000000 -1.000000
vn 0.000000 0.000000 -1.000000
vn 0.000000 0.000000 -1.000000
vn 0.000000 0.000000 -1.000000
vn 0.000000 0.000000 -1.000000
vn 0.000000 0.000000 -1.000000
vn 0.000000 0.000000 -1.000000
vn 0.000000 0.000000 -1.000000
vn 0.000000 0.000000 -1.000000
vn 0.000000 0.000000 -1.000000
vn 0.000000 0.000000 -1.000000
vn 0.000000 0.000000 -1.000000
vn 0.000000 0.000000 -1.000000
vn 0.000000 0.000000 -1.000000
vn 0.000000 0.000000 -1.000000
vn 0.000000 0.000000 -1.000000
vn 0.000000 0.000000 -1.000000
vn 0.000000 0.000000 -1.000000
vn 0.000000 0.000000 -1.000000
vn 0.000000 0.000000 -1.000000
vn 0.000000 0.000000 -1.000000
vn 0.000000 0.000000 -1.000000
vn 0.000000 0.000000 -1.000000
vn 0.000000 0.000000 -1.000000
vn 0.000000 0.000000 -1.000000
vn 0.000000 0.000000 -1.000000
vn 0.000000 0.000000 -1.000000
vn 0.000000 0.000000 -1.000000
vn 0.000000 -0.000000 -1.000000
vn 0.000000 0.000000 -1.000000
vn 0.000000 0.000000 -1.000000
vn 0.000000 0.000000 -1.000000
vn 0.000000 0.000000 -1.000000
vn 0.000000 0.000000 -1.000000
vn 0.000000 0.000000 -1.000000
vn 0.000000 0.000000 -1.000000
vn 0.000000 0.000000 -1.000000
vn 0.000000 0.000000 -1.000000
vn 0.000000 0.000000 -1.000000
vn 0.000000 0.000000 -1.000000
vn 0.000000 0.000000 -1.000000
vn 0.000000 0.000000 -1.000000
vn 0.000000 0.000000 -1.000000
vn 0.000000 0.000000 -1.000000
vn 0.000000 0.000000 -1.000000
vn 0.000000 0.000000 -1.000000
vn 0.000000 0.000000 -1.000000
vn 0.000000 0.000000 -1.000000
vn 0.000000 -0.000000 -1.000000
vn 0.000000 0.000000 -1.000000
vn 0.000000 -0.000000 -1.000000
vn 0.000000 0.000000 -1.000000
vn 0.000000 -0.000000 -1.000000
vn 0.000000 0.000000 -1.000000
vn 0.000000 0.000000 -1.000000
vn 0.000000 0.000000 -1.000000
vn 0.000000 0.000000 -1.000000
vn 0.000000 0.000000 -1.000000
vn 0.000000 0.000000 -1.000000
vn 0.000000 -0.000000 -1.000000
vn 0.000000 0.000000 -1.000000
vn 0.000000 0.000000 -1.000000
vn 0.000000 0.000000 -1.000000
vn 0.000000 0.000000 -1.000000
vn 0.000000 0.000000 -1.000000
vn 0.000000 0.000000 -1.000000
vn 0.000000 0.000000 -1.000000
vn 0.000000 0.000000 -1.000000
vn 0.000000 0.000000 -1.000000
vn 0.000000 0.000000 -1.000000
vn 0.000000 0.000000 -1.000000
vn 0.000000 0.000000 -1.000000
vn 0.000000 0.000000 -1.000000
vn 0.000000 0.000000 -1.000000
vn 0.000000 0.000000 -1.000000
vn 0.000000 0.000000 -1.000000
vn 0.000000 0.000000 -1.000000
vn 0.000000 0.000000 -1.000000
vn 0.000000 -0.000000 -1.000000
vn 0.000000 0.000000 -1.000000
vn 0.000000 0.000000 -1.000000
vn 0.000000 -0.000000 -1.000000
vn 0.000000 0.000000 -1.000000
vn 0.000000 -0.000000 -1.000000
vn 0.000000 0.000000 -1.000000
vn 0.000000 0.000000 -1.000000
vn 0.000000 0.000000 -1.000000
vn 0.000000 0.000000 -1.000000
vn 0.000000 0.000000 -1.000000
vn 0.000000 0.000000 -1.000000
vn 0.000000 0.000000 -1.000000
vn 0.000000 0.000000 -1.000000
vn 0.000000 0.000000 -1.000000
vn 0.000000 0.000000 -1.000000
vn 0.000000 0.000000 -1.000000
vn 0.000000 0.000000 -1.000000
vn 0.000000 0.000000 -1.000000
vn 0.000000 0.000000 -1.000000
vn 0.000000 0.000000 -1.000000
vn 0.000000 0.000000 -1.000000
vn 0.000000 0.000000 -1.000000
vn 0.000000 0.000000 -1.000000
vn 0.000000 0.000000 -1.000000
vn 0.000000 0.000000 -1.000000
vn 0.000000 0.000000 -1.000000
vn 0.000000 0.000000 -1.000000
vn 0.000000 -0.000000 -1.000000
vn 0.000000 -0.000000 -1.000000
vn 0.000000 -0.000000 -1.000000
vn 0.000000 -0.000000 -1.000000
vn 0.000000 -0.000000 -1.000000
vn 0.000000 -0.000000 -1.000000
vn 0.000000 -0.000000 -1.000000
vn 0.000000 0.000000 -1.000000
vn 0.000000 0.000000 -1.000000
vn 0.000000 0.000000 -1.000000
vn 0.000000 0.000000 -1.000000
vn 0.000000 0.000000 -1.000000
vn 0.000000 0.000000 -1.000000
vn 0.000000 0.000000 -1.000000
vn 0.000000 0.000000 -1.000000
vn 0.000000 0.000000 -1.000000
vn 0.000000 0.000000 -1.000000
vn 0.000000 0.000000 -1.000000
vn 0.000000 0.000000 -1.000000
vn 0.000000 0.000000 -1.000000
vn 0.000000 0.000000 -1.000000
vn 0.000000 0.000000 -1.000000
vn 0.000000 0.000000 -1.000000
vn 0.000000 0.000000 -1.000000
vn 0.000000 0.000000 -1.000000
vn 0.000000 0.000000 -1.000000
vn 0.000000 0.000000 -1.000000
vn 0.000000 0.000000 -1.000000
vn 0.000000 0.000000 -1.000000
vn 0.000000 0.000000 -1.000000
vn 0.000000 0.000000 -1.000000
vn 0.000000 0.000000 -1.000000
vn 0.000000 0.000000 -1.000000
vn 0.000000 0.000000 -1.000000
vn 0.000000 0.000000 -1.000000
vn 0.000000 0.000000 -1.000000
vn 0.000000 0.000000 -1.000000
vn 0.000000 -0.000000 -1.000000
vn 0.000000 0.000000 -1.000000
vn 0.000000 0.000000 -1.000000
vn 0.000000 0.000000 -1.000000
vn 0.000000 0.000000 -1.000000
vn 0.000000 0.000000 -1.000000
vn 0.000000 0.000000 -1.000000
vn 0.000000 0.000000 -1.000000
vn 0.000000 0.000000 -1.000000
vn 0.000000 0.000000 -1.000000
vn 0.000000 0.000000 -1.000000
vn 0.000000 0.000000 -1.000000
vn 0.000000 0.000000 -1.000000
vn 0.000000 -0.000000 -1.000000
vn 0.000000 0.000000 -1.000000
vn 0.000000 -0.000000 -1.000000
vn 0.000000 0.000000 -1.000000
vn 0.000000 0.000000 -1.000000
vn 0.000000 0.000000 -1.000000
vn 0.000000 0.000000 -1.000000
vn 0.000000 0.000000 -1.000000
vn 0.000000 0.000000 -1.000000
vn 0.000000 0.000000 -1.000000
vn 0.000000 0.000000 -1.000000
vn 0.000000 0.000000 -1.000000
vn 0.000000 0.000000 -1.000000
vn 0.000000 0.000000 -1.000000
vn 0.000000 0.000000 -1.000000
vn 0.000000 0.000000 -1.000000
vn 0.000000 0.000000 -1.000000
vn 0.000000 0.000000 -1.000000
vn 0.000000 0.000000 -1.000000
vn 0.000000 0.000000 -1.000000
vn 0.000000 0.000000 -1.000000
vn 0.000000 0.000000 -1.000000
vn 0.000000 0.000000 -1.000000
vn 0.000000 0.000000 -1.000000
vn 0.000000 0.000000 -1.000000
vn 0.000000 0.000000 -1.000000
vn 0.000000 0.000000 -1.000000
vn 0.000000 0.000000 -1.000000
vn 0.000000 0.000000 -1.000000
vn 0.000000 0.000000 -1.000000
vn 0.000000 0.000000 -1.000000
vn 0.000000 0.000000 -1.000000
vn 0.000000 0.000000 -1.000000
vn 0.000000 0.000000 -1.000000
vn 0.000000 0.000000 -1.000000
vn 0.000000 0.000000 -1.000000
vn 0.000000 0.000000 -1.000000
vn 0.000000 0.000000 -1.000000
vn 0.000000 0.000000 -1.000000
vn 0.000000 0.000000 -1.000000
vn 0.000000 0.000000 -1.000000
vn 0.000000 0.000000 -1.000000
vn 0.000000 0.000000 -1.000000
vn 0.000000 0.000000 -1.000000
vn 0.000000 0.000000 -1.000000
vn 0.000000 0.000000 -1.000000
vn 0.000000 0.000000 -1.000000
vn 0.000000 0.000000 -1.000000
vn 0.000000 0.000000 -1.000000
vn 0.000000 0.000000 -1.000000
vn 0.000000 0.000000 -1.000000
vn 0.000000 0.000000 -1.000000
vn 0.000000 0.000000 -1.000000
vn 0.000000 0.000000 -1.000000
vn 0.000000 0.000000 -1.000000
vn 0.000000 0.000000 -1.000000
vn 0.000000 0.000000 -1.000000
vn 0.000000 0.000000 -1.000000
vn 0.000000 0.000000 -1.000000
vn 0.000000 0.000000 -1.000000
vn 0.000000 0.000000 -1.000000
vn 0.000000 0.000000 -1.000000
vn 0.000000 0.000000 -1.000000
vn 0.000000 0.000000 -1.000000
vn 0.000000 0.000000 -1.000000
vn 0.000000 0.000000 -1.000000
vn 0.000000 0.000000 -1.000000
vn 0.000000 0.000000 -1.000000
vn 0.000000 0.000000 -1.000000
vn 0.000000 0.000000 -1.000000
vn 0.000000 0.000000 -1.000000
vn 0.000000 0.000000 -1.000000
vn 0.000000 0.000000 -1.000000
vn 0.000000 0.000000 -1.000000
vn 0.000000 0.000000 -1.000000
vn 0.000000 0.000000 -1.000000
vn 0.000000 0.000000 -1.000000
vn 0.000000 0.000000 -1.000000
vn 0.000000 0.000000 -1.000000
vn 0.000000 0.000000 -1.000000
vn 0.000000 0.000000 -1.000000
vn 0.000000 0.000000 -1.000000
vn 0.000000 0.000000 -1.000000
vn 0.000000 0.000000 -1.000000
vn 0.000000 0.000000 -1.000000
vn 0.000000 0.000000 -1.000000
vn 0.000000 0.000000 -1.000000
vn 0.000000 0.000000 -1.000000
vn 0.000000 0.000000 -1.000000
vn 0.000000 0.000000 -1.000000
vn 0.000000 0.000000 -1.000000
vn 0.000000 0.000000 -1.000000
vn 0.000000 0.000000 -1.000000
vn 0.000000 0.000000 -1.000000
vn 0.000000 0.000000 -1.000000
vn 0.000000 0.000000 -1.000000
vn 0.000000 0.000000 -1.000000
vn 0.000000 0.000000 -1.000000
vn 0.000000 0.000000 -1.000000
vn 0.000000 0.000000 -1.000000
vn 0.000000 0.000000 -1.000000
vn 0.000000 0.000000 -1.000000
vn 0.000000 0.000000 -1.000000
vn 0.000000 0.000000 -1.000000
vn 0.000000 0.000000 -1.000000
vn 0.000000 0.000000 -1.000000
vn 0.000000 0.000000 -1.000000
vn 0.000000 0.000000 -1.000000
vn 0.000000 0.000000 -1.000000
vn 0.000000 0.000000 -1.000000
vn 0.000000 0.000000 -1.000000
vn 0.000000 0.000000 -1.000000
vn 0.000000 0.000000 -1.000000
vn 0.000000 -0.000000 -1.000000
vn 0.000000 -0.000000 -1.000000
vn 0.000000 0.000000 -1.000000
vn 0.000000 0.000000 -1.000000
vn 0.000000 -0.000000 -1.000000
vn 0.000000 -0.000000 -1.000000
vn 0.000000 -0.000000 -1.000000
vn 0.000000 -0.000000 -1.000000
vn 0.000000 -0.000000 -1.000000
vn 0.000000 -0.000000 -1.000000
vn 0.000000 -0.000000 -1.000000
vn 0.000000 -0.000000 -1.000000
vn 0.000000 -0.000000 -1.000000
vn 0.000000 -0.000000 -1.000000
vn 0.000000 -0.000000 -1.000000
vn 0.000000 -0.000000 -1.000000
vn 0.000000 -0.000000 -1.000000
vn 0.000000 -0.000000 -1.000000
vn 0.000000 -0.000000 -1.000000
vn 0.000000 -0.000000 -1.000000
vn 0.000000 -0.000000 -1.000000
vn 0.000000 -0.000000 -1.000000
vn 0.000000 -0.000000 -1.000000
vn 0.000000 0.000000 -1.000000
vn 0.000000 -0.000000 -1.000000
vn 0.000000 0.000000 -1.000000
vn 0.000000 -0.000000 -1.000000
vn 0.000000 0.000000 -1.000000
vn 0.000000 -0.000000 -1.000000
vn 0.000000 0.000000 -1.000000
vn 0.000000 -0.000000 -1.000000
vn 0.000000 0.000000 -1.000000
vn 0.000000 -0.000000 -1.000000
vn 0.000000 0.000000 -1.000000
vn 0.000000 -0.000000 -1.000000
vn 0.000000 0.000000 -1.000000
vn 0.000000 -0.000000 -1.000000
vn 0.000000 -0.000000 -1.000000
vn 0.000000 -0.000000 -1.000000
vn 0.000000 -0.000000 -1.000000
vn 0.000000 0.000000 -1.000000
vn 0.000000 -0.000000 -1.000000
vn 0.000000 0.000000 -1.000000
vn 0.000000 0.000000 -1.000000
vn 0.000000 0.000000 -1.000000
vn 0.000000 0.000000 -1.000000
vn 0.000000 0.000000 -1.000000
vn 0.000000 -0.000000 -1.000000
vn 0.000000 -0.000000 -1.000000
vn 0.000000 0.000000 -1.000000
vn 0.000000 0.000000 -1.000000
vn 0.000000 0.000000 -1.000000
vn 0.000000 0.000000 -1.000000
vn 0.000000 0.000000 -1.000000
vn 0.000000 0.000000 -1.000000
vn 0.000000 0.000000 -1.000000
vn 0.000000 0.000000 -1.000000
vn 0.000000 0.000000 -1.000000
vn 0.000000 0.000000 -1.000000
vn 0.000000 0.000000 -1.000000
vn 0.000000 0.000000 -1.000000
vn 0.000000 0.000000 -1.000000
vn 0.000000 0.000000 -1.000000
vn 0.000000 0.000000 -1.000000
vn 0.000000 -0.000000 -1.000000
vn 0.000000 0.000000 -1.000000
vn 0.000000 0.000000 -1.000000
vn 0.000000 0.000000 -1.000000
vn 0.000000 0.000000 -1.000000
vn 0.000000 0.000000 -1.000000
vn 0.000000 0.000000 -1.000000
vn 0.000000 0.000000 -1.000000
vn 0.000000 0.000000 -1.000000
vn 0.000000 0.000000 -1.000000
vn 0.000000 0.000000 -1.000000
vn 0.000000 0.000000 -1.000000
vn 0.000000 0.000000 -1.000000
vn 0.000000 0.000000 -1.000000
vn 0.000000 0.000000 -1.000000
vn 0.000000 0.000000 -1.000000
vn 0.000000 0.000000 -1.000000
vn 0.000000 0.000000 -1.000000
vn 0.000000 0.000000 -1.000000
vn 0.000000 0.000000 -1.000000
vn 0.000000 0.000000 -1.000000
vn 0.000000 0.000000 -1.000000
vn 0.000000 0.000000 -1.000000
vn 0.000000 0.000000 -1.000000
vn 0.000000 0.000000 -1.000000
vn 0.000000 0.000000 -1.000000
vn 0.000000 0.000000 -1.000000
vn 0.000000 0.000000 -1.000000
vn 0.000000 0.000000 -1.000000
vn 0.000000 0.000000 -1.000000
vn 0.000000 -0.000000 -1.000000
vn 0.000000 0.000000 -1.000000
vn 0.000000 0.000000 -1.000000
vn 0.000000 0.000000 -1.000000
vn 0.000000 -0.000000 -1.000000
vn 0.000000 0.000000 -1.000000
vn 0.000000 0.000000 -1.000000
vn 0.000000 0.000000 -1.000000
vn 0.000000 0.000000 -1.000000
vn 0.000000 0.000000 -1.000000
vn 0.000000 -0.000000 -1.000000
vn 0.000000 0.000000 -1.000000
vn 0.000000 0.000000 -1.000000
vn 0.000000 0.000000 -1.000000
vn 0.000000 0.000000 -1.000000
vn 0.000000 0.000000 -1.000000
vn 0.000000 0.000000 -1.000000
vn 0.000000 0.000000 -1.000000
vn 0.000000 -0.000000 -1.000000
vn 0.000000 0.000000 -1.000000
vn 0.000000 0.000000 -1.000000
vn 0.000000 0.000000 -1.000000
vn 0.000000 0.000000 -1.000000
vn 0.000000 0.000000 -1.000000
vn 0.000000 0.000000 -1.000000
vn 0.000000 -0.000000 -1.000000
vn 0.000000 0.000000 -1.000000
vn 0.000000 0.000000 -1.000000
vn 0.000000 0.000000 -1.000000
vn 0.000000 0.000000 -1.000000
vn 0.000000 0.000000 -1.000000
vn 0.000000 -0.000000 -1.000000
vn 0.000000 0.000000 -1.000000
vn 0.000000 0.000000 -1.000000
vn 0.000000 0.000000 -1.000000
vn 0.000000 0.000000 -1.000000
vn 0.000000 0.000000 -1.000000
vn 0.000000 0.000000 -1.000000
vn 0.000000 0.000000 -1.000000
vn 0.000000 0.000000 -1.000000
vn 0.000000 0.000000 -1.000000
vn 0.000000 0.000000 -1.000000
vn 0.000000 0.000000 -1.000000
vn 0.000000 0.000000 -1.000000
vn 0.000000 -0.000000 -1.000000
vn 0.000000 0.000000 -1.000000
vn 0.000000 0.000000 -1.000000
vn 0.000000 0.000000 -1.000000
vn 0.000000 0.000000 -1.000000
vn 0.000000 0.000000 -1.000000
vn 0.000000 0.000000 -1.000000
vn 0.000000 -0.000000 -1.000000
vn 0.000000 0.000000 -1.000000
vn 0.000000 0.000000 -1.000000
vn 0.000000 -0.000000 -1.000000
vn 0.000000 0.000000 -1.000000
vn 0.000000 0.000000 -1.000000
vn 0.000000 -0.000000 -1.000000
vn 0.000000 0.000000 -1.000000
vn 0.000000 0.000000 -1.000000
vn 0.000000 0.000000 -1.000000
vn 0.000000 -0.000000 -1.000000
vn 0.000000 0.000000 -1.000000
vn 0.000000 0.000000 -1.000000
vn 0.000000 0.000000 -1.000000
vn 0.000000 0.000000 -1.000000
vn 0.000000 -0.000000 -1.000000
vn 0.000000 0.000000 -1.000000
vn 0.000000 0.000000 -1.000000
vn 0.000000 0.000000 -1.000000
vn 0.000000 0.000000 -1.000000
vn 0.000000 0.000000 -1.000000
vn 0.000000 0.000000 -1.000000
vn 0.000000 0.000000 -1.000000
vn 0.000000 0.000000 -1.000000
vn 0.000000 0.000000 -1.000000
vn 0.000000 0.000000 -1.000000
vn 0.000000 0.000000 -1.000000
vn 0.000000 0.000000 -1.000000
vn 0.000000 0.000000 -1.000000
vn 0.000000 0.000000 -1.000000
vn 0.000000 0.000000 -1.000000
vn 0.000000 0.000000 -1.000000
vn 0.000000 0.000000 -1.000000
vn 0.000000 0.000000 -1.000000
vn 0.000000 0.000000 -1.000000
vn 0.000000 0.000000 -1.000000
vn 0.000000 0.000000 -1.000000
vn 0.000000 0.000000 -1.000000
vn 0.000000 0.000000 -1.000000
vn 0.000000 -0.000000 -1.000000
vn 0.000000 0.000000 -1.000000
vn 0.000000 0.000000 -1.000000
vn 0.000000 0.000000 -1.000000
vn 0.000000 0.000000 -1.000000
vn 0.000000 0.000000 -1.000000
vn 0.000000 0.000000 -1.000000
vn 0.000000 0.000000 -1.000000
vn 0.000000 0.000000 -1.000000
vn 0.000000 0.000000 -1.000000
vn 0.000000 0.000000 -1.000000
vn 0.000000 0.000000 -1.000000
vn 0.000000 0.000000 -1.000000
vn 0.000000 0.000000 -1.000000
vn 0.000000 0.000000 -1.000000
vn 0.000000 0.000000 -1.000000
vn 0.000000 0.000000 -1.000000
vn 0.000000 0.000000 -1.000000
vn 0.000000 0.000000 -1.000000
vn 0.000000 0.000000 -1.000000
vn 0.000000 0.000000 -1.000000
vn 0.000000 0.000000 -1.000000
vn 0.000000 0.000000 -1.000000
vn 0.000000 0.000000 -1.000000
vn 0.000000 0.000000 -1.000000
vn 0.000000 0.000000 -1.000000
vn 0.000000 0.000000 -1.000000
vn 0.000000 0.000000 -1.000000
vn 0.000000 0.000000 -1.000000
vn 0.000000 0.000000 -1.000000
vn 0.000000 0.000000 -1.000000
vn 0.000000 0.000000 -1.000000
vn 0.000000 0.000000 -1.000000
vn 0.000000 0.000000 -1.000000
vn 0.000000 0.000000 -1.000000
vn 0.000000 0.000000 -1.000000
vn 0.000000 0.000000 -1.000000
vn 0.000000 0.000000 -1.000000
vn 0.000000 0.000000 -1.000000
vn 0.000000 0.000000 -1.000000
vn 0.000000 0.000000 -1.000000
vn 0.000000 0.000000 -1.000000
vn 0.000000 0.000000 -1.000000
vn 0.000000 0.000000 -1.000000
vn 0.000000 0.000000 -1.000000
vn 0.000000 0.000000 -1.000000
vn 0.000000 0.000000 -1.000000
vn 0.000000 -0.000000 -1.000000
vn 0.000000 0.000000 -1.000000
vn 0.000000 0.000000 -1.000000
vn 0.000000 0.000000 -1.000000
vn 0.000000 0.000000 -1.000000
vn 0.000000 0.000000 -1.000000
vn 0.000000 0.000000 -1.000000
vn 0.000000 0.000000 -1.000000
vn 0.000000 0.000000 -1.000000
vn 0.000000 0.000000 -1.000000
vn 0.000000 0.000000 -1.000000
vn 0.000000 -0.000000 -1.000000
vn 0.000000 0.000000 -1.000000
vn 0.000000 0.000000 -1.000000
vn 0.000000 0.000000 -1.000000
vn 0.000000 -0.000000 -1.000000
vn 0.000000 0.000000 -1.000000
vn 0.000000 0.000000 -1.000000
vn 0.000000 0.000000 -1.000000
vn 0.000000 -0.000000 -1.000000
vn 0.000000 0.000000 -1.000000
vn 0.000000 0.000000 -1.000000
vn 0.000000 0.000000 -1.000000
vn 0.000000 0.000000 -1.000000
vn 0.000000 0.000000 -1.000000
vn 0.000000 -0.000000 -1.000000
vn 0.000000 0.000000 -1.000000
vn 0.000000 0.000000 -1.000000
vn 0.000000 0.000000 -1.000000
vn 0.000000 0.000000 -1.000000
vn 0.000000 0.000000 -1.000000
vn 0.000000 0.000000 -1.000000
vn 0.000000 0.000000 -1.000000
vn 0.000000 0.000000 -1.000000
vn 0.000000 0.000000 -1.000000
vn 0.000000 0.000000 -1.000000
vn 0.000000 0.000000 -1.000000
vn 0.000000 0.000000 -1.000000
vn 0.000000 -0.000000 -1.000000
vn 0.000000 0.000000 -1.000000
vn 0.000000 -0.000000 -1.000000
vn 0.000000 0.000000 -1.000000
vn 0.000000 -0.000000 -1.000000
vn 0.000000 0.000000 -1.000000
vn 0.000000 0.000000 -1.000000
vn 0.000000 -0.000000 -1.000000
vn 0.000000 0.000000 -1.000000
vn 0.000000 -0.000000 -1.000000
vn 0.000000 0.000000 -1.000000
vn 0.000000 -0.000000 -1.000000
vn 0.000000 0.000000 -1.000000
vn 0.000000 -0.000000 -1.000000
vn 0.000000 0.000000 -1.000000
vn 0.000000 -0.000000 -1.000000
vn 0.000000 0.000000 -1.000000
vn 0.000000 0.000000 -1.000000
vn 0.000000 -0.000000 -1.000000
vn 0.000000 0.000000 -1.000000
vn 0.000000 -0.000000 -1.000000
vn 0.000000 0.000000 -1.000000
vn 0.000000 -0.000000 -1.000000
vn 0.000000 0.000000 -1.000000
vn 0.000000 0.000000 -1.000000
vn 0.000000 0.000000 -1.000000
vn 0.000000 0.000000 -1.000000
vn 0.000000 0.000000 -1.000000
vn 0.000000 0.000000 -1.000000
vn 0.000000 0.000000 -1.000000
vn 0.000000 0.000000 -1.000000
vn 0.000000 0.000000 -1.000000
vn 0.000000 0.000000 -1.000000
vn 0.000000 0.000000 -1.000000
vn 0.000000 0.000000 -1.000000
vn 0.000000 0.000000 -1.000000
vn 0.000000 0.000000 -1.000000
vn 0.000000 0.000000 -1.000000
vn 0.000000 0.000000 -1.000000
vn 0.000000 0.000000 -1.000000
vn 0.000000 0.000000 -1.000000
vn 0.000000 0.000000 -1.000000
vn 0.000000 0.000000 -1.000000
vn 0.000000 0.000000 -1.000000
vn 0.000000 0.000000 -1.000000
vn 0.000000 0.000000 -1.000000
vn 0.000000 0.000000 -1.000000
vn 0.000000 0.000000 -1.000000
vn 0.000000 0.000000 -1.000000
vn 0.000000 0.000000 -1.000000
vn 0.000000 0.000000 -1.000000
vn 0.000000 0.000000 -1.000000
vn 0.000000 0.000000 -1.000000
vn 0.000000 0.000000 -1.000000
vn 0.000000 0.000000 -1.000000
vn 0.000000 0.000000 -1.000000
vn 0.000000 0.000000 -1.000000
vn 0.000000 0.000000 -1.000000
vn 0.000000 0.000000 -1.000000
vn 0.000000 0.000000 -1.000000
vn 0.000000 0.000000 -1.000000
vn 0.000000 0.000000 -1.000000
vn 0.000000 0.000000 -1.000000
vn 0.000000 -0.000000 -1.000000
vn 0.000000 0.000000 -1.000000
vn 0.000000 0.000000 -1.000000
vn 0.000000 0.000000 -1.000000
vn 0.000000 0.000000 -1.000000
vn 0.000000 0.000000 -1.000000
vn 0.000000 0.000000 -1.000000
vn 0.000000 0.000000 -1.000000
vn 0.000000 0.000000 -1.000000
vn 0.000000 0.000000 -1.000000
vn 0.000000 0.000000 -1.000000
vn 0.000000 0.000000 -1.000000
vn 0.000000 0.000000 -1.000000
vn 0.000000 0.000000 -1.000000
vn 0.000000 0.000000 -1.000000
vn 0.000000 0.000000 -1.000000
vn 0.000000 0.000000 -1.000000
vn 0.000000 0.000000 -1.000000
vn 0.000000 0.000000 -1.000000
vn 0.000000 0.000000 -1.000000
vn 0.000000 0.000000 -1.000000
vn 0.000000 0.000000 -1.000000
vn 0.000000 0.000000 -1.000000
vn 0.000000 0.000000 -1.000000
vn 0.000000 0.000000 -1.000000
vn 0.000000 0.000000 -1.000000
vn 0.000000 0.000000 -1.000000
vn 0.000000 0.000000 -1.000000
vn 0.000000 0.000000 -1.000000
vn 0.000000 0.000000 -1.000000
vn 0.000000 0.000000 -1.000000
vn 0.000000 0.000000 -1.000000
vn 0.000000 0.000000 -1.000000
vn 0.000000 0.000000 -1.000000
vn 0.000000 0.000000 -1.000000
vn 0.000000 0.000000 -1.000000
vn 0.000000 0.000000 -1.000000
vn 0.000000 -0.000000 -1.000000
vn 0.000000 -0.000000 -1.000000
vn 0.000000 -0.000000 -1.000000
vn 0.000000 -0.000000 -1.000000
vn 0.000000 -0.000000 -1.000000
vn 0.000000 -0.000000 -1.000000
vn 0.000000 -0.000000 -1.000000
vn 0.000000 -0.000000 -1.000000
vn 0.000000 -0.000000 -1.000000
vn 0.000000 0.000000 -1.000000
vn 0.000000 0.000000 -1.000000
vn 0.000000 0.000000 -1.000000
vn 0.000000 0.000000 -1.000000
vn 0.000000 0.000000 -1.000000
vn 0.000000 0.000000 -1.000000
vn 0.000000 0.000000 -1.000000
vn 0.000000 0.000000 -1.000000
vn 0.000000 -0.000000 -1.000000
vn 0.000000 -0.000000 -1.000000
vn 0.000000 0.000000 -1.000000
vn 0.000000 0.000000 -1.000000
vn 0.000000 0.000000 -1.000000
vn 0.000000 0.000000 -1.000000
vn 0.000000 -0.000000 -1.000000
vn 0.000000 -0.000000 -1.000000
vn 0.000000 -0.000000 -1.000000
vn 0.000000 -0.000000 -1.000000
vn 0.000000 -0.000000 -1.000000
vn 0.000000 -0.000000 -1.000000
vn 0.000000 -0.000000 -1.000000
vn 0.000000 -0.000000 -1.000000
vn 0.000000 -0.000000 -1.000000
vn 0.000000 -0.000000 -1.000000
vn 0.000000 0.000000 -1.000000
vn 0.000000 -0.000000 -1.000000
vn 0.000000 -0.000000 -1.000000
vn 0.000000 -0.000000 -1.000000
vn 0.000000 -0.000000 -1.000000
vn 0.000000 -0.000000 -1.000000
vn 0.000000 -0.000000 -1.000000
vn 0.000000 0.000000 -1.000000
vn 0.000000 -0.000000 -1.000000
vn 0.000000 0.000000 -1.000000
vn 0.000000 -0.000000 -1.000000
vn 0.000000 0.000000 -1.000000
vn 0.000000 -0.000000 -1.000000
vn 0.000000 0.000000 -1.000000
vn 0.000000 0.000000 -1.000000
vn 0.000000 0.000000 -1.000000
vn 0.000000 0.000000 -1.000000
vn 0.000000 0.000000 -1.000000
vn 0.000000 0.000000 -1.000000
vn 0.000000 0.000000 -1.000000
vn 0.000000 0.000000 -1.000000
vn 0.000000 0.000000 -1.000000
vn 0.000000 0.000000 -1.000000
vn 0.000000 0.000000 -1.000000
vn 0.000000 0.000000 -1.000000
vn 0.000000 0.000000 -1.000000
vn 0.000000 0.000000 -1.000000
vn 0.000000 0.000000 -1.000000
vn 0.000000 0.000000 -1.000000
vn 0.000000 0.000000 -1.000000
vn 0.000000 0.000000 -1.000000
vn 0.000000 0.000000 -1.000000
vn 0.000000 0.000000 -1.000000
vn 0.000000 0.000000 -1.000000
vn 0.000000 -0.000000 -1.000000
vn 0.000000 0.000000 -1.000000
vn 0.000000 0.000000 -1.000000
vn 0.000000 0.000000 -1.000000
vn 0.000000 0.000000 -1.000000
vn 0.000000 0.000000 -1.000000
vn 0.000000 0.000000 -1.000000
vn 0.000000 -0.000000 -1.000000
vn 0.000000 0.000000 -1.000000
vn 0.000000 0.000000 -1.000000
vn 0.000000 0.000000 -1.000000
vn 0.000000 0.000000 -1.000000
vn 0.000000 0.000000 -1.000000
vn 0.000000 0.000000 -1.000000
vn 0.000000 0.000000 -1.000000
vn 0.000000 0.000000 -1.000000
vn 0.000000 0.000000 -1.000000
vn 0.000000 0.000000 -1.000000
vn 0.000000 0.000000 -1.000000
vn 0.000000 0.000000 -1.000000
vn 0.000000 0.000000 -1.000000
vn 0.000000 -0.000000 -1.000000
vn 0.000000 0.000000 -1.000000
vn 0.000000 0.000000 -1.000000
vn 0.000000 0.000000 -1.000000
vn 0.000000 0.000000 -1.000000
vn 0.000000 0.000000 -1.000000
vn 0.000000 0.000000 -1.000000
vn 0.000000 -0.000000 -1.000000
vn 0.000000 0.000000 -1.000000
vn 0.000000 0.000000 -1.000000
vn 0.000000 0.000000 -1.000000
vn 0.000000 0.000000 -1.000000
vn 0.000000 -0.000000 -1.000000
vn 0.000000 0.000000 -1.000000
vn 0.000000 0.000000 -1.000000
vn 0.000000 0.000000 -1.000000
vn 0.000000 0.000000 -1.000000
vn 0.000000 0.000000 -1.000000
vn 0.000000 0.000000 -1.000000
vn 0.000000 0.000000 -1.000000
vn 0.000000 0.000000 -1.000000
vn 0.000000 0.000000 -1.000000
vn 0.000000 0.000000 -1.000000
vn 0.000000 0.000000 -1.000000
vn 0.000000 0.000000 -1.000000
vn 0.000000 -0.000000 -1.000000
vn 0.000000 0.000000 -1.000000
vn 0.000000 0.000000 -1.000000
vn 0.000000 0.000000 -1.000000
vn 0.000000 0.000000 -1.000000
vn 0.000000 0.000000 -1.000000
vn 0.000000 0.000000 -1.000000
vn 0.000000 0.000000 -1.000000
vn 0.000000 0.000000 -1.000000
vn 0.000000 0.000000 -1.000000
vn 0.000000 0.000000 -1.000000
vn 0.000000 0.000000 -1.000000
vn 0.000000 0.000000 -1.000000
vn 0.000000 0.000000 -1.000000
vn 0.000000 0.000000 -1.000000
vn 0.000000 0.000000 -1.000000
vn 0.000000 0.000000 -1.000000
vn 0.000000 0.000000 -1.000000
vn 0.000000 0.000000 -1.000000
vn 0.000000 0.000000 -1.000000
vn 0.000000 0.000000 -1.000000
vn 0.000000 0.000000 -1.000000
vn 0.000000 0.000000 -1.000000
vn 0.000000 0.000000 -1.000000
vn 0.000000 0.000000 -1.000000
vn 0.000000 0.000000 -1.000000
vn 0.000000 0.000000 -1.000000
vn 0.000000 0.000000 -1.000000
vn 0.000000 0.000000 -1.000000
vn 0.000000 0.000000 -1.000000
vn 0.000000 0.000000 -1.000000
vn 0.000000 -0.000000 -1.000000
vn 0.000000 0.000000 -1.000000
vn 0.000000 0.000000 -1.000000
vn 0.000000 0.000000 -1.000000
vn 0.000000 0.000000 -1.000000
vn 0.000000 0.000000 -1.000000
vn 0.000000 0.000000 -1.000000
vn 0.000000 0.000000 -1.000000
vn 0.000000 0.000000 -1.000000
vn 0.000000 -0.000000 -1.000000
vn 0.000000 0.000000 -1.000000
vn 0.000000 0.000000 -1.000000
vn 0.000000 0.000000 -1.000000
vn 0.000000 0.000000 -1.000000
vn 0.000000 0.000000 -1.000000
vn 0.000000 0.000000 -1.000000
vn 0.000000 0.000000 -1.000000
vn 0.000000 0.000000 -1.000000
vn 0.000000 0.000000 -1.000000
vn 0.000000 0.000000 -1.000000
vn 0.000000 0.000000 -1.000000
vn 0.000000 -0.000000 -1.000000
vn 0.000000 0.000000 -1.000000
vn 0.000000 0.000000 -1.000000
vn 0.000000 0.000000 -1.000000
vn 0.000000 0.000000 -1.000000
vn 0.000000 0.000000 -1.000000
vn 0.000000 -0.000000 -1.000000
vn 0.000000 0.000000 -1.000000
vn 0.000000 0.000000 -1.000000
vn 0.000000 0.000000 -1.000000
vn 0.000000 0.000000 -1.000000
vn 0.000000 0.000000 -1.000000
vn 0.000000 0.000000 -1.000000
vn 0.000000 0.000000 -1.000000
vn 0.000000 0.000000 -1.000000
vn 0.000000 0.000000 -1.000000
vn 0.000000 0.000000 -1.000000
vn 0.000000 -0.000000 -1.000000
vn 0.000000 -0.000000 -1.000000
vn 0.000000 -0.000000 -1.000000
vn 0.000000 0.000000 -1.000000
vn 0.000000 -0.000000 -1.000000
vn 0.000000 -0.000000 -1.000000
vn 0.000000 0.000000 -1.000000
vn 0.000000 0.000000 -1.000000
vn 0.000000 0.000000 -1.000000
vn 0.000000 0.000000 -1.000000
vn 0.000000 0.000000 -1.000000
vn 0.000000 0.000000 -1.000000
vn 0.000000 0.000000 -1.000000
vn 0.000000 0.000000 -1.000000
vn 0.000000 0.000000 -1.000000
vn 0.000000 0.000000 -1.000000
vn 0.000000 -0.000000 -1.000000
vn 0.000000 0.000000 -1.000000
vn 0.000000 0.000000 -1.000000
vn 0.000000 0.000000 -1.000000
vn -0.000000 0.000000 -1.000000
vn 0.000000 0.000000 -1.000000
vn 0.000000 0.000000 -1.000000
vn 0.000000 0.000000 -1.000000
vn 0.000000 0.000000 -1.000000
vn 0.000000 0.000000 -1.000000
vn 0.000000 0.000000 -1.000000
vn 0.000000 0.000000 -1.000000
vn -0.000000 0.000000 -1.000000
vn -0.000000 0.000000 -1.000000
vn 0.000000 0.000000 -1.000000
vn 0.000000 0.000000 -1.000000
vn 0.000000 0.000000 -1.000000
vn 0.000000 0.000000 -1.000000
vn 0.000000 0.000000 -1.000000
vn -0.000000 0.000000 -1.000000
vn -0.000000 0.000000 -1.000000
vn -0.000000 0.000000 -1.000000
vn -0.000000 0.000000 -1.000000
vn -0.000000 0.000000 -1.000000
vn -0.000000 0.000000 -1.000000
vn -0.000000 0.000000 -1.000000
vn -0.000000 0.000000 -1.000000
vn -0.000000 0.000000 -1.000000
vn -0.000000 0.000000 -1.000000
vn -0.000000 0.000000 -1.000000
vn -0.000000 0.000000 -1.000000
vn -0.000000 0.000000 -1.000000
vn 0.000000 0.000000 -1.000000
vn 0.000000 0.000000 -1.000000
vn 0.000000 0.000000 -1.000000
vn 0.000000 0.000000 -1.000000
vn 0.000000 -0.000000 -1.000000
vn 0.000000 0.000000 -1.000000
vn 0.000000 0.000000 -1.000000
vn -0.000000 0.000000 -1.000000
vn -0.000000 0.000000 -1.000000
vn 0.000000 0.000000 -1.000000
vn 0.000000 -0.000000 -1.000000
vn 0.000000 -0.000000 -1.000000
vn 0.000000 -0.000000 -1.000000
vn 0.000000 0.000000 -1.000000
vn 0.000000 0.000000 -1.000000
vn -0.000000 0.000000 -1.000000
vn -0.000000 0.000000 -1.000000
vn -0.000000 0.000000 -1.000000
vn 0.000000 0.000000 -1.000000
vn 0.000000 0.000000 -1.000000
vn -0.000000 0.000000 -1.000000
vn -0.000000 0.000000 -1.000000
vn -0.000000 0.000000 -1.000000
vn 0.000000 0.000000 -1.000000
vn 0.000000 0.000000 -1.000000
vn 0.000000 -0.000000 -1.000000
vn 0.000000 0.000000 -1.000000
vn 0.000000 0.000000 -1.000000
vn 0.000000 0.000000 -1.000000
vn 0.000000 -0.000000 -1.000000
vn 0.000000 0.000000 -1.000000
vn 0.000000 0.000000 -1.000000
vn 0.000000 0.000000 -1.000000
vn 0.000000 -0.000000 -1.000000
vn 0.000000 -0.000000 -1.000000
vn 0.000000 -0.000000 -1.000000
vn -0.000000 0.000000 -1.000000
vn 0.000000 0.000000 -1.000000
vn 0.000000 0.000000 -1.000000
vn -0.000000 0.000000 -1.000000
vn -0.000000 0.000000 -1.000000
vn 0.000000 0.000000 -1.000000
vn 0.000000 0.000000 -1.000000
vn 0.000000 -0.000000 -1.000000
vn 0.000000 -0.000000 -1.000000
vn 0.000000 0.000000 -1.000000
vn 0.000000 0.000000 -1.000000
vn 0.000000 -0.000000 -1.000000
vn 0.000000 0.000000 -1.000000
vn 0.000000 -0.000000 -1.000000
vn 0.000000 0.000000 -1.000000
vn 0.000000 0.000000 -1.000000
vn 0.000000 0.000000 -1.000000
vn 0.000000 -0.000000 -1.000000
vn 0.000000 0.000000 -1.000000
vn 0.000000 -0.000000 -1.000000
vn 0.000000 0.000000 -1.000000
vn 0.000000 0.000000 -1.000000
vn 0.000000 -0.000000 -1.000000
vn 0.000000 0.000000 -1.000000
vn 0.000000 0.000000 -1.000000
vn 0.000000 0.000000 -1.000000
vn -0.000000 0.000000 -1.000000
vn -0.000000 0.000000 -1.000000
vn 0.000000 -0.000000 -1.000000
vn 0.000000 0.000000 -1.000000
vn 0.000000 0.000000 -1.000000
vn 0.000000 0.000000 -1.000000
vn 0.000000 -0.000000 -1.000000
vn 0.000000 -0.000000 -1.000000
vn 0.000000 0.000000 -1.000000
vn 0.000000 1.000000 0.000000
vn 0.000000 1.000000 0.000000
vn 1.000000 -0.000000 0.000000
vn 1.000000 0.000000 0.000000
vn 1.000000 -0.000000 0.000000
vn 1.000000 -0.000000 0.000000
vn 1.000000 0.000000 0.000000
vn 1.000000 -0.000000 0.000000
vn 1.000000 0.000000 0.000000
vn 1.000000 -0.000000 0.000000
vn -0.000000 -1.000000 0.000000
vn 0.000000 -1.000000 0.000000
vn 0.000000 -1.000000 0.000000
vn -0.000000 -1.000000 0.000000
vn 0.000000 -1.000000 0.000000
vn 0.000000 -1.000000 0.000000
vn -0.000000 -1.000000 0.000000
vn 0.000000 -1.000000 0.000000
vn -1.000000 0.000000 0.000000
vn -1.000000 0.000000 0.000000
vn 1.000000 -0.000000 0.000000
vn 1.000000 -0.000000 0.000000
vn 1.000000 -0.000000 0.000000
vn 1.000000 0.000000 0.000000
vn 1.000000 -0.000000 0.000000
vn 1.000000 0.000000 0.000000
vn 1.000000 -0.000000 0.000000
vn 1.000000 -0.000000 0.000000
vn 1.000000 0.000000 0.000000
vn 1.000000 0.000000 0.000000
vn 1.000000 0.000000 0.000000
vn 1.000000 0.000000 0.000000
vn 1.000000 -0.000000 0.000000
vn 1.000000 -0.000000 0.000000
vn 1.000000 -0.000000 0.000000
vn 1.000000 0.000000 0.000000
vn 1.000000 0.000000 0.000000
vn 1.000000 0.000000 0.000000
vn 0.000000 -1.000000 0.000000
vn 0.000000 -1.000000 0.000000
vn 0.000000 1.000000 0.000000
vn 0.000000 1.000000 0.000000
vn 1.000000 0.000000 0.000000
vn 1.000000 -0.000000 0.000000
vn -1.000000 0.000000 0.000000
vn -1.000000 0.000000 0.000000
vn 0.000000 -1.000000 0.000000
vn 0.000000 -1.000000 0.000000
vn -0.999690 -0.024910 0.000000
vn -0.999690 -0.024910 0.000000
vn -0.997203 -0.074735 0.000000
vn -0.997203 -0.074735 0.000000
vn -0.992236 -0.124366 0.000000
vn -0.992236 -0.124366 0.000000
vn -0.984809 -0.173642 0.000000
vn -0.984809 -0.173642 0.000000
vn -0.974927 -0.222526 0.000000
vn -0.974927 -0.222526 0.000000
vn -0.962627 -0.270831 0.000000
vn -0.962627 -0.270831 0.000000
vn -0.947922 -0.318504 0.000000
vn -0.947922 -0.318504 0.000000
vn -0.930867 -0.365357 0.000000
vn -0.930867 -0.365357 0.000000
vn -0.911516 -0.411265 0.000000
vn -0.911516 -0.411265 0.000000
vn -0.889877 -0.456201 0.000000
vn -0.889877 -0.456201 0.000000
vn -0.866012 -0.500023 0.000000
vn -0.866012 -0.500023 0.000000
vn -0.840023 -0.542551 0.000000
vn -0.840023 -0.542551 0.000000
vn -0.811926 -0.583760 0.000000
vn -0.811926 -0.583760 0.000000
vn -0.781829 -0.623493 0.000000
vn -0.781829 -0.623493 0.000000
vn -0.749825 -0.661636 0.000000
vn -0.749825 -0.661636 0.000000
vn -0.715866 -0.698238 0.000000
vn -0.715866 -0.698238 0.000000
vn -0.680139 -0.733083 0.000000
vn -0.680139 -0.733083 0.000000
vn -0.642781 -0.766050 0.000000
vn -0.642781 -0.766050 0.000000
vn -0.603832 -0.797112 0.000000
vn -0.603832 -0.797112 0.000000
vn -0.563343 -0.826223 0.000000
vn -0.563343 -0.826223 0.000000
vn -0.521445 -0.853285 0.000000
vn -0.521445 -0.853285 0.000000
vn -0.478252 -0.878223 0.000000
vn -0.478252 -0.878223 0.000000
vn -0.433845 -0.900988 0.000000
vn -0.433845 -0.900988 0.000000
vn -0.388402 -0.921490 0.000000
vn -0.388402 -0.921490 0.000000
vn -0.342018 -0.939693 0.000000
vn -0.342018 -0.939693 0.000000
vn -0.294757 -0.955572 0.000000
vn -0.294757 -0.955572 0.000000
vn -0.246782 -0.969071 0.000000
vn -0.246782 -0.969071 0.000000
vn -0.198175 -0.980167 0.000000
vn -0.198175 -0.980167 0.000000
vn -0.148975 -0.988841 0.000000
vn -0.148975 -0.988841 0.000000
vn -0.099643 -0.995023 0.000000
vn -0.099643 -0.995023 0.000000
vn -0.049819 -0.998758 0.000000
vn -0.049819 -0.998758 0.000000
vn 0.000000 -1.000000 0.000000
vn 0.000000 -1.000000 0.000000
vn 0.049819 -0.998758 0.000000
vn 0.049819 -0.998758 0.000000
vn 0.099643 -0.995023 0.000000
vn 0.099643 -0.995023 0.000000
vn 0.148975 -0.988841 0.000000
vn 0.148975 -0.988841 0.000000
vn 0.198175 -0.980167 0.000000
vn 0.198175 -0.980167 0.000000
vn 0.246782 -0.969071 0.000000
vn 0.246782 -0.969071 0.000000
vn 0.294757 -0.955572 0.000000
vn 0.294757 -0.955572 0.000000
vn 0.342018 -0.939693 0.000000
vn 0.342018 -0.939693 0.000000
vn 0.388402 -0.921490 0.000000
vn 0.388402 -0.921490 0.000000
vn 0.433845 -0.900988 0.000000
vn 0.433845 -0.900988 0.000000
vn 0.478252 -0.878223 0.000000
vn 0.478252 -0.878223 0.000000
vn 0.521445 -0.853285 0.000000
vn 0.521445 -0.853285 0.000000
vn 0.563343 -0.826223 0.000000
vn 0.563343 -0.826223 0.000000
vn 0.603832 -0.797112 0.000000
vn 0.603832 -0.797112 0.000000
vn 0.642781 -0.766050 0.000000
vn 0.642781 -0.766050 0.000000
vn 0.680139 -0.733083 0.000000
vn 0.680139 -0.733083 0.000000
vn 0.715866 -0.698238 0.000000
vn 0.715866 -0.698238 0.000000
vn 0.749825 -0.661636 0.000000
vn 0.749825 -0.661636 0.000000
vn 0.781829 -0.623493 0.000000
vn 0.781829 -0.623493 0.000000
vn 0.811926 -0.583760 0.000000
vn 0.811926 -0.583760 0.000000
vn 0.840023 -0.542551 0.000000
vn 0.840023 -0.542551 0.000000
vn 0.866012 -0.500023 0.000000
vn 0.866012 -0.500023 0.000000
vn 0.889877 -0.456201 0.000000
vn 0.889877 -0.456201 0.000000
vn 0.911516 -0.411265 0.000000
vn 0.911516 -0.411265 0.000000
vn 0.930867 -0.365357 0.000000
vn 0.930867 -0.365357 0.000000
vn 0.947922 -0.318504 0.000000
vn 0.947922 -0.318504 0.000000
vn 0.962627 -0.270831 0.000000
vn 0.962627 -0.270831 0.000000
vn 0.974927 -0.222526 0.000000
vn 0.974927 -0.222526 0.000000
vn 0.984809 -0.173642 0.000000
vn 0.984809 -0.173642 0.000000
vn 0.992236 -0.124366 0.000000
vn 0.992236 -0.124366 0.000000
vn 0.997203 -0.074735 0.000000
vn 0.997203 -0.074735 0.000000
vn 0.999690 -0.024910 0.000000
vn 0.999690 -0.024910 0.000000
vn 0.999690 0.024910 0.000000
vn 0.999690 0.024910 -0.000000
vn 0.997203 0.074735 0.000000
vn 0.997203 0.074735 -0.000000
vn 0.992236 0.124366 0.000000
vn 0.992236 0.124366 -0.000000
vn 0.984809 0.173642 0.000000
vn 0.984809 0.173642 -0.000000
vn 0.974927 0.222526 0.000000
vn 0.974927 0.222526 -0.000000
vn 0.962627 0.270831 0.000000
vn 0.962627 0.270831 -0.000000
vn 0.947922 0.318504 0.000000
vn 0.947922 0.318504 -0.000000
vn 0.930867 0.365357 0.000000
vn 0.930867 0.365357 -0.000000
vn 0.911516 0.411265 0.000000
vn 0.911516 0.411265 -0.000000
vn 0.889877 0.456201 -0.000000
vn 0.889877 0.456201 -0.000000
vn 0.866012 0.500023 0.000000
vn 0.866012 0.500023 -0.000000
vn 0.840023 0.542551 -0.000000
vn 0.811926 0.583760 -0.000000
vn 0.840023 0.542551 0.000000
vn 0.811926 0.583760 -0.000000
vn 0.781829 0.623493 -0.000000
vn 0.781829 0.623493 0.000000
vn 0.749825 0.661636 -0.000000
vn 0.715866 0.698238 -0.000000
vn 0.749825 0.661636 0.000000
vn 0.680139 0.733083 -0.000000
vn 0.715866 0.698238 -0.000000
vn 0.680139 0.733083 -0.000000
vn 0.642781 0.766050 -0.000000
vn 0.642781 0.766050 0.000000
vn 0.603832 0.797112 -0.000000
vn 0.603832 0.797112 0.000000
vn 0.563343 0.826223 -0.000000
vn 0.521445 0.853285 -0.000000
vn 0.563343 0.826223 0.000000
vn 0.521445 0.853285 -0.000000
vn 0.478252 0.878223 -0.000000
vn 0.478252 0.878223 0.000000
vn 0.433845 0.900988 -0.000000
vn 0.433845 0.900988 0.000000
vn 0.388402 0.921490 -0.000000
vn 0.342018 0.939693 -0.000000
vn 0.388402 0.921490 0.000000
vn 0.342018 0.939693 -0.000000
vn 0.294757 0.955572 0.000000
vn 0.294757 0.955572 -0.000000
vn 0.246782 0.969071 0.000000
vn 0.246782 0.969071 -0.000000
vn 0.198175 0.980167 0.000000
vn 0.198175 0.980167 -0.000000
vn 0.148975 0.988841 -0.000000
vn 0.148975 0.988841 0.000000
vn 0.099643 0.995023 -0.000000
vn 0.099643 0.995023 0.000000
vn 0.049819 0.998758 -0.000000
vn 0.049819 0.998758 0.000000
vn 0.000000 1.000000 -0.000000
vn 0.000000 1.000000 0.000000
vn -0.049819 0.998758 0.000000
vn -0.049819 0.998758 0.000000
vn -0.099643 0.995023 0.000000
vn -0.099643 0.995023 0.000000
vn -0.148975 0.988841 0.000000
vn -0.148975 0.988841 0.000000
vn -0.198175 0.980167 0.000000
vn -0.198175 0.980167 0.000000
vn -0.246782 0.969071 0.000000
vn -0.246782 0.969071 0.000000
vn -0.294757 0.955572 0.000000
vn -0.294757 0.955572 0.000000
vn -0.342018 0.939693 0.000000
vn -0.342018 0.939693 0.000000
vn -0.388402 0.921490 0.000000
vn -0.388402 0.921490 0.000000
vn -0.433845 0.900988 0.000000
vn -0.433845 0.900988 0.000000
vn -0.478252 0.878223 0.000000
vn -0.478252 0.878223 0.000000
vn -0.521445 0.853285 0.000000
vn -0.521445 0.853285 0.000000
vn -0.563343 0.826223 0.000000
vn -0.563343 0.826223 0.000000
vn -0.603832 0.797112 0.000000
vn -0.603832 0.797112 0.000000
vn -0.642781 0.766050 0.000000
vn -0.642781 0.766050 0.000000
vn -0.680139 0.733083 0.000000
vn -0.680139 0.733083 0.000000
vn -0.715866 0.698238 0.000000
vn -0.715866 0.698238 0.000000
vn -0.749825 0.661636 0.000000
vn -0.749825 0.661636 0.000000
vn -0.781829 0.623493 0.000000
vn -0.781829 0.623493 0.000000
vn -0.811926 0.583760 0.000000
vn -0.811926 0.583760 0.000000
vn -0.840023 0.542551 0.000000
vn -0.840023 0.542551 0.000000
vn -0.866012 0.500023 0.000000
vn -0.866012 0.500023 0.000000
vn -0.889877 0.456201 0.000000
vn -0.889877 0.456201 0.000000
vn -0.911516 0.411265 0.000000
vn -0.911516 0.411265 0.000000
vn -0.930867 0.365357 0.000000
vn -0.930867 0.365357 0.000000
vn -0.947922 0.318504 0.000000
vn -0.947922 0.318504 0.000000
vn -0.962627 0.270831 0.000000
vn -0.962627 0.270831 0.000000
vn -0.974927 0.222526 0.000000
vn -0.974927 0.222526 0.000000
vn -0.984809 0.173642 0.000000
vn -0.984809 0.173642 0.000000
vn -0.992236 0.124366 0.000000
vn -0.992236 0.124366 0.000000
vn -0.997203 0.074735 0.000000
vn -0.997203 0.074735 0.000000
vn -0.999690 0.024910 0.000000
vn -0.999690 0.024910 0.000000
vn 1.000000 0.000000 0.000000
vn 1.000000 -0.000000 0.000000
vn 0.000000 -1.000000 0.000000
vn 0.000000 -1.000000 0.000000
vn 0.000000 1.000000 0.000000
vn 0.000000 1.000000 0.000000
vn -1.000000 0.000000 0.000000
vn -1.000000 0.000000 0.000000
vn -0.206746 -0.978395 0.000000
vn -0.206746 -0.978395 0.000000
vn 0.759072 -0.651006 0.000000
vn 0.759072 -0.651006 0.000000
vn -0.512400 -0.858747 0.000000
vn -0.512400 -0.858747 0.000000
vn -0.996831 0.079545 0.000000
vn -0.996831 0.079545 0.000000
vn 0.669811 0.742531 -0.000000
vn 0.669811 0.742531 0.000000
vn -0.999597 0.028386 0.000000
vn -0.999597 0.028386 0.000000
vn -0.090681 -0.995880 0.000000
vn -0.090681 -0.995880 0.000000
vn 0.901060 -0.433694 0.000000
vn 0.901060 -0.433694 0.000000
vn 0.899020 0.437908 -0.000000
vn 0.899020 0.437908 0.000000
vn 0.412748 0.910845 -0.000000
vn 0.412748 0.910845 0.000000
vn -0.383535 0.923526 0.000000
vn -0.383535 0.923526 0.000000
vn -0.983949 0.178451 0.000000
vn -0.983949 0.178451 0.000000
vn 0.138601 0.990348 0.000000
vn 0.138601 0.990348 -0.000000
vn -0.999855 -0.017029 0.000000
vn -0.999855 -0.017029 0.000000
vn -0.614015 -0.789294 0.000000
vn -0.614015 -0.789294 0.000000
vn 0.079540 0.996832 0.000000
vn 0.079540 0.996832 -0.000000
vn -0.871754 -0.489945 0.000000
vn -0.871754 -0.489945 0.000000
vn -0.086465 -0.996255 0.000000
vn -0.086465 -0.996255 0.000000
vn 0.999597 -0.028387 0.000000
vn 0.999597 -0.028387 0.000000
vn 0.603161 0.797619 0.000000
vn 0.603161 0.797619 -0.000000
vn -0.206740 -0.978396 0.000000
vn -0.206740 -0.978396 0.000000
vn 0.997277 -0.073749 0.000000
vn 0.997277 -0.073749 0.000000
vn 0.028388 0.999597 0.000000
vn 0.028388 0.999597 -0.000000
vn -0.990349 -0.138593 0.000000
vn -0.990349 -0.138593 0.000000
vn -0.631295 -0.775542 0.000000
vn -0.631295 -0.775542 0.000000
vn 0.939324 -0.343032 0.000000
vn 0.939324 -0.343032 0.000000
vn -0.505382 0.862896 0.000000
vn -0.505382 0.862896 0.000000
vn 0.000000 1.000000 -0.000000
vn 0.000000 1.000000 0.000000
vn -0.991510 -0.130033 0.000000
vn -0.991510 -0.130033 0.000000
vn -0.221611 -0.975135 0.000000
vn -0.221611 -0.975135 0.000000
vn 0.997199 0.074788 -0.000000
vn 0.997199 0.074788 0.000000
vn 0.254496 -0.967074 0.000000
vn 0.254496 -0.967074 0.000000
vn -0.999603 -0.028163 0.000000
vn -0.999603 -0.028163 0.000000
vn 0.003185 -0.999995 0.000000
vn 0.003185 -0.999995 0.000000
vn 0.956013 -0.293326 0.000000
vn 0.956013 -0.293326 0.000000
vn 0.130447 0.991455 -0.000000
vn 0.130447 0.991455 0.000000
vn -0.897555 0.440903 0.000000
vn -0.897555 0.440903 0.000000
vn -0.187745 0.982218 0.000000
vn -0.187745 0.982218 0.000000
vn 0.987400 0.158243 -0.000000
vn 0.987400 0.158243 0.000000
vn 0.000000 1.000000 -0.000000
vn 0.000000 1.000000 0.000000
vn -1.000000 0.000000 0.000000
vn -1.000000 -0.000000 0.000000
vn -0.395144 -0.918619 0.000000
vn -0.395144 -0.918619 0.000000
vn -0.355993 0.934489 0.000000
vn -0.355993 0.934489 0.000000
vn -0.995741 -0.092199 0.000000
vn -0.995741 -0.092199 0.000000
vn 0.296481 -0.955039 0.000000
vn 0.296481 -0.955039 0.000000
vn 1.000000 0.000000 0.000000
vn 1.000000 -0.000000 0.000000
vn 0.310358 0.950620 -0.000000
vn 0.310358 0.950620 0.000000
vn -0.994506 -0.104682 0.000000
vn -0.994506 -0.104682 0.000000
vn 0.078139 -0.996942 0.000000
vn 0.078139 -0.996942 0.000000
vn 0.901820 0.432112 -0.000000
vn 0.901820 0.432112 0.000000
vn -0.056567 0.998399 0.000000
vn -0.056567 0.998399 0.000000
vn 0.000000 1.000000 0.000000
vn 0.000000 1.000000 -0.000000
vn -0.996684 0.081364 0.000000
vn -0.996684 0.081364 0.000000
vn -0.491883 -0.870661 0.000000
vn -0.491883 -0.870661 0.000000
vn -0.122489 0.992470 0.000000
vn -0.122489 0.992470 0.000000
vn -0.999275 0.038069 0.000000
vn -0.999275 0.038069 0.000000
vn 0.175789 -0.984428 0.000000
vn 0.175789 -0.984428 0.000000
vn 0.979762 -0.200169 0.000000
vn 0.979762 -0.200169 0.000000
vn 0.519496 0.854473 0.000000
vn 0.519496 0.854473 -0.000000
vn -0.044024 -0.999030 0.000000
vn -0.044024 -0.999030 0.000000
vn 0.960823 0.277162 0.000000
vn 0.960823 0.277162 -0.000000
vn -0.999688 -0.024971 0.000000
vn -0.999688 -0.024971 0.000000
vn -0.997208 -0.074674 0.000000
vn -0.997208 -0.074674 0.000000
vn -0.992236 -0.124366 0.000000
vn -0.992236 -0.124366 0.000000
vn -0.984798 -0.173702 0.000000
vn -0.984798 -0.173702 0.000000
vn -0.974953 -0.222409 0.000000
vn -0.974953 -0.222409 0.000000
vn -0.962611 -0.270887 0.000000
vn -0.962611 -0.270887 0.000000
vn -0.947922 -0.318504 0.000000
vn -0.947922 -0.318504 0.000000
vn -0.930888 -0.365304 0.000000
vn -0.930888 -0.365304 0.000000
vn -0.911516 -0.411265 0.000000
vn -0.911516 -0.411265 0.000000
vn -0.889852 -0.456250 0.000000
vn -0.889852 -0.456250 0.000000
vn -0.866012 -0.500023 0.000000
vn -0.866012 -0.500023 0.000000
vn -0.840023 -0.542551 0.000000
vn -0.840023 -0.542551 0.000000
vn -0.811926 -0.583760 0.000000
vn -0.811926 -0.583760 0.000000
vn -0.781859 -0.623455 0.000000
vn -0.781859 -0.623455 0.000000
vn -0.749795 -0.661670 0.000000
vn -0.749795 -0.661670 0.000000
vn -0.715866 -0.698238 0.000000
vn -0.715866 -0.698238 0.000000
vn -0.680169 -0.733055 0.000000
vn -0.680169 -0.733055 0.000000
vn -0.642781 -0.766050 0.000000
vn -0.642781 -0.766050 0.000000
vn -0.603832 -0.797112 0.000000
vn -0.603832 -0.797112 0.000000
vn -0.563314 -0.826243 0.000000
vn -0.563314 -0.826243 0.000000
vn -0.521445 -0.853285 0.000000
vn -0.521445 -0.853285 0.000000
vn -0.478277 -0.878209 0.000000
vn -0.478277 -0.878209 0.000000
vn -0.433797 -0.901011 0.000000
vn -0.433797 -0.901011 0.000000
vn -0.388402 -0.921490 0.000000
vn -0.388402 -0.921490 0.000000
vn -0.342038 -0.939686 0.000000
vn -0.342038 -0.939686 0.000000
vn -0.294774 -0.955567 0.000000
vn -0.294774 -0.955567 0.000000
vn -0.246767 -0.969075 0.000000
vn -0.246767 -0.969075 0.000000
vn -0.198187 -0.980164 0.000000
vn -0.198187 -0.980164 0.000000
vn -0.148957 -0.988844 0.000000
vn -0.148957 -0.988844 0.000000
vn -0.099649 -0.995023 0.000000
vn -0.099649 -0.995023 0.000000
vn -0.049822 -0.998758 0.000000
vn -0.049822 -0.998758 0.000000
vn 0.000000 -1.000000 0.000000
vn 0.000000 -1.000000 0.000000
vn 0.049822 -0.998758 0.000000
vn 0.049822 -0.998758 0.000000
vn 0.099649 -0.995023 0.000000
vn 0.099649 -0.995023 0.000000
vn 0.148957 -0.988844 0.000000
vn 0.148957 -0.988844 0.000000
vn 0.198187 -0.980164 0.000000
vn 0.198187 -0.980164 0.000000
vn 0.246767 -0.969075 0.000000
vn 0.246767 -0.969075 0.000000
vn 0.294774 -0.955567 0.000000
vn 0.294774 -0.955567 0.000000
vn 0.342038 -0.939686 0.000000
vn 0.342038 -0.939686 0.000000
vn 0.388402 -0.921490 0.000000
vn 0.388402 -0.921490 0.000000
vn 0.433797 -0.901011 0.000000
vn 0.433797 -0.901011 0.000000
vn 0.478277 -0.878209 0.000000
vn 0.478277 -0.878209 0.000000
vn 0.521445 -0.853285 0.000000
vn 0.521445 -0.853285 0.000000
vn 0.563314 -0.826243 0.000000
vn 0.563314 -0.826243 0.000000
vn 0.603832 -0.797112 0.000000
vn 0.603832 -0.797112 0.000000
vn 0.642781 -0.766050 0.000000
vn 0.642781 -0.766050 0.000000
vn 0.680169 -0.733055 0.000000
vn 0.680169 -0.733055 0.000000
vn 0.715866 -0.698238 0.000000
vn 0.715866 -0.698238 0.000000
vn 0.749795 -0.661670 0.000000
vn 0.749795 -0.661670 0.000000
vn 0.781859 -0.623455 0.000000
vn 0.781859 -0.623455 0.000000
vn 0.811926 -0.583760 0.000000
vn 0.811926 -0.583760 0.000000
vn 0.840023 -0.542551 0.000000
vn 0.840023 -0.542551 0.000000
vn 0.866012 -0.500023 0.000000
vn 0.866012 -0.500023 0.000000
vn 0.889852 -0.456250 0.000000
vn 0.889852 -0.456250 0.000000
vn 0.911516 -0.411265 0.000000
vn 0.911516 -0.411265 0.000000
vn 0.930888 -0.365304 0.000000
vn 0.930888 -0.365304 0.000000
vn 0.947922 -0.318504 0.000000
vn 0.947922 -0.318504 0.000000
vn 0.962611 -0.270887 0.000000
vn 0.962611 -0.270887 0.000000
vn 0.974953 -0.222409 0.000000
vn 0.974953 -0.222409 0.000000
vn 0.984798 -0.173702 0.000000
vn 0.984798 -0.173702 0.000000
vn 0.992236 -0.124366 0.000000
vn 0.992236 -0.124366 0.000000
vn 0.997208 -0.074674 0.000000
vn 0.997208 -0.074674 0.000000
vn 0.999688 -0.024971 0.000000
vn 0.999688 -0.024971 0.000000
vn 0.999688 0.024971 0.000000
vn 0.999688 0.024971 -0.000000
vn 0.997208 0.074674 0.000000
vn 0.997208 0.074674 -0.000000
vn 0.992236 0.124366 0.000000
vn 0.992236 0.124366 -0.000000
vn 0.984798 0.173702 0.000000
vn 0.984798 0.173702 -0.000000
vn 0.974953 0.222409 0.000000
vn 0.974953 0.222409 -0.000000
vn 0.962611 0.270887 0.000000
vn 0.962611 0.270887 -0.000000
vn 0.947922 0.318504 0.000000
vn 0.947922 0.318504 -0.000000
vn 0.930888 0.365304 0.000000
vn 0.930888 0.365304 -0.000000
vn 0.911516 0.411265 0.000000
vn 0.911516 0.411265 -0.000000
vn 0.889852 0.456250 -0.000000
vn 0.889852 0.456250 -0.000000
vn 0.866012 0.500023 0.000000
vn 0.866012 0.500023 -0.000000
vn 0.840023 0.542551 -0.000000
vn 0.811926 0.583760 -0.000000
vn 0.840023 0.542551 0.000000
vn 0.811926 0.583760 -0.000000
vn 0.781859 0.623455 -0.000000
vn 0.781859 0.623455 0.000000
vn 0.749795 0.661670 -0.000000
vn 0.715866 0.698238 -0.000000
vn 0.749795 0.661670 0.000000
vn 0.680169 0.733055 -0.000000
vn 0.715866 0.698238 -0.000000
vn 0.680169 0.733055 -0.000000
vn 0.642781 0.766050 -0.000000
vn 0.642781 0.766050 0.000000
vn 0.603832 0.797112 -0.000000
vn 0.603832 0.797112 0.000000
vn 0.563314 0.826243 -0.000000
vn 0.521445 0.853285 -0.000000
vn 0.563314 0.826243 0.000000
vn 0.521445 0.853285 -0.000000
vn 0.478277 0.878209 -0.000000
vn 0.478277 0.878209 0.000000
vn 0.433797 0.901011 -0.000000
vn 0.433797 0.901011 0.000000
vn 0.388402 0.921490 -0.000000
vn 0.342038 0.939686 -0.000000
vn 0.388402 0.921490 0.000000
vn 0.342038 0.939686 -0.000000
vn 0.294774 0.955567 0.000000
vn 0.294774 0.955567 -0.000000
vn 0.246767 0.969075 0.000000
vn 0.246767 0.969075 -0.000000
vn 0.198187 0.980164 0.000000
vn 0.198187 0.980164 -0.000000
vn 0.148957 0.988844 -0.000000
vn 0.148957 0.988844 0.000000
vn 0.099649 0.995023 -0.000000
vn 0.099649 0.995023 0.000000
vn 0.049822 0.998758 -0.000000
vn 0.049822 0.998758 0.000000
vn 0.000000 1.000000 -0.000000
vn 0.000000 1.000000 0.000000
vn -0.049822 0.998758 0.000000
vn -0.049822 0.998758 0.000000
vn -0.099649 0.995023 0.000000
vn -0.099649 0.995023 0.000000
vn -0.148957 0.988844 0.000000
vn -0.148957 0.988844 0.000000
vn -0.198187 0.980164 0.000000
vn -0.198187 0.980164 0.000000
vn -0.246767 0.969075 0.000000
vn -0.246767 0.969075 0.000000
vn -0.294774 0.955567 0.000000
vn -0.294774 0.955567 0.000000
vn -0.342038 0.939686 0.000000
vn -0.342038 0.939686 0.000000
vn -0.388402 0.921490 0.000000
vn -0.388402 0.921490 0.000000
vn -0.433797 0.901011 0.000000
vn -0.433797 0.901011 0.000000
vn -0.478277 0.878209 0.000000
vn -0.478277 0.878209 0.000000
vn -0.521445 0.853285 0.000000
vn -0.521445 0.853285 0.000000
vn -0.563314 0.826243 0.000000
vn -0.563314 0.826243 0.000000
vn -0.603832 0.797112 0.000000
vn -0.603832 0.797112 0.000000
vn -0.642781 0.766050 0.000000
vn -0.642781 0.766050 0.000000
vn -0.680169 0.733055 0.000000
vn -0.680169 0.733055 0.000000
vn -0.715866 0.698238 0.000000
vn -0.715866 0.698238 0.000000
vn -0.749795 0.661670 0.000000
vn -0.749795 0.661670 0.000000
vn -0.781859 0.623455 0.000000
vn -0.781859 0.623455 0.000000
vn -0.811926 0.583760 0.000000
vn -0.811926 0.583760 0.000000
vn -0.840023 0.542551 0.000000
vn -0.840023 0.542551 0.000000
vn -0.866012 0.500023 0.000000
vn -0.866012 0.500023 0.000000
vn -0.889852 0.456250 0.000000
vn -0.889852 0.456250 0.000000
vn -0.911516 0.411265 0.000000
vn -0.911516 0.411265 0.000000
vn -0.930888 0.365304 0.000000
vn -0.930888 0.365304 0.000000
vn -0.947922 0.318504 0.000000
vn -0.947922 0.318504 0.000000
vn -0.962611 0.270887 0.000000
vn -0.962611 0.270887 0.000000
vn -0.974953 0.222409 0.000000
vn -0.974953 0.222409 0.000000
vn -0.984798 0.173702 0.000000
vn -0.984798 0.173702 0.000000
vn -0.992236 0.124366 0.000000
vn -0.992236 0.124366 0.000000
vn -0.997208 0.074674 0.000000
vn -0.997208 0.074674 0.000000
vn -0.999688 0.024971 0.000000
vn -0.999688 0.024971 0.000000
vn -0.917793 -0.397058 0.000000
vn -0.917793 -0.397058 0.000000
vn 0.899814 -0.436273 0.000000
vn 0.899814 -0.436273 0.000000
vn 0.274729 0.961522 0.000000
vn 0.274729 0.961522 -0.000000
vn -0.768220 0.640186 0.000000
vn -0.768220 0.640186 0.000000
vn 0.220259 0.975441 0.000000
vn 0.220259 0.975441 -0.000000
vn 0.863013 0.505181 0.000000
vn 0.863013 0.505181 -0.000000
vn -0.047577 0.998868 0.000000
vn -0.047577 0.998868 0.000000
vn -1.000000 0.000000 0.000000
vn -1.000000 0.000000 0.000000
vn 0.166653 -0.986016 0.000000
vn 0.166653 -0.986016 0.000000
vn 0.793150 -0.609026 0.000000
vn 0.793150 -0.609026 0.000000
vn 0.316229 0.948683 0.000000
vn 0.316229 0.948683 -0.000000
vn -0.993884 0.110431 0.000000
vn -0.993884 0.110431 0.000000
vn 0.045398 -0.998969 0.000000
vn 0.045398 -0.998969 0.000000
vn 0.806406 -0.591362 0.000000
vn 0.806406 -0.591362 0.000000
vn -0.998688 0.051210 0.000000
vn -0.998688 0.051210 0.000000
vn 0.514492 -0.857495 0.000000
vn 0.514492 -0.857495 0.000000
vn 0.998308 -0.058150 0.000000
vn 0.998308 -0.058150 0.000000
vn 0.000000 1.000000 0.000000
vn 0.000000 1.000000 -0.000000
vn -0.814421 0.580275 0.000000
vn -0.814421 0.580275 0.000000
vn 0.983870 -0.178883 0.000000
vn 0.983870 -0.178883 0.000000
vn 0.045418 0.998968 0.000000
vn 0.045418 0.998968 -0.000000
vn 0.983869 -0.178889 0.000000
vn 0.983869 -0.178889 0.000000
vn 0.629197 0.777246 -0.000000
vn 0.629197 0.777246 0.000000
vn 0.872943 -0.487822 0.000000
vn 0.872943 -0.487822 0.000000
vn -0.051216 -0.998688 0.000000
vn -0.051216 -0.998688 0.000000
vn -0.761245 0.648465 0.000000
vn -0.761245 0.648465 0.000000
vn 0.000000 -1.000000 0.000000
vn 0.000000 -1.000000 0.000000
vn 0.998053 -0.062375 0.000000
vn 0.998053 -0.062375 0.000000
vn 0.407941 0.913008 -0.000000
vn 0.407941 0.913008 0.000000
vn -0.463254 0.886225 0.000000
vn -0.463254 0.886225 0.000000
vn -0.922195 0.386726 0.000000
vn -0.922195 0.386726 0.000000
vn -0.912268 -0.409595 0.000000
vn -0.912268 -0.409595 0.000000
vn -0.150440 -0.988619 0.000000
vn -0.150440 -0.988619 0.000000
vn -0.066520 0.997785 0.000000
vn -0.066520 0.997785 0.000000
vn -1.000000 0.000000 0.000000
vn -1.000000 -0.000000 0.000000
vn -0.046927 -0.998898 0.000000
vn -0.046927 -0.998898 0.000000
vn 0.957827 -0.287345 0.000000
vn 0.957827 -0.287345 0.000000
vn 0.120327 0.992734 -0.000000
vn 0.120327 0.992734 0.000000
vn 1.000000 0.000000 0.000000
vn 1.000000 -0.000000 0.000000
vn -0.182083 0.983283 0.000000
vn -0.182083 0.983283 0.000000
vn -0.998846 0.048020 0.000000
vn -0.998846 0.048020 0.000000
vn -0.944708 -0.327913 0.000000
vn -0.944708 -0.327913 0.000000
vn 0.837759 -0.546041 0.000000
vn 0.837759 -0.546041 0.000000
vn 0.233375 0.972387 0.000000
vn 0.233375 0.972387 -0.000000
vn -0.762512 0.646974 0.000000
vn -0.762512 0.646974 0.000000
vn 0.146550 0.989203 0.000000
vn 0.146550 0.989203 -0.000000
vn 0.924680 0.380744 0.000000
vn 0.924680 0.380744 -0.000000
vn 0.000000 1.000000 0.000000
vn 0.000000 1.000000 -0.000000
vn -0.371404 0.928471 0.000000
vn -0.371404 0.928471 0.000000
vn 0.324323 -0.945947 0.000000
vn 0.324323 -0.945947 0.000000
vn 0.947395 -0.320067 0.000000
vn 0.947395 -0.320067 0.000000
vn 0.435809 0.900039 -0.000000
vn 0.435809 0.900039 0.000000
vn -1.000000 0.000000 0.000000
vn -1.000000 -0.000000 0.000000
vn -1.000000 0.000000 0.000000
vn -1.000000 0.000000 0.000000
vn 0.166647 -0.986017 0.000000
vn 0.166647 -0.986017 0.000000
vn 0.793150 -0.609026 0.000000
vn 0.793150 -0.609026 0.000000
vn 0.316232 0.948682 0.000000
vn 0.316232 0.948682 -0.000000
vn -0.985072 -0.172144 0.000000
vn -0.985072 -0.172144 0.000000
vn 0.000000 1.000000 0.000000
vn 0.000000 1.000000 -0.000000
vn -0.961524 -0.274721 0.000000
vn -0.961524 -0.274721 0.000000
vn 0.061948 -0.998079 0.000000
vn 0.061948 -0.998079 0.000000
vn 0.752574 0.658508 0.000000
vn 0.752574 0.658508 -0.000000
vn 0.391556 0.920154 0.000000
vn 0.391556 0.920154 -0.000000
vn 0.972387 0.233376 0.000000
vn 0.972387 0.233376 -0.000000
vn -0.181162 0.983453 0.000000
vn -0.181162 0.983453 0.000000
vn 0.463257 -0.886224 0.000000
vn 0.463257 -0.886224 0.000000
vn 0.989949 -0.141426 0.000000
vn 0.989949 -0.141426 0.000000
vn 0.538394 -0.842693 0.000000
vn 0.538394 -0.842693 0.000000
vn -0.707107 -0.707107 0.000000
vn -0.707107 -0.707107 0.000000
vn -0.996463 0.084038 0.000000
vn -0.996463 0.084038 0.000000
vn 0.141431 -0.989948 0.000000
vn 0.141431 -0.989948 0.000000
vn 0.999115 -0.042066 0.000000
vn 0.999115 -0.042066 0.000000
vn 0.870978 0.491321 -0.000000
vn 0.870978 0.491321 0.000000
vn -0.037707 0.999289 0.000000
vn -0.037707 0.999289 0.000000
vn -0.759259 0.650788 0.000000
vn -0.759259 0.650788 0.000000
vn -0.976187 0.216930 0.000000
vn -0.976187 0.216930 0.000000
vn -0.999688 -0.024971 0.000000
vn -0.999688 -0.024971 0.000000
vn -0.997208 -0.074674 0.000000
vn -0.997208 -0.074674 0.000000
vn -0.992236 -0.124366 0.000000
vn -0.992236 -0.124366 0.000000
vn -0.984798 -0.173702 0.000000
vn -0.984798 -0.173702 0.000000
vn -0.974953 -0.222409 0.000000
vn -0.974953 -0.222409 0.000000
vn -0.962611 -0.270887 0.000000
vn -0.962611 -0.270887 0.000000
vn -0.947922 -0.318504 0.000000
vn -0.947922 -0.318504 0.000000
vn -0.930888 -0.365304 0.000000
vn -0.930888 -0.365304 0.000000
vn -0.911516 -0.411265 0.000000
vn -0.911516 -0.411265 0.000000
vn -0.889852 -0.456250 0.000000
vn -0.889852 -0.456250 0.000000
vn -0.866012 -0.500023 0.000000
vn -0.866012 -0.500023 0.000000
vn -0.840023 -0.542551 0.000000
vn -0.840023 -0.542551 0.000000
vn -0.811926 -0.583760 0.000000
vn -0.811926 -0.583760 0.000000
vn -0.781859 -0.623455 0.000000
vn -0.781859 -0.623455 0.000000
vn -0.749795 -0.661670 0.000000
vn -0.749795 -0.661670 0.000000
vn -0.715866 -0.698238 0.000000
vn -0.715866 -0.698238 0.000000
vn -0.680169 -0.733055 0.000000
vn -0.680169 -0.733055 0.000000
vn -0.642781 -0.766050 0.000000
vn -0.642781 -0.766050 0.000000
vn -0.603832 -0.797112 0.000000
vn -0.603832 -0.797112 0.000000
vn -0.563314 -0.826243 0.000000
vn -0.563314 -0.826243 0.000000
vn -0.521445 -0.853285 0.000000
vn -0.521445 -0.853285 0.000000
vn -0.478277 -0.878209 0.000000
vn -0.478277 -0.878209 0.000000
vn -0.433797 -0.901011 0.000000
vn -0.433797 -0.901011 0.000000
vn -0.388402 -0.921490 0.000000
vn -0.388402 -0.921490 0.000000
vn -0.342038 -0.939686 0.000000
vn -0.342038 -0.939686 0.000000
vn -0.294774 -0.955567 0.000000
vn -0.294774 -0.955567 0.000000
vn -0.246767 -0.969075 0.000000
vn -0.246767 -0.969075 0.000000
vn -0.198187 -0.980164 0.000000
vn -0.198187 -0.980164 0.000000
vn -0.148957 -0.988844 0.000000
vn -0.148957 -0.988844 0.000000
vn -0.099649 -0.995023 0.000000
vn -0.099649 -0.995023 0.000000
vn -0.049822 -0.998758 0.000000
vn -0.049822 -0.998758 0.000000
vn 0.000000 -1.000000 0.000000
vn 0.000000 -1.000000 0.000000
vn 0.049822 -0.998758 0.000000
vn 0.049822 -0.998758 0.000000
vn 0.099649 -0.995023 0.000000
vn 0.099649 -0.995023 0.000000
vn 0.148957 -0.988844 0.000000
vn 0.148957 -0.988844 0.000000
vn 0.198187 -0.980164 0.000000
vn 0.198187 -0.980164 0.000000
vn 0.246767 -0.969075 0.000000
vn 0.246767 -0.969075 0.000000
vn 0.294774 -0.955567 0.000000
vn 0.294774 -0.955567 0.000000
vn 0.342038 -0.939686 0.000000
vn 0.342038 -0.939686 0.000000
vn 0.388402 -0.921490 0.000000
vn 0.388402 -0.921490 0.000000
vn 0.433797 -0.901011 0.000000
vn 0.433797 -0.901011 0.000000
vn 0.478277 -0.878209 0.000000
vn 0.478277 -0.878209 0.000000
vn 0.521445 -0.853285 0.000000
vn 0.521445 -0.853285 0.000000
vn 0.563314 -0.826243 0.000000
vn 0.563314 -0.826243 0.000000
vn 0.603832 -0.797112 0.000000
vn 0.603832 -0.797112 0.000000
vn 0.642781 -0.766050 0.000000
vn 0.642781 -0.766050 0.000000
vn 0.680169 -0.733055 0.000000
vn 0.680169 -0.733055 0.000000
vn 0.715866 -0.698238 0.000000
vn 0.715866 -0.698238 0.000000
vn 0.749795 -0.661670 0.000000
vn 0.749795 -0.661670 0.000000
vn 0.781859 -0.623455 0.000000
vn 0.781859 -0.623455 0.000000
vn 0.811926 -0.583760 0.000000
vn 0.811926 -0.583760 0.000000
vn 0.840023 -0.542551 0.000000
vn 0.840023 -0.542551 0.000000
vn 0.866012 -0.500023 0.000000
vn 0.866012 -0.500023 0.000000
vn 0.889852 -0.456250 0.000000
vn 0.889852 -0.456250 0.000000
vn 0.911516 -0.411265 0.000000
vn 0.911516 -0.411265 0.000000
vn 0.930888 -0.365304 0.000000
vn 0.930888 -0.365304 0.000000
vn 0.947922 -0.318504 0.000000
vn 0.947922 -0.318504 0.000000
vn 0.962611 -0.270887 0.000000
vn 0.962611 -0.270887 0.000000
vn 0.974953 -0.222409 0.000000
vn 0.974953 -0.222409 0.000000
vn 0.984798 -0.173702 0.000000
vn 0.984798 -0.173702 0.000000
vn 0.992236 -0.124366 0.000000
vn 0.992236 -0.124366 0.000000
vn 0.997208 -0.074674 0.000000
vn 0.997208 -0.074674 0.000000
vn 0.999688 -0.024971 0.000000
vn 0.999688 -0.024971 0.000000
vn 0.999688 0.024971 0.000000
vn 0.999688 0.024971 -0.000000
vn 0.997208 0.074674 0.000000
vn 0.997208 0.074674 -0.000000
vn 0.992236 0.124366 0.000000
vn 0.992236 0.124366 -0.000000
vn 0.984798 0.173702 0.000000
vn 0.984798 0.173702 -0.000000
vn 0.974953 0.222409 0.000000
vn 0.974953 0.222409 -0.000000
vn 0.962611 0.270887 0.000000
vn 0.962611 0.270887 -0.000000
vn 0.947922 0.318504 0.000000
vn 0.947922 0.318504 -0.000000
vn 0.930888 0.365304 0.000000
vn 0.930888 0.365304 -0.000000
vn 0.911516 0.411265 0.000000
vn 0.911516 0.411265 -0.000000
vn 0.889852 0.456250 -0.000000
vn 0.889852 0.456250 -0.000000
vn 0.866012 0.500023 0.000000
vn 0.866012 0.500023 -0.000000
vn 0.840023 0.542551 -0.000000
vn 0.811926 0.583760 -0.000000
vn 0.840023 0.542551 0.000000
vn 0.811926 0.583760 -0.000000
vn 0.781859 0.623455 -0.000000
vn 0.781859 0.623455 0.000000
vn 0.749795 0.661670 -0.000000
vn 0.715866 0.698238 -0.000000
vn 0.749795 0.661670 0.000000
vn 0.680169 0.733055 -0.000000
vn 0.715866 0.698238 -0.000000
vn 0.680169 0.733055 -0.000000
vn 0.642781 0.766050 -0.000000
vn 0.642781 0.766050 0.000000
vn 0.603832 0.797112 -0.000000
vn 0.603832 0.797112 0.000000
vn 0.563314 0.826243 -0.000000
vn 0.521445 0.853285 -0.000000
vn 0.563314 0.826243 0.000000
vn 0.521445 0.853285 -0.000000
vn 0.478277 0.878209 -0.000000
vn 0.478277 0.878209 0.000000
vn 0.433797 0.901011 -0.000000
vn 0.433797 0.901011 0.000000
vn 0.388402 0.921490 -0.000000
vn 0.342038 0.939686 -0.000000
vn 0.388402 0.921490 0.000000
vn 0.342038 0.939686 -0.000000
vn 0.294774 0.955567 0.000000
vn 0.294774 0.955567 -0.000000
vn 0.246767 0.969075 0.000000
vn 0.246767 0.969075 -0.000000
vn 0.198187 0.980164 0.000000
vn 0.198187 0.980164 -0.000000
vn 0.148957 0.988844 -0.000000
vn 0.148957 0.988844 0.000000
vn 0.099649 0.995023 -0.000000
vn 0.099649 0.995023 0.000000
vn 0.049822 0.998758 -0.000000
vn 0.049822 0.998758 0.000000
vn 0.000000 1.000000 -0.000000
vn 0.000000 1.000000 0.000000
vn -0.049822 0.998758 0.000000
vn -0.049822 0.998758 0.000000
vn -0.099649 0.995023 0.000000
vn -0.099649 0.995023 0.000000
vn -0.148957 0.988844 0.000000
vn -0.148957 0.988844 0.000000
vn -0.198187 0.980164 0.000000
vn -0.198187 0.980164 0.000000
vn -0.246767 0.969075 0.000000
vn -0.246767 0.969075 0.000000
vn -0.294774 0.955567 0.000000
vn -0.294774 0.955567 0.000000
vn -0.342038 0.939686 0.000000
vn -0.342038 0.939686 0.000000
vn -0.388402 0.921490 0.000000
vn -0.388402 0.921490 0.000000
vn -0.433797 0.901011 0.000000
vn -0.433797 0.901011 0.000000
vn -0.478277 0.878209 0.000000
vn -0.478277 0.878209 0.000000
vn -0.521445 0.853285 0.000000
vn -0.521445 0.853285 0.000000
vn -0.563314 0.826243 0.000000
vn -0.563314 0.826243 0.000000
vn -0.603832 0.797112 0.000000
vn -0.603832 0.797112 0.000000
vn -0.642781 0.766050 0.000000
vn -0.642781 0.766050 0.000000
vn -0.680169 0.733055 0.000000
vn -0.680169 0.733055 0.000000
vn -0.715866 0.698238 0.000000
vn -0.715866 0.698238 0.000000
vn -0.749795 0.661670 0.000000
vn -0.749795 0.661670 0.000000
vn -0.781859 0.623455 0.000000
vn -0.781859 0.623455 0.000000
vn -0.811926 0.583760 0.000000
vn -0.811926 0.583760 0.000000
vn -0.840023 0.542551 0.000000
vn -0.840023 0.542551 0.000000
vn -0.866012 0.500023 0.000000
vn -0.866012 0.500023 0.000000
vn -0.889852 0.456250 0.000000
vn -0.889852 0.456250 0.000000
vn -0.911516 0.411265 0.000000
vn -0.911516 0.411265 0.000000
vn -0.930888 0.365304 0.000000
vn -0.930888 0.365304 0.000000
vn -0.947922 0.318504 0.000000
vn -0.947922 0.318504 0.000000
vn -0.962611 0.270887 0.000000
vn -0.962611 0.270887 0.000000
vn -0.974953 0.222409 0.000000
vn -0.974953 0.222409 0.000000
vn -0.984798 0.173702 0.000000
vn -0.984798 0.173702 0.000000
vn -0.992236 0.124366 0.000000
vn -0.992236 0.124366 0.000000
vn -0.997208 0.074674 0.000000
vn -0.997208 0.074674 0.000000
vn -0.999688 0.024971 0.000000
vn -0.999688 0.024971 0.000000
vn -0.070952 -0.997480 0.000000
vn -0.070952 -0.997480 0.000000
vn 0.996938 -0.078193 0.000000
vn 0.996938 -0.078193 0.000000
vn 0.020655 0.999787 -0.000000
vn 0.020655 0.999787 0.000000
vn 0.997616 0.069004 -0.000000
vn 0.997616 0.069004 0.000000
vn -0.278812 0.960346 0.000000
vn -0.278812 0.960346 0.000000
vn -0.994618 -0.103605 0.000000
vn -0.994618 -0.103605 0.000000
vn 0.047008 0.998895 -0.000000
vn 0.047008 0.998895 0.000000
vn -0.996730 0.080803 0.000000
vn -0.996730 0.080803 0.000000
vn 0.046454 -0.998920 0.000000
vn 0.046454 -0.998920 0.000000
vn 1.000000 0.000000 0.000000
vn 1.000000 -0.000000 0.000000
vn 0.000000 -1.000000 0.000000
vn 0.000000 -1.000000 0.000000
vn -0.996327 -0.085626 0.000000
vn -0.996327 -0.085626 0.000000
vn 0.000000 -1.000000 0.000000
vn 0.000000 -1.000000 0.000000
vn 0.997458 0.071250 -0.000000
vn 0.997458 0.071250 0.000000
vn 0.596327 0.802741 -0.000000
vn 0.596327 0.802741 0.000000
vn -0.655683 0.755036 0.000000
vn -0.655683 0.755036 0.000000
vn -1.000000 0.000000 0.000000
vn -1.000000 -0.000000 0.000000
vn -0.993884 0.110431 0.000000
vn -0.993884 0.110431 0.000000
vn 0.045398 -0.998969 0.000000
vn 0.045398 -0.998969 0.000000
vn 0.806406 -0.591362 0.000000
vn 0.806406 -0.591362 0.000000
vn -0.998688 0.051210 0.000000
vn -0.998688 0.051210 0.000000
vn 0.514501 -0.857490 0.000000
vn 0.514501 -0.857490 0.000000
vn 0.998308 -0.058151 0.000000
vn 0.998308 -0.058151 0.000000
vn 0.000000 1.000000 0.000000
vn 0.000000 1.000000 -0.000000
vn -0.814421 0.580275 0.000000
vn -0.814421 0.580275 0.000000
vn 0.983870 -0.178883 0.000000
vn 0.983870 -0.178883 0.000000
vn 0.045418 0.998968 0.000000
vn 0.045418 0.998968 -0.000000
vn -0.538389 0.842697 0.000000
vn -0.538389 0.842697 0.000000
vn -0.980031 0.198845 0.000000
vn -0.980031 0.198845 0.000000
vn -0.517119 -0.855914 0.000000
vn -0.517119 -0.855914 0.000000
vn 0.554700 -0.832050 0.000000
vn 0.554700 -0.832050 0.000000
vn 0.975609 -0.219513 0.000000
vn 0.975609 -0.219513 0.000000
vn 0.226131 0.974097 0.000000
vn 0.226131 0.974097 -0.000000
vn -0.371375 0.928483 0.000000
vn -0.371375 0.928483 0.000000
vn 0.983869 -0.178889 0.000000
vn 0.983869 -0.178889 0.000000
vn 0.629197 0.777246 -0.000000
vn 0.629197 0.777246 0.000000
vn 0.872946 -0.487817 0.000000
vn 0.872946 -0.487817 0.000000
vn -0.051216 -0.998688 0.000000
vn -0.051216 -0.998688 0.000000
vn -0.761250 0.648459 0.000000
vn -0.761250 0.648459 0.000000
vn 0.000000 -1.000000 0.000000
vn 0.000000 -1.000000 0.000000
vn 0.998053 -0.062375 0.000000
vn 0.998053 -0.062375 0.000000
vn 0.407941 0.913008 -0.000000
vn 0.407941 0.913008 0.000000
vn -0.463254 0.886225 0.000000
vn -0.463254 0.886225 0.000000
vn -0.922195 0.386726 0.000000
vn -0.922195 0.386726 0.000000
vn -0.912268 -0.409595 0.000000
vn -0.912268 -0.409595 0.000000
vn -0.150440 -0.988619 0.000000
vn -0.150440 -0.988619 0.000000
vn 0.281476 -0.959568 0.000000
vn 0.281476 -0.959568 0.000000
vn 0.916898 -0.399122 0.000000
vn 0.916898 -0.399122 0.000000
vn 0.919143 0.393925 -0.000000
vn 0.919143 0.393925 0.000000
vn 0.686224 0.727391 -0.000000
vn 0.686224 0.727391 0.000000
vn -0.149804 0.988716 0.000000
vn -0.149804 0.988716 0.000000
vn -0.899608 0.436699 0.000000
vn -0.899608 0.436699 0.000000
vn -0.929628 -0.368498 0.000000
vn -0.929628 -0.368498 0.000000
vn -0.419057 -0.907960 0.000000
vn -0.419057 -0.907960 0.000000
vn -0.246682 -0.969097 0.000000
vn -0.246682 -0.969097 0.000000
vn 0.954293 -0.298871 0.000000
vn 0.954293 -0.298871 0.000000
vn -0.950429 -0.310941 0.000000
vn -0.950429 -0.310941 0.000000
vn 0.000000 -1.000000 0.000000
vn 0.000000 -1.000000 0.000000
vn 0.954070 0.299584 -0.000000
vn 0.954070 0.299584 0.000000
vn 0.000000 1.000000 -0.000000
vn 0.000000 1.000000 0.000000
vn -0.941842 0.336056 0.000000
vn -0.941842 0.336056 0.000000
vn -0.934056 0.357126 0.000000
vn -0.934056 0.357126 0.000000
vn 0.040780 -0.999168 0.000000
vn 0.040780 -0.999168 0.000000
vn 1.000000 0.000000 0.000000
vn 1.000000 -0.000000 0.000000
vn -0.047190 0.998886 0.000000
vn -0.047190 0.998886 0.000000
vn 0.995351 0.096311 -0.000000
vn 0.995351 0.096311 0.000000
vn 0.278061 -0.960563 0.000000
vn 0.278061 -0.960563 0.000000
vn 1.000000 0.000000 0.000000
vn 1.000000 -0.000000 0.000000
vn 0.531290 0.847190 -0.000000
vn 0.531290 0.847190 0.000000
vn -0.917854 0.396919 0.000000
vn -0.917854 0.396919 0.000000
vn -0.483315 -0.875446 0.000000
vn -0.483315 -0.875446 0.000000
vn -0.890435 0.455110 0.000000
vn -0.890435 0.455110 0.000000
vn 0.116844 0.993150 -0.000000
vn 0.116844 0.993150 0.000000
vn -1.000000 0.000000 0.000000
vn -1.000000 -0.000000 0.000000
vn 0.474095 -0.880474 0.000000
vn 0.474095 -0.880474 0.000000
vn 0.925754 -0.378128 0.000000
vn 0.925754 -0.378128 0.000000
vn -0.809217 -0.587510 0.000000
vn -0.809217 -0.587510 0.000000
vn 0.250971 -0.967995 0.000000
vn 0.250971 -0.967995 0.000000
vn 0.812131 0.583475 -0.000000
vn 0.812131 0.583475 0.000000
vn -0.361001 0.932566 0.000000
vn -0.361001 0.932566 0.000000
vn -0.986651 0.162846 0.000000
vn -0.986651 0.162846 0.000000
vn -1.000000 0.000000 0.000000
vn -1.000000 0.000000 0.000000
vn 0.166653 -0.986016 0.000000
vn 0.166653 -0.986016 0.000000
vn 0.793150 -0.609026 0.000000
vn 0.793150 -0.609026 0.000000
vn 0.316229 0.948683 0.000000
vn 0.316229 0.948683 -0.000000
vn -0.993884 0.110431 0.000000
vn -0.993884 0.110431 0.000000
vn 0.045398 -0.998969 0.000000
vn 0.045398 -0.998969 0.000000
vn 0.806406 -0.591362 0.000000
vn 0.806406 -0.591362 0.000000
vn -0.998688 0.051210 0.000000
vn -0.998688 0.051210 0.000000
vn 0.514492 -0.857495 0.000000
vn 0.514492 -0.857495 0.000000
vn 0.998308 -0.058150 0.000000
vn 0.998308 -0.058150 0.000000
vn 0.000000 1.000000 0.000000
vn 0.000000 1.000000 -0.000000
vn -0.814421 0.580275 0.000000
vn -0.814421 0.580275 0.000000
vn 0.983870 -0.178883 0.000000
vn 0.983870 -0.178883 0.000000
vn 0.045418 0.998968 0.000000
vn 0.045418 0.998968 -0.000000
vn -0.872939 -0.487829 0.000000
vn -0.872939 -0.487829 0.000000
vn 0.620404 -0.784282 0.000000
vn 0.620404 -0.784282 0.000000
vn -0.777244 -0.629199 0.000000
vn -0.777244 -0.629199 0.000000
vn 0.000000 -1.000000 0.000000
vn 0.000000 -1.000000 0.000000
vn 0.804574 0.593853 -0.000000
vn 0.804574 0.593853 0.000000
vn 0.846041 -0.533118 0.000000
vn 0.846041 -0.533118 0.000000
vn -0.343190 0.939266 0.000000
vn -0.343190 0.939266 0.000000
vn -0.547661 0.836700 0.000000
vn -0.547661 0.836700 0.000000
vn 0.612822 0.790221 -0.000000
vn 0.612822 0.790221 0.000000
vn -0.472220 0.881481 0.000000
vn -0.472220 0.881481 0.000000
vn -0.720571 -0.693381 0.000000
vn -0.720571 -0.693381 0.000000
vn -0.503872 0.863779 0.000000
vn -0.503872 0.863779 0.000000
vn 0.983869 -0.178889 0.000000
vn 0.983869 -0.178889 0.000000
vn 0.629197 0.777246 -0.000000
vn 0.629197 0.777246 0.000000
vn 0.872943 -0.487822 0.000000
vn 0.872943 -0.487822 0.000000
vn -0.051216 -0.998688 0.000000
vn -0.051216 -0.998688 0.000000
vn -0.761245 0.648465 0.000000
vn -0.761245 0.648465 0.000000
vn 0.000000 -1.000000 0.000000
vn 0.000000 -1.000000 0.000000
vn 0.998053 -0.062375 0.000000
vn 0.998053 -0.062375 0.000000
vn 0.407941 0.913008 -0.000000
vn 0.407941 0.913008 0.000000
vn -0.463254 0.886225 0.000000
vn -0.463254 0.886225 0.000000
vn -0.922195 0.386726 0.000000
vn -0.922195 0.386726 0.000000
vn -0.912268 -0.409595 0.000000
vn -0.912268 -0.409595 0.000000
vn -0.150440 -0.988619 0.000000
vn -0.150440 -0.988619 0.000000
vn -1.000000 0.000000 0.000000
vn -1.000000 0.000000 0.000000
vn 0.111303 -0.993787 0.000000
vn 0.111303 -0.993787 0.000000
vn 0.832053 -0.554697 0.000000
vn 0.832053 -0.554697 0.000000
vn 0.341739 0.939795 0.000000
vn 0.341739 0.939795 -0.000000
vn 0.285480 0.958385 0.000000
vn 0.285480 0.958385 -0.000000
vn 0.526764 -0.850012 0.000000
vn 0.526764 -0.850012 0.000000
vn 0.235602 0.971850 0.000000
vn 0.235602 0.971850 -0.000000
vn -0.484317 0.874893 0.000000
vn -0.484317 0.874893 0.000000
vn 0.951037 0.309077 0.000000
vn 0.951037 0.309077 -0.000000
vn -0.231618 0.972807 0.000000
vn -0.231618 0.972807 0.000000
vn 1.000000 0.000000 0.000000
vn 1.000000 -0.000000 0.000000
vn -0.000000 -1.000000 0.000000
vn 0.000000 -1.000000 0.000000
vn 0.000000 1.000000 0.000000
vn 0.000000 1.000000 0.000000
vn -1.000000 0.000000 0.000000
vn -1.000000 0.000000 0.000000
vn 1.000000 0.000000 0.000000
vn 1.000000 -0.000000 0.000000
vn 0.000000 -1.000000 0.000000
vn 0.000000 -1.000000 0.000000
vn 0.000000 1.000000 0.000000
vn 0.000000 1.000000 0.000000
vn -1.000000 0.000000 0.000000
vn -1.000000 0.000000 0.000000
vn -0.999690 -0.024911 0.000000
vn -0.999690 -0.024911 0.000000
vn -0.997204 -0.074731 0.000000
vn -0.997204 -0.074731 0.000000
vn -0.992236 -0.124366 0.000000
vn -0.992236 -0.124366 0.000000
vn -0.984811 -0.173632 0.000000
vn -0.984811 -0.173632 0.000000
vn -0.974921 -0.222552 0.000000
vn -0.974921 -0.222552 0.000000
vn -0.962627 -0.270831 0.000000
vn -0.962627 -0.270831 0.000000
vn -0.947922 -0.318504 0.000000
vn -0.947922 -0.318504 0.000000
vn -0.930876 -0.365336 0.000000
vn -0.930876 -0.365336 0.000000
vn -0.911505 -0.411288 0.000000
vn -0.911505 -0.411288 0.000000
vn -0.889889 -0.456176 0.000000
vn -0.889889 -0.456176 0.000000
vn -0.866012 -0.500023 0.000000
vn -0.866012 -0.500023 0.000000
vn -0.840041 -0.542523 0.000000
vn -0.840041 -0.542523 0.000000
vn -0.811926 -0.583760 0.000000
vn -0.811926 -0.583760 0.000000
vn -0.781829 -0.623493 0.000000
vn -0.781829 -0.623493 0.000000
vn -0.749772 -0.661697 0.000000
vn -0.749772 -0.661697 0.000000
vn -0.715866 -0.698238 0.000000
vn -0.715866 -0.698238 0.000000
vn -0.680172 -0.733053 0.000000
vn -0.680172 -0.733053 0.000000
vn -0.642817 -0.766019 0.000000
vn -0.642817 -0.766019 0.000000
vn -0.603793 -0.797141 0.000000
vn -0.603793 -0.797141 0.000000
vn -0.563343 -0.826223 0.000000
vn -0.563343 -0.826223 0.000000
vn -0.521401 -0.853312 0.000000
vn -0.521401 -0.853312 0.000000
vn -0.478252 -0.878223 0.000000
vn -0.478252 -0.878223 0.000000
vn -0.433895 -0.900964 0.000000
vn -0.433895 -0.900964 0.000000
vn -0.388454 -0.921468 0.000000
vn -0.388454 -0.921468 0.000000
vn -0.342018 -0.939693 0.000000
vn -0.342018 -0.939693 0.000000
vn -0.294757 -0.955572 0.000000
vn -0.294757 -0.955572 0.000000
vn -0.246724 -0.969086 0.000000
vn -0.246724 -0.969086 0.000000
vn -0.198175 -0.980167 0.000000
vn -0.198175 -0.980167 0.000000
vn -0.149035 -0.988832 0.000000
vn -0.149035 -0.988832 0.000000
vn -0.099583 -0.995029 0.000000
vn -0.099583 -0.995029 0.000000
vn -0.049819 -0.998758 0.000000
vn -0.049819 -0.998758 0.000000
vn 0.000000 -1.000000 0.000000
vn 0.000000 -1.000000 0.000000
vn 0.049819 -0.998758 0.000000
vn 0.049819 -0.998758 0.000000
vn 0.099583 -0.995029 0.000000
vn 0.099583 -0.995029 0.000000
vn 0.149035 -0.988832 0.000000
vn 0.149035 -0.988832 0.000000
vn 0.198175 -0.980167 0.000000
vn 0.198175 -0.980167 0.000000
vn 0.246724 -0.969086 0.000000
vn 0.246724 -0.969086 0.000000
vn 0.294757 -0.955572 0.000000
vn 0.294757 -0.955572 0.000000
vn 0.342018 -0.939693 0.000000
vn 0.342018 -0.939693 0.000000
vn 0.388454 -0.921468 0.000000
vn 0.388454 -0.921468 0.000000
vn 0.433895 -0.900964 0.000000
vn 0.433895 -0.900964 0.000000
vn 0.478252 -0.878223 0.000000
vn 0.478252 -0.878223 0.000000
vn 0.521401 -0.853312 0.000000
vn 0.521401 -0.853312 0.000000
vn 0.563343 -0.826223 0.000000
vn 0.563343 -0.826223 0.000000
vn 0.603793 -0.797141 0.000000
vn 0.603793 -0.797141 0.000000
vn 0.642817 -0.766019 0.000000
vn 0.642817 -0.766019 0.000000
vn 0.680172 -0.733053 0.000000
vn 0.680172 -0.733053 0.000000
vn 0.715866 -0.698238 0.000000
vn 0.715866 -0.698238 0.000000
vn 0.749772 -0.661697 0.000000
vn 0.749772 -0.661697 0.000000
vn 0.781829 -0.623493 0.000000
vn 0.781829 -0.623493 0.000000
vn 0.811926 -0.583760 0.000000
vn 0.811926 -0.583760 0.000000
vn 0.840041 -0.542523 0.000000
vn 0.840041 -0.542523 0.000000
vn 0.866012 -0.500023 0.000000
vn 0.866012 -0.500023 0.000000
vn 0.889889 -0.456176 0.000000
vn 0.889889 -0.456176 0.000000
vn 0.911505 -0.411288 0.000000
vn 0.911505 -0.411288 0.000000
vn 0.930876 -0.365336 0.000000
vn 0.930876 -0.365336 0.000000
vn 0.947922 -0.318504 0.000000
vn 0.947922 -0.318504 0.000000
vn 0.962627 -0.270831 0.000000
vn 0.962627 -0.270831 0.000000
vn 0.974921 -0.222552 0.000000
vn 0.974921 -0.222552 0.000000
vn 0.984811 -0.173632 0.000000
vn 0.984811 -0.173632 0.000000
vn 0.992236 -0.124366 0.000000
vn 0.992236 -0.124366 0.000000
vn 0.997204 -0.074731 0.000000
vn 0.997204 -0.074731 0.000000
vn 0.999690 -0.024911 0.000000
vn 0.999690 -0.024911 0.000000
vn 0.999690 0.024911 0.000000
vn 0.999690 0.024911 -0.000000
vn 0.997204 0.074731 0.000000
vn 0.997204 0.074731 -0.000000
vn 0.992236 0.124366 0.000000
vn 0.992236 0.124366 -0.000000
vn 0.984811 0.173632 0.000000
vn 0.984811 0.173632 -0.000000
vn 0.974921 0.222552 0.000000
vn 0.974921 0.222552 -0.000000
vn 0.962627 0.270831 0.000000
vn 0.962627 0.270831 -0.000000
vn 0.947922 0.318504 0.000000
vn 0.947922 0.318504 -0.000000
vn 0.930876 0.365336 0.000000
vn 0.930876 0.365336 -0.000000
vn 0.911505 0.411288 0.000000
vn 0.911505 0.411288 -0.000000
vn 0.889889 0.456176 -0.000000
vn 0.889889 0.456176 -0.000000
vn 0.866012 0.500023 0.000000
vn 0.866012 0.500023 -0.000000
vn 0.840041 0.542523 -0.000000
vn 0.811926 0.583760 -0.000000
vn 0.840041 0.542523 0.000000
vn 0.811926 0.583760 -0.000000
vn 0.781829 0.623493 -0.000000
vn 0.781829 0.623493 0.000000
vn 0.749772 0.661697 -0.000000
vn 0.715866 0.698238 -0.000000
vn 0.749772 0.661697 0.000000
vn 0.680172 0.733053 -0.000000
vn 0.715866 0.698238 -0.000000
vn 0.680172 0.733053 -0.000000
vn 0.642817 0.766019 -0.000000
vn 0.642817 0.766019 0.000000
vn 0.603793 0.797141 -0.000000
vn 0.603793 0.797141 0.000000
vn 0.563343 0.826223 -0.000000
vn 0.521401 0.853312 -0.000000
vn 0.563343 0.826223 0.000000
vn 0.521401 0.853312 -0.000000
vn 0.478252 0.878223 -0.000000
vn 0.478252 0.878223 0.000000
vn 0.433895 0.900964 -0.000000
vn 0.433895 0.900964 0.000000
vn 0.388454 0.921468 -0.000000
vn 0.342018 0.939693 -0.000000
vn 0.388454 0.921468 0.000000
vn 0.342018 0.939693 -0.000000
vn 0.294757 0.955572 0.000000
vn 0.294757 0.955572 -0.000000
vn 0.246724 0.969086 0.000000
vn 0.246724 0.969086 -0.000000
vn 0.198175 0.980167 0.000000
vn 0.198175 0.980167 -0.000000
vn 0.149035 0.988832 -0.000000
vn 0.149035 0.988832 0.000000
vn 0.099583 0.995029 -0.000000
vn 0.099583 0.995029 0.000000
vn 0.049819 0.998758 -0.000000
vn 0.049819 0.998758 0.000000
vn 0.000000 1.000000 -0.000000
vn 0.000000 1.000000 0.000000
vn -0.049819 0.998758 0.000000
vn -0.049819 0.998758 0.000000
vn -0.099583 0.995029 0.000000
vn -0.099583 0.995029 0.000000
vn -0.149035 0.988832 0.000000
vn -0.149035 0.988832 0.000000
vn -0.198175 0.980167 0.000000
vn -0.198175 0.980167 0.000000
vn -0.246724 0.969086 0.000000
vn -0.246724 0.969086 0.000000
vn -0.294757 0.955572 0.000000
vn -0.294757 0.955572 0.000000
vn -0.342018 0.939693 0.000000
vn -0.342018 0.939693 0.000000
vn -0.388454 0.921468 0.000000
vn -0.388454 0.921468 0.000000
vn -0.433895 0.900964 0.000000
vn -0.433895 0.900964 0.000000
vn -0.478252 0.878223 0.000000
vn -0.478252 0.878223 0.000000
vn -0.521401 0.853312 0.000000
vn -0.521401 0.853312 0.000000
vn -0.563343 0.826223 0.000000
vn -0.563343 0.826223 0.000000
vn -0.603793 0.797141 0.000000
vn -0.603793 0.797141 0.000000
vn -0.642817 0.766019 0.000000
vn -0.642817 0.766019 0.000000
vn -0.680172 0.733053 0.000000
vn -0.680172 0.733053 0.000000
vn -0.715866 0.698238 0.000000
vn -0.715866 0.698238 0.000000
vn -0.749772 0.661697 0.000000
vn -0.749772 0.661697 0.000000
vn -0.781829 0.623493 0.000000
vn -0.781829 0.623493 0.000000
vn -0.811926 0.583760 0.000000
vn -0.811926 0.583760 0.000000
vn -0.840041 0.542523 0.000000
vn -0.840041 0.542523 0.000000
vn -0.866012 0.500023 0.000000
vn -0.866012 0.500023 0.000000
vn -0.889889 0.456176 0.000000
vn -0.889889 0.456176 0.000000
vn -0.911505 0.411288 0.000000
vn -0.911505 0.411288 0.000000
vn -0.930876 0.365336 0.000000
vn -0.930876 0.365336 0.000000
vn -0.947922 0.318504 0.000000
vn -0.947922 0.318504 0.000000
vn -0.962627 0.270831 0.000000
vn -0.962627 0.270831 0.000000
vn -0.974921 0.222552 0.000000
vn -0.974921 0.222552 0.000000
vn -0.984811 0.173632 0.000000
vn -0.984811 0.173632 0.000000
vn -0.992236 0.124366 0.000000
vn -0.992236 0.124366 0.000000
vn -0.997204 0.074731 0.000000
vn -0.997204 0.074731 0.000000
vn -0.999690 0.024911 0.000000
vn -0.999690 0.024911 0.000000
vn 1.000000 0.000000 0.000000
vn 1.000000 -0.000000 0.000000
vn 0.000000 -1.000000 0.000000
vn 0.000000 -1.000000 0.000000
vn 0.000000 1.000000 0.000000
vn 0.000000 1.000000 0.000000
vn -1.000000 0.000000 0.000000
vn -1.000000 0.000000 0.000000
vn -1.000000 0.000000 0.000000
vn -1.000000 0.000000 0.000000
vn 0.166647 -0.986017 0.000000
vn 0.166647 -0.986017 0.000000
vn 0.793152 -0.609023 0.000000
vn 0.793152 -0.609023 0.000000
vn 0.316229 0.948683 0.000000
vn 0.316229 0.948683 -0.000000
vn -0.462569 -0.886583 0.000000
vn -0.462569 -0.886583 0.000000
vn 0.563744 -0.825950 0.000000
vn 0.563744 -0.825950 0.000000
vn -0.533118 -0.846041 0.000000
vn -0.533118 -0.846041 0.000000
vn 0.464829 -0.885401 0.000000
vn 0.464829 -0.885401 0.000000
vn 0.652710 0.757608 -0.000000
vn 0.652710 0.757608 0.000000
vn 0.898385 -0.439209 0.000000
vn 0.898385 -0.439209 0.000000
vn 0.124039 0.992277 -0.000000
vn 0.124039 0.992277 0.000000
vn -0.833933 0.551866 0.000000
vn -0.833933 0.551866 0.000000
vn 0.747924 0.663784 -0.000000
vn 0.747924 0.663784 0.000000
vn -0.738962 0.673747 0.000000
vn -0.738962 0.673747 0.000000
vn -0.696784 -0.717281 0.000000
vn -0.696784 -0.717281 0.000000
vn -0.593199 0.805055 0.000000
vn -0.593199 0.805055 0.000000
vn -0.996240 -0.086634 0.000000
vn -0.996240 -0.086634 0.000000
vn -0.044076 0.999028 0.000000
vn -0.044076 0.999028 0.000000
vn -0.998812 -0.048720 0.000000
vn -0.998812 -0.048720 0.000000
vn 0.058725 -0.998274 0.000000
vn 0.058725 -0.998274 0.000000
vn 0.962965 0.269626 0.000000
vn 0.962965 0.269626 -0.000000
vn 0.250382 0.968147 0.000000
vn 0.250382 0.968147 -0.000000
vn 0.997827 -0.065893 0.000000
vn 0.997827 -0.065893 0.000000
vn 0.053496 0.998568 0.000000
vn 0.053496 0.998568 -0.000000
vn -0.993884 0.110431 0.000000
vn -0.993884 0.110431 0.000000
vn 0.045398 -0.998969 0.000000
vn 0.045398 -0.998969 0.000000
vn 0.806406 -0.591362 0.000000
vn 0.806406 -0.591362 0.000000
vn -0.998688 0.051210 0.000000
vn -0.998688 0.051210 0.000000
vn 0.514501 -0.857490 0.000000
vn 0.514501 -0.857490 0.000000
vn 0.998308 -0.058151 0.000000
vn 0.998308 -0.058151 0.000000
vn 0.000000 1.000000 0.000000
vn 0.000000 1.000000 -0.000000
vn -0.814419 0.580277 0.000000
vn -0.814419 0.580277 0.000000
vn 0.983870 -0.178883 0.000000
vn 0.983870 -0.178883 0.000000
vn 0.045399 0.998969 0.000000
vn 0.045399 0.998969 -0.000000
vn 0.983870 -0.178887 0.000000
vn 0.983870 -0.178887 0.000000
vn 0.629197 0.777246 -0.000000
vn 0.629197 0.777246 0.000000
vn 0.872943 -0.487822 0.000000
vn 0.872943 -0.487822 0.000000
vn -0.051216 -0.998688 0.000000
vn -0.051216 -0.998688 0.000000
vn -0.761250 0.648459 0.000000
vn -0.761250 0.648459 0.000000
vn 0.000000 -1.000000 0.000000
vn 0.000000 -1.000000 0.000000
vn 0.998053 -0.062374 0.000000
vn 0.998053 -0.062374 0.000000
vn 0.407941 0.913008 -0.000000
vn 0.407941 0.913008 0.000000
vn -0.463254 0.886225 0.000000
vn -0.463254 0.886225 0.000000
vn -0.922196 0.386724 0.000000
vn -0.922196 0.386724 0.000000
vn -0.912268 -0.409595 0.000000
vn -0.912268 -0.409595 0.000000
vn -0.150440 -0.988619 0.000000
vn -0.150440 -0.988619 0.000000
vn -0.985072 -0.172145 0.000000
vn -0.985072 -0.172145 0.000000
vn 0.000000 1.000000 0.000000
vn 0.000000 1.000000 -0.000000
vn -0.961524 -0.274721 0.000000
vn -0.961524 -0.274721 0.000000
vn 0.061950 -0.998079 0.000000
vn 0.061950 -0.998079 0.000000
vn 0.752574 0.658508 0.000000
vn 0.752574 0.658508 -0.000000
vn 0.391552 0.920156 0.000000
vn 0.391552 0.920156 -0.000000
vn 0.972387 0.233375 0.000000
vn 0.972387 0.233375 -0.000000
vn -0.181174 0.983451 0.000000
vn -0.181174 0.983451 0.000000
vn 0.000000 -1.000000 0.000000
vn 0.000000 -1.000000 0.000000
vn 0.959168 -0.282835 0.000000
vn 0.959168 -0.282835 0.000000
vn -0.993940 -0.109923 0.000000
vn -0.993940 -0.109923 0.000000
vn 0.664369 -0.747405 0.000000
vn 0.664369 -0.747405 0.000000
vn 0.949559 -0.313589 0.000000
vn 0.949559 -0.313589 0.000000
vn 0.247377 0.968919 0.000000
vn 0.247377 0.968919 -0.000000
vn -0.965319 0.261074 0.000000
vn -0.965319 0.261074 0.000000
vn 0.988073 0.153986 0.000000
vn 0.988073 0.153986 -0.000000
vn -0.316234 0.948681 0.000000
vn -0.316234 0.948681 0.000000
vn -0.982930 0.183978 0.000000
vn -0.982930 0.183978 0.000000
vn 0.994413 0.105562 0.000000
vn 0.994413 0.105562 -0.000000
vn 0.251270 0.967917 0.000000
vn 0.251270 0.967917 -0.000000
vn -0.990407 -0.138180 0.000000
vn -0.990407 -0.138180 0.000000
vn 0.463257 -0.886224 0.000000
vn 0.463257 -0.886224 0.000000
vn 0.989949 -0.141426 0.000000
vn 0.989949 -0.141426 0.000000
vn 0.538386 -0.842699 0.000000
vn 0.538386 -0.842699 0.000000
vn -0.707099 -0.707114 0.000000
vn -0.707099 -0.707114 0.000000
vn -0.996463 0.084038 0.000000
vn -0.996463 0.084038 0.000000
vn 0.141423 -0.989949 0.000000
vn 0.141423 -0.989949 0.000000
vn 0.999115 -0.042066 0.000000
vn 0.999115 -0.042066 0.000000
vn 0.870981 0.491317 -0.000000
vn 0.870981 0.491317 0.000000
vn -0.037716 0.999288 0.000000
vn -0.037716 0.999288 0.000000
vn -0.759256 0.650792 0.000000
vn -0.759256 0.650792 0.000000
vn -0.976187 0.216930 0.000000
vn -0.976187 0.216930 0.000000
vn -0.538381 0.842702 0.000000
vn -0.538381 0.842702 0.000000
vn -0.980031 0.198844 0.000000
vn -0.980031 0.198844 0.000000
vn -0.517116 -0.855916 0.000000
vn -0.517116 -0.855916 0.000000
vn 0.554700 -0.832050 0.000000
vn 0.554700 -0.832050 0.000000
vn 0.975609 -0.219513 0.000000
vn 0.975609 -0.219513 0.000000
vn 0.226131 0.974097 0.000000
vn 0.226131 0.974097 -0.000000
vn -0.371455 0.928451 0.000000
vn -0.371455 0.928451 0.000000
vn 0.991609 0.129273 -0.000000
vn 0.991609 0.129273 0.000000
vn 0.000000 1.000000 -0.000000
vn 0.000000 1.000000 0.000000
vn -0.961857 0.273551 0.000000
vn -0.961857 0.273551 0.000000
vn 0.991546 0.129757 -0.000000
vn 0.991546 0.129757 0.000000
vn -0.214652 0.976691 0.000000
vn -0.214652 0.976691 0.000000
vn -0.958037 0.286645 0.000000
vn -0.958037 0.286645 0.000000
vn 0.000000 -1.000000 0.000000
vn 0.000000 -1.000000 0.000000
vn 0.972875 -0.231332 0.000000
vn 0.972875 -0.231332 0.000000
vn -0.994072 -0.108720 0.000000
vn -0.994072 -0.108720 0.000000
vn -0.154381 -0.988011 0.000000
vn -0.154381 -0.988011 0.000000
vn 0.965004 -0.262234 0.000000
vn 0.965004 -0.262234 0.000000
vn -0.991137 -0.132841 0.000000
vn -0.991137 -0.132841 0.000000
vn 0.152051 -0.988373 0.000000
vn 0.152051 -0.988373 0.000000
vn 0.474106 -0.880468 0.000000
vn 0.474106 -0.880468 0.000000
vn 0.925754 -0.378128 0.000000
vn 0.925754 -0.378128 0.000000
vn -0.809217 -0.587510 0.000000
vn -0.809217 -0.587510 0.000000
vn 0.250964 -0.967996 0.000000
vn 0.250964 -0.967996 0.000000
vn 0.812131 0.583476 -0.000000
vn 0.812131 0.583476 0.000000
vn -0.360989 0.932570 0.000000
vn -0.360989 0.932570 0.000000
vn -0.986652 0.162845 0.000000
vn -0.986652 0.162845 0.000000
vn -0.987106 0.160070 0.000000
vn -0.987106 0.160070 0.000000
vn -0.175324 -0.984511 0.000000
vn -0.175324 -0.984511 0.000000
vn 0.806404 -0.591365 0.000000
vn 0.806404 -0.591365 0.000000
vn 0.124034 0.992278 0.000000
vn 0.124034 0.992278 -0.000000
vn 0.975361 -0.220616 0.000000
vn 0.975361 -0.220616 0.000000
vn -0.289390 0.957211 0.000000
vn -0.289390 0.957211 0.000000
vn -0.999688 -0.024972 0.000000
vn -0.999688 -0.024972 0.000000
vn -0.997208 -0.074670 0.000000
vn -0.997208 -0.074670 0.000000
vn -0.992236 -0.124366 0.000000
vn -0.992236 -0.124366 0.000000
vn -0.984800 -0.173691 0.000000
vn -0.984800 -0.173691 0.000000
vn -0.974947 -0.222436 0.000000
vn -0.974947 -0.222436 0.000000
vn -0.962611 -0.270887 0.000000
vn -0.962611 -0.270887 0.000000
vn -0.947922 -0.318504 0.000000
vn -0.947922 -0.318504 0.000000
vn -0.930897 -0.365283 0.000000
vn -0.930897 -0.365283 0.000000
vn -0.911505 -0.411288 0.000000
vn -0.911505 -0.411288 0.000000
vn -0.889865 -0.456225 0.000000
vn -0.889865 -0.456225 0.000000
vn -0.866012 -0.500023 0.000000
vn -0.866012 -0.500023 0.000000
vn -0.840041 -0.542523 0.000000
vn -0.840041 -0.542523 0.000000
vn -0.811926 -0.583760 0.000000
vn -0.811926 -0.583760 0.000000
vn -0.781859 -0.623455 0.000000
vn -0.781859 -0.623455 0.000000
vn -0.749741 -0.661731 0.000000
vn -0.749741 -0.661731 0.000000
vn -0.715866 -0.698238 0.000000
vn -0.715866 -0.698238 0.000000
vn -0.680202 -0.733025 0.000000
vn -0.680202 -0.733025 0.000000
vn -0.642817 -0.766019 0.000000
vn -0.642817 -0.766019 0.000000
vn -0.603793 -0.797141 0.000000
vn -0.603793 -0.797141 0.000000
vn -0.563314 -0.826243 0.000000
vn -0.563314 -0.826243 0.000000
vn -0.521401 -0.853312 0.000000
vn -0.521401 -0.853312 0.000000
vn -0.478277 -0.878209 0.000000
vn -0.478277 -0.878209 0.000000
vn -0.433847 -0.900987 0.000000
vn -0.433847 -0.900987 0.000000
vn -0.388454 -0.921468 0.000000
vn -0.388454 -0.921468 0.000000
vn -0.342038 -0.939686 0.000000
vn -0.342038 -0.939686 0.000000
vn -0.294774 -0.955567 0.000000
vn -0.294774 -0.955567 0.000000
vn -0.246710 -0.969090 0.000000
vn -0.246710 -0.969090 0.000000
vn -0.198187 -0.980164 0.000000
vn -0.198187 -0.980164 0.000000
vn -0.149017 -0.988835 0.000000
vn -0.149017 -0.988835 0.000000
vn -0.099589 -0.995029 0.000000
vn -0.099589 -0.995029 0.000000
vn -0.049822 -0.998758 0.000000
vn -0.049822 -0.998758 0.000000
vn 0.000000 -1.000000 0.000000
vn 0.000000 -1.000000 0.000000
vn 0.049822 -0.998758 0.000000
vn 0.049822 -0.998758 0.000000
vn 0.099589 -0.995029 0.000000
vn 0.099589 -0.995029 0.000000
vn 0.149017 -0.988835 0.000000
vn 0.149017 -0.988835 0.000000
vn 0.198187 -0.980164 0.000000
vn 0.198187 -0.980164 0.000000
vn 0.246710 -0.969090 0.000000
vn 0.246710 -0.969090 0.000000
vn 0.294774 -0.955567 0.000000
vn 0.294774 -0.955567 0.000000
vn 0.342038 -0.939686 0.000000
vn 0.342038 -0.939686 0.000000
vn 0.388454 -0.921468 0.000000
vn 0.388454 -0.921468 0.000000
vn 0.433847 -0.900987 0.000000
vn 0.433847 -0.900987 0.000000
vn 0.478277 -0.878209 0.000000
vn 0.478277 -0.878209 0.000000
vn 0.521401 -0.853312 0.000000
vn 0.521401 -0.853312 0.000000
vn 0.563314 -0.826243 0.000000
vn 0.563314 -0.826243 0.000000
vn 0.603793 -0.797141 0.000000
vn 0.603793 -0.797141 0.000000
vn 0.642817 -0.766019 0.000000
vn 0.642817 -0.766019 0.000000
vn 0.680202 -0.733025 0.000000
vn 0.680202 -0.733025 0.000000
vn 0.715866 -0.698238 0.000000
vn 0.715866 -0.698238 0.000000
vn 0.749741 -0.661731 0.000000
vn 0.749741 -0.661731 0.000000
vn 0.781859 -0.623455 0.000000
vn 0.781859 -0.623455 0.000000
vn 0.811926 -0.583760 0.000000
vn 0.811926 -0.583760 0.000000
vn 0.840041 -0.542523 0.000000
vn 0.840041 -0.542523 0.000000
vn 0.866012 -0.500023 0.000000
vn 0.866012 -0.500023 0.000000
vn 0.889865 -0.456225 0.000000
vn 0.889865 -0.456225 0.000000
vn 0.911505 -0.411288 0.000000
vn 0.911505 -0.411288 0.000000
vn 0.930897 -0.365283 0.000000
vn 0.930897 -0.365283 0.000000
vn 0.947922 -0.318504 0.000000
vn 0.947922 -0.318504 0.000000
vn 0.962611 -0.270887 0.000000
vn 0.962611 -0.270887 0.000000
vn 0.974947 -0.222436 0.000000
vn 0.974947 -0.222436 0.000000
vn 0.984800 -0.173691 0.000000
vn 0.984800 -0.173691 0.000000
vn 0.992236 -0.124366 0.000000
vn 0.992236 -0.124366 0.000000
vn 0.997208 -0.074670 0.000000
vn 0.997208 -0.074670 0.000000
vn 0.999688 -0.024972 0.000000
vn 0.999688 -0.024972 0.000000
vn 0.999688 0.024972 0.000000
vn 0.999688 0.024972 -0.000000
vn 0.997208 0.074670 0.000000
vn 0.997208 0.074670 -0.000000
vn 0.992236 0.124366 0.000000
vn 0.992236 0.124366 -0.000000
vn 0.984800 0.173691 0.000000
vn 0.984800 0.173691 -0.000000
vn 0.974947 0.222436 0.000000
vn 0.974947 0.222436 -0.000000
vn 0.962611 0.270887 0.000000
vn 0.962611 0.270887 -0.000000
vn 0.947922 0.318504 0.000000
vn 0.947922 0.318504 -0.000000
vn 0.930897 0.365283 0.000000
vn 0.930897 0.365283 -0.000000
vn 0.911505 0.411288 0.000000
vn 0.911505 0.411288 -0.000000
vn 0.889865 0.456225 -0.000000
vn 0.889865 0.456225 -0.000000
vn 0.866012 0.500023 0.000000
vn 0.866012 0.500023 -0.000000
vn 0.840041 0.542523 -0.000000
vn 0.811926 0.583760 -0.000000
vn 0.840041 0.542523 0.000000
vn 0.811926 0.583760 -0.000000
vn 0.781859 0.623455 -0.000000
vn 0.781859 0.623455 0.000000
vn 0.749741 0.661731 -0.000000
vn 0.715866 0.698238 -0.000000
vn 0.749741 0.661731 0.000000
vn 0.680202 0.733025 -0.000000
vn 0.715866 0.698238 -0.000000
vn 0.680202 0.733025 -0.000000
vn 0.642817 0.766019 -0.000000
vn 0.642817 0.766019 0.000000
vn 0.603793 0.797141 -0.000000
vn 0.603793 0.797141 0.000000
vn 0.563314 0.826243 -0.000000
vn 0.521401 0.853312 -0.000000
vn 0.563314 0.826243 0.000000
vn 0.521401 0.853312 -0.000000
vn 0.478277 0.878209 -0.000000
vn 0.478277 0.878209 0.000000
vn 0.433847 0.900987 -0.000000
vn 0.433847 0.900987 0.000000
vn 0.388454 0.921468 -0.000000
vn 0.342038 0.939686 -0.000000
vn 0.388454 0.921468 0.000000
vn 0.342038 0.939686 -0.000000
vn 0.294774 0.955567 0.000000
vn 0.294774 0.955567 -0.000000
vn 0.246710 0.969090 0.000000
vn 0.246710 0.969090 -0.000000
vn 0.198187 0.980164 0.000000
vn 0.198187 0.980164 -0.000000
vn 0.149017 0.988835 -0.000000
vn 0.149017 0.988835 0.000000
vn 0.099589 0.995029 -0.000000
vn 0.099589 0.995029 0.000000
vn 0.049822 0.998758 -0.000000
vn 0.049822 0.998758 0.000000
vn 0.000000 1.000000 -0.000000
vn 0.000000 1.000000 0.000000
vn -0.049822 0.998758 0.000000
vn -0.049822 0.998758 0.000000
vn -0.099589 0.995029 0.000000
vn -0.099589 0.995029 0.000000
vn -0.149017 0.988835 0.000000
vn -0.149017 0.988835 0.000000
vn -0.198187 0.980164 0.000000
vn -0.198187 0.980164 0.000000
vn -0.246710 0.969090 0.000000
vn -0.246710 0.969090 0.000000
vn -0.294774 0.955567 0.000000
vn -0.294774 0.955567 0.000000
vn -0.342038 0.939686 0.000000
vn -0.342038 0.939686 0.000000
vn -0.388454 0.921468 0.000000
vn -0.388454 0.921468 0.000000
vn -0.433847 0.900987 0.000000
vn -0.433847 0.900987 0.000000
vn -0.478277 0.878209 0.000000
vn -0.478277 0.878209 0.000000
vn -0.521401 0.853312 0.000000
vn -0.521401 0.853312 0.000000
vn -0.563314 0.826243 0.000000
vn -0.563314 0.826243 0.000000
vn -0.603793 0.797141 0.000000
vn -0.603793 0.797141 0.000000
vn -0.642817 0.766019 0.000000
vn -0.642817 0.766019 0.000000
vn -0.680202 0.733025 0.000000
vn -0.680202 0.733025 0.000000
vn -0.715866 0.698238 0.000000
vn -0.715866 0.698238 0.000000
vn -0.749741 0.661731 0.000000
vn -0.749741 0.661731 0.000000
vn -0.781859 0.623455 0.000000
vn -0.781859 0.623455 0.000000
vn -0.811926 0.583760 0.000000
vn -0.811926 0.583760 0.000000
vn -0.840041 0.542523 0.000000
vn -0.840041 0.542523 0.000000
vn -0.866012 0.500023 0.000000
vn -0.866012 0.500023 0.000000
vn -0.889865 0.456225 0.000000
vn -0.889865 0.456225 0.000000
vn -0.911505 0.411288 0.000000
vn -0.911505 0.411288 0.000000
vn -0.930897 0.365283 0.000000
vn -0.930897 0.365283 0.000000
vn -0.947922 0.318504 0.000000
vn -0.947922 0.318504 0.000000
vn -0.962611 0.270887 0.000000
vn -0.962611 0.270887 0.000000
vn -0.974947 0.222436 0.000000
vn -0.974947 0.222436 0.000000
vn -0.984800 0.173691 0.000000
vn -0.984800 0.173691 0.000000
vn -0.992236 0.124366 0.000000
vn -0.992236 0.124366 0.000000
vn -0.997208 0.074670 0.000000
vn -0.997208 0.074670 0.000000
vn -0.999688 0.024972 0.000000
vn -0.999688 0.024972 0.000000
vn -1.000000 0.000000 0.000000
vn -1.000000 0.000000 0.000000
vn 0.166650 -0.986016 0.000000
vn 0.166650 -0.986016 0.000000
vn 0.793150 -0.609026 0.000000
vn 0.793150 -0.609026 0.000000
vn 0.316230 0.948682 0.000000
vn 0.316230 0.948682 -0.000000
vn -0.985072 -0.172144 0.000000
vn -0.985072 -0.172144 0.000000
vn 0.000000 1.000000 0.000000
vn 0.000000 1.000000 -0.000000
vn -0.961524 -0.274721 0.000000
vn -0.961524 -0.274721 0.000000
vn 0.061950 -0.998079 0.000000
vn 0.061950 -0.998079 0.000000
vn 0.752574 0.658508 0.000000
vn 0.752574 0.658508 -0.000000
vn 0.391552 0.920156 0.000000
vn 0.391552 0.920156 -0.000000
vn 0.972387 0.233375 0.000000
vn 0.972387 0.233375 -0.000000
vn -0.181168 0.983452 0.000000
vn -0.181168 0.983452 0.000000
vn -0.993884 0.110431 0.000000
vn -0.993884 0.110431 0.000000
vn 0.045408 -0.998969 0.000000
vn 0.045408 -0.998969 0.000000
vn 0.806406 -0.591362 0.000000
vn 0.806406 -0.591362 0.000000
vn -0.998688 0.051210 0.000000
vn -0.998688 0.051210 0.000000
vn 0.514501 -0.857490 0.000000
vn 0.514501 -0.857490 0.000000
vn 0.998308 -0.058151 0.000000
vn 0.998308 -0.058151 0.000000
vn 0.000000 1.000000 0.000000
vn 0.000000 1.000000 -0.000000
vn -0.814420 0.580276 0.000000
vn -0.814420 0.580276 0.000000
vn 0.983870 -0.178883 0.000000
vn 0.983870 -0.178883 0.000000
vn 0.045409 0.998968 0.000000
vn 0.045409 0.998968 -0.000000
vn 0.463257 -0.886224 0.000000
vn 0.463257 -0.886224 0.000000
vn 0.989949 -0.141426 0.000000
vn 0.989949 -0.141426 0.000000
vn 0.538390 -0.842696 0.000000
vn 0.538390 -0.842696 0.000000
vn -0.707103 -0.707111 0.000000
vn -0.707103 -0.707111 0.000000
vn -0.996463 0.084038 0.000000
vn -0.996463 0.084038 0.000000
vn 0.141423 -0.989949 0.000000
vn 0.141423 -0.989949 0.000000
vn 0.999115 -0.042066 0.000000
vn 0.999115 -0.042066 0.000000
vn 0.870980 0.491319 -0.000000
vn 0.870980 0.491319 0.000000
vn -0.037712 0.999289 0.000000
vn -0.037712 0.999289 0.000000
vn -0.759258 0.650790 0.000000
vn -0.759258 0.650790 0.000000
vn -0.976187 0.216930 0.000000
vn -0.976187 0.216930 0.000000
vn -0.538385 0.842699 0.000000
vn -0.538385 0.842699 0.000000
vn -0.980031 0.198844 0.000000
vn -0.980031 0.198844 0.000000
vn -0.517116 -0.855916 0.000000
vn -0.517116 -0.855916 0.000000
vn 0.554700 -0.832050 0.000000
vn 0.554700 -0.832050 0.000000
vn 0.975609 -0.219513 0.000000
vn 0.975609 -0.219513 0.000000
vn 0.226131 0.974097 0.000000
vn 0.226131 0.974097 -0.000000
vn -0.371415 0.928467 0.000000
vn -0.371415 0.928467 0.000000
vn 0.983869 -0.178888 0.000000
vn 0.983869 -0.178888 0.000000
vn 0.629197 0.777246 -0.000000
vn 0.629197 0.777246 0.000000
vn 0.872944 -0.487820 0.000000
vn 0.872944 -0.487820 0.000000
vn -0.051216 -0.998688 0.000000
vn -0.051216 -0.998688 0.000000
vn -0.761250 0.648459 0.000000
vn -0.761250 0.648459 0.000000
vn 0.000000 -1.000000 0.000000
vn 0.000000 -1.000000 0.000000
vn 0.998053 -0.062375 0.000000
vn 0.998053 -0.062375 0.000000
vn 0.407941 0.913008 -0.000000
vn 0.407941 0.913008 0.000000
vn -0.463254 0.886225 0.000000
vn -0.463254 0.886225 0.000000
vn -0.922195 0.386726 0.000000
vn -0.922195 0.386726 0.000000
vn -0.912268 -0.409595 0.000000
vn -0.912268 -0.409595 0.000000
vn -0.150445 -0.988618 0.000000
vn -0.150445 -0.988618 0.000000
vn 0.474106 -0.880468 0.000000
vn 0.474106 -0.880468 0.000000
vn 0.925754 -0.378128 0.000000
vn 0.925754 -0.378128 0.000000
vn -0.809217 -0.587510 0.000000
vn -0.809217 -0.587510 0.000000
vn 0.250971 -0.967995 0.000000
vn 0.250971 -0.967995 0.000000
vn 0.812131 0.583476 -0.000000
vn 0.812131 0.583476 0.000000
vn -0.360995 0.932568 0.000000
vn -0.360995 0.932568 0.000000
vn -0.986652 0.162845 0.000000
vn -0.986652 0.162845 0.000000
vn 0.000000 -1.000000 0.000000
vn 0.000000 -1.000000 0.000000
vn 0.959168 -0.282835 0.000000
vn 0.959168 -0.282835 0.000000
vn -0.993940 -0.109923 0.000000
vn -0.993940 -0.109923 0.000000
vn 0.664361 -0.747412 0.000000
vn 0.664361 -0.747412 0.000000
vn 0.949559 -0.313589 0.000000
vn 0.949559 -0.313589 0.000000
vn 0.247377 0.968919 0.000000
vn 0.247377 0.968919 -0.000000
vn -0.965319 0.261075 0.000000
vn -0.965319 0.261075 0.000000
vn 0.988073 0.153986 0.000000
vn 0.988073 0.153986 -0.000000
vn -0.316234 0.948681 0.000000
vn -0.316234 0.948681 0.000000
vn -0.982930 0.183978 0.000000
vn -0.982930 0.183978 0.000000
vn 0.994413 0.105562 0.000000
vn 0.994413 0.105562 -0.000000
vn 0.251270 0.967917 0.000000
vn 0.251270 0.967917 -0.000000
vn -0.990407 -0.138180 0.000000
vn -0.990407 -0.138180 0.000000
vn 0.991609 0.129273 -0.000000
vn 0.991609 0.129273 0.000000
vn 0.000000 1.000000 -0.000000
vn 0.000000 1.000000 0.000000
vn -0.961859 0.273547 0.000000
vn -0.961859 0.273547 0.000000
vn 0.991545 0.129761 -0.000000
vn 0.991545 0.129761 0.000000
vn -0.214640 0.976693 0.000000
vn -0.214640 0.976693 0.000000
vn -0.958037 0.286645 0.000000
vn -0.958037 0.286645 0.000000
vn 0.000000 -1.000000 0.000000
vn 0.000000 -1.000000 0.000000
vn 0.972875 -0.231332 0.000000
vn 0.972875 -0.231332 0.000000
vn -0.994072 -0.108720 0.000000
vn -0.994072 -0.108720 0.000000
vn -0.154381 -0.988011 0.000000
vn -0.154381 -0.988011 0.000000
vn 0.965005 -0.262231 0.000000
vn 0.965005 -0.262231 0.000000
vn -0.991137 -0.132841 0.000000
vn -0.991137 -0.132841 0.000000
vn 0.152051 -0.988373 0.000000
vn 0.152051 -0.988373 0.000000
vn -0.987106 0.160070 0.000000
vn -0.987106 0.160070 0.000000
vn -0.175324 -0.984511 0.000000
vn -0.175324 -0.984511 0.000000
vn 0.806404 -0.591365 0.000000
vn 0.806404 -0.591365 0.000000
vn 0.124034 0.992278 0.000000
vn 0.124034 0.992278 -0.000000
vn 0.975361 -0.220616 0.000000
vn 0.975361 -0.220616 0.000000
vn -0.289390 0.957211 0.000000
vn -0.289390 0.957211 0.000000
vn -1.000000 0.000000 0.000000
vn -1.000000 0.000000 0.000000
vn 0.166653 -0.986016 0.000000
vn 0.166653 -0.986016 0.000000
vn 0.793150 -0.609026 0.000000
vn 0.793150 -0.609026 0.000000
vn 0.316229 0.948683 0.000000
vn 0.316229 0.948683 -0.000000
vn -0.996270 -0.086290 0.000000
vn -0.996270 -0.086290 0.000000
vn -0.111147 0.993804 0.000000
vn -0.111147 0.993804 0.000000
vn -0.834329 -0.551267 0.000000
vn -0.834329 -0.551267 0.000000
vn 0.000000 -1.000000 0.000000
vn 0.000000 -1.000000 0.000000
vn 0.877897 0.478850 0.000000
vn 0.877897 0.478850 -0.000000
vn -0.066477 0.997788 0.000000
vn -0.066477 0.997788 0.000000
vn 1.000000 0.000000 0.000000
vn 1.000000 -0.000000 0.000000
vn -0.218298 0.975882 0.000000
vn -0.218298 0.975882 0.000000
vn 0.242536 -0.970142 0.000000
vn 0.242536 -0.970142 0.000000
vn 0.998883 -0.047250 0.000000
vn 0.998883 -0.047250 0.000000
vn 0.839918 -0.542713 0.000000
vn 0.839918 -0.542713 0.000000
vn 0.231622 -0.972806 0.000000
vn 0.231622 -0.972806 0.000000
vn -0.918062 -0.396437 0.000000
vn -0.918062 -0.396437 0.000000
vn -0.976547 -0.215304 0.000000
vn -0.976547 -0.215304 0.000000
vn -0.063705 -0.997969 0.000000
vn -0.063705 -0.997969 0.000000
vn 0.998892 0.047066 -0.000000
vn 0.998892 0.047066 0.000000
vn 0.902601 0.430477 -0.000000
vn 0.902601 0.430477 0.000000
vn 0.471650 0.881786 -0.000000
vn 0.471650 0.881786 0.000000
vn -0.336338 0.941741 0.000000
vn -0.336338 0.941741 0.000000
vn -0.908489 0.417909 0.000000
vn -0.908489 0.417909 0.000000
vn -0.999096 -0.042516 0.000000
vn -0.999096 -0.042516 0.000000
vn 0.000000 -1.000000 0.000000
vn 0.000000 -1.000000 0.000000
vn 0.959168 -0.282835 0.000000
vn 0.959168 -0.282835 0.000000
vn -0.993940 -0.109923 0.000000
vn -0.993940 -0.109923 0.000000
vn 0.664369 -0.747405 0.000000
vn 0.664369 -0.747405 0.000000
vn 0.949559 -0.313589 0.000000
vn 0.949559 -0.313589 0.000000
vn 0.247377 0.968919 0.000000
vn 0.247377 0.968919 -0.000000
vn -0.965319 0.261074 0.000000
vn -0.965319 0.261074 0.000000
vn 0.988073 0.153986 0.000000
vn 0.988073 0.153986 -0.000000
vn -0.316234 0.948681 0.000000
vn -0.316234 0.948681 0.000000
vn -0.982930 0.183978 0.000000
vn -0.982930 0.183978 0.000000
vn 0.994413 0.105562 0.000000
vn 0.994413 0.105562 -0.000000
vn 0.251270 0.967917 0.000000
vn 0.251270 0.967917 -0.000000
vn -0.990407 -0.138180 0.000000
vn -0.990407 -0.138180 0.000000
vn -0.993884 0.110431 0.000000
vn -0.993884 0.110431 0.000000
vn 0.045408 -0.998969 0.000000
vn 0.045408 -0.998969 0.000000
vn 0.806406 -0.591362 0.000000
vn 0.806406 -0.591362 0.000000
vn -0.998688 0.051210 0.000000
vn -0.998688 0.051210 0.000000
vn 0.514497 -0.857492 0.000000
vn 0.514497 -0.857492 0.000000
vn 0.998308 -0.058150 0.000000
vn 0.998308 -0.058150 0.000000
vn 0.000000 1.000000 0.000000
vn 0.000000 1.000000 -0.000000
vn -0.814420 0.580276 0.000000
vn -0.814420 0.580276 0.000000
vn 0.983870 -0.178883 0.000000
vn 0.983870 -0.178883 0.000000
vn 0.045409 0.998968 0.000000
vn 0.045409 0.998968 -0.000000
vn 0.983869 -0.178888 0.000000
vn 0.983869 -0.178888 0.000000
vn 0.629197 0.777246 -0.000000
vn 0.629197 0.777246 0.000000
vn 0.872943 -0.487822 0.000000
vn 0.872943 -0.487822 0.000000
vn -0.051216 -0.998688 0.000000
vn -0.051216 -0.998688 0.000000
vn -0.761247 0.648462 0.000000
vn -0.761247 0.648462 0.000000
vn 0.000000 -1.000000 0.000000
vn 0.000000 -1.000000 0.000000
vn 0.998053 -0.062375 0.000000
vn 0.998053 -0.062375 0.000000
vn 0.407941 0.913008 -0.000000
vn 0.407941 0.913008 0.000000
vn -0.463254 0.886225 0.000000
vn -0.463254 0.886225 0.000000
vn -0.922195 0.386726 0.000000
vn -0.922195 0.386726 0.000000
vn -0.912268 -0.409595 0.000000
vn -0.912268 -0.409595 0.000000
vn -0.150445 -0.988618 0.000000
vn -0.150445 -0.988618 0.000000
vn 0.367798 -0.929906 0.000000
vn 0.367798 -0.929906 0.000000
vn 0.959594 -0.281389 0.000000
vn 0.959594 -0.281389 0.000000
vn 0.960618 0.277873 -0.000000
vn 0.960618 0.277873 0.000000
vn 0.436277 0.899813 -0.000000
vn 0.436277 0.899813 0.000000
vn -0.472996 0.881064 0.000000
vn -0.472996 0.881064 0.000000
vn -0.954937 0.296808 0.000000
vn -0.954937 0.296808 0.000000
vn -0.973774 -0.227517 0.000000
vn -0.973774 -0.227517 0.000000
vn -0.536877 -0.843660 0.000000
vn -0.536877 -0.843660 0.000000
vn 0.991609 0.129273 -0.000000
vn 0.991609 0.129273 0.000000
vn 0.000000 1.000000 -0.000000
vn 0.000000 1.000000 0.000000
vn -0.961859 0.273547 0.000000
vn -0.961859 0.273547 0.000000
vn 0.991545 0.129761 -0.000000
vn 0.991545 0.129761 0.000000
vn -0.214652 0.976691 0.000000
vn -0.214652 0.976691 0.000000
vn -0.958037 0.286645 0.000000
vn -0.958037 0.286645 0.000000
vn 0.000000 -1.000000 0.000000
vn 0.000000 -1.000000 0.000000
vn 0.972875 -0.231332 0.000000
vn 0.972875 -0.231332 0.000000
vn -0.994072 -0.108720 0.000000
vn -0.994072 -0.108720 0.000000
vn -0.154381 -0.988011 0.000000
vn -0.154381 -0.988011 0.000000
vn 0.965005 -0.262231 0.000000
vn 0.965005 -0.262231 0.000000
vn -0.991137 -0.132841 0.000000
vn -0.991137 -0.132841 0.000000
vn 0.152051 -0.988373 0.000000
vn 0.152051 -0.988373 0.000000
vn 0.000000 -1.000000 0.000000
vn 0.000000 -1.000000 0.000000
vn 0.878774 -0.477237 0.000000
vn 0.878774 -0.477237 0.000000
vn -0.864542 -0.502560 0.000000
vn -0.864542 -0.502560 0.000000
vn 0.254492 -0.967075 0.000000
vn 0.254492 -0.967075 0.000000
vn 0.892279 0.451484 -0.000000
vn 0.892279 0.451484 0.000000
vn -0.062380 0.998052 0.000000
vn -0.062380 0.998052 0.000000
vn -0.902768 0.430127 0.000000
vn -0.902768 0.430127 0.000000
vn -0.987106 0.160070 0.000000
vn -0.987106 0.160070 0.000000
vn -0.175324 -0.984511 0.000000
vn -0.175324 -0.984511 0.000000
vn 0.806404 -0.591365 0.000000
vn 0.806404 -0.591365 0.000000
vn 0.124034 0.992278 0.000000
vn 0.124034 0.992278 -0.000000
vn 0.975361 -0.220616 0.000000
vn 0.975361 -0.220616 0.000000
vn -0.289390 0.957211 0.000000
vn -0.289390 0.957211 0.000000
vn 0.000000 0.000000 1.000000
vn 0.000000 0.000000 1.000000
vn 0.000000 0.000000 1.000000
vn 0.000000 0.000000 1.000000
vn 0.000000 0.000000 1.000000
vn 0.000000 0.000000 1.000000
vn 0.000000 0.000000 1.000000
vn 0.000000 0.000000 1.000000
vn 0.000000 0.000000 1.000000
vn 0.000000 0.000000 1.000000
vn 0.000000 0.000000 1.000000
vn 0.000000 0.000000 1.000000
vn 0.000000 0.000000 1.000000
vn 0.000000 0.000000 1.000000
vn 0.000000 0.000000 1.000000
vn 0.000000 0.000000 1.000000
vn 0.000000 0.000000 1.000000
vn 0.000000 0.000000 1.000000
vn 0.000000 0.000000 1.000000
vn 0.000000 0.000000 1.000000
vn 0.000000 0.000000 1.000000
vn 0.000000 0.000000 1.000000
vn 0.000000 0.000000 1.000000
vn 0.000000 0.000000 1.000000
vn 0.000000 0.000000 1.000000
vn 0.000000 0.000000 1.000000
vn 0.000000 0.000000 1.000000
vn 0.000000 0.000000 1.000000
vn 0.000000 0.000000 1.000000
vn 0.000000 0.000000 1.000000
vn 0.000000 0.000000 1.000000
vn 0.000000 0.000000 1.000000
vn 0.000000 0.000000 1.000000
vn 0.000000 0.000000 1.000000
vn 0.000000 0.000000 1.000000
vn 0.000000 0.000000 1.000000
vn 0.000000 0.000000 1.000000
vn 0.000000 0.000000 1.000000
vn 0.000000 0.000000 1.000000
vn 0.000000 0.000000 1.000000
vn 0.000000 0.000000 1.000000
vn 0.000000 0.000000 1.000000
vn 0.000000 0.000000 1.000000
vn 0.000000 0.000000 1.000000
vn 0.000000 0.000000 1.000000
vn 0.000000 0.000000 1.000000
vn 0.000000 0.000000 1.000000
vn 0.000000 0.000000 1.000000
vn 0.000000 0.000000 1.000000
vn 0.000000 0.000000 1.000000
vn 0.000000 0.000000 1.000000
vn 0.000000 0.000000 1.000000
vn 0.000000 0.000000 1.000000
vn 0.000000 0.000000 1.000000
vn 0.000000 0.000000 1.000000
vn 0.000000 0.000000 1.000000
vn 0.000000 0.000000 1.000000
vn 0.000000 0.000000 1.000000
vn 0.000000 0.000000 1.000000
vn 0.000000 0.000000 1.000000
vn 0.000000 0.000000 1.000000
vn 0.000000 0.000000 1.000000
vn 0.000000 0.000000 1.000000
vn 0.000000 0.000000 1.000000
vn 0.000000 0.000000 1.000000
vn 0.000000 0.000000 1.000000
vn 0.000000 0.000000 1.000000
vn 0.000000 0.000000 1.000000
vn 0.000000 0.000000 1.000000
vn 0.000000 0.000000 1.000000
vn 0.000000 0.000000 1.000000
vn 0.000000 0.000000 1.000000
vn 0.000000 0.000000 1.000000
vn 0.000000 0.000000 1.000000
vn 0.000000 0.000000 1.000000
vn 0.000000 0.000000 1.000000
vn 0.000000 0.000000 1.000000
vn 0.000000 0.000000 1.000000
vn 0.000000 0.000000 1.000000
vn 0.000000 0.000000 1.000000
vn 0.000000 0.000000 1.000000
vn 0.000000 0.000000 1.000000
vn 0.000000 0.000000 1.000000
vn 0.000000 0.000000 1.000000
vn 0.000000 0.000000 1.000000
vn 0.000000 0.000000 1.000000
vn 0.000000 0.000000 1.000000
vn 0.000000 0.000000 1.000000
vn 0.000000 0.000000 1.000000
vn 0.000000 0.000000 1.000000
vn 0.000000 0.000000 1.000000
vn 0.000000 0.000000 1.000000
vn 0.000000 0.000000 1.000000
vn 0.000000 0.000000 1.000000
vn 0.000000 0.000000 1.000000
vn 0.000000 0.000000 1.000000
vn 0.000000 0.000000 1.000000
vn 0.000000 0.000000 1.000000
vn 0.000000 0.000000 1.000000
vn 0.000000 0.000000 1.000000
vn 0.000000 0.000000 1.000000
vn 0.000000 0.000000 1.000000
vn 0.000000 0.000000 1.000000
vn 0.000000 0.000000 1.000000
vn 0.000000 0.000000 1.000000
vn 0.000000 0.000000 1.000000
vn 0.000000 0.000000 1.000000
vn 0.000000 0.000000 1.000000
vn 0.000000 0.000000 1.000000
vn 0.000000 0.000000 1.000000
vn 0.000000 0.000000 1.000000
vn 0.000000 0.000000 1.000000
vn 0.000000 0.000000 1.000000
vn 0.000000 0.000000 1.000000
vn 0.000000 0.000000 1.000000
vn 0.000000 0.000000 1.000000
vn 0.000000 0.000000 1.000000
vn 0.000000 0.000000 1.000000
vn 0.000000 0.000000 1.000000
vn 0.000000 0.000000 1.000000
vn 0.000000 0.000000 1.000000
vn 0.000000 0.000000 1.000000
vn 0.000000 0.000000 1.000000
vn 0.000000 0.000000 1.000000
vn 0.000000 0.000000 1.000000
vn 0.000000 0.000000 1.000000
vn 0.000000 0.000000 1.000000
vn 0.000000 0.000000 1.000000
vn 0.000000 0.000000 1.000000
vn 0.000000 0.000000 1.000000
vn 0.000000 0.000000 1.000000
vn 0.000000 0.000000 1.000000
vn 0.000000 0.000000 1.000000
vn 0.000000 0.000000 1.000000
vn 0.000000 0.000000 1.000000
vn 0.000000 0.000000 1.000000
vn 0.000000 0.000000 1.000000
vn 0.000000 0.000000 1.000000
vn 0.000000 0.000000 1.000000
vn 0.000000 0.000000 1.000000
vn 0.000000 0.000000 1.000000
vn 0.000000 0.000000 1.000000
vn 0.000000 0.000000 1.000000
vn 0.000000 0.000000 1.000000
vn 0.000000 0.000000 1.000000
vn 0.000000 0.000000 1.000000
vn 0.000000 0.000000 1.000000
vn 0.000000 0.000000 1.000000
vn 0.000000 0.000000 1.000000
vn 0.000000 0.000000 1.000000
vn 0.000000 0.000000 1.000000
vn 0.000000 0.000000 1.000000
vn 0.000000 0.000000 1.000000
vn 0.000000 0.000000 1.000000
vn 0.000000 0.000000 1.000000
vn 0.000000 0.000000 1.000000
vn 0.000000 0.000000 1.000000
vn 0.000000 0.000000 1.000000
vn 0.000000 0.000000 1.000000
vn 0.000000 0.000000 1.000000
vn 0.000000 0.000000 1.000000
vn 0.000000 0.000000 1.000000
vn 0.000000 0.000000 1.000000
vn 0.000000 0.000000 1.000000
vn 0.000000 0.000000 1.000000
vn 0.000000 0.000000 1.000000
vn 0.000000 0.000000 1.000000
vn 0.000000 0.000000 1.000000
vn 0.000000 0.000000 1.000000
vn 0.000000 0.000000 1.000000
vn 0.000000 0.000000 1.000000
vn 0.000000 0.000000 1.000000
vn 0.000000 0.000000 1.000000
vn 0.000000 0.000000 1.000000
vn 0.000000 0.000000 1.000000
vn 0.000000 0.000000 1.000000
vn 0.000000 0.000000 1.000000
vn 0.000000 0.000000 1.000000
vn 0.000000 0.000000 1.000000
vn 0.000000 0.000000 1.000000
vn 0.000000 0.000000 1.000000
vn 0.000000 0.000000 1.000000
vn 0.000000 0.000000 1.000000
vn 0.000000 0.000000 1.000000
vn 0.000000 0.000000 1.000000
vn 0.000000 0.000000 1.000000
vn 0.000000 0.000000 1.000000
vn 0.000000 0.000000 1.000000
vn 0.000000 0.000000 1.000000
vn 0.000000 0.000000 1.000000
vn 0.000000 0.000000 1.000000
vn 0.000000 0.000000 1.000000
vn 0.000000 0.000000 1.000000
vn 0.000000 0.000000 1.000000
vn 0.000000 0.000000 1.000000
vn 0.000000 0.000000 1.000000
vn 0.000000 0.000000 1.000000
vn 0.000000 0.000000 1.000000
vn 0.000000 0.000000 1.000000
vn 0.000000 0.000000 1.000000
vn 0.000000 0.000000 1.000000
vn 0.000000 0.000000 1.000000
vn 0.000000 0.000000 1.000000
vn 0.000000 0.000000 1.000000
vn 0.000000 0.000000 1.000000
vn 0.000000 0.000000 1.000000
vn 0.000000 0.000000 1.000000
vn 0.000000 0.000000 1.000000
vn 0.000000 0.000000 1.000000
vn 0.000000 0.000000 1.000000
vn 0.000000 0.000000 1.000000
vn 0.000000 0.000000 1.000000
vn 0.000000 0.000000 1.000000
vn 0.000000 0.000000 1.000000
vn 0.000000 0.000000 1.000000
vn 0.000000 0.000000 1.000000
vn 0.000000 0.000000 1.000000
vn 0.000000 0.000000 1.000000
vn 0.000000 0.000000 1.000000
vn 0.000000 0.000000 1.000000
vn 0.000000 0.000000 1.000000
vn 0.000000 0.000000 1.000000
vn 0.000000 0.000000 1.000000
vn 0.000000 0.000000 1.000000
vn 0.000000 0.000000 1.000000
vn 0.000000 0.000000 1.000000
vn 0.000000 0.000000 1.000000
vn 0.000000 0.000000 1.000000
vn 0.000000 0.000000 1.000000
vn 0.000000 0.000000 1.000000
vn 0.000000 0.000000 1.000000
vn 0.000000 0.000000 1.000000
vn 0.000000 0.000000 1.000000
vn 0.000000 0.000000 1.000000
vn 0.000000 0.000000 1.000000
vn 0.000000 0.000000 1.000000
vn 0.000000 0.000000 1.000000
vn 0.000000 0.000000 1.000000
vn 0.000000 0.000000 1.000000
vn 0.000000 0.000000 1.000000
vn 0.000000 0.000000 1.000000
vn 0.000000 0.000000 1.000000
vn 0.000000 0.000000 1.000000
vn 0.000000 0.000000 1.000000
vn 0.000000 0.000000 1.000000
vn 0.000000 0.000000 1.000000
vn 0.000000 0.000000 1.000000
vn 0.000000 0.000000 1.000000
vn 0.000000 0.000000 1.000000
vn 0.000000 0.000000 1.000000
vn 0.000000 0.000000 1.000000
vn 0.000000 0.000000 1.000000
vn 0.000000 0.000000 1.000000
vn 0.000000 0.000000 1.000000
vn 0.000000 0.000000 1.000000
vn 0.000000 0.000000 1.000000
vn 0.000000 0.000000 1.000000
vn 0.000000 0.000000 1.000000
vn 0.000000 0.000000 1.000000
vn 0.000000 0.000000 1.000000
vn 0.000000 0.000000 1.000000
vn 0.000000 0.000000 1.000000
vn 0.000000 0.000000 1.000000
vn 0.000000 0.000000 1.000000
vn 0.000000 0.000000 1.000000
vn 0.000000 0.000000 1.000000
vn 0.000000 0.000000 1.000000
vn 0.000000 0.000000 1.000000
vn 0.000000 0.000000 1.000000
vn 0.000000 0.000000 1.000000
vn 0.000000 0.000000 1.000000
vn 0.000000 0.000000 1.000000
vn 0.000000 0.000000 1.000000
vn 0.000000 0.000000 1.000000
vn 0.000000 0.000000 1.000000
vn 0.000000 0.000000 1.000000
vn 0.000000 0.000000 1.000000
vn 0.000000 0.000000 1.000000
vn 0.000000 0.000000 1.000000
vn 0.000000 0.000000 1.000000
vn 0.000000 0.000000 1.000000
vn 0.000000 0.000000 1.000000
vn 0.000000 0.000000 1.000000
vn 0.000000 0.000000 1.000000
vn 0.000000 0.000000 1.000000
vn 0.000000 0.000000 1.000000
vn 0.000000 0.000000 1.000000
vn 0.000000 0.000000 1.000000
vn 0.000000 0.000000 1.000000
vn 0.000000 0.000000 1.000000
vn 0.000000 0.000000 1.000000
vn 0.000000 0.000000 1.000000
vn 0.000000 0.000000 1.000000
vn 0.000000 0.000000 1.000000
vn 0.000000 0.000000 1.000000
vn 0.000000 0.000000 1.000000
vn 0.000000 0.000000 1.000000
vn 0.000000 0.000000 1.000000
vn 0.000000 0.000000 1.000000
vn 0.000000 0.000000 1.000000
vn 0.000000 0.000000 1.000000
vn 0.000000 0.000000 1.000000
vn 0.000000 0.000000 1.000000
vn 0.000000 0.000000 1.000000
vn 0.000000 0.000000 1.000000
vn 0.000000 0.000000 1.000000
vn 0.000000 0.000000 1.000000
vn 0.000000 0.000000 1.000000
vn 0.000000 0.000000 1.000000
vn 0.000000 0.000000 1.000000
vn 0.000000 0.000000 1.000000
vn 0.000000 0.000000 1.000000
vn 0.000000 0.000000 1.000000
vn 0.000000 0.000000 1.000000
vn 0.000000 0.000000 1.000000
vn 0.000000 0.000000 1.000000
vn 0.000000 0.000000 1.000000
vn 0.000000 0.000000 1.000000
vn 0.000000 0.000000 1.000000
vn 0.000000 0.000000 1.000000
vn 0.000000 0.000000 1.000000
vn 0.000000 0.000000 1.000000
vn 0.000000 0.000000 1.000000
vn 0.000000 0.000000 1.000000
vn 0.000000 0.000000 1.000000
vn 0.000000 0.000000 1.000000
vn 0.000000 0.000000 1.000000
vn 0.000000 0.000000 1.000000
vn 0.000000 0.000000 1.000000
vn 0.000000 0.000000 1.000000
vn 0.000000 0.000000 1.000000
vn 0.000000 0.000000 1.000000
vn 0.000000 0.000000 1.000000
vn 0.000000 0.000000 1.000000
vn 0.000000 0.000000 1.000000
vn 0.000000 0.000000 1.000000
vn 0.000000 0.000000 1.000000
vn 0.000000 0.000000 1.000000
vn 0.000000 0.000000 1.000000
vn 0.000000 0.000000 1.000000
vn 0.000000 0.000000 1.000000
vn 0.000000 0.000000 1.000000
vn 0.000000 0.000000 1.000000
vn 0.000000 0.000000 1.000000
vn 0.000000 0.000000 1.000000
vn 0.000000 0.000000 1.000000
vn 0.000000 0.000000 1.000000
vn 0.000000 0.000000 1.000000
vn 0.000000 0.000000 1.000000
vn 0.000000 0.000000 1.000000
vn 0.000000 0.000000 1.000000
vn 0.000000 0.000000 1.000000
vn 0.000000 0.000000 1.000000
vn 0.000000 0.000000 1.000000
vn 0.000000 0.000000 1.000000
vn 0.000000 0.000000 1.000000
vn 0.000000 0.000000 1.000000
vn 0.000000 0.000000 1.000000
vn 0.000000 0.000000 1.000000
vn 0.000000 0.000000 1.000000
vn 0.000000 0.000000 1.000000
vn 0.000000 0.000000 1.000000
vn 0.000000 0.000000 1.000000
vn 0.000000 0.000000 1.000000
vn 0.000000 0.000000 1.000000
vn 0.000000 0.000000 1.000000
vn 0.000000 0.000000 1.000000
vn 0.000000 0.000000 1.000000
vn 0.000000 0.000000 1.000000
vn 0.000000 0.000000 1.000000
vn 0.000000 0.000000 1.000000
vn 0.000000 0.000000 1.000000
vn 0.000000 0.000000 1.000000
vn 0.000000 0.000000 1.000000
vn 0.000000 0.000000 1.000000
vn 0.000000 0.000000 1.000000
vn 0.000000 0.000000 1.000000
vn 0.000000 0.000000 1.000000
vn 0.000000 0.000000 1.000000
vn 0.000000 0.000000 1.000000
vn 0.000000 0.000000 1.000000
vn 0.000000 0.000000 1.000000
vn 0.000000 0.000000 1.000000
vn 0.000000 0.000000 1.000000
vn 0.000000 0.000000 1.000000
vn 0.000000 0.000000 1.000000
vn 0.000000 0.000000 1.000000
vn 0.000000 0.000000 1.000000
vn 0.000000 0.000000 1.000000
vn 0.000000 0.000000 1.000000
vn 0.000000 0.000000 1.000000
vn 0.000000 0.000000 1.000000
vn 0.000000 0.000000 1.000000
vn 0.000000 0.000000 1.000000
vn 0.000000 0.000000 1.000000
vn 0.000000 0.000000 1.000000
vn 0.000000 0.000000 1.000000
vn 0.000000 0.000000 1.000000
vn 0.000000 0.000000 1.000000
vn 0.000000 0.000000 1.000000
vn 0.000000 0.000000 1.000000
vn 0.000000 0.000000 1.000000
vn 0.000000 0.000000 1.000000
vn 0.000000 0.000000 1.000000
vn 0.000000 0.000000 1.000000
vn 0.000000 0.000000 1.000000
vn 0.000000 0.000000 1.000000
vn 0.000000 0.000000 1.000000
vn 0.000000 0.000000 1.000000
vn 0.000000 0.000000 1.000000
vn 0.000000 0.000000 1.000000
vn 0.000000 0.000000 1.000000
vn 0.000000 0.000000 1.000000
vn 0.000000 0.000000 1.000000
vn 0.000000 0.000000 1.000000
vn 0.000000 0.000000 1.000000
vn 0.000000 0.000000 1.000000
vn 0.000000 0.000000 1.000000
vn 0.000000 0.000000 1.000000
vn 0.000000 0.000000 1.000000
vn 0.000000 0.000000 1.000000
vn 0.000000 0.000000 1.000000
vn 0.000000 0.000000 1.000000
vn 0.000000 0.000000 1.000000
vn 0.000000 0.000000 1.000000
vn 0.000000 0.000000 1.000000
vn 0.000000 0.000000 1.000000
vn 0.000000 0.000000 1.000000
vn 0.000000 0.000000 1.000000
vn 0.000000 0.000000 1.000000
vn 0.000000 0.000000 1.000000
vn 0.000000 0.000000 1.000000
vn 0.000000 0.000000 1.000000
vn 0.000000 0.000000 1.000000
vn 0.000000 0.000000 1.000000
vn 0.000000 0.000000 1.000000
vn 0.000000 0.000000 1.000000
vn 0.000000 0.000000 1.000000
vn 0.000000 0.000000 1.000000
vn 0.000000 0.000000 1.000000
vn 0.000000 0.000000 1.000000
vn 0.000000 0.000000 1.000000
vn 0.000000 0.000000 1.000000
vn 0.000000 0.000000 1.000000
vn 0.000000 0.000000 1.000000
vn 0.000000 0.000000 1.000000
vn 0.000000 0.000000 1.000000
vn 0.000000 0.000000 1.000000
vn 0.000000 0.000000 1.000000
vn 0.000000 0.000000 1.000000
vn 0.000000 0.000000 1.000000
vn 0.000000 0.000000 1.000000
vn 0.000000 0.000000 1.000000
vn 0.000000 0.000000 1.000000
vn 0.000000 0.000000 1.000000
vn 0.000000 0.000000 1.000000
vn 0.000000 0.000000 1.000000
vn 0.000000 0.000000 1.000000
vn 0.000000 0.000000 1.000000
vn 0.000000 0.000000 1.000000
vn 0.000000 0.000000 1.000000
vn 0.000000 0.000000 1.000000
vn 0.000000 0.000000 1.000000
vn 0.000000 0.000000 1.000000
vn 0.000000 0.000000 1.000000
vn 0.000000 0.000000 1.000000
vn 0.000000 0.000000 1.000000
vn 0.000000 0.000000 1.000000
vn 0.000000 0.000000 1.000000
vn 0.000000 0.000000 1.000000
vn 0.000000 0.000000 1.000000
vn 0.000000 0.000000 1.000000
vn 0.000000 0.000000 1.000000
vn 0.000000 0.000000 1.000000
vn 0.000000 0.000000 1.000000
vn 0.000000 0.000000 1.000000
vn 0.000000 0.000000 1.000000
vn 0.000000 0.000000 1.000000
vn 0.000000 0.000000 1.000000
vn 0.000000 0.000000 1.000000
vn 0.000000 0.000000 1.000000
vn 0.000000 0.000000 1.000000
vn 0.000000 0.000000 1.000000
vn 0.000000 0.000000 1.000000
vn 0.000000 0.000000 1.000000
vn 0.000000 0.000000 1.000000
vn 0.000000 0.000000 1.000000
vn 0.000000 0.000000 1.000000
vn 0.000000 0.000000 1.000000
vn 0.000000 0.000000 1.000000
vn 0.000000 0.000000 1.000000
vn 0.000000 0.000000 1.000000
vn 0.000000 0.000000 1.000000
vn 0.000000 0.000000 1.000000
vn 0.000000 0.000000 1.000000
vn 0.000000 0.000000 1.000000
vn 0.000000 0.000000 1.000000
vn 0.000000 0.000000 1.000000
vn 0.000000 0.000000 1.000000
vn 0.000000 0.000000 1.000000
vn 0.000000 0.000000 1.000000
vn 0.000000 0.000000 1.000000
vn 0.000000 0.000000 1.000000
vn 0.000000 0.000000 1.000000
vn 0.000000 0.000000 1.000000
vn 0.000000 0.000000 1.000000
vn 0.000000 0.000000 1.000000
vn 0.000000 0.000000 1.000000
vn 0.000000 0.000000 1.000000
vn 0.000000 0.000000 1.000000
vn 0.000000 0.000000 1.000000
vn 0.000000 0.000000 1.000000
vn 0.000000 0.000000 1.000000
vn 0.000000 0.000000 1.000000
vn 0.000000 0.000000 1.000000
vn 0.000000 0.000000 1.000000
vn 0.000000 0.000000 1.000000
vn 0.000000 0.000000 1.000000
vn 0.000000 0.000000 1.000000
vn 0.000000 0.000000 1.000000
vn 0.000000 0.000000 1.000000
vn 0.000000 0.000000 1.000000
vn 0.000000 0.000000 1.000000
vn 0.000000 0.000000 1.000000
vn 0.000000 0.000000 1.000000
vn 0.000000 0.000000 1.000000
vn 0.000000 0.000000 1.000000
vn 0.000000 0.000000 1.000000
vn 0.000000 0.000000 1.000000
vn 0.000000 0.000000 1.000000
vn 0.000000 0.000000 1.000000
vn 0.000000 0.000000 1.000000
vn 0.000000 0.000000 1.000000
vn 0.000000 0.000000 1.000000
vn 0.000000 0.000000 1.000000
vn 0.000000 0.000000 1.000000
vn 0.000000 0.000000 1.000000
vn 0.000000 0.000000 1.000000
vn 0.000000 0.000000 1.000000
vn 0.000000 0.000000 1.000000
vn 0.000000 0.000000 1.000000
vn 0.000000 0.000000 1.000000
vn 0.000000 0.000000 1.000000
vn 0.000000 0.000000 1.000000
vn 0.000000 0.000000 1.000000
vn 0.000000 0.000000 1.000000
vn 0.000000 0.000000 1.000000
vn 0.000000 0.000000 1.000000
vn 0.000000 0.000000 1.000000
vn 0.000000 0.000000 1.000000
vn 0.000000 0.000000 1.000000
vn 0.000000 0.000000 1.000000
vn 0.000000 0.000000 1.000000
vn 0.000000 0.000000 1.000000
vn 0.000000 0.000000 1.000000
vn 0.000000 0.000000 1.000000
vn 0.000000 0.000000 1.000000
vn 0.000000 0.000000 1.000000
vn 0.000000 0.000000 1.000000
vn 0.000000 0.000000 1.000000
vn 0.000000 0.000000 1.000000
vn 0.000000 0.000000 1.000000
vn 0.000000 0.000000 1.000000
vn 0.000000 0.000000 1.000000
vn 0.000000 0.000000 1.000000
vn 0.000000 0.000000 1.000000
vn 0.000000 0.000000 1.000000
vn 0.000000 0.000000 1.000000
vn 0.000000 0.000000 1.000000
vn 0.000000 0.000000 1.000000
vn 0.000000 0.000000 1.000000
vn 0.000000 0.000000 1.000000
vn 0.000000 0.000000 1.000000
vn 0.000000 0.000000 1.000000
vn 0.000000 0.000000 1.000000
vn 0.000000 0.000000 1.000000
vn 0.000000 0.000000 1.000000
vn 0.000000 0.000000 1.000000
vn 0.000000 0.000000 1.000000
vn 0.000000 0.000000 1.000000
vn 0.000000 0.000000 1.000000
vn 0.000000 0.000000 1.000000
vn 0.000000 0.000000 1.000000
vn 0.000000 0.000000 1.000000
vn 0.000000 0.000000 1.000000
vn 0.000000 0.000000 1.000000
vn 0.000000 0.000000 1.000000
vn 0.000000 0.000000 1.000000
vn 0.000000 0.000000 1.000000
vn 0.000000 0.000000 1.000000
vn 0.000000 0.000000 1.000000
vn 0.000000 0.000000 1.000000
vn 0.000000 0.000000 1.000000
vn 0.000000 0.000000 1.000000
vn 0.000000 0.000000 1.000000
vn 0.000000 0.000000 1.000000
vn 0.000000 0.000000 1.000000
vn 0.000000 0.000000 1.000000
vn 0.000000 0.000000 1.000000
vn 0.000000 0.000000 1.000000
vn 0.000000 0.000000 1.000000
vn 0.000000 0.000000 1.000000
vn 0.000000 0.000000 1.000000
vn 0.000000 0.000000 1.000000
vn 0.000000 0.000000 1.000000
vn 0.000000 0.000000 1.000000
vn 0.000000 0.000000 1.000000
vn 0.000000 0.000000 1.000000
vn 0.000000 0.000000 1.000000
vn 0.000000 0.000000 1.000000
vn 0.000000 0.000000 1.000000
vn 0.000000 0.000000 1.000000
vn 0.000000 0.000000 1.000000
vn 0.000000 0.000000 1.000000
vn 0.000000 0.000000 1.000000
vn 0.000000 0.000000 1.000000
vn 0.000000 0.000000 1.000000
vn 0.000000 0.000000 1.000000
vn 0.000000 0.000000 1.000000
vn 0.000000 0.000000 1.000000
vn 0.000000 0.000000 1.000000
vn 0.000000 0.000000 1.000000
vn 0.000000 0.000000 1.000000
vn 0.000000 0.000000 1.000000
vn 0.000000 0.000000 1.000000
vn 0.000000 0.000000 1.000000
vn 0.000000 0.000000 1.000000
vn 0.000000 0.000000 1.000000
vn 0.000000 0.000000 1.000000
vn 0.000000 0.000000 1.000000
vn 0.000000 0.000000 1.000000
vn 0.000000 0.000000 1.000000
vn 0.000000 0.000000 1.000000
vn 0.000000 0.000000 1.000000
vn 0.000000 0.000000 1.000000
vn 0.000000 0.000000 1.000000
vn 0.000000 0.000000 1.000000
vn 0.000000 0.000000 1.000000
vn 0.000000 0.000000 1.000000
vn 0.000000 0.000000 1.000000
vn 0.000000 0.000000 1.000000
vn 0.000000 0.000000 1.000000
vn 0.000000 0.000000 1.000000
vn 0.000000 0.000000 1.000000
vn 0.000000 0.000000 1.000000
vn 0.000000 0.000000 1.000000
vn 0.000000 0.000000 1.000000
vn 0.000000 0.000000 1.000000
vn 0.000000 0.000000 1.000000
vn 0.000000 0.000000 1.000000
vn 0.000000 0.000000 1.000000
vn 0.000000 0.000000 1.000000
vn 0.000000 0.000000 1.000000
vn 0.000000 0.000000 1.000000
vn 0.000000 0.000000 1.000000
vn 0.000000 0.000000 1.000000
vn 0.000000 0.000000 1.000000
vn 0.000000 0.000000 1.000000
vn 0.000000 0.000000 1.000000
vn 0.000000 0.000000 1.000000
vn 0.000000 0.000000 1.000000
vn 0.000000 0.000000 1.000000
vn 0.000000 0.000000 1.000000
vn 0.000000 0.000000 1.000000
vn 0.000000 0.000000 1.000000
vn 0.000000 0.000000 1.000000
vn 0.000000 0.000000 1.000000
vn 0.000000 0.000000 1.000000
vn 0.000000 0.000000 1.000000
vn 0.000000 0.000000 1.000000
vn 0.000000 0.000000 1.000000
vn 0.000000 0.000000 1.000000
vn 0.000000 0.000000 1.000000
vn 0.000000 0.000000 1.000000
vn 0.000000 0.000000 1.000000
vn 0.000000 0.000000 1.000000
vn 0.000000 0.000000 1.000000
vn 0.000000 0.000000 1.000000
vn 0.000000 0.000000 1.000000
vn 0.000000 0.000000 1.000000
vn 0.000000 0.000000 1.000000
vn 0.000000 0.000000 1.000000
vn 0.000000 0.000000 1.000000
vn 0.000000 0.000000 1.000000
vn 0.000000 0.000000 1.000000
vn 0.000000 0.000000 1.000000
vn 0.000000 0.000000 1.000000
vn 0.000000 0.000000 1.000000
vn 0.000000 0.000000 1.000000
vn 0.000000 0.000000 1.000000
vn 0.000000 0.000000 1.000000
vn 0.000000 0.000000 1.000000
vn 0.000000 0.000000 1.000000
vn 0.000000 0.000000 1.000000
vn 0.000000 0.000000 1.000000
vn 0.000000 0.000000 1.000000
vn 0.000000 0.000000 1.000000
vn 0.000000 0.000000 1.000000
vn 0.000000 0.000000 1.000000
vn 0.000000 0.000000 1.000000
vn 0.000000 0.000000 1.000000
vn 0.000000 0.000000 1.000000
vn 0.000000 0.000000 1.000000
vn 0.000000 0.000000 1.000000
vn 0.000000 0.000000 1.000000
vn 0.000000 0.000000 1.000000
vn 0.000000 0.000000 1.000000
vn 0.000000 0.000000 1.000000
vn 0.000000 0.000000 1.000000
vn 0.000000 0.000000 1.000000
vn 0.000000 0.000000 1.000000
vn 0.000000 0.000000 1.000000
vn 0.000000 0.000000 1.000000
vn 0.000000 0.000000 1.000000
vn 0.000000 0.000000 1.000000
vn 0.000000 0.000000 1.000000
vn 0.000000 0.000000 1.000000
vn 0.000000 0.000000 1.000000
vn 0.000000 0.000000 1.000000
vn 0.000000 0.000000 1.000000
vn 0.000000 0.000000 1.000000
vn 0.000000 0.000000 1.000000
vn 0.000000 0.000000 1.000000
vn 0.000000 0.000000 1.000000
vn 0.000000 0.000000 1.000000
vn 0.000000 0.000000 1.000000
vn 0.000000 0.000000 1.000000
vn 0.000000 0.000000 1.000000
vn 0.000000 0.000000 1.000000
vn 0.000000 0.000000 1.000000
vn 0.000000 0.000000 1.000000
vn 0.000000 0.000000 1.000000
vn 0.000000 0.000000 1.000000
vn 0.000000 0.000000 1.000000
vn 0.000000 0.000000 1.000000
vn 0.000000 0.000000 1.000000
vn 0.000000 0.000000 1.000000
vn 0.000000 0.000000 1.000000
vn 0.000000 0.000000 1.000000
vn 0.000000 0.000000 1.000000
vn 0.000000 0.000000 1.000000
vn 0.000000 0.000000 1.000000
vn 0.000000 0.000000 1.000000
vn 0.000000 0.000000 1.000000
vn 0.000000 0.000000 1.000000
vn 0.000000 0.000000 1.000000
vn 0.000000 0.000000 1.000000
vn 0.000000 0.000000 1.000000
vn 0.000000 0.000000 1.000000
vn 0.000000 0.000000 1.000000
vn 0.000000 0.000000 1.000000
vn 0.000000 0.000000 1.000000
vn 0.000000 0.000000 1.000000
vn 0.000000 0.000000 1.000000
vn 0.000000 0.000000 1.000000
vn 0.000000 0.000000 1.000000
vn 0.000000 0.000000 1.000000
vn 0.000000 0.000000 1.000000
vn 0.000000 0.000000 1.000000
vn 0.000000 0.000000 1.000000
vn 0.000000 0.000000 1.000000
vn 0.000000 0.000000 1.000000
vn 0.000000 0.000000 1.000000
vn 0.000000 0.000000 1.000000
vn 0.000000 0.000000 1.000000
vn 0.000000 0.000000 1.000000
vn 0.000000 0.000000 1.000000
vn 0.000000 0.000000 1.000000
vn 0.000000 0.000000 1.000000
vn 0.000000 0.000000 1.000000
vn 0.000000 0.000000 1.000000
vn 0.000000 0.000000 1.000000
vn 0.000000 0.000000 1.000000
vn 0.000000 0.000000 1.000000
vn 0.000000 0.000000 1.000000
vn 0.000000 0.000000 1.000000
vn 0.000000 0.000000 1.000000
vn 0.000000 0.000000 1.000000
vn 0.000000 0.000000 1.000000
vn 0.000000 0.000000 1.000000
vn 0.000000 0.000000 1.000000
vn 0.000000 0.000000 1.000000
vn 0.000000 0.000000 1.000000
vn 0.000000 0.000000 1.000000
vn 0.000000 0.000000 1.000000
vn 0.000000 0.000000 1.000000
vn 0.000000 0.000000 1.000000
vn 0.000000 0.000000 1.000000
vn 0.000000 0.000000 1.000000
vn 0.000000 0.000000 1.000000
vn 0.000000 0.000000 1.000000
vn 0.000000 0.000000 1.000000
vn 0.000000 0.000000 1.000000
vn 0.000000 0.000000 1.000000
vn 0.000000 0.000000 1.000000
vn 0.000000 0.000000 1.000000
vn 0.000000 0.000000 1.000000
vn 0.000000 0.000000 1.000000
vn 0.000000 0.000000 1.000000
vn 0.000000 0.000000 1.000000
vn 0.000000 0.000000 1.000000
vn 0.000000 0.000000 1.000000
vn 0.000000 0.000000 1.000000
vn 0.000000 0.000000 1.000000
vn 0.000000 0.000000 1.000000
vn 0.000000 0.000000 1.000000
vn 0.000000 0.000000 1.000000
vn 0.000000 0.000000 1.000000
vn 0.000000 0.000000 1.000000
vn 0.000000 0.000000 1.000000
vn 0.000000 0.000000 1.000000
vn 0.000000 0.000000 1.000000
vn 0.000000 0.000000 1.000000
vn 0.000000 0.000000 1.000000
vn 0.000000 0.000000 1.000000
vn 0.000000 0.000000 1.000000
vn 0.000000 0.000000 1.000000
vn 0.000000 0.000000 1.000000
vn 0.000000 0.000000 1.000000
vn 0.000000 0.000000 1.000000
vn 0.000000 0.000000 1.000000
vn 0.000000 0.000000 1.000000
vn 0.000000 0.000000 1.000000
vn 0.000000 0.000000 1.000000
vn 0.000000 0.000000 1.000000
vn 0.000000 0.000000 1.000000
vn 0.000000 0.000000 1.000000
vn 0.000000 0.000000 1.000000
vn 0.000000 0.000000 1.000000
vn 0.000000 0.000000 1.000000
vn 0.000000 0.000000 1.000000
vn 0.000000 0.000000 1.000000
vn 0.000000 0.000000 1.000000
vn 0.000000 0.000000 1.000000
vn 0.000000 0.000000 1.000000
vn 0.000000 0.000000 1.000000
vn 0.000000 0.000000 1.000000
vn 0.000000 0.000000 1.000000
vn 0.000000 0.000000 1.000000
vn 0.000000 0.000000 1.000000
vn 0.000000 0.000000 1.000000
vn 0.000000 0.000000 1.000000
vn 0.000000 0.000000 1.000000
vn 0.000000 0.000000 1.000000
vn 0.000000 0.000000 1.000000
vn 0.000000 0.000000 1.000000
vn 0.000000 0.000000 1.000000
vn 0.000000 0.000000 1.000000
vn 0.000000 0.000000 1.000000
vn 0.000000 0.000000 1.000000
vn 0.000000 0.000000 1.000000
vn 0.000000 0.000000 1.000000
vn 0.000000 0.000000 1.000000
vn 0.000000 0.000000 1.000000
vn 0.000000 0.000000 1.000000
vn 0.000000 0.000000 1.000000
vn 0.000000 0.000000 1.000000
vn 0.000000 0.000000 1.000000
vn 0.000000 0.000000 1.000000
vn 0.000000 0.000000 1.000000
vn 0.000000 0.000000 1.000000
vn 0.000000 0.000000 1.000000
vn 0.000000 0.000000 1.000000
vn 0.000000 0.000000 1.000000
vn 0.000000 0.000000 1.000000
vn 0.000000 0.000000 1.000000
vn 0.000000 0.000000 1.000000
vn 0.000000 0.000000 1.000000
vn 0.000000 0.000000 1.000000
vn 0.000000 0.000000 1.000000
vn 0.000000 0.000000 1.000000
vn 0.000000 0.000000 1.000000
vn 0.000000 0.000000 1.000000
vn 0.000000 0.000000 1.000000
vn 0.000000 0.000000 1.000000
vn 0.000000 0.000000 1.000000
vn 0.000000 0.000000 1.000000
vn 0.000000 0.000000 1.000000
vn 0.000000 0.000000 1.000000
vn 0.000000 0.000000 1.000000
vn 0.000000 0.000000 1.000000
vn 0.000000 0.000000 1.000000
vn 0.000000 0.000000 1.000000
vn 0.000000 0.000000 1.000000
vn 0.000000 0.000000 1.000000
vn 0.000000 0.000000 1.000000
vn 0.000000 0.000000 1.000000
vn 0.000000 0.000000 1.000000
vn 0.000000 0.000000 1.000000
vn 0.000000 0.000000 1.000000
vn 0.000000 0.000000 1.000000
vn 0.000000 0.000000 1.000000
vn 0.000000 0.000000 1.000000
vn 0.000000 0.000000 1.000000
vn 0.000000 0.000000 1.000000
vn 0.000000 0.000000 1.000000
vn 0.000000 0.000000 1.000000
vn 0.000000 0.000000 1.000000
vn 0.000000 0.000000 1.000000
vn 0.000000 0.000000 1.000000
vn 0.000000 0.000000 1.000000
vn 0.000000 0.000000 1.000000
vn 0.000000 0.000000 1.000000
vn 0.000000 0.000000 1.000000
vn 0.000000 0.000000 1.000000
vn 0.000000 0.000000 1.000000
vn 0.000000 0.000000 1.000000
vn 0.000000 0.000000 1.000000
vn 0.000000 0.000000 1.000000
vn 0.000000 0.000000 1.000000
vn 0.000000 0.000000 1.000000
vn 0.000000 0.000000 1.000000
vn 0.000000 0.000000 1.000000
vn 0.000000 0.000000 1.000000
vn 0.000000 0.000000 1.000000
vn 0.000000 0.000000 1.000000
vn 0.000000 0.000000 1.000000
vn 0.000000 0.000000 1.000000
vn 0.000000 0.000000 1.000000
vn 0.000000 0.000000 1.000000
vn 0.000000 0.000000 1.000000
vn 0.000000 0.000000 1.000000
vn 0.000000 0.000000 1.000000
vn 0.000000 0.000000 1.000000
vn 0.000000 0.000000 1.000000
vn 0.000000 0.000000 1.000000
vn 0.000000 0.000000 1.000000
vn 0.000000 0.000000 1.000000
vn 0.000000 0.000000 1.000000
vn 0.000000 0.000000 1.000000
vn 0.000000 0.000000 1.000000
vn 0.000000 0.000000 1.000000
vn 0.000000 0.000000 1.000000
vn 0.000000 0.000000 1.000000
vn 0.000000 0.000000 1.000000
vn 0.000000 0.000000 1.000000
vn 0.000000 0.000000 1.000000
vn 0.000000 0.000000 1.000000
vn 0.000000 0.000000 1.000000
vn 0.000000 0.000000 1.000000
vn 0.000000 0.000000 1.000000
vn 0.000000 0.000000 1.000000
vn 0.000000 0.000000 1.000000
vn 0.000000 0.000000 1.000000
vn 0.000000 0.000000 1.000000
vn 0.000000 0.000000 1.000000
vn 0.000000 0.000000 1.000000
vn 0.000000 0.000000 1.000000
vn 0.000000 0.000000 1.000000
vn 0.000000 0.000000 1.000000
vn 0.000000 0.000000 1.000000
vn 0.000000 0.000000 1.000000
vn 0.000000 0.000000 1.000000
vn 0.000000 0.000000 1.000000
vn 0.000000 0.000000 1.000000
vn 0.000000 0.000000 1.000000
vn 0.000000 0.000000 1.000000
vn 0.000000 0.000000 1.000000
vn 0.000000 0.000000 1.000000
vn 0.000000 0.000000 1.000000
vn 0.000000 0.000000 1.000000
vn 0.000000 0.000000 1.000000
vn 0.000000 0.000000 1.000000
vn 0.000000 0.000000 1.000000
vn 0.000000 0.000000 1.000000
vn 0.000000 0.000000 1.000000
vn 0.000000 0.000000 1.000000
vn 0.000000 0.000000 1.000000
vn 0.000000 0.000000 1.000000
vn 0.000000 0.000000 1.000000
vn 0.000000 0.000000 1.000000
vn 0.000000 0.000000 1.000000
vn 0.000000 0.000000 1.000000
vn 0.000000 0.000000 1.000000
vn 0.000000 0.000000 1.000000
vn 0.000000 0.000000 1.000000
vn 0.000000 0.000000 1.000000
vn 0.000000 0.000000 1.000000
vn 0.000000 0.000000 1.000000
vn 0.000000 0.000000 1.000000
vn 0.000000 0.000000 1.000000
vn 0.000000 0.000000 1.000000
vn 0.000000 0.000000 1.000000
vn 0.000000 0.000000 1.000000
vn 0.000000 0.000000 1.000000
vn 0.000000 0.000000 1.000000
vn 0.000000 0.000000 1.000000
vn 0.000000 0.000000 1.000000
vn 0.000000 0.000000 1.000000
vn 0.000000 0.000000 1.000000
vn 0.000000 0.000000 1.000000
vn 0.000000 0.000000 1.000000
vn 0.000000 0.000000 1.000000
vn 0.000000 0.000000 1.000000
vn 0.000000 0.000000 1.000000
vn 0.000000 0.000000 1.000000
vn 0.000000 0.000000 1.000000
vn 0.000000 0.000000 1.000000
vn 0.000000 0.000000 1.000000
vn 0.000000 0.000000 1.000000
vn 0.000000 0.000000 1.000000
vn 0.000000 0.000000 1.000000
vn 0.000000 0.000000 1.000000
vn 0.000000 0.000000 1.000000
vn 0.000000 0.000000 1.000000
vn 0.000000 0.000000 1.000000
vn 0.000000 0.000000 1.000000
vn 0.000000 0.000000 1.000000
vn 0.000000 0.000000 1.000000
vn 0.000000 0.000000 1.000000
vn 0.000000 0.000000 1.000000
vn 0.000000 0.000000 1.000000
vn 0.000000 0.000000 1.000000
vn 0.000000 0.000000 1.000000
vn 0.000000 0.000000 1.000000
vn 0.000000 0.000000 1.000000
vn 0.000000 0.000000 1.000000
vn 0.000000 0.000000 1.000000
vn 0.000000 0.000000 1.000000
vn 0.000000 0.000000 1.000000
vn 0.000000 0.000000 1.000000
vn 0.000000 0.000000 1.000000
vn 0.000000 0.000000 1.000000
vn 0.000000 0.000000 1.000000
vn 0.000000 0.000000 1.000000
vn 0.000000 0.000000 1.000000
vn 0.000000 0.000000 1.000000
vn 0.000000 0.000000 1.000000
vn 0.000000 0.000000 1.000000
vn 0.000000 0.000000 1.000000
vn 0.000000 0.000000 1.000000
vn 0.000000 0.000000 1.000000
vn 0.000000 0.000000 1.000000
vn 0.000000 0.000000 1.000000
vn 0.000000 0.000000 1.000000
vn 0.000000 0.000000 1.000000
vn 0.000000 0.000000 1.000000
vn 0.000000 0.000000 1.000000
vn 0.000000 0.000000 1.000000
vn 0.000000 0.000000 1.000000
vn 0.000000 0.000000 1.000000
vn 0.000000 0.000000 1.000000
vn 0.000000 0.000000 1.000000
vn 0.000000 0.000000 1.000000
vn 0.000000 0.000000 1.000000
vn 0.000000 0.000000 1.000000
vn 0.000000 0.000000 1.000000
vn 0.000000 0.000000 1.000000
vn 0.000000 0.000000 1.000000
vn 0.000000 0.000000 1.000000
vn 0.000000 0.000000 1.000000
vn 0.000000 0.000000 1.000000
vn 0.000000 0.000000 1.000000
vn 0.000000 0.000000 1.000000
vn 0.000000 0.000000 1.000000
vn 0.000000 0.000000 1.000000
vn 0.000000 0.000000 1.000000
vn 0.000000 0.000000 1.000000
vn 0.000000 0.000000 1.000000
vn 0.000000 0.000000 1.000000
vn 0.000000 0.000000 1.000000
vn 0.000000 0.000000 1.000000
vn 0.000000 0.000000 1.000000
vn 0.000000 0.000000 1.000000
vn 0.000000 0.000000 1.000000
vn 0.000000 0.000000 1.000000
vn 0.000000 0.000000 1.000000
vn 0.000000 0.000000 1.000000
vn 0.000000 0.000000 1.000000
vn 0.000000 0.000000 1.000000
vn 0.000000 0.000000 1.000000
vn 0.000000 0.000000 1.000000
vn 0.000000 0.000000 1.000000
vn 0.000000 0.000000 1.000000
vn 0.000000 0.000000 1.000000
vn 0.000000 0.000000 1.000000
vn 0.000000 0.000000 1.000000
vn 0.000000 0.000000 1.000000
vn 0.000000 0.000000 1.000000
vn 0.000000 0.000000 1.000000
vn 0.000000 0.000000 1.000000
vn 0.000000 0.000000 1.000000
vn 0.000000 0.000000 1.000000
vn 0.000000 0.000000 1.000000
vn 0.000000 0.000000 1.000000
vn 0.000000 0.000000 1.000000
vn 0.000000 0.000000 1.000000
vn 0.000000 0.000000 1.000000
vn 0.000000 0.000000 1.000000
vn 0.000000 0.000000 1.000000
vn 0.000000 0.000000 1.000000
vn 0.000000 0.000000 1.000000
vn 0.000000 0.000000 1.000000
vn 0.000000 0.000000 1.000000
vn 0.000000 0.000000 1.000000
vn 0.000000 0.000000 1.000000
vn 0.000000 0.000000 1.000000
vn 0.000000 0.000000 1.000000
vn 0.000000 0.000000 1.000000
vn 0.000000 0.000000 1.000000
vn 0.000000 0.000000 1.000000
vn 0.000000 0.000000 1.000000
vn 0.000000 0.000000 1.000000
vn 0.000000 0.000000 1.000000
vn 0.000000 0.000000 1.000000
vn 0.000000 0.000000 1.000000
vn 0.000000 0.000000 1.000000
vn 0.000000 0.000000 1.000000
vn 0.000000 0.000000 1.000000
vn 0.000000 0.000000 1.000000
vn 0.000000 0.000000 1.000000
vn 0.000000 0.000000 1.000000
vn 0.000000 0.000000 1.000000
vn 0.000000 0.000000 1.000000
vn 0.000000 0.000000 1.000000
vn 0.000000 0.000000 1.000000
vn 0.000000 0.000000 1.000000
vn 0.000000 0.000000 1.000000
vn 0.000000 0.000000 1.000000
vn 0.000000 0.000000 1.000000
vn 0.000000 0.000000 1.000000
vn 0.000000 0.000000 1.000000
vn 0.000000 0.000000 1.000000
vn 0.000000 0.000000 1.000000
vn 0.000000 0.000000 1.000000
vn 0.000000 0.000000 1.000000
vn 0.000000 0.000000 1.000000
vn 0.000000 0.000000 1.000000
vn 0.000000 0.000000 1.000000
vn 0.000000 0.000000 1.000000
vn 0.000000 0.000000 1.000000
vn 0.000000 0.000000 1.000000
vn 0.000000 0.000000 1.000000
vn 0.000000 0.000000 1.000000
vn 0.000000 0.000000 1.000000
vn 0.000000 0.000000 1.000000
vn 0.000000 0.000000 1.000000
vn 0.000000 0.000000 1.000000
vn 0.000000 0.000000 1.000000
vn 0.000000 0.000000 1.000000
vn 0.000000 0.000000 1.000000
vn 0.000000 0.000000 1.000000
vn 0.000000 0.000000 1.000000
vn 0.000000 0.000000 1.000000
vn 0.000000 0.000000 1.000000
vn 0.000000 0.000000 1.000000
vn 0.000000 0.000000 1.000000
vn 0.000000 0.000000 1.000000
vn 0.000000 0.000000 1.000000
vn 0.000000 0.000000 1.000000
vn 0.000000 0.000000 1.000000
vn 0.000000 0.000000 1.000000
vn 0.000000 0.000000 1.000000
vn 0.000000 0.000000 1.000000
vn 0.000000 0.000000 1.000000
vn 0.000000 0.000000 1.000000
vn 0.000000 0.000000 1.000000
vn 0.000000 -0.000000 1.000000
vn 0.000000 -0.000000 1.000000
vn 0.000000 0.000000 1.000000
vn 0.000000 0.000000 1.000000
vn 0.000000 0.000000 1.000000
vn 0.000000 0.000000 1.000000
vn 0.000000 0.000000 1.000000
vn 0.000000 0.000000 1.000000
vn 0.000000 0.000000 1.000000
vn 0.000000 -0.000000 1.000000
vn 0.000000 -0.000000 1.000000
vn 0.000000 0.000000 1.000000
vn 0.000000 0.000000 1.000000
vn 0.000000 0.000000 1.000000
vn 0.000000 0.000000 1.000000
vn 0.000000 0.000000 1.000000
vn 0.000000 0.000000 1.000000
vn 0.000000 0.000000 1.000000
vn 0.000000 0.000000 1.000000
vn 0.000000 0.000000 1.000000
vn 0.000000 0.000000 1.000000
vn 0.000000 0.000000 1.000000
vn 0.000000 0.000000 1.000000
vn 0.000000 0.000000 1.000000
vn 0.000000 0.000000 1.000000
vn 0.000000 0.000000 1.000000
vn 0.000000 0.000000 1.000000
vn 0.000000 0.000000 1.000000
vn 0.000000 0.000000 1.000000
vn 0.000000 0.000000 1.000000
vn 0.000000 0.000000 1.000000
vn 0.000000 0.000000 1.000000
vn 0.000000 0.000000 1.000000
vn 0.000000 0.000000 1.000000
vn 0.000000 0.000000 1.000000
vn 0.000000 0.000000 1.000000
vn 0.000000 0.000000 1.000000
vn 0.000000 0.000000 1.000000
vn 0.000000 0.000000 1.000000
vn 0.000000 0.000000 1.000000
vn 0.000000 0.000000 1.000000
vn 0.000000 0.000000 1.000000
vn 0.000000 0.000000 1.000000
vn 0.000000 0.000000 1.000000
vn 0.000000 0.000000 1.000000
vn 0.000000 0.000000 1.000000
vn 0.000000 0.000000 1.000000
vn 0.000000 0.000000 1.000000
vn 0.000000 0.000000 1.000000
vn 0.000000 0.000000 1.000000
vn 0.000000 0.000000 1.000000
vn 0.000000 0.000000 1.000000
vn 0.000000 0.000000 1.000000
vn 0.000000 0.000000 1.000000
vn 0.000000 0.000000 1.000000
vn 0.000000 0.000000 1.000000
vn 0.000000 0.000000 1.000000
vn 0.000000 -0.000000 1.000000
vn 0.000000 0.000000 1.000000
vn 0.000000 0.000000 1.000000
vn 0.000000 0.000000 1.000000
vn 0.000000 0.000000 1.000000
vn 0.000000 0.000000 1.000000
vn 0.000000 0.000000 1.000000
vn 0.000000 0.000000 1.000000
vn 0.000000 0.000000 1.000000
vn 0.000000 0.000000 1.000000
vn 0.000000 0.000000 1.000000
vn 0.000000 0.000000 1.000000
vn 0.000000 0.000000 1.000000
vn 0.000000 0.000000 1.000000
vn 0.000000 0.000000 1.000000
vn 0.000000 0.000000 1.000000
vn 0.000000 0.000000 1.000000
vn 0.000000 0.000000 1.000000
vn 0.000000 0.000000 1.000000
vn 0.000000 0.000000 1.000000
vn 0.000000 0.000000 1.000000
vn 0.000000 0.000000 1.000000
vn 0.000000 0.000000 1.000000
vn 0.000000 0.000000 1.000000
vn 0.000000 0.000000 1.000000
vn 0.000000 0.000000 1.000000
vn 0.000000 0.000000 1.000000
vn 0.000000 0.000000 1.000000
vn 0.000000 0.000000 1.000000
vn 0.000000 0.000000 1.000000
vn 0.000000 0.000000 1.000000
vn 0.000000 0.000000 1.000000
vn 0.000000 0.000000 1.000000
vn 0.000000 0.000000 1.000000
vn 0.000000 0.000000 1.000000
vn 0.000000 0.000000 1.000000
vn 0.000000 0.000000 1.000000
vn 0.000000 0.000000 1.000000
vn 0.000000 0.000000 1.000000
vn 0.000000 0.000000 1.000000
vn 0.000000 0.000000 1.000000
vn 0.000000 0.000000 1.000000
vn 0.000000 0.000000 1.000000
vn 0.000000 0.000000 1.000000
vn 0.000000 1.000000 0.000000
vn 0.000000 1.000000 -0.000000
vn 0.000000 0.000000 1.000000
vn 0.000000 0.000000 1.000000
vn 0.000000 -1.000000 0.000000
vn 0.000000 -1.000000 0.000000
vn 1.000000 0.000000 0.000000
vn 1.000000 0.000000 0.000000
vn 0.000000 0.000000 1.000000
vn 0.000000 0.000000 1.000000
vn -1.000000 0.000000 0.000000
vn -1.000000 0.000000 0.000000
vn 0.000000 1.000000 0.000000
vn 0.000000 1.000000 -0.000000
vn 0.000000 0.000000 1.000000
vn 0.000000 0.000000 1.000000
vn 0.000000 -1.000000 0.000000
vn 0.000000 -1.000000 0.000000
vn 0.000000 1.000000 0.000000
vn 0.000000 1.000000 -0.000000
vn 0.000000 0.000000 1.000000
vn 0.000000 0.000000 1.000000
vn 0.000000 -1.000000 0.000000
vn 0.000000 -1.000000 0.000000
vn 0.000000 1.000000 0.000000
vn 0.000000 1.000000 -0.000000
vn 0.000000 0.000000 1.000000
vn 0.000000 0.000000 1.000000
vn 0.000000 -1.000000 0.000000
vn 0.000000 -1.000000 0.000000
vn 0.000000 1.000000 0.000000
vn 0.000000 1.000000 -0.000000
vn 0.000000 0.000000 1.000000
vn 0.000000 0.000000 1.000000
vn 0.000000 -1.000000 0.000000
vn 0.000000 -1.000000 0.000000
vn 0.000000 0.000000 -1.000000
vn 0.000000 0.000000 -1.000000
vn 0.000000 -0.000000 -1.000000
vn 0.000000 0.000000 -1.000000
vn 0.000000 0.000000 -1.000000
vn 0.000000 0.000000 -1.000000
vn 0.000000 0.000000 -1.000000
vn 0.000000 0.000000 -1.000000
vn 0.000000 0.000000 -1.000000
vn 0.000000 0.000000 -1.000000
vn 0.000000 -0.000000 -1.000000
vn 0.000000 -0.000000 -1.000000
vn 0.000000 -0.000000 -1.000000
vn 0.000000 0.000000 -1.000000
vn 0.000000 0.000000 -1.000000
vn 0.000000 0.000000 -1.000000
vn 0.000000 0.000000 -1.000000
vn 0.000000 0.000000 -1.000000
vn 0.000000 -0.000000 -1.000000
vn 0.000000 -0.000000 -1.000000
vn 0.000000 0.000000 -1.000000
vn 0.000000 0.000000 -1.000000
vn 0.000000 0.000000 -1.000000
vn 0.000000 0.000000 -1.000000
vn 0.000000 0.000000 -1.000000
vn 0.000000 -0.000000 -1.000000
vn 0.000000 0.000000 -1.000000
vn 0.000000 0.000000 -1.000000
vn 0.000000 0.000000 -1.000000
vn 0.000000 0.000000 -1.000000
vn 0.000000 0.000000 -1.000000
vn 0.000000 0.000000 -1.000000
vn 0.000000 0.000000 -1.000000
vn 0.000000 0.000000 -1.000000
vn 0.000000 0.000000 -1.000000
vn 0.000000 0.000000 -1.000000
vn 0.000000 0.000000 -1.000000
vn 0.000000 0.000000 -1.000000
vn 0.000000 -0.000000 -1.000000
vn 0.000000 0.000000 -1.000000
vn 0.000000 0.000000 -1.000000
vn 0.000000 0.000000 -1.000000
vn 0.000000 0.000000 -1.000000
vn 0.000000 0.000000 -1.000000
vn 0.000000 0.000000 -1.000000
vn 0.000000 0.000000 -1.000000
vn 0.000000 -0.000000 -1.000000
vn 0.000000 0.000000 -1.000000
vn 0.000000 0.000000 -1.000000
vn 0.000000 0.000000 -1.000000
vn 0.000000 0.000000 -1.000000
vn 0.000000 0.000000 -1.000000
vn 0.000000 0.000000 -1.000000
vn 0.000000 0.000000 -1.000000
vn 0.000000 0.000000 -1.000000
vn 0.000000 0.000000 -1.000000
vn 0.000000 0.000000 -1.000000
vn 0.000000 0.000000 -1.000000
vn 0.000000 0.000000 -1.000000
vn 0.000000 0.000000 -1.000000
vn 0.000000 0.000000 -1.000000
vn 0.000000 0.000000 -1.000000
vn 0.000000 -0.000000 -1.000000
vn -0.000000 -0.000000 -1.000000
vn 0.000000 0.000000 -1.000000
vn 0.000000 0.000000 -1.000000
vn 0.000000 0.000000 -1.000000
vn 0.000000 0.000000 -1.000000
vn 0.000000 0.000000 -1.000000
vn 0.000000 0.000000 -1.000000
vn 0.000000 0.000000 -1.000000
vn 0.000000 0.000000 -1.000000
vn 0.000000 0.000000 -1.000000
vn 0.000000 0.000000 -1.000000
vn 0.000000 0.000000 -1.000000
vn 0.000000 0.000000 -1.000000
vn 0.000000 0.000000 -1.000000
vn 0.000000 0.000000 -1.000000
vn 0.000000 0.000000 -1.000000
vn 0.000000 0.000000 -1.000000
vn 0.000000 -0.000000 -1.000000
vn 0.000000 0.000000 -1.000000
vn 0.000000 0.000000 -1.000000
vn 0.000000 0.000000 -1.000000
vn 0.000000 -0.000000 -1.000000
vn 0.000000 0.000000 -1.000000
vn 0.000000 0.000000 -1.000000
vn 0.000000 -0.000000 -1.000000
vn 0.000000 0.000000 -1.000000
vn 0.000000 0.000000 -1.000000
vn 0.000000 0.000000 -1.000000
vn 0.000000 0.000000 -1.000000
vn 0.000000 0.000000 -1.000000
vn 0.000000 0.000000 -1.000000
vn 0.000000 0.000000 -1.000000
vn 0.000000 0.000000 -1.000000
vn 0.000000 0.000000 -1.000000
vn 0.000000 0.000000 -1.000000
vn 0.000000 -0.000000 -1.000000
vn 0.000000 0.000000 -1.000000
vn 0.000000 0.000000 -1.000000
vn 0.000000 0.000000 -1.000000
vn 0.000000 0.000000 -1.000000
vn 0.000000 0.000000 -1.000000
vn 0.000000 0.000000 -1.000000
vn 0.000000 0.000000 -1.000000
vn 0.000000 0.000000 -1.000000
vn 0.000000 0.000000 -1.000000
vn 0.000000 0.000000 -1.000000
vn 0.000000 0.000000 -1.000000
vn 0.000000 0.000000 -1.000000
vn 0.000000 -0.000000 -1.000000
vn -0.000000 -0.000000 -1.000000
vn 0.000000 0.000000 -1.000000
vn 0.000000 0.000000 -1.000000
vn 0.000000 0.000000 -1.000000
vn 0.000000 0.000000 -1.000000
vn 0.000000 0.000000 -1.000000
vn 0.000000 0.000000 -1.000000
vn 0.000000 0.000000 -1.000000
vn 0.000000 0.000000 -1.000000
vn 0.000000 0.000000 -1.000000
vn 0.000000 0.000000 -1.000000
vn 0.000000 0.000000 -1.000000
vn 0.000000 0.000000 -1.000000
vn 0.000000 0.000000 -1.000000
vn 0.000000 -0.000000 -1.000000
vn 0.000000 0.000000 -1.000000
vn 0.000000 0.000000 -1.000000
vn 0.000000 -0.000000 -1.000000
vn 0.000000 0.000000 -1.000000
vn 0.000000 0.000000 -1.000000
vn 0.000000 0.000000 -1.000000
vn 0.000000 -0.000000 -1.000000
vn 0.000000 0.000000 -1.000000
vn 0.000000 0.000000 -1.000000
vn 0.000000 0.000000 -1.000000
vn 0.000000 0.000000 -1.000000
vn 0.000000 0.000000 -1.000000
vn 0.000000 0.000000 -1.000000
vn 0.000000 0.000000 -1.000000
vn 0.000000 0.000000 -1.000000
vn 0.000000 -0.000000 -1.000000
vn 0.000000 0.000000 -1.000000
vn 0.000000 0.000000 -1.000000
vn 0.000000 0.000000 -1.000000
vn 0.000000 0.000000 -1.000000
vn 0.000000 0.000000 -1.000000
vn 0.000000 0.000000 -1.000000
vn 0.000000 0.000000 -1.000000
vn 0.000000 0.000000 -1.000000
vn 0.000000 0.000000 -1.000000
vn 0.000000 0.000000 -1.000000
vn 0.000000 0.000000 -1.000000
vn 0.000000 0.000000 -1.000000
vn 0.000000 0.000000 -1.000000
vn 0.000000 0.000000 -1.000000
vn 0.000000 0.000000 -1.000000
vn 0.000000 0.000000 -1.000000
vn 0.000000 0.000000 -1.000000
vn 0.000000 0.000000 -1.000000
vn 0.000000 0.000000 -1.000000
vn 0.000000 0.000000 -1.000000
vn 0.000000 0.000000 -1.000000
vn 0.000000 0.000000 -1.000000
vn 0.000000 0.000000 -1.000000
vn 0.000000 0.000000 -1.000000
vn 0.000000 0.000000 -1.000000
vn 0.000000 -0.000000 -1.000000
vn 0.000000 0.000000 -1.000000
vn 0.000000 0.000000 -1.000000
vn 0.000000 0.000000 -1.000000
vn 0.000000 -0.000000 -1.000000
vn 0.000000 0.000000 -1.000000
vn 0.000000 0.000000 -1.000000
vn 0.000000 0.000000 -1.000000
vn 0.000000 0.000000 -1.000000
vn 0.000000 0.000000 -1.000000
vn 0.000000 -0.000000 -1.000000
vn 0.000000 0.000000 -1.000000
vn 0.000000 0.000000 -1.000000
vn 0.000000 -0.000000 -1.000000
vn 0.000000 0.000000 -1.000000
vn 0.000000 0.000000 -1.000000
vn 0.000000 0.000000 -1.000000
vn 0.000000 0.000000 -1.000000
vn 0.000000 -0.000000 -1.000000
vn 0.000000 0.000000 -1.000000
vn 0.000000 0.000000 -1.000000
vn 0.000000 0.000000 -1.000000
vn 0.000000 -0.000000 -1.000000
vn 0.000000 0.000000 -1.000000
vn 0.000000 0.000000 -1.000000
vn 0.000000 0.000000 -1.000000
vn 0.000000 0.000000 -1.000000
vn 0.000000 0.000000 -1.000000
vn 0.000000 0.000000 -1.000000
vn 0.000000 -0.000000 -1.000000
vn 0.000000 0.000000 -1.000000
vn 0.000000 0.000000 -1.000000
vn 0.000000 0.000000 -1.000000
vn 0.000000 0.000000 -1.000000
vn 0.000000 0.000000 -1.000000
vn 0.000000 0.000000 -1.000000
vn 0.000000 0.000000 -1.000000
vn 0.000000 0.000000 -1.000000
vn 0.000000 0.000000 -1.000000
vn 0.000000 -0.000000 -1.000000
vn 0.000000 -0.000000 -1.000000
vn -0.000000 -0.000000 -1.000000
vn 0.000000 0.000000 -1.000000
vn 0.000000 0.000000 -1.000000
vn 0.000000 0.000000 -1.000000
vn 0.000000 0.000000 -1.000000
vn 0.000000 0.000000 -1.000000
vn 0.000000 0.000000 -1.000000
vn 0.000000 0.000000 -1.000000
vn 0.000000 0.000000 -1.000000
vn 0.000000 0.000000 -1.000000
vn 0.000000 0.000000 -1.000000
vn 0.000000 0.000000 -1.000000
vn 0.000000 0.000000 -1.000000
vn 0.000000 0.000000 -1.000000
vn 0.000000 0.000000 -1.000000
vn 0.000000 0.000000 -1.000000
vn 0.000000 0.000000 -1.000000
vn 0.000000 0.000000 -1.000000
vn 0.000000 0.000000 -1.000000
vn 0.000000 0.000000 -1.000000
vn 0.000000 0.000000 -1.000000
vn 0.000000 0.000000 -1.000000
vn 0.000000 0.000000 -1.000000
vn 0.000000 0.000000 -1.000000
vn 0.000000 0.000000 -1.000000
vn 0.000000 0.000000 -1.000000
vn 0.000000 0.000000 -1.000000
vn 0.000000 -0.000000 -1.000000
vn 0.000000 0.000000 -1.000000
vn 0.000000 0.000000 -1.000000
vn 0.000000 0.000000 -1.000000
vn 0.000000 -0.000000 -1.000000
vn 0.000000 0.000000 -1.000000
vn 0.000000 0.000000 -1.000000
vn 0.000000 0.000000 -1.000000
vn 0.000000 0.000000 -1.000000
vn 0.000000 0.000000 -1.000000
vn 0.000000 0.000000 -1.000000
vn 0.000000 0.000000 -1.000000
vn 0.000000 0.000000 -1.000000
vn 0.000000 0.000000 -1.000000
vn 0.000000 0.000000 -1.000000
vn 0.000000 0.000000 -1.000000
vn 0.000000 0.000000 -1.000000
vn 0.000000 0.000000 -1.000000
vn 0.000000 0.000000 -1.000000
vn 0.000000 0.000000 -1.000000
vn 0.000000 -0.000000 -1.000000
vn -0.000000 -0.000000 -1.000000
vn 0.000000 0.000000 -1.000000
vn 0.000000 0.000000 -1.000000
vn 0.000000 0.000000 -1.000000
vn 0.000000 0.000000 -1.000000
vn 0.000000 0.000000 -1.000000
vn 0.000000 0.000000 -1.000000
vn 0.000000 0.000000 -1.000000
vn 0.000000 0.000000 -1.000000
vn 0.000000 0.000000 -1.000000
vn 0.000000 0.000000 -1.000000
vn 0.000000 0.000000 -1.000000
vn 0.000000 0.000000 -1.000000
vn 0.000000 0.000000 -1.000000
vn 0.000000 0.000000 -1.000000
vn 0.000000 -0.000000 -1.000000
vn 0.000000 0.000000 -1.000000
vn 0.000000 0.000000 -1.000000
vn 0.000000 0.000000 -1.000000
vn 0.000000 0.000000 -1.000000
vn 0.000000 0.000000 -1.000000
vn 0.000000 0.000000 -1.000000
vn 0.000000 0.000000 -1.000000
vn 0.000000 0.000000 -1.000000
vn 0.000000 0.000000 -1.000000
vn 0.000000 0.000000 -1.000000
vn 0.000000 0.000000 -1.000000
vn 0.000000 0.000000 -1.000000
vn 0.000000 0.000000 -1.000000
vn 0.000000 0.000000 -1.000000
vn 0.000000 0.000000 -1.000000
vn 0.000000 0.000000 -1.000000
vn 0.000000 0.000000 -1.000000
vn 0.000000 -0.000000 -1.000000
vn 0.000000 0.000000 -1.000000
vn 0.000000 0.000000 -1.000000
vn 0.000000 0.000000 -1.000000
vn 0.000000 -0.000000 -1.000000
vn 0.000000 0.000000 -1.000000
vn 0.000000 0.000000 -1.000000
vn 0.000000 0.000000 -1.000000
vn 0.000000 0.000000 -1.000000
vn 0.000000 0.000000 -1.000000
vn 0.000000 0.000000 -1.000000
vn 0.000000 0.000000 -1.000000
vn 0.000000 0.000000 -1.000000
vn 0.000000 0.000000 -1.000000
vn 0.000000 0.000000 -1.000000
vn 0.000000 0.000000 -1.000000
vn 0.000000 0.000000 -1.000000
vn 0.000000 0.000000 -1.000000
vn 0.000000 0.000000 -1.000000
vn 0.000000 0.000000 -1.000000
vn 0.000000 0.000000 -1.000000
vn 0.000000 0.000000 -1.000000
vn 0.000000 -0.000000 -1.000000
vn 0.000000 0.000000 -1.000000
vn 0.000000 0.000000 -1.000000
vn 0.000000 0.000000 -1.000000
vn 0.000000 -0.000000 -1.000000
vn 0.000000 0.000000 -1.000000
vn 0.000000 0.000000 -1.000000
vn 0.000000 -0.000000 -1.000000
vn 0.000000 0.000000 -1.000000
vn 0.000000 0.000000 -1.000000
vn 0.000000 0.000000 -1.000000
vn 0.000000 0.000000 -1.000000
vn 0.000000 0.000000 -1.000000
vn 0.000000 0.000000 -1.000000
vn 0.000000 0.000000 -1.000000
vn 0.000000 0.000000 -1.000000
vn 0.000000 0.000000 -1.000000
vn 0.000000 0.000000 -1.000000
vn 0.000000 0.000000 -1.000000
vn 0.000000 0.000000 -1.000000
vn 0.000000 0.000000 -1.000000
vn 0.000000 0.000000 -1.000000
vn 0.000000 0.000000 -1.000000
vn 0.000000 0.000000 -1.000000
vn 0.000000 0.000000 -1.000000
vn 0.000000 0.000000 -1.000000
vn 0.000000 0.000000 -1.000000
vn 0.000000 -0.000000 -1.000000
vn 0.000000 0.000000 -1.000000
vn 0.000000 0.000000 -1.000000
vn 0.000000 0.000000 -1.000000
vn 0.000000 0.000000 -1.000000
vn 0.000000 0.000000 -1.000000
vn 0.000000 0.000000 -1.000000
vn 0.000000 -0.000000 -1.000000
vn 0.000000 0.000000 -1.000000
vn 0.000000 0.000000 -1.000000
vn 0.000000 -0.000000 -1.000000
vn 0.000000 0.000000 -1.000000
vn 0.000000 -0.000000 -1.000000
vn 0.000000 0.000000 -1.000000
vn 0.000000 0.000000 -1.000000
vn 0.000000 0.000000 -1.000000
vn 0.000000 0.000000 -1.000000
vn 0.000000 -0.000000 -1.000000
vn 0.000000 0.000000 -1.000000
vn 0.000000 0.000000 -1.000000
vn 0.000000 -0.000000 -1.000000
vn -0.000000 -0.000000 -1.000000
vn 0.000000 0.000000 -1.000000
vn 0.000000 0.000000 -1.000000
vn 0.000000 0.000000 -1.000000
vn 0.000000 0.000000 -1.000000
vn 0.000000 0.000000 -1.000000
vn 0.000000 0.000000 -1.000000
vn 0.000000 0.000000 -1.000000
vn 0.000000 0.000000 -1.000000
vn 0.000000 0.000000 -1.000000
vn 0.000000 0.000000 -1.000000
vn 0.000000 0.000000 -1.000000
vn 0.000000 0.000000 -1.000000
vn 0.000000 0.000000 -1.000000
vn 0.000000 0.000000 -1.000000
vn 0.000000 0.000000 -1.000000
vn 0.000000 0.000000 -1.000000
vn 0.000000 0.000000 -1.000000
vn 0.000000 0.000000 -1.000000
vn 0.000000 0.000000 -1.000000
vn 0.000000 0.000000 -1.000000
vn 0.000000 0.000000 -1.000000
vn 0.000000 -0.000000 -1.000000
vn 0.000000 0.000000 -1.000000
vn 0.000000 0.000000 -1.000000
vn 0.000000 -0.000000 -1.000000
vn 0.000000 0.000000 -1.000000
vn 0.000000 0.000000 -1.000000
vn 0.000000 0.000000 -1.000000
vn 0.000000 0.000000 -1.000000
vn 0.000000 0.000000 -1.000000
vn 0.000000 0.000000 -1.000000
vn 0.000000 0.000000 -1.000000
vn 0.000000 0.000000 -1.000000
vn 0.000000 0.000000 -1.000000
vn 0.000000 0.000000 -1.000000
vn 0.000000 0.000000 -1.000000
vn 0.000000 0.000000 -1.000000
vn 0.000000 0.000000 -1.000000
vn 0.000000 0.000000 -1.000000
vn 0.000000 0.000000 -1.000000
vn 0.000000 0.000000 -1.000000
vn 0.000000 0.000000 -1.000000
vn 0.000000 -0.000000 -1.000000
vn 0.000000 0.000000 -1.000000
vn 0.000000 0.000000 -1.000000
vn 0.000000 0.000000 -1.000000
vn 0.000000 -0.000000 -1.000000
vn 0.000000 0.000000 -1.000000
vn 0.000000 0.000000 -1.000000
vn 0.000000 0.000000 -1.000000
vn 0.000000 -0.000000 -1.000000
vn 0.000000 0.000000 -1.000000
vn 0.000000 0.000000 -1.000000
vn 0.000000 -0.000000 -1.000000
vn 0.000000 0.000000 -1.000000
vn 0.000000 0.000000 -1.000000
vn 0.000000 0.000000 -1.000000
vn 0.000000 0.000000 -1.000000
vn 0.000000 0.000000 -1.000000
vn 0.000000 0.000000 -1.000000
vn 0.000000 0.000000 -1.000000
vn 0.000000 0.000000 -1.000000
vn 0.000000 0.000000 -1.000000
vn 0.000000 -0.000000 -1.000000
vn 0.000000 0.000000 -1.000000
vn 0.000000 0.000000 -1.000000
vn 0.000000 0.000000 -1.000000
vn 0.000000 0.000000 -1.000000
vn 0.000000 0.000000 -1.000000
vn 0.000000 0.000000 -1.000000
vn 0.000000 -0.000000 -1.000000
vn 0.000000 0.000000 -1.000000
vn 0.000000 0.000000 -1.000000
vn 0.000000 0.000000 -1.000000
vn 0.000000 0.000000 -1.000000
vn 0.000000 0.000000 -1.000000
vn 0.000000 0.000000 -1.000000
vn 0.000000 -0.000000 -1.000000
vn 0.000000 0.000000 -1.000000
vn 0.000000 0.000000 -1.000000
vn 0.000000 0.000000 -1.000000
vn 0.000000 0.000000 -1.000000
vn 0.000000 -0.000000 -1.000000
vn 0.000000 0.000000 -1.000000
vn 0.000000 0.000000 -1.000000
vn 0.000000 -0.000000 -1.000000
vn -0.000000 -0.000000 -1.000000
vn 0.000000 0.000000 -1.000000
vn 0.000000 0.000000 -1.000000
vn 0.000000 0.000000 -1.000000
vn 0.000000 0.000000 -1.000000
vn 0.000000 0.000000 -1.000000
vn 0.000000 0.000000 -1.000000
vn 0.000000 0.000000 -1.000000
vn 0.000000 0.000000 -1.000000
vn 0.000000 0.000000 -1.000000
vn 0.000000 0.000000 -1.000000
vn 0.000000 0.000000 -1.000000
vn 0.000000 0.000000 -1.000000
vn 0.000000 0.000000 -1.000000
vn 0.000000 0.000000 -1.000000
vn 0.000000 0.000000 -1.000000
vn 0.000000 0.000000 -1.000000
vn 0.000000 0.000000 -1.000000
vn 0.000000 0.000000 -1.000000
vn 0.000000 -0.000000 -1.000000
vn 0.000000 0.000000 -1.000000
vn 0.000000 -0.000000 -1.000000
vn 0.000000 0.000000 -1.000000
vn 0.000000 0.000000 -1.000000
vn 0.000000 0.000000 -1.000000
vn 0.000000 0.000000 -1.000000
vn 0.000000 0.000000 -1.000000
vn 0.000000 0.000000 -1.000000
vn 0.000000 0.000000 -1.000000
vn 0.000000 0.000000 -1.000000
vn 0.000000 0.000000 -1.000000
vn 0.000000 0.000000 -1.000000
vn 0.000000 -0.000000 -1.000000
vn 0.000000 0.000000 -1.000000
vn 0.000000 0.000000 -1.000000
vn 0.000000 0.000000 -1.000000
vn 0.000000 0.000000 -1.000000
vn 0.000000 0.000000 -1.000000
vn 0.000000 0.000000 -1.000000
vn 0.000000 0.000000 -1.000000
vn 0.000000 0.000000 -1.000000
vn 0.000000 0.000000 -1.000000
vn 0.000000 0.000000 -1.000000
vn 0.000000 0.000000 -1.000000
vn 0.000000 0.000000 -1.000000
vn 0.000000 -0.000000 -1.000000
vn 0.000000 0.000000 -1.000000
vn 0.000000 0.000000 -1.000000
vn 0.000000 0.000000 -1.000000
vn 0.000000 -0.000000 -1.000000
vn 0.000000 0.000000 -1.000000
vn 0.000000 0.000000 -1.000000
vn 0.000000 0.000000 -1.000000
vn 0.000000 0.000000 -1.000000
vn 0.000000 0.000000 -1.000000
vn 0.000000 -0.000000 -1.000000
vn 0.000000 0.000000 -1.000000
vn 0.000000 0.000000 -1.000000
vn 0.000000 0.000000 -1.000000
vn 0.000000 0.000000 -1.000000
vn 0.000000 0.000000 -1.000000
vn 0.000000 0.000000 -1.000000
vn 0.000000 0.000000 -1.000000
vn 0.000000 -0.000000 -1.000000
vn 0.000000 0.000000 -1.000000
vn 0.000000 0.000000 -1.000000
vn 0.000000 0.000000 -1.000000
vn 0.000000 0.000000 -1.000000
vn 0.000000 0.000000 -1.000000
vn 0.000000 -0.000000 -1.000000
vn 0.000000 0.000000 -1.000000
vn 0.000000 0.000000 -1.000000
vn 0.000000 0.000000 -1.000000
vn 0.000000 0.000000 -1.000000
vn 0.000000 0.000000 -1.000000
vn 0.000000 0.000000 -1.000000
vn 0.000000 0.000000 -1.000000
vn 0.000000 0.000000 -1.000000
vn 0.000000 -0.000000 -1.000000
vn 0.000000 0.000000 -1.000000
vn 0.000000 0.000000 -1.000000
vn 0.000000 -0.000000 -1.000000
vn 0.000000 0.000000 -1.000000
vn 0.000000 0.000000 -1.000000
vn 0.000000 0.000000 -1.000000
vn 0.000000 0.000000 -1.000000
vn 0.000000 -0.000000 -1.000000
vn 0.000000 0.000000 -1.000000
vn 0.000000 0.000000 -1.000000
vn -1.000000 0.000000 0.000000
vn -1.000000 0.000000 0.000000
vn 0.000000 1.000000 0.000000
vn 0.000000 1.000000 -0.000000
vn -1.000000 0.000000 0.000000
vn -1.000000 0.000000 0.000000
vn -1.000000 0.000000 0.000000
vn -1.000000 0.000000 0.000000
vn -1.000000 0.000000 0.000000
vn -1.000000 0.000000 0.000000
vn -1.000000 0.000000 0.000000
vn -1.000000 0.000000 0.000000
vn -0.999689 -0.024920 0.000000
vn -0.999689 -0.024920 0.000000
vn -0.997202 -0.074757 0.000000
vn -0.992240 -0.124336 0.000000
vn -0.997202 -0.074757 0.000000
vn -0.992240 -0.124336 0.000000
vn -0.984810 -0.173636 0.000000
vn -0.974926 -0.222528 0.000000
vn -0.984810 -0.173636 0.000000
vn -0.962623 -0.270844 0.000000
vn -0.974926 -0.222528 0.000000
vn -0.962623 -0.270844 0.000000
vn -0.947933 -0.318470 0.000000
vn -0.947933 -0.318470 0.000000
vn -0.930866 -0.365360 0.000000
vn -0.911504 -0.411292 0.000000
vn -0.930866 -0.365360 0.000000
vn -0.911504 -0.411292 0.000000
vn -0.889888 -0.456179 0.000000
vn -0.889888 -0.456179 0.000000
vn -0.866009 -0.500028 0.000000
vn -0.866009 -0.500028 0.000000
vn -0.840046 -0.542515 0.000000
vn -0.840046 -0.542515 0.000000
vn -0.811925 -0.583762 0.000000
vn -0.811925 -0.583762 0.000000
vn -0.781832 -0.623489 0.000000
vn -0.781832 -0.623489 0.000000
vn -0.749780 -0.661687 0.000000
vn -0.749780 -0.661687 0.000000
vn -0.715839 -0.698265 0.000000
vn -0.715839 -0.698265 0.000000
vn -0.680184 -0.733041 0.000000
vn -0.680184 -0.733041 0.000000
vn -0.642799 -0.766035 0.000000
vn -0.642799 -0.766035 0.000000
vn -0.603812 -0.797127 0.000000
vn -0.603812 -0.797127 0.000000
vn -0.563287 -0.826262 0.000000
vn -0.521461 -0.853275 0.000000
vn -0.563287 -0.826262 0.000000
vn -0.521461 -0.853275 0.000000
vn -0.478258 -0.878219 0.000000
vn -0.433873 -0.900974 0.000000
vn -0.478258 -0.878219 0.000000
vn -0.433873 -0.900974 0.000000
vn -0.388467 -0.921462 0.000000
vn -0.341961 -0.939714 0.000000
vn -0.388467 -0.921462 0.000000
vn -0.341961 -0.939714 0.000000
vn -0.294743 -0.955576 0.000000
vn -0.294743 -0.955576 0.000000
vn -0.246833 -0.969058 0.000000
vn -0.198125 -0.980177 0.000000
vn -0.246833 -0.969058 0.000000
vn -0.148995 -0.988838 0.000000
vn -0.198125 -0.980177 0.000000
vn -0.148995 -0.988838 0.000000
vn -0.099586 -0.995029 0.000000
vn -0.049839 -0.998757 0.000000
vn -0.099586 -0.995029 0.000000
vn -0.049839 -0.998757 0.000000
vn 0.000000 -1.000000 0.000000
vn 0.049837 -0.998757 0.000000
vn 0.000000 -1.000000 0.000000
vn 0.049837 -0.998757 0.000000
vn 0.099590 -0.995028 0.000000
vn 0.148988 -0.988839 0.000000
vn 0.099590 -0.995028 0.000000
vn 0.148988 -0.988839 0.000000
vn 0.198133 -0.980175 0.000000
vn 0.198133 -0.980175 0.000000
vn 0.246823 -0.969061 0.000000
vn 0.246823 -0.969061 0.000000
vn 0.294756 -0.955573 0.000000
vn 0.294756 -0.955573 0.000000
vn 0.341961 -0.939714 0.000000
vn 0.341961 -0.939714 0.000000
vn 0.388467 -0.921462 0.000000
vn 0.388467 -0.921462 0.000000
vn 0.433856 -0.900982 0.000000
vn 0.433856 -0.900982 0.000000
vn 0.478276 -0.878210 0.000000
vn 0.478276 -0.878210 0.000000
vn 0.521461 -0.853275 0.000000
vn 0.521461 -0.853275 0.000000
vn 0.563266 -0.826275 0.000000
vn 0.563266 -0.826275 0.000000
vn 0.603833 -0.797111 0.000000
vn 0.603833 -0.797111 0.000000
vn 0.642799 -0.766035 0.000000
vn 0.642799 -0.766035 0.000000
vn 0.680163 -0.733061 0.000000
vn 0.680163 -0.733061 0.000000
vn 0.715861 -0.698242 0.000000
vn 0.715861 -0.698242 0.000000
vn 0.749759 -0.661711 0.000000
vn 0.749759 -0.661711 0.000000
vn 0.781853 -0.623463 0.000000
vn 0.781853 -0.623463 0.000000
vn 0.811925 -0.583762 0.000000
vn 0.811925 -0.583762 0.000000
vn 0.840046 -0.542515 0.000000
vn 0.840046 -0.542515 0.000000
vn 0.866009 -0.500028 0.000000
vn 0.866009 -0.500028 0.000000
vn 0.889888 -0.456179 0.000000
vn 0.889888 -0.456179 0.000000
vn 0.911504 -0.411292 0.000000
vn 0.911504 -0.411292 0.000000
vn 0.930866 -0.365360 0.000000
vn 0.930866 -0.365360 0.000000
vn 0.947933 -0.318470 0.000000
vn 0.947933 -0.318470 0.000000
vn 0.962623 -0.270844 0.000000
vn 0.962623 -0.270844 0.000000
vn 0.974926 -0.222528 0.000000
vn 0.974926 -0.222528 0.000000
vn 0.984810 -0.173636 0.000000
vn 0.984810 -0.173636 0.000000
vn 0.992240 -0.124336 0.000000
vn 0.992240 -0.124336 0.000000
vn 0.997202 -0.074757 0.000000
vn 0.997202 -0.074757 0.000000
vn 0.999689 -0.024920 0.000000
vn 0.999689 -0.024920 0.000000
vn 0.999690 0.024918 0.000000
vn 0.999690 0.024918 -0.000000
vn 0.997202 0.074757 0.000000
vn 0.997202 0.074757 -0.000000
vn 0.992240 0.124336 0.000000
vn 0.992240 0.124336 -0.000000
vn 0.984807 0.173651 0.000000
vn 0.984807 0.173651 -0.000000
vn 0.974931 0.222509 0.000000
vn 0.974931 0.222509 -0.000000
vn 0.962623 0.270844 0.000000
vn 0.962623 0.270844 -0.000000
vn 0.947933 0.318470 0.000000
vn 0.947933 0.318470 -0.000000
vn 0.930866 0.365360 0.000000
vn 0.930866 0.365360 -0.000000
vn 0.911504 0.411292 0.000000
vn 0.911504 0.411292 -0.000000
vn 0.889870 0.456215 0.000000
vn 0.889870 0.456215 -0.000000
vn 0.866031 0.499990 0.000000
vn 0.866031 0.499990 -0.000000
vn 0.840046 0.542515 0.000000
vn 0.840046 0.542515 -0.000000
vn 0.811925 0.583762 0.000000
vn 0.811925 0.583762 -0.000000
vn 0.781819 0.623505 0.000000
vn 0.781819 0.623505 -0.000000
vn 0.749797 0.661668 0.000000
vn 0.749797 0.661668 -0.000000
vn 0.715861 0.698242 0.000000
vn 0.715861 0.698242 -0.000000
vn 0.680163 0.733061 0.000000
vn 0.680163 0.733061 -0.000000
vn 0.642799 0.766035 0.000000
vn 0.642799 0.766035 -0.000000
vn 0.603833 0.797111 0.000000
vn 0.603833 0.797111 -0.000000
vn 0.563266 0.826275 -0.000000
vn 0.563266 0.826275 0.000000
vn 0.521461 0.853275 -0.000000
vn 0.521461 0.853275 0.000000
vn 0.478276 0.878210 -0.000000
vn 0.478276 0.878210 0.000000
vn 0.433856 0.900982 -0.000000
vn 0.433856 0.900982 0.000000
vn 0.388467 0.921462 -0.000000
vn 0.388467 0.921462 0.000000
vn 0.341961 0.939714 0.000000
vn 0.341961 0.939714 -0.000000
vn 0.294756 0.955573 0.000000
vn 0.294756 0.955573 -0.000000
vn 0.246823 0.969061 0.000000
vn 0.246823 0.969061 -0.000000
vn 0.198133 0.980175 0.000000
vn 0.198133 0.980175 -0.000000
vn 0.148988 0.988839 0.000000
vn 0.148988 0.988839 -0.000000
vn 0.099590 0.995028 0.000000
vn 0.099590 0.995028 -0.000000
vn 0.049837 0.998757 -0.000000
vn 0.049837 0.998757 -0.000000
vn 0.000000 1.000000 0.000000
vn 0.000000 1.000000 -0.000000
vn -0.049839 0.998757 0.000000
vn -0.049839 0.998757 0.000000
vn -0.099586 0.995029 0.000000
vn -0.099586 0.995029 0.000000
vn -0.148995 0.988838 0.000000
vn -0.148995 0.988838 0.000000
vn -0.246833 0.969058 0.000000
vn -0.198125 0.980177 0.000000
vn -0.198125 0.980177 0.000000
vn -0.246833 0.969058 0.000000
vn -0.294743 0.955576 0.000000
vn -0.294743 0.955576 0.000000
vn -0.341961 0.939714 0.000000
vn -0.341961 0.939714 0.000000
vn -0.388467 0.921462 0.000000
vn -0.433873 0.900974 0.000000
vn -0.388467 0.921462 0.000000
vn -0.433873 0.900974 0.000000
vn -0.478258 0.878219 0.000000
vn -0.478258 0.878219 0.000000
vn -0.521461 0.853275 0.000000
vn -0.521461 0.853275 0.000000
vn -0.563287 0.826262 0.000000
vn -0.603812 0.797127 0.000000
vn -0.563287 0.826262 0.000000
vn -0.603812 0.797127 0.000000
vn -0.642799 0.766035 0.000000
vn -0.680184 0.733041 0.000000
vn -0.642799 0.766035 0.000000
vn -0.680184 0.733041 0.000000
vn -0.715839 0.698265 0.000000
vn -0.715839 0.698265 0.000000
vn -0.749819 0.661643 0.000000
vn -0.749819 0.661643 0.000000
vn -0.781798 0.623532 0.000000
vn -0.781798 0.623532 0.000000
vn -0.811925 0.583762 0.000000
vn -0.811925 0.583762 0.000000
vn -0.840046 0.542515 0.000000
vn -0.840046 0.542515 0.000000
vn -0.866031 0.499990 0.000000
vn -0.866031 0.499990 0.000000
vn -0.889870 0.456215 0.000000
vn -0.889870 0.456215 0.000000
vn -0.911504 0.411292 0.000000
vn -0.911504 0.411292 0.000000
vn -0.930866 0.365360 0.000000
vn -0.930866 0.365360 0.000000
vn -0.947933 0.318470 0.000000
vn -0.947933 0.318470 0.000000
vn -0.962623 0.270844 0.000000
vn -0.962623 0.270844 0.000000
vn -0.974931 0.222509 0.000000
vn -0.974931 0.222509 0.000000
vn -0.984807 0.173651 0.000000
vn -0.984807 0.173651 0.000000
vn -0.992240 0.124336 0.000000
vn -0.992240 0.124336 0.000000
vn -0.997202 0.074757 0.000000
vn -0.997202 0.074757 0.000000
vn -0.999690 0.024918 0.000000
vn -0.999690 0.024918 0.000000
vn -0.999690 -0.024918 0.000000
vn -0.999690 -0.024918 0.000000
vn -0.997202 -0.074757 0.000000
vn -0.992240 -0.124336 0.000000
vn -0.997202 -0.074757 0.000000
vn -0.992240 -0.124336 0.000000
vn -0.984807 -0.173651 0.000000
vn -0.974926 -0.222528 0.000000
vn -0.984807 -0.173651 0.000000
vn -0.962629 -0.270822 0.000000
vn -0.974926 -0.222528 0.000000
vn -0.962629 -0.270822 0.000000
vn -0.947924 -0.318496 0.000000
vn -0.947924 -0.318496 0.000000
vn -0.930878 -0.365330 0.000000
vn -0.911504 -0.411292 0.000000
vn -0.930878 -0.365330 0.000000
vn -0.911504 -0.411292 0.000000
vn -0.889870 -0.456215 0.000000
vn -0.889870 -0.456215 0.000000
vn -0.866031 -0.499990 0.000000
vn -0.866031 -0.499990 0.000000
vn -0.840020 -0.542555 0.000000
vn -0.840020 -0.542555 0.000000
vn -0.811925 -0.583762 0.000000
vn -0.811925 -0.583762 0.000000
vn -0.781832 -0.623489 0.000000
vn -0.781832 -0.623489 0.000000
vn -0.749819 -0.661643 0.000000
vn -0.749819 -0.661643 0.000000
vn -0.715839 -0.698265 0.000000
vn -0.715839 -0.698265 0.000000
vn -0.680184 -0.733041 0.000000
vn -0.680184 -0.733041 0.000000
vn -0.642799 -0.766035 0.000000
vn -0.642799 -0.766035 0.000000
vn -0.603757 -0.797169 0.000000
vn -0.603757 -0.797169 0.000000
vn -0.563346 -0.826221 0.000000
vn -0.521461 -0.853275 0.000000
vn -0.563346 -0.826221 0.000000
vn -0.521461 -0.853275 0.000000
vn -0.478190 -0.878256 0.000000
vn -0.433944 -0.900940 0.000000
vn -0.478190 -0.878256 0.000000
vn -0.433944 -0.900940 0.000000
vn -0.388393 -0.921494 0.000000
vn -0.342038 -0.939686 0.000000
vn -0.388393 -0.921494 0.000000
vn -0.342038 -0.939686 0.000000
vn -0.294743 -0.955576 0.000000
vn -0.294743 -0.955576 0.000000
vn -0.246751 -0.969079 0.000000
vn -0.198125 -0.980177 0.000000
vn -0.246751 -0.969079 0.000000
vn -0.149080 -0.988825 0.000000
vn -0.198125 -0.980177 0.000000
vn -0.149080 -0.988825 0.000000
vn -0.099586 -0.995029 0.000000
vn -0.049839 -0.998757 0.000000
vn -0.099586 -0.995029 0.000000
vn -0.049839 -0.998757 0.000000
vn 0.000000 -1.000000 0.000000
vn 0.049837 -0.998757 0.000000
vn 0.000000 -1.000000 0.000000
vn 0.049837 -0.998757 0.000000
vn 0.099590 -0.995028 0.000000
vn 0.149074 -0.988826 0.000000
vn 0.099590 -0.995028 0.000000
vn 0.149074 -0.988826 0.000000
vn 0.198133 -0.980175 0.000000
vn 0.198133 -0.980175 0.000000
vn 0.246740 -0.969082 0.000000
vn 0.246740 -0.969082 0.000000
vn 0.294756 -0.955573 0.000000
vn 0.294756 -0.955573 0.000000
vn 0.342038 -0.939686 0.000000
vn 0.342038 -0.939686 0.000000
vn 0.388393 -0.921494 0.000000
vn 0.388393 -0.921494 0.000000
vn 0.433927 -0.900948 0.000000
vn 0.433927 -0.900948 0.000000
vn 0.478209 -0.878246 0.000000
vn 0.478209 -0.878246 0.000000
vn 0.521461 -0.853275 0.000000
vn 0.521461 -0.853275 0.000000
vn 0.563326 -0.826235 0.000000
vn 0.563326 -0.826235 0.000000
vn 0.603778 -0.797153 0.000000
vn 0.603778 -0.797153 0.000000
vn 0.642799 -0.766035 0.000000
vn 0.642799 -0.766035 0.000000
vn 0.680163 -0.733061 0.000000
vn 0.680163 -0.733061 0.000000
vn 0.715861 -0.698242 0.000000
vn 0.715861 -0.698242 0.000000
vn 0.749797 -0.661668 0.000000
vn 0.749797 -0.661668 0.000000
vn 0.781853 -0.623463 0.000000
vn 0.781853 -0.623463 0.000000
vn 0.811925 -0.583762 0.000000
vn 0.811925 -0.583762 0.000000
vn 0.840020 -0.542555 0.000000
vn 0.840020 -0.542555 0.000000
vn 0.866031 -0.499990 0.000000
vn 0.866031 -0.499990 0.000000
vn 0.889870 -0.456215 0.000000
vn 0.889870 -0.456215 0.000000
vn 0.911504 -0.411292 0.000000
vn 0.911504 -0.411292 0.000000
vn 0.930878 -0.365330 0.000000
vn 0.930878 -0.365330 0.000000
vn 0.947924 -0.318496 0.000000
vn 0.947924 -0.318496 0.000000
vn 0.962629 -0.270822 0.000000
vn 0.962629 -0.270822 0.000000
vn 0.974926 -0.222528 0.000000
vn 0.974926 -0.222528 0.000000
vn 0.984807 -0.173651 0.000000
vn 0.984807 -0.173651 0.000000
vn 0.992240 -0.124336 0.000000
vn 0.992240 -0.124336 0.000000
vn 0.997202 -0.074757 0.000000
vn 0.997202 -0.074757 0.000000
vn 0.999690 -0.024918 0.000000
vn 0.999690 -0.024918 0.000000
vn 0.999689 0.024920 0.000000
vn 0.999689 0.024920 -0.000000
vn 0.997202 0.074757 0.000000
vn 0.997202 0.074757 -0.000000
vn 0.992240 0.124336 0.000000
vn 0.992240 0.124336 -0.000000
vn 0.984810 0.173636 0.000000
vn 0.984810 0.173636 -0.000000
vn 0.974926 0.222528 0.000000
vn 0.974926 0.222528 -0.000000
vn 0.962629 0.270822 0.000000
vn 0.962629 0.270822 -0.000000
vn 0.947924 0.318496 0.000000
vn 0.947924 0.318496 -0.000000
vn 0.930866 0.365360 0.000000
vn 0.930866 0.365360 -0.000000
vn 0.911504 0.411292 0.000000
vn 0.911504 0.411292 -0.000000
vn 0.889888 0.456179 0.000000
vn 0.889888 0.456179 -0.000000
vn 0.866009 0.500028 0.000000
vn 0.866009 0.500028 -0.000000
vn 0.840046 0.542515 0.000000
vn 0.840046 0.542515 -0.000000
vn 0.811925 0.583762 0.000000
vn 0.811925 0.583762 -0.000000
vn 0.781853 0.623463 0.000000
vn 0.781853 0.623463 -0.000000
vn 0.749759 0.661711 0.000000
vn 0.749759 0.661711 -0.000000
vn 0.715861 0.698242 0.000000
vn 0.715861 0.698242 -0.000000
vn 0.680210 0.733018 0.000000
vn 0.680210 0.733018 -0.000000
vn 0.642748 0.766078 0.000000
vn 0.642748 0.766078 -0.000000
vn 0.603833 0.797111 0.000000
vn 0.603833 0.797111 -0.000000
vn 0.563326 0.826235 -0.000000
vn 0.563326 0.826235 0.000000
vn 0.521397 0.853314 -0.000000
vn 0.521397 0.853314 0.000000
vn 0.478276 0.878210 -0.000000
vn 0.478276 0.878210 0.000000
vn 0.433856 0.900982 -0.000000
vn 0.433856 0.900982 0.000000
vn 0.388467 0.921462 -0.000000
vn 0.388467 0.921462 0.000000
vn 0.342038 0.939686 0.000000
vn 0.342038 0.939686 -0.000000
vn 0.294756 0.955573 0.000000
vn 0.294756 0.955573 -0.000000
vn 0.246740 0.969082 0.000000
vn 0.246740 0.969082 -0.000000
vn 0.198133 0.980175 0.000000
vn 0.198133 0.980175 -0.000000
vn 0.149074 0.988826 0.000000
vn 0.149074 0.988826 -0.000000
vn 0.099504 0.995037 0.000000
vn 0.099504 0.995037 -0.000000
vn 0.049837 0.998757 -0.000000
vn 0.049837 0.998757 -0.000000
vn 0.000000 1.000000 0.000000
vn 0.000000 1.000000 -0.000000
vn -0.049839 0.998757 0.000000
vn -0.049839 0.998757 0.000000
vn -0.099499 0.995038 0.000000
vn -0.099499 0.995038 0.000000
vn -0.149080 0.988825 0.000000
vn -0.149080 0.988825 0.000000
vn -0.246751 0.969079 0.000000
vn -0.198125 0.980177 0.000000
vn -0.198125 0.980177 0.000000
vn -0.246751 0.969079 0.000000
vn -0.294743 0.955576 0.000000
vn -0.294743 0.955576 0.000000
vn -0.342038 0.939686 0.000000
vn -0.342038 0.939686 0.000000
vn -0.388467 0.921462 0.000000
vn -0.433873 0.900974 0.000000
vn -0.388467 0.921462 0.000000
vn -0.433873 0.900974 0.000000
vn -0.478258 0.878219 0.000000
vn -0.478258 0.878219 0.000000
vn -0.521397 0.853314 0.000000
vn -0.521397 0.853314 0.000000
vn -0.563346 0.826221 0.000000
vn -0.603812 0.797127 0.000000
vn -0.563346 0.826221 0.000000
vn -0.603812 0.797127 0.000000
vn -0.642748 0.766078 0.000000
vn -0.680231 0.732997 0.000000
vn -0.642748 0.766078 0.000000
vn -0.680231 0.732997 0.000000
vn -0.715839 0.698265 0.000000
vn -0.715839 0.698265 0.000000
vn -0.749780 0.661687 0.000000
vn -0.749780 0.661687 0.000000
vn -0.781832 0.623489 0.000000
vn -0.781832 0.623489 0.000000
vn -0.811925 0.583762 0.000000
vn -0.811925 0.583762 0.000000
vn -0.840046 0.542515 0.000000
vn -0.840046 0.542515 0.000000
vn -0.866009 0.500028 0.000000
vn -0.866009 0.500028 0.000000
vn -0.889888 0.456179 0.000000
vn -0.889888 0.456179 0.000000
vn -0.911504 0.411292 0.000000
vn -0.911504 0.411292 0.000000
vn -0.930866 0.365360 0.000000
vn -0.930866 0.365360 0.000000
vn -0.947924 0.318496 0.000000
vn -0.947924 0.318496 0.000000
vn -0.962629 0.270822 0.000000
vn -0.962629 0.270822 0.000000
vn -0.974926 0.222528 0.000000
vn -0.974926 0.222528 0.000000
vn -0.984810 0.173636 0.000000
vn -0.984810 0.173636 0.000000
vn -0.992240 0.124336 0.000000
vn -0.992240 0.124336 0.000000
vn -0.997202 0.074757 0.000000
vn -0.997202 0.074757 0.000000
vn -0.999689 0.024920 0.000000
vn -0.999689 0.024920 0.000000
vn 1.000000 0.000000 0.000000
vn 1.000000 0.000000 0.000000
vn 0.000000 -1.000000 0.000000
vn 0.000000 -1.000000 0.000000
vn 0.000000 1.000000 0.000000
vn 0.000000 1.000000 -0.000000
vn -1.000000 0.000000 0.000000
vn -1.000000 0.000000 0.000000
vn -0.999689 -0.024920 0.000000
vn -0.999689 -0.024920 0.000000
vn -0.997202 -0.074757 0.000000
vn -0.992240 -0.124336 0.000000
vn -0.997202 -0.074757 0.000000
vn -0.992240 -0.124336 0.000000
vn -0.984810 -0.173636 0.000000
vn -0.974926 -0.222528 0.000000
vn -0.984810 -0.173636 0.000000
vn -0.962612 -0.270885 0.000000
vn -0.974926 -0.222528 0.000000
vn -0.962612 -0.270885 0.000000
vn -0.947946 -0.318430 0.000000
vn -0.947946 -0.318430 0.000000
vn -0.930881 -0.365322 0.000000
vn -0.911504 -0.411292 0.000000
vn -0.930881 -0.365322 0.000000
vn -0.911504 -0.411292 0.000000
vn -0.889870 -0.456214 0.000000
vn -0.889870 -0.456214 0.000000
vn -0.865990 -0.500060 0.000000
vn -0.865990 -0.500060 0.000000
vn -0.840046 -0.542515 0.000000
vn -0.840046 -0.542515 0.000000
vn -0.811945 -0.583733 0.000000
vn -0.811945 -0.583733 0.000000
vn -0.781832 -0.623489 0.000000
vn -0.781832 -0.623489 0.000000
vn -0.749802 -0.661662 0.000000
vn -0.749802 -0.661662 0.000000
vn -0.715839 -0.698265 0.000000
vn -0.715839 -0.698265 0.000000
vn -0.680163 -0.733061 0.000000
vn -0.680163 -0.733061 0.000000
vn -0.642821 -0.766017 0.000000
vn -0.642821 -0.766017 0.000000
vn -0.603812 -0.797127 0.000000
vn -0.603812 -0.797127 0.000000
vn -0.563266 -0.826275 0.000000
vn -0.521461 -0.853275 0.000000
vn -0.563266 -0.826275 0.000000
vn -0.521461 -0.853275 0.000000
vn -0.478276 -0.878210 0.000000
vn -0.433839 -0.900990 0.000000
vn -0.478276 -0.878210 0.000000
vn -0.433839 -0.900990 0.000000
vn -0.388467 -0.921462 0.000000
vn -0.341975 -0.939709 0.000000
vn -0.388467 -0.921462 0.000000
vn -0.341975 -0.939709 0.000000
vn -0.294743 -0.955576 0.000000
vn -0.294743 -0.955576 0.000000
vn -0.246833 -0.969058 0.000000
vn -0.198133 -0.980175 0.000000
vn -0.246833 -0.969058 0.000000
vn -0.148982 -0.988840 0.000000
vn -0.198133 -0.980175 0.000000
vn -0.148982 -0.988840 0.000000
vn -0.099590 -0.995028 0.000000
vn -0.049842 -0.998757 0.000000
vn -0.099590 -0.995028 0.000000
vn -0.049842 -0.998757 0.000000
vn 0.000000 -1.000000 0.000000
vn 0.049842 -0.998757 0.000000
vn 0.000000 -1.000000 0.000000
vn 0.049842 -0.998757 0.000000
vn 0.099590 -0.995028 0.000000
vn 0.148982 -0.988840 0.000000
vn 0.099590 -0.995028 0.000000
vn 0.148982 -0.988840 0.000000
vn 0.198133 -0.980175 0.000000
vn 0.198133 -0.980175 0.000000
vn 0.246833 -0.969058 0.000000
vn 0.246833 -0.969058 0.000000
vn 0.294743 -0.955576 0.000000
vn 0.294743 -0.955576 0.000000
vn 0.341975 -0.939709 0.000000
vn 0.341975 -0.939709 0.000000
vn 0.388467 -0.921462 0.000000
vn 0.388467 -0.921462 0.000000
vn 0.433839 -0.900990 0.000000
vn 0.433839 -0.900990 0.000000
vn 0.478276 -0.878210 0.000000
vn 0.478276 -0.878210 0.000000
vn 0.521461 -0.853275 0.000000
vn 0.521461 -0.853275 0.000000
vn 0.563266 -0.826275 0.000000
vn 0.563266 -0.826275 0.000000
vn 0.603812 -0.797127 0.000000
vn 0.603812 -0.797127 0.000000
vn 0.642821 -0.766017 0.000000
vn 0.642821 -0.766017 0.000000
vn 0.680163 -0.733061 0.000000
vn 0.680163 -0.733061 0.000000
vn 0.715839 -0.698265 0.000000
vn 0.715839 -0.698265 0.000000
vn 0.749802 -0.661662 0.000000
vn 0.749802 -0.661662 0.000000
vn 0.781832 -0.623489 0.000000
vn 0.781832 -0.623489 0.000000
vn 0.811945 -0.583733 0.000000
vn 0.811945 -0.583733 0.000000
vn 0.840046 -0.542515 0.000000
vn 0.840046 -0.542515 0.000000
vn 0.865990 -0.500060 0.000000
vn 0.865990 -0.500060 0.000000
vn 0.889870 -0.456214 0.000000
vn 0.889870 -0.456214 0.000000
vn 0.911504 -0.411292 0.000000
vn 0.911504 -0.411292 0.000000
vn 0.930881 -0.365322 0.000000
vn 0.930881 -0.365322 0.000000
vn 0.947946 -0.318430 0.000000
vn 0.947946 -0.318430 0.000000
vn 0.962612 -0.270885 0.000000
vn 0.962612 -0.270885 0.000000
vn 0.974926 -0.222528 0.000000
vn 0.974926 -0.222528 0.000000
vn 0.984810 -0.173636 0.000000
vn 0.984810 -0.173636 0.000000
vn 0.992240 -0.124336 0.000000
vn 0.992240 -0.124336 0.000000
vn 0.997202 -0.074757 0.000000
vn 0.997202 -0.074757 0.000000
vn 0.999689 -0.024920 0.000000
vn 0.999689 -0.024920 0.000000
vn 0.999690 0.024918 0.000000
vn 0.999690 0.024918 -0.000000
vn 0.997202 0.074757 0.000000
vn 0.997202 0.074757 -0.000000
vn 0.992240 0.124336 0.000000
vn 0.992240 0.124336 -0.000000
vn 0.984807 0.173651 0.000000
vn 0.984807 0.173651 -0.000000
vn 0.974931 0.222509 0.000000
vn 0.974931 0.222509 -0.000000
vn 0.962612 0.270885 0.000000
vn 0.962612 0.270885 -0.000000
vn 0.947946 0.318430 0.000000
vn 0.947946 0.318430 -0.000000
vn 0.930881 0.365322 0.000000
vn 0.930881 0.365322 -0.000000
vn 0.911504 0.411292 0.000000
vn 0.911504 0.411292 -0.000000
vn 0.889852 0.456249 0.000000
vn 0.889852 0.456249 -0.000000
vn 0.866012 0.500023 0.000000
vn 0.866012 0.500023 -0.000000
vn 0.840046 0.542515 0.000000
vn 0.840046 0.542515 -0.000000
vn 0.811945 0.583733 0.000000
vn 0.811945 0.583733 -0.000000
vn 0.781798 0.623532 0.000000
vn 0.781798 0.623532 -0.000000
vn 0.749840 0.661619 0.000000
vn 0.749840 0.661619 -0.000000
vn 0.715839 0.698265 0.000000
vn 0.715839 0.698265 -0.000000
vn 0.680163 0.733061 0.000000
vn 0.680163 0.733061 -0.000000
vn 0.642821 0.766017 0.000000
vn 0.642821 0.766017 -0.000000
vn 0.603812 0.797127 0.000000
vn 0.603812 0.797127 -0.000000
vn 0.563266 0.826275 -0.000000
vn 0.563266 0.826275 0.000000
vn 0.521461 0.853275 -0.000000
vn 0.521461 0.853275 0.000000
vn 0.478276 0.878210 -0.000000
vn 0.478276 0.878210 0.000000
vn 0.433839 0.900990 -0.000000
vn 0.433839 0.900990 0.000000
vn 0.388467 0.921462 -0.000000
vn 0.388467 0.921462 0.000000
vn 0.341975 0.939709 0.000000
vn 0.341975 0.939709 -0.000000
vn 0.294743 0.955576 0.000000
vn 0.294743 0.955576 -0.000000
vn 0.246833 0.969058 0.000000
vn 0.246833 0.969058 -0.000000
vn 0.198133 0.980175 0.000000
vn 0.198133 0.980175 -0.000000
vn 0.148982 0.988840 0.000000
vn 0.148982 0.988840 -0.000000
vn 0.099590 0.995028 0.000000
vn 0.099590 0.995028 -0.000000
vn 0.049842 0.998757 -0.000000
vn 0.049842 0.998757 -0.000000
vn 0.000000 1.000000 0.000000
vn 0.000000 1.000000 -0.000000
vn -0.049842 0.998757 0.000000
vn -0.049842 0.998757 0.000000
vn -0.099590 0.995028 0.000000
vn -0.099590 0.995028 0.000000
vn -0.148982 0.988840 0.000000
vn -0.148982 0.988840 0.000000
vn -0.246833 0.969058 0.000000
vn -0.198133 0.980175 0.000000
vn -0.198133 0.980175 0.000000
vn -0.246833 0.969058 0.000000
vn -0.294743 0.955576 0.000000
vn -0.294743 0.955576 0.000000
vn -0.341975 0.939709 0.000000
vn -0.341975 0.939709 0.000000
vn -0.388467 0.921462 0.000000
vn -0.433839 0.900990 0.000000
vn -0.388467 0.921462 0.000000
vn -0.433839 0.900990 0.000000
vn -0.478276 0.878210 0.000000
vn -0.478276 0.878210 0.000000
vn -0.521461 0.853275 0.000000
vn -0.521461 0.853275 0.000000
vn -0.563266 0.826275 0.000000
vn -0.603812 0.797127 0.000000
vn -0.563266 0.826275 0.000000
vn -0.603812 0.797127 0.000000
vn -0.642821 0.766017 0.000000
vn -0.680163 0.733061 0.000000
vn -0.642821 0.766017 0.000000
vn -0.680163 0.733061 0.000000
vn -0.715839 0.698265 0.000000
vn -0.715839 0.698265 0.000000
vn -0.749840 0.661619 0.000000
vn -0.749840 0.661619 0.000000
vn -0.781798 0.623532 0.000000
vn -0.781798 0.623532 0.000000
vn -0.811945 0.583733 0.000000
vn -0.811945 0.583733 0.000000
vn -0.840046 0.542515 0.000000
vn -0.840046 0.542515 0.000000
vn -0.866012 0.500023 0.000000
vn -0.866012 0.500023 0.000000
vn -0.889852 0.456249 0.000000
vn -0.889852 0.456249 0.000000
vn -0.911504 0.411292 0.000000
vn -0.911504 0.411292 0.000000
vn -0.930881 0.365322 0.000000
vn -0.930881 0.365322 0.000000
vn -0.947946 0.318430 0.000000
vn -0.947946 0.318430 0.000000
vn -0.962612 0.270885 0.000000
vn -0.962612 0.270885 0.000000
vn -0.974931 0.222509 0.000000
vn -0.974931 0.222509 0.000000
vn -0.984807 0.173651 0.000000
vn -0.984807 0.173651 0.000000
vn -0.992240 0.124336 0.000000
vn -0.992240 0.124336 0.000000
vn -0.997202 0.074757 0.000000
vn -0.997202 0.074757 0.000000
vn -0.999690 0.024918 0.000000
vn -0.999690 0.024918 0.000000
vn 0.000000 1.000000 0.000000
vn 0.000000 1.000000 -0.000000
vn 1.000000 0.000000 0.000000
vn 1.000000 0.000000 0.000000
vn -1.000000 0.000000 0.000000
vn -1.000000 0.000000 0.000000
vn 0.000000 -1.000000 0.000000
vn 0.000000 -1.000000 0.000000
vn -0.999689 -0.024920 0.000000
vn -0.999689 -0.024920 0.000000
vn -0.997202 -0.074757 0.000000
vn -0.992242 -0.124325 0.000000
vn -0.997202 -0.074757 0.000000
vn -0.992242 -0.124325 0.000000
vn -0.984807 -0.173651 0.000000
vn -0.974926 -0.222528 0.000000
vn -0.984807 -0.173651 0.000000
vn -0.962618 -0.270862 0.000000
vn -0.974926 -0.222528 0.000000
vn -0.962618 -0.270862 0.000000
vn -0.947937 -0.318457 0.000000
vn -0.947937 -0.318457 0.000000
vn -0.930893 -0.365293 0.000000
vn -0.911504 -0.411292 0.000000
vn -0.930893 -0.365293 0.000000
vn -0.911504 -0.411292 0.000000
vn -0.889852 -0.456249 0.000000
vn -0.889852 -0.456249 0.000000
vn -0.866012 -0.500023 0.000000
vn -0.866012 -0.500023 0.000000
vn -0.840020 -0.542555 0.000000
vn -0.840020 -0.542555 0.000000
vn -0.811945 -0.583733 0.000000
vn -0.811945 -0.583733 0.000000
vn -0.781832 -0.623489 0.000000
vn -0.781832 -0.623489 0.000000
vn -0.749802 -0.661662 0.000000
vn -0.749802 -0.661662 0.000000
vn -0.715882 -0.698221 0.000000
vn -0.715882 -0.698221 0.000000
vn -0.680163 -0.733061 0.000000
vn -0.680163 -0.733061 0.000000
vn -0.642770 -0.766060 0.000000
vn -0.642770 -0.766060 0.000000
vn -0.603812 -0.797127 0.000000
vn -0.603812 -0.797127 0.000000
vn -0.563326 -0.826235 0.000000
vn -0.521397 -0.853314 0.000000
vn -0.563326 -0.826235 0.000000
vn -0.521397 -0.853314 0.000000
vn -0.478276 -0.878210 0.000000
vn -0.433910 -0.900956 0.000000
vn -0.478276 -0.878210 0.000000
vn -0.433910 -0.900956 0.000000
vn -0.388393 -0.921494 0.000000
vn -0.342052 -0.939681 0.000000
vn -0.388393 -0.921494 0.000000
vn -0.342052 -0.939681 0.000000
vn -0.294743 -0.955576 0.000000
vn -0.294743 -0.955576 0.000000
vn -0.246751 -0.969079 0.000000
vn -0.198133 -0.980175 0.000000
vn -0.246751 -0.969079 0.000000
vn -0.149067 -0.988827 0.000000
vn -0.198133 -0.980175 0.000000
vn -0.149067 -0.988827 0.000000
vn -0.099590 -0.995028 0.000000
vn -0.049842 -0.998757 0.000000
vn -0.099590 -0.995028 0.000000
vn -0.049842 -0.998757 0.000000
vn 0.000000 -1.000000 0.000000
vn 0.049842 -0.998757 0.000000
vn 0.000000 -1.000000 0.000000
vn 0.049842 -0.998757 0.000000
vn 0.099590 -0.995028 0.000000
vn 0.149067 -0.988827 0.000000
vn 0.099590 -0.995028 0.000000
vn 0.149067 -0.988827 0.000000
vn 0.198133 -0.980175 0.000000
vn 0.198133 -0.980175 0.000000
vn 0.246751 -0.969079 0.000000
vn 0.246751 -0.969079 0.000000
vn 0.294743 -0.955576 0.000000
vn 0.294743 -0.955576 0.000000
vn 0.342052 -0.939681 0.000000
vn 0.342052 -0.939681 0.000000
vn 0.388393 -0.921494 0.000000
vn 0.388393 -0.921494 0.000000
vn 0.433910 -0.900956 0.000000
vn 0.433910 -0.900956 0.000000
vn 0.478276 -0.878210 0.000000
vn 0.478276 -0.878210 0.000000
vn 0.521397 -0.853314 0.000000
vn 0.521397 -0.853314 0.000000
vn 0.563326 -0.826235 0.000000
vn 0.563326 -0.826235 0.000000
vn 0.603812 -0.797127 0.000000
vn 0.603812 -0.797127 0.000000
vn 0.642770 -0.766060 0.000000
vn 0.642770 -0.766060 0.000000
vn 0.680163 -0.733061 0.000000
vn 0.680163 -0.733061 0.000000
vn 0.715882 -0.698221 0.000000
vn 0.715882 -0.698221 0.000000
vn 0.749802 -0.661662 0.000000
vn 0.749802 -0.661662 0.000000
vn 0.781832 -0.623489 0.000000
vn 0.781832 -0.623489 0.000000
vn 0.811945 -0.583733 0.000000
vn 0.811945 -0.583733 0.000000
vn 0.840020 -0.542555 0.000000
vn 0.840020 -0.542555 0.000000
vn 0.866012 -0.500023 0.000000
vn 0.866012 -0.500023 0.000000
vn 0.889852 -0.456249 0.000000
vn 0.889852 -0.456249 0.000000
vn 0.911504 -0.411292 0.000000
vn 0.911504 -0.411292 0.000000
vn 0.930893 -0.365293 0.000000
vn 0.930893 -0.365293 0.000000
vn 0.947937 -0.318457 0.000000
vn 0.947937 -0.318457 0.000000
vn 0.962618 -0.270862 0.000000
vn 0.962618 -0.270862 0.000000
vn 0.974926 -0.222528 0.000000
vn 0.974926 -0.222528 0.000000
vn 0.984807 -0.173651 0.000000
vn 0.984807 -0.173651 0.000000
vn 0.992242 -0.124325 0.000000
vn 0.992242 -0.124325 0.000000
vn 0.997202 -0.074757 0.000000
vn 0.997202 -0.074757 0.000000
vn 0.999689 -0.024920 0.000000
vn 0.999689 -0.024920 0.000000
vn 0.999689 0.024920 0.000000
vn 0.999689 0.024920 -0.000000
vn 0.997202 0.074757 0.000000
vn 0.997202 0.074757 -0.000000
vn 0.992242 0.124325 0.000000
vn 0.992242 0.124325 -0.000000
vn 0.984807 0.173651 0.000000
vn 0.984807 0.173651 -0.000000
vn 0.974926 0.222528 0.000000
vn 0.974926 0.222528 -0.000000
vn 0.962618 0.270862 0.000000
vn 0.962618 0.270862 -0.000000
vn 0.947937 0.318457 0.000000
vn 0.947937 0.318457 -0.000000
vn 0.930893 0.365293 0.000000
vn 0.930893 0.365293 -0.000000
vn 0.911504 0.411292 0.000000
vn 0.911504 0.411292 -0.000000
vn 0.889852 0.456249 0.000000
vn 0.889852 0.456249 -0.000000
vn 0.866012 0.500023 0.000000
vn 0.866012 0.500023 -0.000000
vn 0.840020 0.542555 0.000000
vn 0.840020 0.542555 -0.000000
vn 0.811945 0.583733 0.000000
vn 0.811945 0.583733 -0.000000
vn 0.781832 0.623489 0.000000
vn 0.781832 0.623489 -0.000000
vn 0.749802 0.661662 0.000000
vn 0.749802 0.661662 -0.000000
vn 0.715882 0.698221 0.000000
vn 0.715882 0.698221 -0.000000
vn 0.680163 0.733061 0.000000
vn 0.680163 0.733061 -0.000000
vn 0.642770 0.766060 0.000000
vn 0.642770 0.766060 -0.000000
vn 0.603812 0.797127 0.000000
vn 0.603812 0.797127 -0.000000
vn 0.563326 0.826235 -0.000000
vn 0.563326 0.826235 0.000000
vn 0.521397 0.853314 -0.000000
vn 0.521397 0.853314 0.000000
vn 0.478276 0.878210 -0.000000
vn 0.478276 0.878210 0.000000
vn 0.433910 0.900956 -0.000000
vn 0.433910 0.900956 0.000000
vn 0.388393 0.921494 -0.000000
vn 0.388393 0.921494 0.000000
vn 0.342052 0.939681 0.000000
vn 0.342052 0.939681 -0.000000
vn 0.294743 0.955576 0.000000
vn 0.294743 0.955576 -0.000000
vn 0.246751 0.969079 0.000000
vn 0.246751 0.969079 -0.000000
vn 0.198133 0.980175 0.000000
vn 0.198133 0.980175 -0.000000
vn 0.149067 0.988827 0.000000
vn 0.149067 0.988827 -0.000000
vn 0.099590 0.995028 0.000000
vn 0.099590 0.995028 -0.000000
vn 0.049842 0.998757 -0.000000
vn 0.049842 0.998757 -0.000000
vn 0.000000 1.000000 0.000000
vn 0.000000 1.000000 -0.000000
vn -0.049842 0.998757 0.000000
vn -0.049842 0.998757 0.000000
vn -0.099590 0.995028 0.000000
vn -0.099590 0.995028 0.000000
vn -0.149067 0.988827 0.000000
vn -0.149067 0.988827 0.000000
vn -0.246751 0.969079 0.000000
vn -0.198133 0.980175 0.000000
vn -0.198133 0.980175 0.000000
vn -0.246751 0.969079 0.000000
vn -0.294743 0.955576 0.000000
vn -0.294743 0.955576 0.000000
vn -0.342052 0.939681 0.000000
vn -0.342052 0.939681 0.000000
vn -0.388393 0.921494 0.000000
vn -0.433910 0.900956 0.000000
vn -0.388393 0.921494 0.000000
vn -0.433910 0.900956 0.000000
vn -0.478276 0.878210 0.000000
vn -0.478276 0.878210 0.000000
vn -0.521397 0.853314 0.000000
vn -0.521397 0.853314 0.000000
vn -0.563326 0.826235 0.000000
vn -0.603812 0.797127 0.000000
vn -0.563326 0.826235 0.000000
vn -0.603812 0.797127 0.000000
vn -0.642770 0.766060 0.000000
vn -0.680163 0.733061 0.000000
vn -0.642770 0.766060 0.000000
vn -0.680163 0.733061 0.000000
vn -0.715882 0.698221 0.000000
vn -0.715882 0.698221 0.000000
vn -0.749802 0.661662 0.000000
vn -0.749802 0.661662 0.000000
vn -0.781832 0.623489 0.000000
vn -0.781832 0.623489 0.000000
vn -0.811945 0.583733 0.000000
vn -0.811945 0.583733 0.000000
vn -0.840020 0.542555 0.000000
vn -0.840020 0.542555 0.000000
vn -0.866012 0.500023 0.000000
vn -0.866012 0.500023 0.000000
vn -0.889852 0.456249 0.000000
vn -0.889852 0.456249 0.000000
vn -0.911504 0.411292 0.000000
vn -0.911504 0.411292 0.000000
vn -0.930893 0.365293 0.000000
vn -0.930893 0.365293 0.000000
vn -0.947937 0.318457 0.000000
vn -0.947937 0.318457 0.000000
vn -0.962618 0.270862 0.000000
vn -0.962618 0.270862 0.000000
vn -0.974926 0.222528 0.000000
vn -0.974926 0.222528 0.000000
vn -0.984807 0.173651 0.000000
vn -0.984807 0.173651 0.000000
vn -0.992242 0.124325 0.000000
vn -0.992242 0.124325 0.000000
vn -0.997202 0.074757 0.000000
vn -0.997202 0.074757 0.000000
vn -0.999689 0.024920 0.000000
vn -0.999689 0.024920 0.000000
vn 1.000000 0.000000 0.000000
vn 1.000000 0.000000 0.000000
vn 0.000000 -1.000000 0.000000
vn 0.000000 -1.000000 0.000000
vn 0.000000 1.000000 0.000000
vn 0.000000 1.000000 -0.000000
vn -1.000000 0.000000 0.000000
vn -1.000000 0.000000 0.000000
vn 0.000000 1.000000 0.000000
vn 0.000000 1.000000 -0.000000
vn 1.000000 0.000000 0.000000
vn 1.000000 0.000000 0.000000
vn -1.000000 0.000000 0.000000
vn -1.000000 0.000000 0.000000
vn 0.000000 -1.000000 0.000000
vn 0.000000 -1.000000 0.000000
vn 0.000000 1.000000 0.000000
vn 0.000000 1.000000 -0.000000
vn 1.000000 0.000000 0.000000
vn 1.000000 0.000000 0.000000
vn -1.000000 0.000000 0.000000
vn -1.000000 0.000000 0.000000
vn 0.000000 -1.000000 0.000000
vn 0.000000 -1.000000 0.000000
vn 0.000000 1.000000 0.000000
vn 0.000000 1.000000 -0.000000
vn 1.000000 0.000000 0.000000
vn 1.000000 0.000000 0.000000
vn -1.000000 0.000000 0.000000
vn -1.000000 0.000000 0.000000
vn 0.000000 -1.000000 0.000000
vn 0.000000 -1.000000 0.000000
vn 0.000000 1.000000 0.000000
vn 0.000000 1.000000 -0.000000
vn 1.000000 0.000000 0.000000
vn 1.000000 0.000000 0.000000
vn -1.000000 0.000000 0.000000
vn -1.000000 0.000000 0.000000
vn 0.000000 -1.000000 0.000000
vn 0.000000 -1.000000 0.000000
vn 0.000000 1.000000 0.000000
vn 0.000000 1.000000 -0.000000
vn 1.000000 0.000000 0.000000
vn 1.000000 0.000000 0.000000
vn -1.000000 0.000000 0.000000
vn -1.000000 0.000000 0.000000
vn 0.000000 -1.000000 0.000000
vn 0.000000 -1.000000 0.000000
vn 0.959034 0.283292 -0.000000
vn 0.959034 0.283292 0.000000
vn -0.787390 0.616455 0.000000
vn -0.787390 0.616455 0.000000
vn -0.175326 -0.984510 0.000000
vn -0.175326 -0.984510 0.000000
vn 0.885396 0.464838 -0.000000
vn 0.885396 0.464838 0.000000
vn -0.916160 0.400813 0.000000
vn -0.916160 0.400813 0.000000
vn -0.222817 -0.974860 0.000000
vn -0.222817 -0.974860 0.000000
vn -0.310398 0.950607 0.000000
vn -0.310398 0.950607 0.000000
vn -0.593854 -0.804573 0.000000
vn -0.593854 -0.804573 0.000000
vn 0.989091 -0.147309 0.000000
vn 0.989091 -0.147309 0.000000
vn 0.971853 0.235590 -0.000000
vn 0.971853 0.235590 0.000000
vn -0.849638 0.527366 0.000000
vn -0.849638 0.527366 0.000000
vn -0.152060 -0.988371 0.000000
vn -0.152060 -0.988371 0.000000
vn 1.000000 0.000000 0.000000
vn 1.000000 -0.000000 0.000000
vn -0.607449 0.794359 0.000000
vn -0.607449 0.794359 0.000000
vn -0.769757 -0.638337 0.000000
vn -0.769757 -0.638337 0.000000
vn -0.310398 0.950607 0.000000
vn -0.310398 0.950607 0.000000
vn -0.593854 -0.804573 0.000000
vn -0.593854 -0.804573 0.000000
vn 0.989091 -0.147309 0.000000
vn 0.989091 -0.147309 0.000000
vn 0.894424 -0.447220 0.000000
vn 0.894424 -0.447220 0.000000
vn 0.492058 0.870562 -0.000000
vn 0.492058 0.870562 0.000000
vn -0.964767 0.263106 0.000000
vn -0.964767 0.263106 0.000000
vn -0.728204 -0.685360 0.000000
vn -0.728204 -0.685360 0.000000
vn -0.673743 0.738966 0.000000
vn -0.673743 0.738966 0.000000
vn -0.529997 -0.848000 0.000000
vn -0.529997 -0.848000 0.000000
vn 0.919138 -0.393936 0.000000
vn 0.919138 -0.393936 0.000000
vn 0.785496 0.618867 -0.000000
vn 0.785496 0.618867 0.000000
vn -0.310398 0.950607 0.000000
vn -0.310398 0.950607 0.000000
vn -0.593854 -0.804573 0.000000
vn -0.593854 -0.804573 0.000000
vn 0.989091 -0.147309 0.000000
vn 0.989091 -0.147309 0.000000
vn 0.278803 0.960348 -0.000000
vn 0.278803 0.960348 0.000000
vn -0.982870 0.184298 0.000000
vn -0.982870 0.184298 0.000000
vn 0.201648 -0.979458 0.000000
vn 0.201648 -0.979458 0.000000
vn -0.310405 0.950604 0.000000
vn -0.310405 0.950604 0.000000
vn -0.593854 -0.804573 0.000000
vn -0.593854 -0.804573 0.000000
vn 0.989091 -0.147308 0.000000
vn 0.989091 -0.147308 0.000000
vn 0.894425 -0.447217 0.000000
vn 0.894425 -0.447217 0.000000
vn 0.492058 0.870562 -0.000000
vn 0.492058 0.870562 0.000000
vn -0.964768 0.263103 0.000000
vn -0.964768 0.263103 0.000000
vn -0.728204 -0.685360 0.000000
vn -0.728204 -0.685360 0.000000
vn 0.323684 0.946165 -0.000000
vn 0.323684 0.946165 0.000000
vn -0.957828 0.287343 0.000000
vn -0.957828 0.287343 0.000000
vn 0.157115 -0.987580 0.000000
vn 0.157115 -0.987580 0.000000
vn -0.310402 0.950606 0.000000
vn -0.310402 0.950606 0.000000
vn -0.593854 -0.804573 0.000000
vn -0.593854 -0.804573 0.000000
vn 0.989091 -0.147308 0.000000
vn 0.989091 -0.147308 0.000000
vn 0.894425 -0.447217 0.000000
vn 0.894425 -0.447217 0.000000
vn 0.492058 0.870562 -0.000000
vn 0.492058 0.870562 0.000000
vn -0.964768 0.263103 0.000000
vn -0.964768 0.263103 0.000000
vn -0.728204 -0.685360 0.000000
vn -0.728204 -0.685360 0.000000
vn 0.323684 0.946165 -0.000000
vn 0.323684 0.946165 0.000000
vn -0.957828 0.287343 0.000000
vn -0.957828 0.287343 0.000000
vn 0.157115 -0.987580 0.000000
vn 0.157115 -0.987580 0.000000
vn -0.310402 0.950606 0.000000
vn -0.310402 0.950606 0.000000
vn -0.593854 -0.804573 0.000000
vn -0.593854 -0.804573 0.000000
vn 0.989091 -0.147308 0.000000
vn 0.989091 -0.147308 0.000000
vn -0.647978 0.761659 0.000000
vn -0.647978 0.761659 0.000000
vn -0.524097 -0.851658 0.000000
vn -0.524097 -0.851658 0.000000
vn 0.768220 -0.640186 0.000000
vn 0.768220 -0.640186 0.000000
vn 0.908828 0.417171 -0.000000
vn 0.908828 0.417171 0.000000
vn 0.323684 0.946165 -0.000000
vn 0.323684 0.946165 0.000000
vn -0.957828 0.287343 0.000000
vn -0.957828 0.287343 0.000000
vn 0.157115 -0.987580 0.000000
vn 0.157115 -0.987580 0.000000
vn 0.000000 0.000000 1.000000
vn 0.000000 0.000000 1.000000
vn 0.000000 0.000000 1.000000
vn 0.000000 0.000000 1.000000
vn 0.000000 0.000000 1.000000
vn 0.000000 0.000000 1.000000
vn 0.000000 0.000000 1.000000
vn 0.000000 0.000000 1.000000
vn 0.000000 0.000000 1.000000
vn 0.000000 0.000000 1.000000
vn 0.000000 0.000000 1.000000
vn 0.000000 0.000000 1.000000
vn 0.000000 0.000000 1.000000
vn 0.000000 0.000000 1.000000
vn 0.000000 0.000000 1.000000
vn 0.000000 0.000000 1.000000
vn 0.000000 0.000000 1.000000
vn 0.000000 0.000000 1.000000
vn 0.000000 0.000000 1.000000
vn 0.000000 0.000000 1.000000
vn 0.000000 0.000000 1.000000
vn 0.000000 0.000000 1.000000
vn 0.000000 0.000000 1.000000
vn 0.000000 0.000000 1.000000
vn 0.000000 0.000000 1.000000
vn 0.000000 0.000000 1.000000
vn 0.000000 0.000000 1.000000
vn 0.000000 0.000000 1.000000
vn 0.000000 0.000000 1.000000
vn 0.000000 0.000000 1.000000
vn 0.000000 0.000000 1.000000
vn 0.000000 0.000000 1.000000
vn 0.000000 0.000000 1.000000
vn 0.000000 0.000000 1.000000
vn 0.000000 0.000000 1.000000
vn 0.000000 0.000000 1.000000
vn 0.000000 0.000000 1.000000
vn 0.000000 0.000000 1.000000
vn 0.000000 0.000000 1.000000
vn 0.000000 0.000000 1.000000
vn 0.000000 0.000000 1.000000
vn 0.000000 0.000000 1.000000
vn 0.000000 0.000000 1.000000
vn 0.000000 0.000000 1.000000
vn 0.000000 0.000000 1.000000
vn 0.000000 0.000000 1.000000
vn 0.000000 0.000000 1.000000
vn 0.000000 0.000000 1.000000
vn 0.000000 0.000000 1.000000
vn 0.000000 0.000000 1.000000
vn 0.000000 0.000000 1.000000
vn 0.000000 0.000000 1.000000
vn 0.000000 0.000000 1.000000
vn 0.000000 0.000000 1.000000
vn 0.000000 0.000000 1.000000
vn 0.000000 0.000000 1.000000
vn 0.000000 0.000000 1.000000
vn 0.000000 0.000000 1.000000
vn 0.000000 0.000000 1.000000
vn 0.000000 0.000000 1.000000
vn 0.000000 0.000000 1.000000
vn 0.000000 0.000000 1.000000
vn 0.000000 0.000000 1.000000
vn 0.000000 0.000000 1.000000
vn 0.000000 0.000000 1.000000
vn 0.000000 0.000000 1.000000
vn 0.000000 0.000000 1.000000
vn 0.000000 0.000000 1.000000
vn 0.000000 0.000000 1.000000
vn 0.000000 0.000000 1.000000
vn 0.000000 0.000000 1.000000
vn 0.000000 0.000000 1.000000
vn 0.000000 0.000000 1.000000
vn 0.000000 0.000000 1.000000
vn 0.000000 0.000000 1.000000
vn 0.000000 0.000000 1.000000
vn 0.000000 0.000000 1.000000
vn 0.000000 0.000000 1.000000
vn 0.000000 0.000000 1.000000
vn 0.000000 0.000000 1.000000
vn 0.000000 0.000000 1.000000
vn 0.000000 0.000000 1.000000
vn 0.000000 0.000000 1.000000
vn 0.000000 0.000000 1.000000
vn 0.000000 0.000000 1.000000
vn 0.000000 0.000000 1.000000
vn 0.000000 0.000000 1.000000
vn 0.000000 0.000000 1.000000
vn 0.000000 0.000000 1.000000
vn 0.000000 0.000000 1.000000
vn 0.000000 0.000000 1.000000
vn 0.000000 0.000000 1.000000
vn 0.000000 0.000000 1.000000
vn 0.000000 0.000000 1.000000
vn 0.000000 0.000000 1.000000
vn 0.000000 0.000000 1.000000
vn 0.000000 0.000000 1.000000
vn 0.000000 0.000000 1.000000
vn 0.000000 0.000000 1.000000
vn 0.000000 0.000000 1.000000
vn 0.000000 0.000000 1.000000
vn 0.000000 0.000000 1.000000
vn 0.000000 0.000000 1.000000
vn 0.000000 0.000000 1.000000
vn 0.000000 0.000000 1.000000
vn 0.000000 0.000000 1.000000
vn 0.000000 0.000000 1.000000
vn 0.000000 0.000000 1.000000
vn 0.000000 0.000000 1.000000
vn 0.000000 0.000000 1.000000
vn 0.000000 0.000000 1.000000
vn 0.000000 0.000000 1.000000
vn 0.000000 0.000000 1.000000
vn 0.000000 0.000000 1.000000
vn 0.000000 0.000000 1.000000
vn 0.000000 0.000000 1.000000
vn 0.000000 0.000000 1.000000
vn 0.000000 0.000000 1.000000
vn 0.000000 0.000000 1.000000
vn 0.000000 0.000000 1.000000
vn 0.000000 0.000000 1.000000
vn 0.000000 0.000000 1.000000
vn 0.000000 0.000000 1.000000
vn 0.000000 0.000000 1.000000
vn 0.000000 0.000000 1.000000
vn 0.000000 0.000000 1.000000
vn 0.000000 0.000000 1.000000
vn 0.000000 0.000000 1.000000
vn 0.000000 0.000000 1.000000
vn 0.000000 0.000000 1.000000
vn 0.000000 0.000000 1.000000
vn 0.000000 0.000000 1.000000
vn 0.000000 0.000000 1.000000
vn 0.000000 0.000000 1.000000
vn 0.000000 0.000000 1.000000
vn 0.000000 0.000000 1.000000
vn 0.000000 0.000000 1.000000
vn 0.000000 0.000000 1.000000
vn 0.000000 0.000000 1.000000
vn 0.000000 0.000000 1.000000
vn 0.000000 0.000000 1.000000
vn 0.000000 0.000000 1.000000
vn 0.000000 0.000000 1.000000
vn 0.000000 0.000000 1.000000
vn 0.000000 0.000000 1.000000
vn 0.000000 0.000000 1.000000
vn 0.000000 0.000000 1.000000
vn 0.000000 0.000000 1.000000
vn 0.000000 0.000000 1.000000
vn 0.000000 0.000000 1.000000
vn 0.000000 0.000000 1.000000
vn 0.000000 0.000000 1.000000
vn 0.000000 0.000000 1.000000
vn 0.000000 0.000000 1.000000
vn 0.000000 0.000000 1.000000
vn 0.000000 0.000000 1.000000
vn 0.000000 0.000000 1.000000
vn 0.000000 0.000000 1.000000
vn 0.000000 0.000000 1.000000
vn 0.000000 0.000000 1.000000
vn 0.000000 0.000000 1.000000
vn 0.000000 0.000000 1.000000
vn 0.000000 0.000000 1.000000
vn 0.000000 0.000000 1.000000
vn 0.000000 0.000000 1.000000
vn 0.000000 0.000000 1.000000
vn 0.000000 0.000000 1.000000
vn 0.000000 0.000000 1.000000
vn 0.000000 0.000000 1.000000
vn 0.000000 0.000000 1.000000
vn 0.000000 0.000000 1.000000
vn 0.000000 0.000000 1.000000
vn 0.000000 0.000000 1.000000
vn 0.000000 0.000000 1.000000
vn 0.000000 0.000000 1.000000
vn 0.000000 0.000000 1.000000
vn 0.000000 0.000000 1.000000
vn 0.000000 0.000000 1.000000
vn 0.000000 0.000000 1.000000
vn 0.000000 0.000000 1.000000
vn 0.000000 0.000000 1.000000
vn 0.000000 0.000000 1.000000
vn 0.000000 0.000000 1.000000
vn 0.000000 0.000000 1.000000
vn 0.000000 0.000000 1.000000
vn 0.000000 0.000000 1.000000
vn 0.000000 0.000000 1.000000
vn 0.000000 0.000000 1.000000
vn 0.000000 0.000000 1.000000
vn 0.000000 0.000000 1.000000
vn 0.000000 0.000000 1.000000
vn 0.000000 0.000000 1.000000
vn 0.000000 0.000000 1.000000
vn 0.000000 0.000000 1.000000
vn 0.000000 0.000000 1.000000
vn 0.000000 0.000000 1.000000
vn 0.000000 0.000000 1.000000
vn 0.000000 0.000000 1.000000
vn 0.000000 0.000000 1.000000
vn 0.000000 0.000000 1.000000
vn 0.000000 0.000000 1.000000
vn 0.000000 0.000000 1.000000
vn 0.000000 0.000000 1.000000
vn 0.000000 0.000000 1.000000
vn 0.000000 0.000000 1.000000
vn 0.000000 0.000000 1.000000
vn 0.000000 0.000000 1.000000
vn 0.000000 0.000000 1.000000
vn 0.000000 0.000000 1.000000
vn 0.000000 0.000000 1.000000
vn 0.000000 0.000000 1.000000
vn 0.000000 0.000000 1.000000
vn 0.000000 0.000000 1.000000
vn 0.000000 0.000000 1.000000
vn 0.000000 0.000000 1.000000
vn 0.000000 0.000000 1.000000
vn 0.000000 0.000000 1.000000
vn 0.000000 0.000000 1.000000
vn 0.000000 0.000000 1.000000
vn 0.000000 0.000000 1.000000
vn 0.000000 0.000000 1.000000
vn 0.000000 0.000000 1.000000
vn 0.000000 0.000000 1.000000
vn 0.000000 0.000000 1.000000
vn 0.000000 0.000000 1.000000
vn 0.000000 0.000000 1.000000
vn 0.000000 0.000000 1.000000
vn 0.000000 0.000000 1.000000
vn 0.000000 0.000000 1.000000
vn 0.000000 0.000000 1.000000
vn 0.000000 0.000000 1.000000
vn 0.000000 0.000000 1.000000
vn 0.000000 0.000000 1.000000
vn 0.000000 0.000000 1.000000
vn 0.000000 0.000000 1.000000
vn 0.000000 0.000000 1.000000
vn 0.000000 0.000000 1.000000
vn 0.000000 0.000000 1.000000
vn 0.000000 0.000000 1.000000
vn 0.000000 0.000000 1.000000
vn 0.000000 0.000000 1.000000
vn 0.000000 0.000000 1.000000
vn 0.000000 0.000000 1.000000
vn 0.000000 0.000000 1.000000
vn 0.000000 0.000000 1.000000
vn 0.000000 0.000000 1.000000
vn 0.000000 0.000000 1.000000
vn 0.000000 0.000000 1.000000
vn 0.000000 0.000000 1.000000
vn 0.000000 0.000000 1.000000
vn 0.000000 0.000000 1.000000
vn 0.000000 0.000000 1.000000
vn 0.000000 0.000000 1.000000
vn 0.000000 0.000000 1.000000
vn 0.000000 0.000000 1.000000
vn 0.000000 0.000000 1.000000
vn 0.000000 0.000000 1.000000
vn 0.000000 0.000000 1.000000
vn 0.000000 0.000000 1.000000
vn 0.000000 0.000000 1.000000
vn 0.000000 0.000000 1.000000
vn 0.000000 0.000000 1.000000
vn 0.000000 0.000000 1.000000
vn 0.000000 0.000000 1.000000
vn 0.000000 0.000000 1.000000
vn 0.000000 0.000000 1.000000
vn 0.000000 0.000000 1.000000
vn 0.000000 0.000000 1.000000
vn 0.000000 0.000000 1.000000
vn 0.000000 0.000000 1.000000
vn 0.000000 0.000000 1.000000
vn 0.000000 0.000000 1.000000
vn 0.000000 0.000000 1.000000
vn 0.000000 0.000000 1.000000
vn 0.000000 0.000000 1.000000
vn 0.000000 0.000000 1.000000
vn 0.000000 0.000000 1.000000
vn 0.000000 0.000000 1.000000
vn 0.000000 0.000000 1.000000
vn 0.000000 0.000000 1.000000
vn 0.000000 0.000000 1.000000
vn 0.000000 0.000000 1.000000
vn 0.000000 0.000000 1.000000
vn 0.000000 0.000000 1.000000
vn 0.000000 0.000000 1.000000
vn 0.000000 0.000000 1.000000
vn 0.000000 0.000000 1.000000
vn 0.000000 0.000000 1.000000
vn 0.000000 0.000000 1.000000
vn 0.000000 0.000000 1.000000
vn 0.000000 0.000000 1.000000
vn 0.000000 0.000000 1.000000
vn 0.000000 0.000000 1.000000
vn 0.000000 0.000000 1.000000
vn 0.000000 0.000000 1.000000
vn 0.000000 0.000000 1.000000
vn 0.000000 0.000000 1.000000
vn 0.000000 0.000000 1.000000
vn 0.000000 0.000000 1.000000
vn 0.000000 0.000000 1.000000
vn 0.000000 0.000000 1.000000
vn 0.000000 0.000000 1.000000
vn 0.000000 0.000000 1.000000
vn 0.000000 0.000000 1.000000
vn 0.000000 0.000000 1.000000
vn 0.000000 0.000000 1.000000
vn 0.000000 0.000000 1.000000
vn 0.000000 0.000000 1.000000
vn 0.000000 0.000000 1.000000
vn 0.000000 0.000000 1.000000
vn 0.000000 0.000000 1.000000
vn 0.000000 0.000000 1.000000
vn 0.000000 0.000000 1.000000
vn 0.000000 0.000000 1.000000
vn 0.000000 0.000000 1.000000
vn 0.000000 0.000000 1.000000
vn 0.000000 0.000000 1.000000
vn 0.000000 0.000000 1.000000
vn 0.000000 0.000000 1.000000
vn 0.000000 0.000000 1.000000
vn 0.000000 0.000000 1.000000
vn 0.000000 0.000000 1.000000
vn 0.000000 0.000000 1.000000
vn 0.000000 0.000000 1.000000
vn 0.000000 0.000000 1.000000
vn 0.000000 0.000000 1.000000
vn 0.000000 0.000000 1.000000
vn 0.000000 0.000000 1.000000
vn 0.000000 0.000000 1.000000
vn 0.000000 0.000000 1.000000
vn 0.000000 0.000000 1.000000
vn 0.000000 0.000000 1.000000
vn 0.000000 0.000000 1.000000
vn 0.000000 0.000000 1.000000
vn 0.000000 0.000000 1.000000
vn 0.000000 0.000000 1.000000
vn 0.000000 0.000000 1.000000
vn 0.000000 0.000000 1.000000
vn 0.000000 0.000000 1.000000
vn 0.000000 0.000000 1.000000
vn 0.000000 0.000000 1.000000
vn 0.000000 0.000000 1.000000
vn 0.000000 0.000000 1.000000
vn 0.000000 0.000000 1.000000
vn 0.000000 0.000000 1.000000
vn 0.000000 0.000000 1.000000
vn 0.000000 0.000000 1.000000
vn 0.000000 0.000000 1.000000
vn 0.000000 0.000000 1.000000
vn 0.000000 0.000000 1.000000
vn 0.000000 0.000000 1.000000
vn 0.000000 0.000000 1.000000
vn 0.000000 0.000000 1.000000
vn 0.000000 0.000000 1.000000
vn 0.000000 0.000000 1.000000
vn 0.000000 0.000000 1.000000
vn 0.000000 0.000000 1.000000
vn 0.000000 0.000000 1.000000
vn 0.000000 0.000000 1.000000
vn 0.000000 0.000000 1.000000
vn 0.000000 0.000000 1.000000
vn 0.000000 0.000000 1.000000
vn 0.000000 0.000000 1.000000
vn 0.000000 0.000000 1.000000
vn 0.000000 0.000000 1.000000
vn 0.000000 0.000000 1.000000
vn 0.000000 0.000000 1.000000
vn 0.000000 0.000000 1.000000
vn 0.000000 0.000000 1.000000
vn 0.000000 0.000000 1.000000
vn 0.000000 0.000000 1.000000
vn 0.000000 0.000000 1.000000
vn 0.000000 0.000000 1.000000
vn 0.000000 0.000000 1.000000
vn 0.000000 0.000000 1.000000
vn 0.000000 0.000000 1.000000
vn 0.000000 0.000000 1.000000
vn 0.000000 0.000000 1.000000
vn 0.000000 0.000000 1.000000
vn 0.000000 0.000000 1.000000
vn 0.000000 0.000000 1.000000
vn 0.000000 0.000000 1.000000
vn 0.000000 0.000000 1.000000
vn 0.000000 0.000000 1.000000
vn 0.000000 0.000000 1.000000
vn 0.000000 0.000000 1.000000
vn 0.000000 0.000000 1.000000
vn 0.000000 0.000000 1.000000
vn 0.000000 0.000000 1.000000
vn 0.000000 0.000000 1.000000
vn 0.000000 0.000000 1.000000
vn 0.000000 0.000000 1.000000
vn 0.000000 0.000000 1.000000
vn 0.000000 0.000000 1.000000
vn 0.000000 0.000000 1.000000
vn 0.000000 0.000000 1.000000
vn 0.000000 0.000000 1.000000
vn 0.000000 0.000000 1.000000
vn 0.000000 0.000000 1.000000
vn 0.000000 0.000000 1.000000
vn 0.000000 0.000000 1.000000
vn 0.000000 0.000000 1.000000
vn 0.000000 0.000000 1.000000
vn 0.000000 0.000000 1.000000
vn 0.000000 0.000000 1.000000
vn 0.000000 0.000000 1.000000
vn 0.000000 0.000000 1.000000
vn 0.000000 0.000000 1.000000
vn 0.000000 0.000000 1.000000
vn 0.000000 0.000000 1.000000
vn 0.000000 0.000000 1.000000
vn 0.000000 0.000000 1.000000
vn 0.000000 0.000000 1.000000
vn 0.000000 0.000000 1.000000
vn 0.000000 0.000000 1.000000
vn 0.000000 0.000000 1.000000
vn 0.000000 0.000000 1.000000
vn 0.000000 0.000000 1.000000
vn 0.000000 0.000000 1.000000
vn 0.000000 0.000000 1.000000
vn 0.000000 0.000000 1.000000
vn 0.000000 0.000000 1.000000
vn 0.000000 0.000000 1.000000
vn 0.000000 0.000000 1.000000
vn 0.000000 0.000000 1.000000
vn 0.000000 0.000000 1.000000
vn 0.000000 0.000000 1.000000
vn 0.000000 0.000000 1.000000
vn 0.000000 0.000000 1.000000
vn 0.000000 0.000000 1.000000
vn 0.000000 0.000000 1.000000
vn 0.000000 0.000000 1.000000
vn 0.000000 0.000000 1.000000
vn 0.000000 0.000000 1.000000
vn 0.000000 0.000000 1.000000
vn 0.000000 0.000000 1.000000
vn 0.000000 0.000000 1.000000
vn 0.000000 0.000000 1.000000
vn 0.000000 0.000000 1.000000
vn 0.000000 0.000000 1.000000
vn 0.000000 0.000000 1.000000
vn 0.000000 0.000000 1.000000
vn 0.000000 0.000000 1.000000
vn 0.000000 0.000000 1.000000
vn 0.000000 0.000000 1.000000
vn 0.000000 0.000000 1.000000
vn 0.000000 0.000000 1.000000
vn 0.000000 0.000000 1.000000
vn 0.000000 0.000000 1.000000
vn 0.000000 0.000000 1.000000
vn 0.000000 0.000000 1.000000
vn 0.000000 0.000000 1.000000
vn 0.000000 0.000000 1.000000
vn 0.000000 0.000000 1.000000
vn 0.000000 0.000000 1.000000
vn 0.000000 0.000000 1.000000
vn 0.000000 0.000000 1.000000
vn 0.000000 0.000000 1.000000
vn 0.000000 0.000000 1.000000
vn 0.000000 0.000000 1.000000
vn 0.000000 0.000000 1.000000
vn 0.000000 0.000000 1.000000
vn 0.000000 0.000000 1.000000
vn 0.000000 0.000000 1.000000
vn 0.000000 0.000000 1.000000
vn 0.000000 0.000000 1.000000
vn 0.000000 0.000000 1.000000
vn 0.000000 0.000000 1.000000
vn 0.000000 0.000000 1.000000
vn 0.000000 0.000000 1.000000
vn 0.000000 0.000000 1.000000
vn 0.000000 0.000000 1.000000
vn 0.000000 0.000000 1.000000
vn 0.000000 0.000000 1.000000
vn 0.000000 0.000000 1.000000
vn 0.000000 0.000000 1.000000
vn 0.000000 0.000000 1.000000
vn 0.000000 0.000000 1.000000
vn 0.000000 0.000000 1.000000
vn 0.000000 0.000000 1.000000
vn 0.000000 0.000000 1.000000
vn 0.000000 0.000000 1.000000
vn 0.000000 0.000000 1.000000
vn 0.000000 0.000000 1.000000
vn 0.000000 0.000000 1.000000
vn 0.000000 0.000000 1.000000
vn 0.000000 0.000000 1.000000
vn 0.000000 0.000000 1.000000
vn 0.000000 0.000000 1.000000
vn 0.000000 0.000000 1.000000
vn 0.000000 0.000000 1.000000
vn 0.000000 0.000000 1.000000
vn 0.000000 0.000000 1.000000
vn 0.000000 0.000000 1.000000
vn 0.000000 0.000000 1.000000
vn 0.000000 0.000000 1.000000
vn 0.000000 0.000000 1.000000
vn 0.000000 0.000000 1.000000
vn 0.000000 0.000000 1.000000
vn 0.000000 0.000000 1.000000
vn 0.000000 0.000000 1.000000
vn 0.000000 0.000000 1.000000
vn 0.000000 0.000000 1.000000
vn 0.000000 0.000000 1.000000
vn 0.000000 0.000000 1.000000
vn 0.000000 0.000000 1.000000
vn 0.000000 0.000000 1.000000
vn 0.000000 0.000000 1.000000
vn 0.000000 0.000000 1.000000
vn 0.000000 0.000000 1.000000
vn 0.000000 0.000000 1.000000
vn 0.000000 0.000000 1.000000
vn 0.000000 0.000000 -1.000000
vn 0.000000 0.000000 -1.000000
vn 0.000000 0.000000 -1.000000
vn 0.000000 0.000000 -1.000000
vn 0.000000 0.000000 -1.000000
vn 0.000000 0.000000 -1.000000
vn 0.000000 0.000000 -1.000000
vn 0.000000 -0.000000 -1.000000
vn 0.000000 0.000000 -1.000000
vn 0.000000 0.000000 -1.000000
vn 0.000000 0.000000 -1.000000
vn 0.000000 -0.000000 -1.000000
vn 0.000000 0.000000 -1.000000
vn 0.000000 0.000000 -1.000000
vn 0.000000 -0.000000 -1.000000
vn 0.000000 -0.000000 -1.000000
vn 0.000000 0.000000 -1.000000
vn 0.000000 0.000000 -1.000000
vn 0.000000 -0.000000 -1.000000
vn 0.000000 -0.000000 -1.000000
vn 0.000000 0.000000 -1.000000
vn 0.000000 0.000000 -1.000000
vn 0.000000 0.000000 -1.000000
vn 0.000000 -0.000000 -1.000000
f 1//1 2//1 3//1
f 3//2 4//2 1//2
f 1//3 5//3 2//3
f 4//4 6//4 1//4
f 1//5 7//5 5//5
f 6//6 8//6 1//6
f 1//7 9//7 7//7
f 8//8 10//8 1//8
f 1//9 11//9 9//9
f 10//10 12//10 1//10
f 1//11 13//11 11//11
f 12//12 14//12 1//12
f 1//13 15//13 13//13
f 14//14 16//14 1//14
f 1//15 17//15 15//15
f 16//16 18//16 1//16
f 1//17 19//17 17//17
f 18//18 20//18 1//18
f 1//19 21//19 19//19
f 20//20 22//20 1//20
f 1//21 23//21 21//21
f 22//22 24//22 1//22
f 1//23 25//23 23//23
f 24//24 26//24 1//24
f 1//25 27//25 25//25
f 26//26 28//26 1//26
f 1//27 29//27 27//27
f 28//28 30//28 1//28
f 1//29 31//29 29//29
f 1//30 32//30 31//30
f 1//31 33//31 32//31
f 1//32 34//32 33//32
f 1//33 35//33 34//33
f 36//34 37//34 38//34
f 38//35 37//35 39//35
f 39//36 37//36 40//36
f 40//37 37//37 41//37
f 41//38 37//38 30//38
f 30//39 37//39 1//39
f 1//40 42//40 35//40
f 36//41 43//41 37//41
f 1//42 44//42 42//42
f 43//43 45//43 37//43
f 1//44 46//44 44//44
f 45//45 47//45 37//45
f 1//46 48//46 46//46
f 47//47 49//47 37//47
f 1//48 50//48 48//48
f 49//49 51//49 37//49
f 1//50 52//50 50//50
f 51//51 53//51 37//51
f 1//52 54//52 52//52
f 53//53 55//53 37//53
f 1//54 56//54 54//54
f 55//55 57//55 37//55
f 1//56 58//56 56//56
f 57//57 59//57 37//57
f 59//58 60//58 37//58
f 60//59 61//59 37//59
f 61//60 62//60 37//60
f 62//61 63//61 37//61
f 63//62 64//62 37//62
f 64//63 65//63 37//63
f 65//64 66//64 37//64
f 66//65 67//65 37//65
f 67//66 68//66 37//66
f 68//67 69//67 37//67
f 69//68 70//68 37//68
f 71//69 72//69 73//69
f 73//70 72//70 74//70
f 74//71 72//71 75//71
f 76//72 72//72 77//72
f 75//73 72//73 78//73
f 77//74 72//74 79//74
f 78//75 72//75 80//75
f 79//76 72//76 81//76
f 80//77 72//77 82//77
f 81//78 72//78 83//78
f 82//79 72//79 84//79
f 83//80 72//80 85//80
f 84//81 72//81 70//81
f 85//82 72//82 86//82
f 86//83 72//83 87//83
f 87//84 72//84 88//84
f 88//85 72//85 89//85
f 89//86 72//86 90//86
f 90//87 72//87 91//87
f 91//88 72//88 92//88
f 92//89 72//89 93//89
f 93//90 72//90 94//90
f 94//91 72//91 95//91
f 95//92 72//92 96//92
f 96//93 72//93 97//93
f 97//94 72//94 98//94
f 98//95 72//95 99//95
f 99//96 72//96 100//96
f 100//97 72//97 101//97
f 101//98 72//98 102//98
f 102//99 72//99 71//99
f 70//100 72//100 37//100
f 103//101 104//101 105//101
f 105//102 104//102 106//102
f 106//103 104//103 76//103
f 76//104 104//104 72//104
f 107//105 108//105 109//105
f 109//106 108//106 110//106
f 110//107 108//107 111//107
f 111//108 108//108 112//108
f 112//109 108//109 113//109
f 113//110 108//110 114//110
f 114//111 108//111 115//111
f 115//112 108//112 103//112
f 103//113 108//113 104//113
f 116//114 117//114 118//114
f 118//115 117//115 119//115
f 119//116 117//116 120//116
f 120//117 117//117 107//117
f 107//118 117//118 108//118
f 108//119 117//119 121//119
f 122//120 117//120 123//120
f 123//121 117//121 124//121
f 124//122 117//122 125//122
f 125//123 117//123 126//123
f 126//124 117//124 127//124
f 127//125 117//125 128//125
f 128//126 117//126 116//126
f 121//127 129//127 108//127
f 130//128 131//128 132//128
f 132//129 131//129 133//129
f 72//130 134//130 135//130
f 104//131 134//131 72//131
f 129//132 136//132 108//132
f 131//133 137//133 133//133
f 131//134 138//134 137//134
f 117//135 139//135 140//135
f 140//136 139//136 138//136
f 139//137 141//137 142//137
f 117//138 141//138 139//138
f 138//139 143//139 137//139
f 137//140 143//140 144//140
f 144//141 145//141 136//141
f 136//142 145//142 108//142
f 117//143 146//143 141//143
f 1//144 146//144 58//144
f 141//145 146//145 147//145
f 122//146 146//146 117//146
f 58//147 146//147 148//147
f 148//148 146//148 149//148
f 149//149 146//149 150//149
f 150//150 146//150 151//150
f 151//151 146//151 152//151
f 152//152 146//152 122//152
f 145//153 153//153 108//153
f 154//154 153//154 145//154
f 134//155 153//155 135//155
f 154//156 155//156 153//156
f 144//157 156//157 145//157
f 154//158 157//158 155//158
f 157//159 158//159 155//159
f 155//160 159//160 153//160
f 160//161 161//161 162//161
f 146//162 161//162 147//162
f 159//163 163//163 153//163
f 164//164 163//164 159//164
f 143//165 165//165 144//165
f 144//166 165//166 156//166
f 166//167 167//167 168//167
f 162//168 169//168 170//168
f 143//169 169//169 165//169
f 170//170 169//170 143//170
f 163//171 171//171 153//171
f 172//172 171//172 173//172
f 173//173 171//173 163//173
f 171//174 174//174 153//174
f 162//175 175//175 169//175
f 162//176 176//176 175//176
f 162//177 177//177 176//177
f 161//178 178//178 162//178
f 162//179 178//179 177//179
f 179//180 180//180 174//180
f 181//181 182//181 161//181
f 161//182 182//182 178//182
f 175//183 183//183 184//183
f 185//184 186//184 181//184
f 181//185 186//185 182//185
f 187//186 188//186 189//186
f 189//187 188//187 183//187
f 190//188 191//188 188//188
f 185//189 191//189 186//189
f 192//190 193//190 194//190
f 194//191 195//191 192//191
f 192//192 196//192 193//192
f 195//193 197//193 192//193
f 192//194 198//194 196//194
f 197//195 199//195 192//195
f 192//196 200//196 198//196
f 192//197 201//197 202//197
f 199//198 201//198 192//198
f 135//199 203//199 192//199
f 192//200 203//200 200//200
f 201//201 204//201 202//201
f 135//202 205//202 203//202
f 204//203 206//203 202//203
f 135//204 207//204 205//204
f 206//205 208//205 202//205
f 135//206 209//206 207//206
f 208//207 210//207 202//207
f 135//208 211//208 209//208
f 210//209 212//209 202//209
f 135//210 213//210 211//210
f 212//211 214//211 202//211
f 135//212 215//212 213//212
f 214//213 216//213 202//213
f 135//214 217//214 215//214
f 216//215 218//215 202//215
f 135//216 219//216 217//216
f 218//217 220//217 202//217
f 135//218 221//218 219//218
f 220//219 222//219 202//219
f 135//220 223//220 221//220
f 222//221 224//221 202//221
f 135//222 225//222 223//222
f 224//223 226//223 202//223
f 135//224 227//224 225//224
f 226//225 228//225 202//225
f 153//226 229//226 135//226
f 135//227 229//227 227//227
f 228//228 230//228 202//228
f 153//229 231//229 229//229
f 230//230 232//230 202//230
f 232//231 233//231 202//231
f 233//232 234//232 202//232
f 234//233 235//233 202//233
f 235//234 236//234 202//234
f 236//235 237//235 202//235
f 237//236 238//236 202//236
f 238//237 239//237 202//237
f 239//238 240//238 202//238
f 240//239 241//239 202//239
f 241//240 242//240 202//240
f 242//241 243//241 202//241
f 243//242 244//242 202//242
f 244//243 245//243 202//243
f 245//244 246//244 202//244
f 246//245 247//245 202//245
f 247//246 248//246 202//246
f 248//247 249//247 202//247
f 249//248 250//248 202//248
f 250//249 251//249 202//249
f 251//250 252//250 202//250
f 252//251 253//251 202//251
f 253//252 254//252 202//252
f 254//253 255//253 202//253
f 255//254 256//254 202//254
f 185//255 257//255 191//255
f 258//256 259//256 260//256
f 260//257 259//257 261//257
f 261//258 259//258 262//258
f 262//259 259//259 263//259
f 263//260 259//260 264//260
f 264//261 259//261 265//261
f 265//262 259//262 266//262
f 266//263 259//263 267//263
f 267//264 259//264 268//264
f 268//265 259//265 269//265
f 269//266 259//266 270//266
f 270//267 259//267 271//267
f 271//268 259//268 272//268
f 272//269 259//269 273//269
f 273//270 259//270 274//270
f 274//271 259//271 275//271
f 275//272 259//272 276//272
f 276//273 259//273 277//273
f 277//274 259//274 278//274
f 258//275 279//275 259//275
f 231//276 279//276 280//276
f 280//277 279//277 281//277
f 281//278 279//278 258//278
f 153//279 279//279 231//279
f 279//280 282//280 259//280
f 283//281 284//281 285//281
f 285//282 284//282 286//282
f 278//283 284//283 287//283
f 287//284 284//284 288//284
f 288//285 284//285 289//285
f 289//286 284//286 290//286
f 290//287 284//287 291//287
f 291//288 284//288 292//288
f 292//289 284//289 293//289
f 293//290 284//290 294//290
f 259//291 284//291 278//291
f 294//292 284//292 295//292
f 295//293 284//293 296//293
f 296//294 284//294 283//294
f 286//295 297//295 298//295
f 298//296 297//296 299//296
f 284//297 297//297 286//297
f 299//298 300//298 301//298
f 301//299 300//299 302//299
f 302//300 300//300 303//300
f 303//301 300//301 304//301
f 297//302 300//302 299//302
f 259//303 305//303 306//303
f 282//304 305//304 259//304
f 153//305 307//305 279//305
f 308//306 309//306 282//306
f 282//307 309//307 305//307
f 305//308 310//308 306//308
f 284//309 311//309 297//309
f 304//310 312//310 313//310
f 300//311 312//311 304//311
f 180//312 314//312 174//312
f 174//313 314//313 153//313
f 153//314 314//314 307//314
f 313//315 315//315 316//315
f 316//316 315//316 317//316
f 317//317 315//317 318//317
f 312//318 315//318 313//318
f 307//319 319//319 279//319
f 188//320 320//320 183//320
f 191//321 320//321 188//321
f 180//322 320//322 314//322
f 184//323 320//323 180//323
f 183//324 320//324 184//324
f 319//325 321//325 279//325
f 314//326 322//326 307//326
f 306//327 323//327 311//327
f 310//328 323//328 306//328
f 311//329 324//329 325//329
f 323//330 324//330 311//330
f 325//331 324//331 326//331
f 327//332 328//332 329//332
f 315//333 328//333 318//333
f 330//334 328//334 315//334
f 318//335 328//335 331//335
f 331//336 328//336 332//336
f 332//337 328//337 333//337
f 333//338 328//338 334//338
f 334//339 328//339 335//339
f 335//340 328//340 336//340
f 336//341 328//341 337//341
f 337//342 328//342 338//342
f 338//343 328//343 339//343
f 339//344 328//344 340//344
f 340//345 328//345 341//345
f 341//346 328//346 342//346
f 342//347 328//347 343//347
f 343//348 328//348 344//348
f 344//349 328//349 327//349
f 310//350 345//350 323//350
f 320//351 346//351 314//351
f 314//352 346//352 347//352
f 257//353 348//353 191//353
f 319//354 349//354 321//354
f 315//355 350//355 330//355
f 349//356 351//356 321//356
f 321//357 352//357 345//357
f 351//358 352//358 321//358
f 353//359 354//359 319//359
f 319//360 354//360 349//360
f 346//361 355//361 347//361
f 324//362 356//362 326//362
f 345//363 357//363 323//363
f 329//364 358//364 359//364
f 359//365 358//365 360//365
f 360//366 358//366 256//366
f 328//367 358//367 329//367
f 256//368 358//368 202//368
f 361//369 362//369 363//369
f 326//370 364//370 365//370
f 356//371 364//371 326//371
f 355//372 366//372 347//372
f 324//373 367//373 356//373
f 320//374 368//374 369//374
f 350//375 370//375 362//375
f 371//376 370//376 350//376
f 372//377 373//377 354//377
f 346//378 374//378 355//378
f 362//379 375//379 363//379
f 370//380 375//380 362//380
f 366//381 376//381 347//381
f 365//382 377//382 371//382
f 364//383 377//383 365//383
f 378//384 377//384 364//384
f 368//385 379//385 369//385
f 380//386 381//386 351//386
f 351//387 381//387 352//387
f 320//388 382//388 368//388
f 381//389 383//389 352//389
f 371//390 384//390 370//390
f 320//391 385//391 382//391
f 348//392 385//392 191//392
f 191//393 385//393 320//393
f 376//394 386//394 347//394
f 371//395 387//395 384//395
f 377//396 387//396 371//396
f 358//397 388//397 202//397
f 378//398 389//398 377//398
f 387//399 390//399 384//399
f 367//400 391//400 356//400
f 382//401 392//401 368//401
f 380//402 393//402 381//402
f 394//403 395//403 396//403
f 396//404 395//404 397//404
f 379//405 398//405 369//405
f 369//406 398//406 374//406
f 386//407 399//407 347//407
f 390//408 400//408 384//408
f 379//409 401//409 398//409
f 372//410 402//410 373//410
f 399//411 402//411 347//411
f 403//412 404//412 391//412
f 405//413 406//413 393//413
f 374//414 407//414 408//414
f 398//415 407//415 374//415
f 408//416 407//416 409//416
f 385//417 410//417 411//417
f 411//418 412//418 385//418
f 385//419 413//419 410//419
f 412//420 414//420 385//420
f 385//421 415//421 413//421
f 385//422 416//422 415//422
f 385//423 417//423 416//423
f 379//424 418//424 401//424
f 419//425 418//425 379//425
f 385//426 420//426 417//426
f 385//427 421//427 420//427
f 386//428 422//428 399//428
f 385//429 423//429 421//429
f 385//430 424//430 423//430
f 385//431 425//431 424//431
f 400//432 426//432 384//432
f 384//433 426//433 427//433
f 427//434 426//434 388//434
f 385//435 428//435 425//435
f 394//436 429//436 395//436
f 395//437 429//437 405//437
f 373//438 429//438 394//438
f 402//439 429//439 373//439
f 405//440 429//440 406//440
f 385//441 430//441 428//441
f 385//442 431//442 430//442
f 385//443 432//443 431//443
f 385//444 433//444 432//444
f 434//445 435//445 436//445
f 385//446 437//446 433//446
f 435//447 438//447 436//447
f 385//448 439//448 437//448
f 438//449 440//449 436//449
f 385//450 441//450 439//450
f 403//451 442//451 404//451
f 443//452 442//452 444//452
f 444//453 442//453 403//453
f 440//454 445//454 436//454
f 348//455 446//455 385//455
f 385//456 446//456 441//456
f 445//457 447//457 436//457
f 348//458 448//458 446//458
f 447//459 449//459 436//459
f 348//460 450//460 448//460
f 436//461 451//461 418//461
f 452//462 453//462 454//462
f 402//463 455//463 429//463
f 449//464 456//464 436//464
f 348//465 457//465 450//465
f 429//466 458//466 406//466
f 459//467 460//467 461//467
f 456//468 462//468 436//468
f 348//469 463//469 457//469
f 462//470 464//470 436//470
f 348//471 465//471 463//471
f 464//472 466//472 436//472
f 348//473 467//473 465//473
f 466//474 468//474 436//474
f 348//475 469//475 467//475
f 468//476 470//476 436//476
f 436//477 470//477 451//477
f 442//478 471//478 404//478
f 348//479 472//479 469//479
f 470//480 473//480 451//480
f 348//481 474//481 472//481
f 407//482 475//482 409//482
f 476//483 475//483 407//483
f 473//484 477//484 451//484
f 348//485 478//485 474//485
f 479//486 480//486 422//486
f 422//487 480//487 460//487
f 477//488 481//488 451//488
f 348//489 482//489 478//489
f 481//490 483//490 451//490
f 451//491 483//491 484//491
f 460//492 485//492 461//492
f 480//493 485//493 460//493
f 348//494 486//494 482//494
f 483//495 487//495 484//495
f 348//496 488//496 486//496
f 487//497 489//497 484//497
f 348//498 490//498 488//498
f 489//499 491//499 484//499
f 348//500 492//500 490//500
f 452//501 493//501 453//501
f 484//502 493//502 452//502
f 491//503 494//503 484//503
f 348//504 495//504 492//504
f 496//505 497//505 498//505
f 494//506 499//506 484//506
f 475//507 500//507 409//507
f 501//508 500//508 479//508
f 409//509 500//509 501//509
f 348//510 502//510 495//510
f 499//511 503//511 484//511
f 458//512 504//512 505//512
f 505//513 504//513 443//513
f 500//514 506//514 479//514
f 348//515 507//515 502//515
f 479//516 508//516 480//516
f 506//517 508//517 479//517
f 503//518 509//518 484//518
f 348//519 510//519 507//519
f 509//520 511//520 484//520
f 348//521 512//521 510//521
f 511//522 513//522 484//522
f 348//523 514//523 512//523
f 455//524 515//524 429//524
f 348//525 516//525 514//525
f 497//526 516//526 348//526
f 497//527 517//527 516//527
f 476//528 518//528 475//528
f 513//529 519//529 484//529
f 520//530 519//530 521//530
f 521//531 519//531 522//531
f 522//532 519//532 523//532
f 523//533 519//533 524//533
f 524//534 519//534 525//534
f 525//535 519//535 526//535
f 526//536 519//536 513//536
f 484//537 519//537 493//537
f 520//538 527//538 519//538
f 527//539 528//539 519//539
f 506//540 529//540 508//540
f 528//541 530//541 519//541
f 530//542 531//542 519//542
f 404//543 532//543 533//543
f 471//544 532//544 404//544
f 504//545 534//545 535//545
f 535//546 534//546 536//546
f 537//547 538//547 539//547
f 539//548 538//548 540//548
f 540//549 538//549 541//549
f 541//550 538//550 531//550
f 519//551 538//551 518//551
f 531//552 538//552 519//552
f 532//553 542//553 533//553
f 533//554 542//554 543//554
f 471//555 544//555 532//555
f 544//556 545//556 532//556
f 542//557 546//557 543//557
f 529//558 547//558 508//558
f 508//559 547//559 548//559
f 549//560 550//560 544//560
f 534//561 550//561 549//561
f 551//562 552//562 537//562
f 537//563 552//563 538//563
f 538//564 552//564 553//564
f 547//565 554//565 548//565
f 548//566 554//566 515//566
f 555//567 556//567 557//567
f 557//568 556//568 546//568
f 544//569 558//569 545//569
f 545//570 558//570 559//570
f 551//571 560//571 552//571
f 561//572 562//572 556//572
f 560//573 563//573 564//573
f 560//574 565//574 563//574
f 496//575 566//575 497//575
f 534//576 567//576 550//576
f 426//577 567//577 388//577
f 556//578 567//578 546//578
f 388//579 567//579 202//579
f 562//580 567//580 556//580
f 543//581 567//581 426//581
f 546//582 567//582 543//582
f 550//583 567//583 562//583
f 560//584 568//584 565//584
f 551//585 568//585 560//585
f 185//586 569//586 257//586
f 185//587 570//587 569//587
f 257//588 571//588 498//588
f 569//589 571//589 257//589
f 185//590 572//590 570//590
f 571//591 573//591 498//591
f 146//592 574//592 185//592
f 185//593 574//593 572//593
f 573//594 575//594 498//594
f 1//595 576//595 146//595
f 146//596 576//596 574//596
f 575//597 577//597 498//597
f 1//598 578//598 576//598
f 498//599 579//599 496//599
f 577//600 579//600 498//600
f 579//601 580//601 496//601
f 580//602 581//602 496//602
f 496//603 582//603 583//603
f 581//604 582//604 496//604
f 582//605 584//605 583//605
f 584//606 585//606 583//606
f 585//607 586//607 583//607
f 586//608 587//608 583//608
f 583//609 587//609 588//609
f 587//610 589//610 588//610
f 589//611 590//611 588//611
f 590//612 591//612 588//612
f 591//613 592//613 588//613
f 592//614 593//614 588//614
f 593//615 594//615 588//615
f 594//616 595//616 588//616
f 578//617 596//617 597//617
f 597//618 596//618 598//618
f 598//619 596//619 599//619
f 599//620 596//620 600//620
f 600//621 596//621 601//621
f 601//622 596//622 602//622
f 602//623 596//623 603//623
f 603//624 596//624 604//624
f 604//625 596//625 605//625
f 605//626 596//626 606//626
f 606//627 596//627 607//627
f 607//628 596//628 608//628
f 608//629 596//629 609//629
f 609//630 596//630 610//630
f 610//631 596//631 611//631
f 611//632 596//632 612//632
f 612//633 596//633 613//633
f 613//634 596//634 614//634
f 614//635 596//635 615//635
f 615//636 596//636 616//636
f 616//637 596//637 617//637
f 617//638 596//638 618//638
f 618//639 596//639 619//639
f 619//640 596//640 620//640
f 620//641 596//641 621//641
f 621//642 596//642 622//642
f 622//643 596//643 623//643
f 623//644 596//644 624//644
f 624//645 596//645 625//645
f 625//646 596//646 626//646
f 626//647 596//647 627//647
f 627//648 596//648 628//648
f 1//649 596//649 578//649
f 596//650 629//650 628//650
f 596//651 630//651 629//651
f 596//652 631//652 630//652
f 596//653 632//653 631//653
f 633//654 634//654 635//654
f 635//655 634//655 636//655
f 636//656 634//656 637//656
f 637//657 634//657 638//657
f 638//658 634//658 639//658
f 639//659 634//659 640//659
f 640//660 634//660 641//660
f 641//661 634//661 642//661
f 642//662 634//662 643//662
f 643//663 634//663 644//663
f 644//664 634//664 645//664
f 645//665 634//665 646//665
f 646//666 634//666 647//666
f 647//667 634//667 648//667
f 648//668 634//668 649//668
f 649//669 634//669 650//669
f 650//670 634//670 651//670
f 651//671 634//671 652//671
f 652//672 634//672 551//672
f 551//673 634//673 568//673
f 596//674 653//674 632//674
f 596//675 654//675 653//675
f 596//676 655//676 654//676
f 596//677 656//677 655//677
f 596//678 657//678 656//678
f 596//679 658//679 657//679
f 596//680 659//680 658//680
f 596//681 660//681 659//681
f 596//682 661//682 660//682
f 596//683 662//683 661//683
f 596//684 663//684 662//684
f 596//685 664//685 663//685
f 596//686 665//686 664//686
f 596//687 666//687 665//687
f 596//688 667//688 666//688
f 596//689 668//689 667//689
f 596//690 669//690 668//690
f 596//691 670//691 669//691
f 634//692 671//692 568//692
f 671//693 672//693 568//693
f 672//694 673//694 568//694
f 671//695 674//695 672//695
f 595//696 675//696 588//696
f 676//697 675//697 677//697
f 677//698 675//698 678//698
f 678//699 675//699 679//699
f 679//700 675//700 680//700
f 680//701 675//701 681//701
f 681//702 675//702 682//702
f 682//703 675//703 683//703
f 683//704 675//704 684//704
f 684//705 675//705 685//705
f 685//706 675//706 686//706
f 686//707 675//707 687//707
f 687//708 675//708 688//708
f 688//709 675//709 689//709
f 689//710 675//710 690//710
f 690//711 675//711 691//711
f 691//712 675//712 692//712
f 692//713 675//713 693//713
f 693//714 675//714 694//714
f 694//715 675//715 695//715
f 696//716 675//716 697//716
f 695//717 675//717 698//717
f 697//718 675//718 699//718
f 698//719 675//719 700//719
f 699//720 675//720 701//720
f 700//721 675//721 702//721
f 701//722 675//722 703//722
f 702//723 675//723 704//723
f 703//724 675//724 705//724
f 704//725 675//725 706//725
f 705//726 675//726 707//726
f 706//727 675//727 708//727
f 707//728 675//728 676//728
f 708//729 675//729 709//729
f 709//730 675//730 710//730
f 710//731 675//731 595//731
f 673//732 711//732 568//732
f 712//733 713//733 674//733
f 711//734 714//734 568//734
f 583//735 715//735 716//735
f 588//736 715//736 583//736
f 713//737 717//737 674//737
f 674//738 717//738 718//738
f 717//739 719//739 718//739
f 714//740 720//740 568//740
f 721//741 720//741 714//741
f 634//742 722//742 712//742
f 712//743 722//743 713//743
f 713//744 722//744 723//744
f 633//745 722//745 634//745
f 724//746 722//746 725//746
f 725//747 722//747 633//747
f 714//748 726//748 721//748
f 717//749 727//749 719//749
f 719//750 728//750 729//750
f 727//751 728//751 719//751
f 720//752 730//752 731//752
f 732//753 733//753 734//753
f 729//754 735//754 736//754
f 728//755 735//755 729//755
f 722//756 737//756 738//756
f 739//757 737//757 722//757
f 726//758 740//758 733//758
f 736//759 740//759 726//759
f 740//760 741//760 733//760
f 733//761 741//761 734//761
f 736//762 742//762 740//762
f 743//763 744//763 735//763
f 730//764 745//764 731//764
f 722//765 746//765 739//765
f 724//766 746//766 722//766
f 747//767 746//767 748//767
f 748//768 746//768 749//768
f 749//769 746//769 750//769
f 750//770 746//770 751//770
f 751//771 746//771 724//771
f 735//772 752//772 736//772
f 736//773 752//773 742//773
f 746//774 753//774 739//774
f 738//775 754//775 755//775
f 755//776 754//776 756//776
f 737//777 754//777 738//777
f 752//778 757//778 742//778
f 742//779 757//779 758//779
f 737//780 759//780 754//780
f 735//781 760//781 752//781
f 744//782 760//782 735//782
f 760//783 761//783 752//783
f 754//784 762//784 756//784
f 757//785 763//785 758//785
f 756//786 764//786 744//786
f 762//787 764//787 756//787
f 744//788 764//788 760//788
f 745//789 765//789 731//789
f 758//790 765//790 745//790
f 763//791 765//791 758//791
f 757//792 766//792 763//792
f 767//793 768//793 769//793
f 762//794 770//794 764//794
f 771//795 772//795 762//795
f 765//796 773//796 731//796
f 770//797 773//797 764//797
f 770//798 774//798 773//798
f 497//799 775//799 517//799
f 747//800 775//800 746//800
f 517//801 775//801 776//801
f 776//802 775//802 777//802
f 777//803 775//803 747//803
f 762//804 778//804 770//804
f 772//805 778//805 762//805
f 772//806 779//806 778//806
f 768//807 779//807 772//807
f 778//808 780//808 770//808
f 746//809 781//809 767//809
f 775//810 781//810 746//810
f 782//811 783//811 775//811
f 781//812 784//812 767//812
f 767//813 784//813 768//813
f 782//814 785//814 783//814
f 497//815 786//815 775//815
f 782//816 786//816 787//816
f 716//817 786//817 566//817
f 566//818 786//818 497//818
f 775//819 786//819 782//819
f 788//820 789//820 774//820
f 773//821 789//821 731//821
f 774//822 789//822 773//822
f 784//823 790//823 768//823
f 787//824 791//824 782//824
f 789//825 792//825 731//825
f 781//826 793//826 784//826
f 785//827 794//827 783//827
f 783//828 794//828 793//828
f 790//829 795//829 768//829
f 785//830 796//830 794//830
f 795//831 797//831 768//831
f 793//832 798//832 799//832
f 794//833 798//833 793//833
f 785//834 800//834 796//834
f 801//835 800//835 785//835
f 802//836 803//836 800//836
f 804//837 805//837 806//837
f 797//838 807//838 768//838
f 779//839 807//839 792//839
f 768//840 807//840 779//840
f 808//841 807//841 797//841
f 798//842 809//842 799//842
f 799//843 809//843 810//843
f 811//844 809//844 798//844
f 797//845 812//845 808//845
f 813//846 814//846 802//846
f 804//847 815//847 805//847
f 816//848 815//848 804//848
f 809//849 817//849 810//849
f 810//850 817//850 818//850
f 818//851 819//851 820//851
f 817//852 819//852 818//852
f 814//853 821//853 802//853
f 803//854 821//854 816//854
f 802//855 821//855 803//855
f 807//856 822//856 792//856
f 823//857 824//857 825//857
f 816//858 826//858 815//858
f 821//859 826//859 816//859
f 811//860 827//860 809//860
f 812//861 828//861 824//861
f 820//862 828//862 812//862
f 819//863 829//863 820//863
f 824//864 830//864 825//864
f 828//865 830//865 824//865
f 826//866 831//866 815//866
f 820//867 832//867 828//867
f 815//868 833//868 834//868
f 831//869 833//869 815//869
f 822//870 835//870 792//870
f 834//871 836//871 827//871
f 833//872 837//872 834//872
f 786//873 838//873 813//873
f 832//874 839//874 840//874
f 820//875 839//875 832//875
f 829//876 839//876 820//876
f 837//877 841//877 834//877
f 834//878 841//878 836//878
f 836//879 842//879 843//879
f 839//880 844//880 840//880
f 840//881 844//881 835//881
f 841//882 845//882 836//882
f 836//883 845//883 842//883
f 842//884 846//884 847//884
f 845//885 846//885 842//885
f 847//886 848//886 849//886
f 846//887 850//887 847//887
f 847//888 850//888 848//888
f 844//889 851//889 835//889
f 850//890 851//890 848//890
f 846//891 852//891 850//891
f 851//892 853//892 835//892
f 850//893 853//893 851//893
f 786//894 854//894 838//894
f 838//895 854//895 855//895
f 852//896 856//896 850//896
f 855//897 857//897 858//897
f 854//898 857//898 855//898
f 859//899 857//899 860//899
f 858//900 857//900 859//900
f 860//901 857//901 861//901
f 862//902 863//902 852//902
f 864//903 865//903 854//903
f 861//904 866//904 867//904
f 857//905 866//905 861//905
f 864//906 868//906 865//906
f 854//907 869//907 864//907
f 786//908 869//908 854//908
f 715//909 869//909 716//909
f 864//910 869//910 870//910
f 716//911 869//911 786//911
f 871//912 869//912 715//912
f 866//913 872//913 867//913
f 870//914 873//914 864//914
f 853//915 874//915 835//915
f 792//916 874//916 731//916
f 835//917 874//917 792//917
f 857//918 875//918 866//918
f 865//919 876//919 875//919
f 868//920 876//920 865//920
f 867//921 877//921 878//921
f 872//922 877//922 867//922
f 868//923 879//923 876//923
f 877//924 880//924 878//924
f 878//925 880//925 881//925
f 881//926 880//926 862//926
f 875//927 882//927 883//927
f 876//928 882//928 875//928
f 868//929 884//929 879//929
f 885//930 884//930 868//930
f 880//931 886//931 862//931
f 887//932 888//932 884//932
f 889//933 890//933 891//933
f 863//934 892//934 874//934
f 886//935 892//935 862//935
f 862//936 892//936 863//936
f 882//937 893//937 883//937
f 883//938 893//938 894//938
f 895//939 893//939 882//939
f 880//940 896//940 886//940
f 897//941 898//941 887//941
f 889//942 899//942 890//942
f 900//943 899//943 889//943
f 894//944 901//944 902//944
f 893//945 901//945 894//945
f 901//946 903//946 902//946
f 902//947 903//947 904//947
f 887//948 905//948 888//948
f 898//949 905//949 887//949
f 888//950 905//950 900//950
f 892//951 906//951 874//951
f 907//952 908//952 909//952
f 900//953 910//953 899//953
f 905//954 910//954 900//954
f 895//955 911//955 893//955
f 904//956 912//956 896//956
f 896//957 912//957 908//957
f 903//958 913//958 904//958
f 912//959 914//959 908//959
f 908//960 914//960 909//960
f 871//961 915//961 916//961
f 916//962 917//962 871//962
f 871//963 918//963 915//963
f 917//964 919//964 871//964
f 871//965 920//965 918//965
f 919//966 921//966 871//966
f 910//967 922//967 899//967
f 871//968 923//968 920//968
f 921//969 924//969 871//969
f 871//970 925//970 923//970
f 924//971 926//971 871//971
f 871//972 927//972 925//972
f 926//973 928//973 871//973
f 871//974 929//974 927//974
f 928//975 930//975 871//975
f 871//976 931//976 929//976
f 930//977 932//977 871//977
f 871//978 933//978 931//978
f 904//979 934//979 912//979
f 932//980 935//980 871//980
f 871//981 936//981 933//981
f 935//982 937//982 871//982
f 871//983 938//983 936//983
f 937//984 939//984 871//984
f 871//985 939//985 869//985
f 871//986 940//986 938//986
f 939//987 941//987 869//987
f 871//988 942//988 940//988
f 899//989 943//989 944//989
f 922//990 943//990 899//990
f 941//991 945//991 869//991
f 906//992 946//992 874//992
f 871//993 947//993 942//993
f 945//994 948//994 869//994
f 871//995 949//995 947//995
f 948//996 950//996 869//996
f 944//997 951//997 911//997
f 871//998 952//998 949//998
f 950//999 953//999 869//999
f 871//1000 954//1000 952//1000
f 953//1001 955//1001 869//1001
f 871//1002 956//1002 954//1002
f 871//1003 957//1003 956//1003
f 871//1004 958//1004 957//1004
f 871//1005 959//1005 958//1005
f 675//1006 959//1006 871//1006
f 675//1007 960//1007 959//1007
f 943//1008 961//1008 944//1008
f 869//1009 962//1009 897//1009
f 696//1010 963//1010 675//1010
f 675//1011 963//1011 960//1011
f 964//1012 963//1012 696//1012
f 965//1013 966//1013 964//1013
f 964//1014 966//1014 963//1014
f 967//1015 968//1015 965//1015
f 965//1016 968//1016 966//1016
f 904//1017 969//1017 934//1017
f 934//1018 969//1018 970//1018
f 913//1019 969//1019 904//1019
f 967//1020 971//1020 968//1020
f 972//1021 971//1021 967//1021
f 972//1022 973//1022 971//1022
f 974//1023 973//1023 972//1023
f 944//1024 975//1024 951//1024
f 961//1025 975//1025 944//1025
f 974//1026 976//1026 973//1026
f 977//1027 976//1027 974//1027
f 977//1028 978//1028 976//1028
f 979//1029 978//1029 977//1029
f 979//1030 980//1030 978//1030
f 981//1031 980//1031 979//1031
f 981//1032 982//1032 980//1032
f 983//1033 982//1033 981//1033
f 951//1034 984//1034 985//1034
f 983//1035 986//1035 982//1035
f 987//1036 986//1036 983//1036
f 987//1037 988//1037 986//1037
f 989//1038 988//1038 987//1038
f 989//1039 990//1039 988//1039
f 991//1040 990//1040 989//1040
f 969//1041 992//1041 970//1041
f 970//1042 992//1042 946//1042
f 991//1043 993//1043 990//1043
f 670//1044 993//1044 991//1044
f 596//1045 994//1045 670//1045
f 670//1046 994//1046 993//1046
f 975//1047 995//1047 951//1047
f 951//1048 995//1048 984//1048
f 596//1049 996//1049 994//1049
f 596//1050 997//1050 996//1050
f 596//1051 998//1051 997//1051
f 596//1052 999//1052 998//1052
f 995//1053 1000//1053 984//1053
f 984//1054 1000//1054 1001//1054
f 596//1055 1002//1055 999//1055
f 596//1056 1003//1056 1002//1056
f 1001//1057 1004//1057 1005//1057
f 1000//1058 1006//1058 1001//1058
f 1001//1059 1006//1059 1004//1059
f 992//1060 1007//1060 946//1060
f 1006//1061 1007//1061 1004//1061
f 1008//1062 1009//1062 1010//1062
f 1010//1063 1009//1063 1011//1063
f 1011//1064 1009//1064 1012//1064
f 1012//1065 1009//1065 1013//1065
f 1013//1066 1009//1066 1014//1066
f 1014//1067 1009//1067 1015//1067
f 1015//1068 1009//1068 1016//1068
f 1016//1069 1009//1069 1017//1069
f 1017//1070 1009//1070 955//1070
f 955//1071 1009//1071 869//1071
f 1009//1072 1018//1072 869//1072
f 869//1073 1018//1073 962//1073
f 962//1074 1018//1074 1019//1074
f 1000//1075 1020//1075 1006//1075
f 1007//1076 1021//1076 946//1076
f 1006//1077 1021//1077 1007//1077
f 1009//1078 1022//1078 1018//1078
f 1023//1079 1024//1079 1025//1079
f 1025//1080 1024//1080 1008//1080
f 1008//1081 1024//1081 1009//1081
f 1018//1082 1026//1082 1019//1082
f 1027//1083 1026//1083 1028//1083
f 1019//1084 1026//1084 1027//1084
f 1029//1085 1030//1085 1031//1085
f 1031//1086 1030//1086 1032//1086
f 1032//1087 1030//1087 1033//1087
f 1033//1088 1030//1088 1034//1088
f 1034//1089 1030//1089 1035//1089
f 1035//1090 1030//1090 1036//1090
f 1036//1091 1030//1091 1037//1091
f 1037//1092 1030//1092 1038//1092
f 1038//1093 1030//1093 1039//1093
f 1039//1094 1030//1094 1040//1094
f 1023//1095 1030//1095 1024//1095
f 1040//1096 1030//1096 1041//1096
f 1041//1097 1030//1097 1042//1097
f 1042//1098 1030//1098 1043//1098
f 1043//1099 1030//1099 1044//1099
f 1044//1100 1030//1100 1045//1100
f 1045//1101 1030//1101 1046//1101
f 1047//1102 1030//1102 1048//1102
f 1046//1103 1030//1103 1049//1103
f 1048//1104 1030//1104 1050//1104
f 1049//1105 1030//1105 1051//1105
f 1050//1106 1030//1106 1052//1106
f 1051//1107 1030//1107 1023//1107
f 1052//1108 1030//1108 1053//1108
f 1053//1109 1030//1109 1054//1109
f 1054//1110 1030//1110 1055//1110
f 1055//1111 1030//1111 1056//1111
f 1056//1112 1030//1112 1057//1112
f 1057//1113 1030//1113 1058//1113
f 1058//1114 1030//1114 1029//1114
f 1020//1115 1059//1115 1006//1115
f 1022//1116 1060//1116 1018//1116
f 1024//1117 1061//1117 1009//1117
f 1062//1118 1063//1118 1020//1118
f 1026//1119 1064//1119 1028//1119
f 1028//1120 1064//1120 1065//1120
f 1065//1121 1064//1121 1066//1121
f 1066//1122 1067//1122 1068//1122
f 1064//1123 1067//1123 1066//1123
f 1022//1124 1069//1124 1060//1124
f 1022//1125 1070//1125 1069//1125
f 1071//1126 1070//1126 1022//1126
f 1069//1127 1072//1127 1060//1127
f 1026//1128 1073//1128 1064//1128
f 1072//1129 1073//1129 1060//1129
f 1021//1130 1074//1130 946//1130
f 1071//1131 1075//1131 1070//1131
f 1067//1132 1076//1132 1068//1132
f 1072//1133 1077//1133 1073//1133
f 1068//1134 1078//1134 1079//1134
f 1079//1135 1078//1135 1080//1135
f 1076//1136 1078//1136 1068//1136
f 1081//1137 1082//1137 1083//1137
f 1084//1138 1085//1138 1075//1138
f 1081//1139 1086//1139 1082//1139
f 1077//1140 1087//1140 1073//1140
f 1073//1141 1087//1141 1088//1141
f 1077//1142 1089//1142 1087//1142
f 1078//1143 1090//1143 1080//1143
f 1088//1144 1091//1144 1092//1144
f 1087//1145 1091//1145 1088//1145
f 1089//1146 1093//1146 1087//1146
f 1080//1147 1094//1147 1062//1147
f 1062//1148 1094//1148 1063//1148
f 1063//1149 1094//1149 1074//1149
f 1090//1150 1094//1150 1080//1150
f 1095//1151 1096//1151 1081//1151
f 1081//1152 1096//1152 1086//1152
f 1030//1153 1097//1153 1084//1153
f 1084//1154 1097//1154 1085//1154
f 1078//1155 1098//1155 1090//1155
f 1085//1156 1099//1156 1095//1156
f 1097//1157 1099//1157 1085//1157
f 1092//1158 1100//1158 1101//1158
f 1091//1159 1100//1159 1092//1159
f 1100//1160 1102//1160 1101//1160
f 1103//1161 1104//1161 1093//1161
f 1099//1162 1105//1162 1095//1162
f 1096//1163 1105//1163 1103//1163
f 1095//1164 1105//1164 1096//1164
f 1094//1165 1106//1165 1074//1165
f 1107//1166 1108//1166 1109//1166
f 1105//1167 1110//1167 1103//1167
f 1102//1168 1111//1168 1098//1168
f 1098//1169 1111//1169 1108//1169
f 1108//1170 1112//1170 1109//1170
f 1111//1171 1112//1171 1108//1171
f 1100//1172 1113//1172 1102//1172
f 1110//1173 1114//1173 1103//1173
f 1102//1174 1115//1174 1111//1174
f 1114//1175 1116//1175 1103//1175
f 1103//1176 1116//1176 1104//1176
f 1104//1177 1116//1177 1117//1177
f 1106//1178 1118//1178 1074//1178
f 1102//1179 1119//1179 1115//1179
f 1119//1180 1120//1180 1115//1180
f 1115//1181 1120//1181 1121//1181
f 1116//1182 1122//1182 1117//1182
f 1123//1183 1124//1183 1125//1183
f 1125//1184 1124//1184 1126//1184
f 1126//1185 1124//1185 1127//1185
f 1047//1186 1124//1186 1030//1186
f 1127//1187 1124//1187 1128//1187
f 1128//1188 1124//1188 1129//1188
f 1129//1189 1124//1189 1130//1189
f 1130//1190 1124//1190 1131//1190
f 1131//1191 1124//1191 1132//1191
f 1132//1192 1124//1192 1047//1192
f 1030//1193 1124//1193 1097//1193
f 1133//1194 1134//1194 1135//1194
f 1135//1195 1134//1195 1136//1195
f 1136//1196 1134//1196 1137//1196
f 1137//1197 1134//1197 1138//1197
f 1138//1198 1134//1198 1139//1198
f 1139//1199 1134//1199 1140//1199
f 1140//1200 1134//1200 1123//1200
f 1123//1201 1134//1201 1124//1201
f 1141//1202 1134//1202 1142//1202
f 1142//1203 1134//1203 1133//1203
f 1122//1204 1143//1204 1117//1204
f 1144//1205 1145//1205 1113//1205
f 1143//1206 1146//1206 1117//1206
f 1144//1207 1146//1207 1145//1207
f 1117//1208 1146//1208 1144//1208
f 1145//1209 1147//1209 1148//1209
f 1146//1210 1147//1210 1145//1210
f 1149//1211 1150//1211 1151//1211
f 1151//1212 1150//1212 1152//1212
f 1147//1213 1153//1213 1148//1213
f 1148//1214 1154//1214 1155//1214
f 1153//1215 1154//1215 1148//1215
f 1120//1216 1156//1216 1121//1216
f 1121//1217 1156//1217 1118//1217
f 1147//1218 1157//1218 1153//1218
f 1153//1219 1158//1219 1154//1219
f 1154//1220 1158//1220 1156//1220
f 1159//1221 1160//1221 1161//1221
f 1157//1222 1162//1222 1153//1222
f 1163//1223 1164//1223 1157//1223
f 1160//1224 1164//1224 1163//1224
f 1158//1225 1165//1225 1156//1225
f 1159//1226 1166//1226 1160//1226
f 1156//1227 1166//1227 1118//1227
f 1150//1228 1166//1228 1159//1228
f 1164//1229 1166//1229 1165//1229
f 1160//1230 1166//1230 1164//1230
f 1118//1231 1166//1231 1074//1231
f 1141//1232 1166//1232 1134//1232
f 1165//1233 1166//1233 1156//1233
f 1134//1234 1166//1234 1149//1234
f 1167//1235 1166//1235 1168//1235
f 1168//1236 1166//1236 1169//1236
f 1169//1237 1166//1237 1170//1237
f 1149//1238 1166//1238 1150//1238
f 1170//1239 1166//1239 1171//1239
f 1171//1240 1166//1240 1141//1240
f 429//1241 567//1241 534//1241
f 429//1242 534//1242 504//1242
f 429//1243 504//1243 458//1243
f 568//1244 429//1244 565//1244
f 565//1245 429//1245 554//1245
f 554//1246 429//1246 515//1246
f 731//1247 568//1247 720//1247
f 1166//1248 731//1248 1074//1248
f 1074//1249 731//1249 946//1249
f 946//1250 731//1250 874//1250
f 596//1251 1166//1251 1167//1251
f 596//1252 1167//1252 1172//1252
f 596//1253 1172//1253 1173//1253
f 596//1254 1173//1254 1174//1254
f 596//1255 1174//1255 1003//1255
f 139//1256 143//1256 138//1256
f 141//1257 1175//1257 142//1257
f 160//1258 147//1258 161//1258
f 170//1259 1176//1259 162//1259
f 172//1260 168//1260 167//1260
f 165//1261 171//1261 172//1261
f 165//1262 172//1262 167//1262
f 165//1263 167//1263 156//1263
f 184//1264 169//1264 175//1264
f 177//1265 187//1265 189//1265
f 177//1266 189//1266 176//1266
f 182//1267 1177//1267 178//1267
f 188//1268 1178//1268 190//1268
f 310//1269 321//1269 345//1269
f 315//1270 371//1270 350//1270
f 300//1271 1179//1271 312//1271
f 325//1272 297//1272 311//1272
f 365//1273 1180//1273 326//1273
f 403//1274 352//1274 383//1274
f 403//1275 383//1275 444//1275
f 390//1276 404//1276 400//1276
f 400//1277 404//1277 533//1277
f 404//1278 356//1278 391//1278
f 436//1279 385//1279 434//1279
f 434//1280 385//1280 1181//1280
f 1181//1281 385//1281 1182//1281
f 1182//1282 385//1282 1183//1282
f 1183//1283 385//1283 1184//1283
f 1184//1284 385//1284 1185//1284
f 1185//1285 385//1285 1186//1285
f 1186//1286 385//1286 1187//1286
f 1187//1287 385//1287 1188//1287
f 1188//1288 385//1288 1189//1288
f 1189//1289 385//1289 1190//1289
f 1190//1290 385//1290 1191//1290
f 1191//1291 385//1291 414//1291
f 476//1292 519//1292 518//1292
f 451//1293 401//1293 418//1293
f 372//1294 347//1294 402//1294
f 380//1295 405//1295 393//1295
f 373//1296 349//1296 354//1296
f 386//1297 479//1297 422//1297
f 366//1298 1192//1298 376//1298
f 408//1299 355//1299 374//1299
f 501//1300 1193//1300 409//1300
f 471//1301 549//1301 544//1301
f 504//1302 442//1302 443//1302
f 552//1303 547//1303 553//1303
f 553//1304 547//1304 529//1304
f 714//1305 736//1305 726//1305
f 673//1306 1194//1306 711//1306
f 718//1307 672//1307 674//1307
f 729//1308 1195//1308 719//1308
f 1196//1309 752//1309 761//1309
f 797//1310 820//1310 812//1310
f 790//1311 1197//1311 795//1311
f 799//1312 784//1312 793//1312
f 818//1313 1198//1313 810//1313
f 802//1314 786//1314 813//1314
f 833//1315 859//1315 860//1315
f 826//1316 1199//1316 831//1316
f 1200//1317 821//1317 814//1317
f 1201//1318 855//1318 858//1318
f 811//1319 834//1319 827//1319
f 803//1320 796//1320 800//1320
f 860//1321 837//1321 833//1321
f 867//1322 1202//1322 861//1322
f 1203//1323 878//1323 881//1323
f 846//1324 862//1324 852//1324
f 1204//1325 845//1325 841//1325
f 842//1326 839//1326 843//1326
f 843//1327 839//1327 829//1327
f 887//1328 869//1328 897//1328
f 880//1329 904//1329 896//1329
f 872//1330 1205//1330 877//1330
f 883//1331 866//1331 875//1331
f 902//1332 1206//1332 894//1332
f 895//1333 944//1333 911//1333
f 888//1334 879//1334 884//1334
f 984//1335 969//1335 985//1335
f 985//1336 969//1336 913//1336
f 943//1337 1028//1337 1065//1337
f 910//1338 1207//1338 922//1338
f 1208//1339 905//1339 898//1339
f 1209//1340 1019//1340 1027//1340
f 1065//1341 961//1341 943//1341
f 1068//1342 1210//1342 1066//1342
f 1211//1343 1079//1343 1080//1343
f 1000//1344 1062//1344 1020//1344
f 1212//1345 995//1345 975//1345
f 1089//1346 1103//1346 1093//1346
f 1085//1347 1070//1347 1075//1347
f 1116//1348 1151//1348 1152//1348
f 1110//1349 1213//1349 1114//1349
f 1214//1350 1105//1350 1099//1350
f 1215//1351 1134//1351 1149//1351
f 1078//1352 1102//1352 1098//1352
f 1067//1353 1216//1353 1076//1353
f 1088//1354 1064//1354 1073//1354
f 1101//1355 1217//1355 1092//1355
f 1152//1356 1122//1356 1116//1356
f 1159//1357 1218//1357 1150//1357
f 1219//1358 1161//1358 1160//1358
f 1147//1359 1163//1359 1157//1359
f 1220//1360 1146//1360 1143//1360
f 1145//1361 1119//1361 1113//1361
f 1113//1362 1119//1362 1102//1362
f 567//1363 429//1363 1221//1363
f 1222//1364 567//1364 1221//1364
f 1223//1365 567//1365 1222//1365
f 1224//1366 1223//1366 1225//1366
f 1224//1367 567//1367 1223//1367
f 1226//1368 1224//1368 1225//1368
f 202//1369 567//1369 1224//1369
f 1227//1370 202//1370 1224//1370
f 1221//1371 429//1371 568//1371
f 1221//1372 568//1372 1228//1372
f 1229//1373 1230//1373 192//1373
f 1231//1374 1232//1374 1233//1374
f 1231//1375 1233//1375 1229//1375
f 1231//1376 1229//1376 192//1376
f 202//1377 1227//1377 1231//1377
f 202//1378 1231//1378 192//1378
f 1234//1379 1228//1379 568//1379
f 731//1380 1234//1380 568//1380
f 1230//1381 1235//1381 135//1381
f 192//1382 1230//1382 135//1382
f 1236//1383 1166//1383 1237//1383
f 1238//1384 1166//1384 1236//1384
f 1239//1385 1236//1385 1240//1385
f 1239//1386 1238//1386 1236//1386
f 1241//1387 1166//1387 1238//1387
f 1242//1388 1241//1388 1243//1388
f 1244//1389 1242//1389 1243//1389
f 1245//1390 1246//1390 1247//1390
f 1245//1391 1248//1391 1246//1391
f 731//1392 1248//1392 1249//1392
f 731//1393 1246//1393 1248//1393
f 1250//1394 1249//1394 1251//1394
f 1250//1395 731//1395 1249//1395
f 1234//1396 731//1396 1250//1396
f 1252//1397 1250//1397 1251//1397
f 731//1398 1166//1398 1241//1398
f 731//1399 1241//1399 1242//1399
f 731//1400 1242//1400 1246//1400
f 135//1401 1253//1401 72//1401
f 135//1402 1235//1402 1253//1402
f 1237//1403 1166//1403 596//1403
f 1237//1404 596//1404 1254//1404
f 37//1405 72//1405 1253//1405
f 1255//1406 37//1406 1253//1406
f 1//1407 1254//1407 596//1407
f 1//1408 1256//1408 1254//1408
f 37//1409 1256//1409 1//1409
f 37//1410 1255//1410 1256//1410
f 102//1411 71//1411 1257//1411
f 102//1412 1257//1412 1258//1412
f 101//1413 1258//1413 1259//1413
f 101//1414 102//1414 1258//1414
f 100//1415 1259//1415 1260//1415
f 100//1416 101//1416 1259//1416
f 99//1417 1260//1417 1261//1417
f 99//1418 100//1418 1260//1418
f 98//1419 1261//1419 1262//1419
f 98//1420 99//1420 1261//1420
f 97//1421 1262//1421 1263//1421
f 97//1422 98//1422 1262//1422
f 96//1423 1263//1423 1264//1423
f 96//1424 97//1424 1263//1424
f 95//1425 1264//1425 1265//1425
f 95//1426 96//1426 1264//1426
f 94//1427 1265//1427 1266//1427
f 94//1428 95//1428 1265//1428
f 93//1429 1266//1429 1267//1429
f 93//1430 94//1430 1266//1430
f 92//1431 93//1431 1267//1431
f 92//1432 1267//1432 1268//1432
f 91//1433 92//1433 1268//1433
f 91//1434 1268//1434 1269//1434
f 90//1435 91//1435 1269//1435
f 90//1436 1269//1436 1270//1436
f 89//1437 90//1437 1270//1437
f 89//1438 1270//1438 1271//1438
f 88//1439 89//1439 1271//1439
f 88//1440 1271//1440 1272//1440
f 87//1441 88//1441 1272//1441
f 87//1442 1272//1442 1273//1442
f 86//1443 87//1443 1273//1443
f 86//1444 1273//1444 1274//1444
f 85//1445 86//1445 1274//1445
f 85//1446 1274//1446 1275//1446
f 83//1447 85//1447 1275//1447
f 83//1448 1275//1448 1276//1448
f 81//1449 83//1449 1276//1449
f 81//1450 1276//1450 1277//1450
f 79//1451 81//1451 1277//1451
f 79//1452 1277//1452 1278//1452
f 77//1453 79//1453 1278//1453
f 77//1454 1278//1454 1279//1454
f 76//1455 1279//1455 1280//1455
f 76//1456 77//1456 1279//1456
f 106//1457 1280//1457 1281//1457
f 106//1458 76//1458 1280//1458
f 105//1459 1281//1459 1282//1459
f 105//1460 106//1460 1281//1460
f 103//1461 1282//1461 1283//1461
f 103//1462 105//1462 1282//1462
f 115//1463 1283//1463 1284//1463
f 115//1464 103//1464 1283//1464
f 114//1465 1284//1465 1285//1465
f 114//1466 115//1466 1284//1466
f 113//1467 1285//1467 1286//1467
f 113//1468 114//1468 1285//1468
f 112//1469 1286//1469 1287//1469
f 112//1470 113//1470 1286//1470
f 111//1471 1287//1471 1288//1471
f 111//1472 112//1472 1287//1472
f 110//1473 1288//1473 1289//1473
f 110//1474 111//1474 1288//1474
f 109//1475 1289//1475 1290//1475
f 109//1476 110//1476 1289//1476
f 107//1477 1290//1477 1291//1477
f 107//1478 109//1478 1290//1478
f 120//1479 1291//1479 1292//1479
f 120//1480 107//1480 1291//1480
f 119//1481 1292//1481 1293//1481
f 119//1482 120//1482 1292//1482
f 118//1483 119//1483 1293//1483
f 118//1484 1293//1484 1294//1484
f 116//1485 118//1485 1294//1485
f 116//1486 1294//1486 1295//1486
f 128//1487 116//1487 1295//1487
f 128//1488 1295//1488 1296//1488
f 127//1489 128//1489 1296//1489
f 127//1490 1296//1490 1297//1490
f 126//1491 127//1491 1297//1491
f 126//1492 1297//1492 1298//1492
f 125//1493 126//1493 1298//1493
f 125//1494 1298//1494 1299//1494
f 124//1495 125//1495 1299//1495
f 124//1496 1299//1496 1300//1496
f 123//1497 124//1497 1300//1497
f 123//1498 1300//1498 1301//1498
f 122//1499 123//1499 1301//1499
f 122//1500 1301//1500 1302//1500
f 152//1501 122//1501 1302//1501
f 152//1502 1302//1502 1303//1502
f 151//1503 152//1503 1303//1503
f 151//1504 1303//1504 1304//1504
f 150//1505 151//1505 1304//1505
f 150//1506 1304//1506 1305//1506
f 149//1507 150//1507 1305//1507
f 149//1508 1305//1508 1306//1508
f 148//1509 149//1509 1306//1509
f 148//1510 1306//1510 1307//1510
f 58//1511 148//1511 1307//1511
f 58//1512 1307//1512 1308//1512
f 56//1513 58//1513 1308//1513
f 56//1514 1308//1514 1309//1514
f 56//1515 1309//1515 1310//1515
f 54//1516 56//1516 1310//1516
f 52//1517 54//1517 1310//1517
f 52//1518 1310//1518 1311//1518
f 50//1519 52//1519 1311//1519
f 50//1520 1311//1520 1312//1520
f 48//1521 50//1521 1312//1521
f 48//1522 1312//1522 1313//1522
f 46//1523 48//1523 1313//1523
f 46//1524 1313//1524 1314//1524
f 44//1525 1314//1525 1315//1525
f 44//1526 46//1526 1314//1526
f 42//1527 1315//1527 1316//1527
f 42//1528 44//1528 1315//1528
f 35//1529 1316//1529 1317//1529
f 35//1530 42//1530 1316//1530
f 34//1531 1317//1531 1318//1531
f 34//1532 35//1532 1317//1532
f 33//1533 34//1533 1318//1533
f 33//1534 1318//1534 1319//1534
f 32//1535 33//1535 1319//1535
f 32//1536 1319//1536 1320//1536
f 31//1537 32//1537 1320//1537
f 31//1538 1320//1538 1321//1538
f 29//1539 31//1539 1321//1539
f 29//1540 1321//1540 1322//1540
f 27//1541 29//1541 1322//1541
f 27//1542 1322//1542 1323//1542
f 25//1543 27//1543 1323//1543
f 25//1544 1323//1544 1324//1544
f 23//1545 25//1545 1324//1545
f 23//1546 1324//1546 1325//1546
f 21//1547 23//1547 1325//1547
f 21//1548 1325//1548 1326//1548
f 19//1549 21//1549 1326//1549
f 19//1550 1326//1550 1327//1550
f 17//1551 19//1551 1327//1551
f 17//1552 1327//1552 1328//1552
f 15//1553 17//1553 1328//1553
f 15//1554 1328//1554 1329//1554
f 15//1555 1329//1555 1330//1555
f 13//1556 15//1556 1330//1556
f 11//1557 13//1557 1330//1557
f 11//1558 1330//1558 1331//1558
f 9//1559 1331//1559 1332//1559
f 9//1560 1332//1560 1333//1560
f 9//1561 11//1561 1331//1561
f 7//1562 9//1562 1333//1562
f 5//1563 1333//1563 1334//1563
f 5//1564 7//1564 1333//1564
f 2//1565 1334//1565 1335//1565
f 2//1566 1335//1566 1336//1566
f 2//1567 5//1567 1334//1567
f 3//1568 1336//1568 1337//1568
f 3//1569 2//1569 1336//1569
f 4//1570 3//1570 1337//1570
f 6//1571 1337//1571 1338//1571
f 6//1572 4//1572 1337//1572
f 8//1573 1338//1573 1339//1573
f 8//1574 6//1574 1338//1574
f 10//1575 1339//1575 1340//1575
f 10//1576 1340//1576 1341//1576
f 10//1577 8//1577 1339//1577
f 12//1578 10//1578 1341//1578
f 14//1579 1341//1579 1342//1579
f 14//1580 12//1580 1341//1580
f 16//1581 1342//1581 1343//1581
f 16//1582 14//1582 1342//1582
f 18//1583 1343//1583 1344//1583
f 18//1584 1344//1584 1345//1584
f 18//1585 16//1585 1343//1585
f 20//1586 18//1586 1345//1586
f 22//1587 20//1587 1345//1587
f 22//1588 1345//1588 1346//1588
f 24//1589 22//1589 1346//1589
f 24//1590 1346//1590 1347//1590
f 26//1591 24//1591 1347//1591
f 26//1592 1347//1592 1348//1592
f 28//1593 1348//1593 1349//1593
f 28//1594 26//1594 1348//1594
f 30//1595 1349//1595 1350//1595
f 30//1596 28//1596 1349//1596
f 41//1597 1350//1597 1351//1597
f 41//1598 30//1598 1350//1598
f 40//1599 1351//1599 1352//1599
f 40//1600 41//1600 1351//1600
f 39//1601 1352//1601 1353//1601
f 39//1602 40//1602 1352//1602
f 38//1603 1353//1603 1354//1603
f 38//1604 39//1604 1353//1604
f 36//1605 1354//1605 1355//1605
f 36//1606 38//1606 1354//1606
f 43//1607 1355//1607 1356//1607
f 43//1608 36//1608 1355//1608
f 45//1609 1356//1609 1357//1609
f 45//1610 43//1610 1356//1610
f 47//1611 1357//1611 1358//1611
f 47//1612 45//1612 1357//1612
f 49//1613 1358//1613 1359//1613
f 49//1614 47//1614 1358//1614
f 51//1615 1359//1615 1360//1615
f 51//1616 49//1616 1359//1616
f 53//1617 1360//1617 1361//1617
f 53//1618 51//1618 1360//1618
f 55//1619 1361//1619 1362//1619
f 55//1620 53//1620 1361//1620
f 57//1621 1362//1621 1363//1621
f 57//1622 55//1622 1362//1622
f 59//1623 1363//1623 1364//1623
f 59//1624 57//1624 1363//1624
f 60//1625 1364//1625 1365//1625
f 60//1626 59//1626 1364//1626
f 61//1627 1365//1627 1366//1627
f 61//1628 60//1628 1365//1628
f 62//1629 1366//1629 1367//1629
f 62//1630 61//1630 1366//1630
f 63//1631 1367//1631 1368//1631
f 63//1632 62//1632 1367//1632
f 64//1633 63//1633 1368//1633
f 64//1634 1368//1634 1369//1634
f 65//1635 64//1635 1369//1635
f 65//1636 1369//1636 1370//1636
f 66//1637 65//1637 1370//1637
f 66//1638 1370//1638 1371//1638
f 67//1639 66//1639 1371//1639
f 67//1640 1371//1640 1372//1640
f 68//1641 67//1641 1372//1641
f 68//1642 1372//1642 1373//1642
f 69//1643 68//1643 1373//1643
f 69//1644 1373//1644 1374//1644
f 70//1645 69//1645 1374//1645
f 70//1646 1374//1646 1375//1646
f 84//1647 70//1647 1375//1647
f 84//1648 1375//1648 1376//1648
f 82//1649 84//1649 1376//1649
f 82//1650 1376//1650 1377//1650
f 80//1651 82//1651 1377//1651
f 80//1652 1377//1652 1378//1652
f 78//1653 80//1653 1378//1653
f 78//1654 1378//1654 1379//1654
f 75//1655 78//1655 1379//1655
f 75//1656 1379//1656 1380//1656
f 74//1657 75//1657 1380//1657
f 74//1658 1380//1658 1381//1658
f 73//1659 1381//1659 1382//1659
f 73//1660 74//1660 1381//1660
f 71//1661 1382//1661 1257//1661
f 71//1662 73//1662 1382//1662
f 1383//1663 104//1663 108//1663
f 1383//1664 108//1664 1384//1664
f 153//1665 1385//1665 1384//1665
f 153//1666 1384//1666 108//1666
f 1386//1667 104//1667 1383//1667
f 1386//1668 134//1668 104//1668
f 134//1669 1386//1669 1385//1669
f 134//1670 1385//1670 153//1670
f 137//1671 144//1671 1387//1671
f 1387//1672 144//1672 1388//1672
f 133//1673 137//1673 1389//1673
f 1389//1674 137//1674 1387//1674
f 132//1675 133//1675 1390//1675
f 1390//1676 133//1676 1389//1676
f 130//1677 132//1677 1391//1677
f 1391//1678 132//1678 1390//1678
f 131//1679 130//1679 1392//1679
f 1392//1680 130//1680 1391//1680
f 138//1681 131//1681 1393//1681
f 1393//1682 131//1682 1392//1682
f 140//1683 138//1683 1394//1683
f 1394//1684 138//1684 1393//1684
f 117//1685 140//1685 1395//1685
f 1395//1686 140//1686 1394//1686
f 121//1687 117//1687 1396//1687
f 1396//1688 117//1688 1395//1688
f 129//1689 121//1689 1397//1689
f 1397//1690 121//1690 1396//1690
f 136//1691 129//1691 1398//1691
f 1398//1692 129//1692 1397//1692
f 144//1693 136//1693 1388//1693
f 1388//1694 136//1694 1398//1694
f 143//1695 139//1695 1399//1695
f 143//1696 1399//1696 1400//1696
f 170//1697 143//1697 1400//1697
f 170//1698 1400//1698 1401//1698
f 1176//1699 170//1699 1401//1699
f 1176//1700 1401//1700 1402//1700
f 162//1701 1176//1701 1402//1701
f 162//1702 1402//1702 1403//1702
f 160//1703 162//1703 1403//1703
f 160//1704 1403//1704 1404//1704
f 147//1705 160//1705 1404//1705
f 147//1706 1404//1706 1405//1706
f 141//1707 147//1707 1405//1707
f 141//1708 1405//1708 1406//1708
f 1175//1709 141//1709 1406//1709
f 1175//1710 1406//1710 1407//1710
f 142//1711 1175//1711 1407//1711
f 142//1712 1407//1712 1408//1712
f 139//1713 142//1713 1408//1713
f 139//1714 1408//1714 1399//1714
f 161//1715 146//1715 1409//1715
f 161//1716 1409//1716 1410//1716
f 181//1717 161//1717 1410//1717
f 181//1718 1410//1718 1411//1718
f 185//1719 181//1719 1411//1719
f 185//1720 1411//1720 1412//1720
f 146//1721 185//1721 1412//1721
f 146//1722 1412//1722 1409//1722
f 164//1723 159//1723 1413//1723
f 1413//1724 159//1724 1414//1724
f 163//1725 164//1725 1415//1725
f 1415//1726 164//1726 1413//1726
f 173//1727 163//1727 1416//1727
f 1416//1728 163//1728 1415//1728
f 172//1729 173//1729 1417//1729
f 1417//1730 173//1730 1416//1730
f 168//1731 172//1731 1418//1731
f 1418//1732 172//1732 1417//1732
f 166//1733 168//1733 1419//1733
f 1419//1734 168//1734 1418//1734
f 167//1735 166//1735 1420//1735
f 1420//1736 166//1736 1419//1736
f 156//1737 167//1737 1421//1737
f 1421//1738 167//1738 1420//1738
f 145//1739 156//1739 1422//1739
f 1422//1740 156//1740 1421//1740
f 154//1741 145//1741 1423//1741
f 1423//1742 145//1742 1422//1742
f 157//1743 154//1743 1424//1743
f 1424//1744 154//1744 1423//1744
f 158//1745 157//1745 1425//1745
f 1425//1746 157//1746 1424//1746
f 155//1747 158//1747 1426//1747
f 1426//1748 158//1748 1425//1748
f 159//1749 155//1749 1414//1749
f 1414//1750 155//1750 1426//1750
f 174//1751 171//1751 1427//1751
f 1427//1752 171//1752 1428//1752
f 179//1753 174//1753 1429//1753
f 1429//1754 174//1754 1427//1754
f 180//1755 179//1755 1430//1755
f 1430//1756 179//1756 1429//1756
f 184//1757 180//1757 1431//1757
f 1431//1758 180//1758 1430//1758
f 169//1759 184//1759 1432//1759
f 1432//1760 184//1760 1431//1760
f 165//1761 169//1761 1433//1761
f 1433//1762 169//1762 1432//1762
f 171//1763 165//1763 1428//1763
f 1428//1764 165//1764 1433//1764
f 189//1765 183//1765 1434//1765
f 1434//1766 183//1766 1435//1766
f 176//1767 1434//1767 1436//1767
f 176//1768 189//1768 1434//1768
f 175//1769 176//1769 1437//1769
f 1437//1770 176//1770 1436//1770
f 183//1771 175//1771 1435//1771
f 1435//1772 175//1772 1437//1772
f 187//1773 177//1773 1438//1773
f 187//1774 1438//1774 1439//1774
f 188//1775 187//1775 1439//1775
f 188//1776 1439//1776 1440//1776
f 1178//1777 188//1777 1440//1777
f 1178//1778 1440//1778 1441//1778
f 190//1779 1178//1779 1441//1779
f 190//1780 1441//1780 1442//1780
f 191//1781 190//1781 1442//1781
f 191//1782 1442//1782 1443//1782
f 186//1783 191//1783 1443//1783
f 186//1784 1443//1784 1444//1784
f 182//1785 186//1785 1444//1785
f 182//1786 1444//1786 1445//1786
f 1177//1787 182//1787 1445//1787
f 1177//1788 1445//1788 1446//1788
f 178//1789 1177//1789 1446//1789
f 178//1790 1446//1790 1447//1790
f 177//1791 178//1791 1447//1791
f 177//1792 1447//1792 1438//1792
f 344//1793 327//1793 1448//1793
f 344//1794 1448//1794 1449//1794
f 343//1795 1449//1795 1450//1795
f 343//1796 344//1796 1449//1796
f 342//1797 1450//1797 1451//1797
f 342//1798 343//1798 1450//1798
f 341//1799 1451//1799 1452//1799
f 341//1800 342//1800 1451//1800
f 340//1801 1452//1801 1453//1801
f 340//1802 341//1802 1452//1802
f 339//1803 1453//1803 1454//1803
f 339//1804 340//1804 1453//1804
f 338//1805 1454//1805 1455//1805
f 338//1806 339//1806 1454//1806
f 337//1807 1455//1807 1456//1807
f 337//1808 338//1808 1455//1808
f 336//1809 1456//1809 1457//1809
f 336//1810 337//1810 1456//1810
f 335//1811 1457//1811 1458//1811
f 335//1812 336//1812 1457//1812
f 334//1813 335//1813 1458//1813
f 334//1814 1458//1814 1459//1814
f 333//1815 334//1815 1459//1815
f 333//1816 1459//1816 1460//1816
f 332//1817 333//1817 1460//1817
f 332//1818 1460//1818 1461//1818
f 331//1819 332//1819 1461//1819
f 331//1820 1461//1820 1462//1820
f 318//1821 331//1821 1462//1821
f 318//1822 1462//1822 1463//1822
f 317//1823 318//1823 1463//1823
f 317//1824 1463//1824 1464//1824
f 316//1825 317//1825 1464//1825
f 316//1826 1464//1826 1465//1826
f 313//1827 316//1827 1465//1827
f 313//1828 1465//1828 1466//1828
f 304//1829 313//1829 1466//1829
f 304//1830 1466//1830 1467//1830
f 303//1831 304//1831 1467//1831
f 303//1832 1467//1832 1468//1832
f 302//1833 303//1833 1468//1833
f 302//1834 1468//1834 1469//1834
f 301//1835 302//1835 1469//1835
f 301//1836 1469//1836 1470//1836
f 299//1837 1470//1837 1471//1837
f 299//1838 301//1838 1470//1838
f 298//1839 1471//1839 1472//1839
f 298//1840 299//1840 1471//1840
f 286//1841 1472//1841 1473//1841
f 286//1842 298//1842 1472//1842
f 285//1843 1473//1843 1474//1843
f 285//1844 286//1844 1473//1844
f 283//1845 1474//1845 1475//1845
f 283//1846 285//1846 1474//1846
f 296//1847 1475//1847 1476//1847
f 296//1848 283//1848 1475//1848
f 295//1849 1476//1849 1477//1849
f 295//1850 296//1850 1476//1850
f 294//1851 1477//1851 1478//1851
f 294//1852 295//1852 1477//1852
f 293//1853 1478//1853 1479//1853
f 293//1854 294//1854 1478//1854
f 292//1855 1479//1855 1480//1855
f 292//1856 293//1856 1479//1856
f 291//1857 1480//1857 1481//1857
f 291//1858 292//1858 1480//1858
f 290//1859 1481//1859 1482//1859
f 290//1860 291//1860 1481//1860
f 289//1861 1482//1861 1483//1861
f 289//1862 290//1862 1482//1862
f 288//1863 1483//1863 1484//1863
f 288//1864 289//1864 1483//1864
f 287//1865 288//1865 1484//1865
f 287//1866 1484//1866 1485//1866
f 278//1867 287//1867 1485//1867
f 278//1868 1485//1868 1486//1868
f 277//1869 278//1869 1486//1869
f 277//1870 1486//1870 1487//1870
f 276//1871 277//1871 1487//1871
f 276//1872 1487//1872 1488//1872
f 275//1873 276//1873 1488//1873
f 275//1874 1488//1874 1489//1874
f 274//1875 275//1875 1489//1875
f 274//1876 1489//1876 1490//1876
f 273//1877 274//1877 1490//1877
f 273//1878 1490//1878 1491//1878
f 272//1879 273//1879 1491//1879
f 272//1880 1491//1880 1492//1880
f 271//1881 272//1881 1492//1881
f 271//1882 1492//1882 1493//1882
f 270//1883 271//1883 1493//1883
f 270//1884 1493//1884 1494//1884
f 269//1885 270//1885 1494//1885
f 269//1886 1494//1886 1495//1886
f 268//1887 269//1887 1495//1887
f 268//1888 1495//1888 1496//1888
f 267//1889 268//1889 1496//1889
f 267//1890 1496//1890 1497//1890
f 266//1891 267//1891 1497//1891
f 266//1892 1497//1892 1498//1892
f 265//1893 266//1893 1498//1893
f 265//1894 1498//1894 1499//1894
f 264//1895 265//1895 1499//1895
f 264//1896 1499//1896 1500//1896
f 264//1897 1500//1897 1501//1897
f 263//1898 264//1898 1501//1898
f 262//1899 263//1899 1501//1899
f 262//1900 1501//1900 1502//1900
f 261//1901 262//1901 1502//1901
f 261//1902 1502//1902 1503//1902
f 260//1903 261//1903 1503//1903
f 260//1904 1503//1904 1504//1904
f 258//1905 260//1905 1504//1905
f 258//1906 1504//1906 1505//1906
f 281//1907 1505//1907 1506//1907
f 281//1908 258//1908 1505//1908
f 280//1909 1506//1909 1507//1909
f 280//1910 281//1910 1506//1910
f 231//1911 1507//1911 1508//1911
f 231//1912 280//1912 1507//1912
f 229//1913 1508//1913 1509//1913
f 229//1914 231//1914 1508//1914
f 227//1915 229//1915 1509//1915
f 227//1916 1509//1916 1510//1916
f 225//1917 227//1917 1510//1917
f 225//1918 1510//1918 1511//1918
f 223//1919 225//1919 1511//1919
f 223//1920 1511//1920 1512//1920
f 221//1921 223//1921 1512//1921
f 221//1922 1512//1922 1513//1922
f 219//1923 221//1923 1513//1923
f 219//1924 1513//1924 1514//1924
f 217//1925 219//1925 1514//1925
f 217//1926 1514//1926 1515//1926
f 215//1927 217//1927 1515//1927
f 215//1928 1515//1928 1516//1928
f 213//1929 215//1929 1516//1929
f 213//1930 1516//1930 1517//1930
f 211//1931 213//1931 1517//1931
f 211//1932 1517//1932 1518//1932
f 209//1933 211//1933 1518//1933
f 209//1934 1518//1934 1519//1934
f 207//1935 209//1935 1519//1935
f 207//1936 1519//1936 1520//1936
f 207//1937 1520//1937 1521//1937
f 205//1938 207//1938 1521//1938
f 203//1939 205//1939 1521//1939
f 203//1940 1521//1940 1522//1940
f 200//1941 1522//1941 1523//1941
f 200//1942 1523//1942 1524//1942
f 200//1943 203//1943 1522//1943
f 198//1944 200//1944 1524//1944
f 196//1945 1524//1945 1525//1945
f 196//1946 198//1946 1524//1946
f 193//1947 1525//1947 1526//1947
f 193//1948 1526//1948 1527//1948
f 193//1949 196//1949 1525//1949
f 194//1950 1527//1950 1528//1950
f 194//1951 193//1951 1527//1951
f 195//1952 194//1952 1528//1952
f 197//1953 1528//1953 1529//1953
f 197//1954 195//1954 1528//1954
f 199//1955 1529//1955 1530//1955
f 199//1956 197//1956 1529//1956
f 201//1957 1530//1957 1531//1957
f 201//1958 1531//1958 1532//1958
f 201//1959 199//1959 1530//1959
f 204//1960 201//1960 1532//1960
f 206//1961 1532//1961 1533//1961
f 206//1962 204//1962 1532//1962
f 208//1963 1533//1963 1534//1963
f 208//1964 206//1964 1533//1964
f 210//1965 1534//1965 1535//1965
f 210//1966 1535//1966 1536//1966
f 210//1967 208//1967 1534//1967
f 212//1968 210//1968 1536//1968
f 214//1969 212//1969 1536//1969
f 214//1970 1536//1970 1537//1970
f 216//1971 214//1971 1537//1971
f 216//1972 1537//1972 1538//1972
f 218//1973 216//1973 1538//1973
f 218//1974 1538//1974 1539//1974
f 220//1975 1539//1975 1540//1975
f 220//1976 218//1976 1539//1976
f 222//1977 1540//1977 1541//1977
f 222//1978 220//1978 1540//1978
f 224//1979 1541//1979 1542//1979
f 224//1980 222//1980 1541//1980
f 226//1981 1542//1981 1543//1981
f 226//1982 224//1982 1542//1982
f 228//1983 1543//1983 1544//1983
f 228//1984 226//1984 1543//1984
f 230//1985 1544//1985 1545//1985
f 230//1986 228//1986 1544//1986
f 232//1987 1545//1987 1546//1987
f 232//1988 230//1988 1545//1988
f 233//1989 1546//1989 1547//1989
f 233//1990 232//1990 1546//1990
f 234//1991 1547//1991 1548//1991
f 234//1992 233//1992 1547//1992
f 235//1993 1548//1993 1549//1993
f 235//1994 234//1994 1548//1994
f 236//1995 1549//1995 1550//1995
f 236//1996 235//1996 1549//1996
f 237//1997 1550//1997 1551//1997
f 237//1998 236//1998 1550//1998
f 238//1999 1551//1999 1552//1999
f 238//2000 237//2000 1551//2000
f 239//2001 1552//2001 1553//2001
f 239//2002 238//2002 1552//2002
f 240//2003 1553//2003 1554//2003
f 240//2004 239//2004 1553//2004
f 241//2005 1554//2005 1555//2005
f 241//2006 240//2006 1554//2006
f 242//2007 1555//2007 1556//2007
f 242//2008 241//2008 1555//2008
f 243//2009 1556//2009 1557//2009
f 243//2010 242//2010 1556//2010
f 244//2011 1557//2011 1558//2011
f 244//2012 243//2012 1557//2012
f 245//2013 1558//2013 1559//2013
f 245//2014 244//2014 1558//2014
f 246//2015 245//2015 1559//2015
f 246//2016 1559//2016 1560//2016
f 247//2017 246//2017 1560//2017
f 247//2018 1560//2018 1561//2018
f 248//2019 247//2019 1561//2019
f 248//2020 1561//2020 1562//2020
f 249//2021 248//2021 1562//2021
f 249//2022 1562//2022 1563//2022
f 250//2023 249//2023 1563//2023
f 250//2024 1563//2024 1564//2024
f 251//2025 250//2025 1564//2025
f 251//2026 1564//2026 1565//2026
f 252//2027 251//2027 1565//2027
f 252//2028 1565//2028 1566//2028
f 253//2029 252//2029 1566//2029
f 253//2030 1566//2030 1567//2030
f 254//2031 253//2031 1567//2031
f 254//2032 1567//2032 1568//2032
f 255//2033 254//2033 1568//2033
f 255//2034 1568//2034 1569//2034
f 256//2035 255//2035 1569//2035
f 256//2036 1569//2036 1570//2036
f 360//2037 256//2037 1570//2037
f 360//2038 1570//2038 1571//2038
f 359//2039 360//2039 1571//2039
f 359//2040 1571//2040 1572//2040
f 329//2041 1572//2041 1573//2041
f 329//2042 359//2042 1572//2042
f 327//2043 1573//2043 1448//2043
f 327//2044 329//2044 1573//2044
f 321//2045 310//2045 1574//2045
f 321//2046 1574//2046 1575//2046
f 279//2047 321//2047 1575//2047
f 279//2048 1575//2048 1576//2048
f 282//2049 279//2049 1576//2049
f 282//2050 1576//2050 1577//2050
f 308//2051 282//2051 1577//2051
f 308//2052 1577//2052 1578//2052
f 309//2053 308//2053 1578//2053
f 309//2054 1578//2054 1579//2054
f 305//2055 309//2055 1579//2055
f 305//2056 1579//2056 1580//2056
f 310//2057 305//2057 1580//2057
f 310//2058 1580//2058 1574//2058
f 311//2059 284//2059 1581//2059
f 311//2060 1581//2060 1582//2060
f 306//2061 311//2061 1582//2061
f 306//2062 1582//2062 1583//2062
f 259//2063 306//2063 1583//2063
f 259//2064 1583//2064 1584//2064
f 284//2065 259//2065 1584//2065
f 284//2066 1584//2066 1581//2066
f 371//2067 315//2067 1585//2067
f 371//2068 1585//2068 1586//2068
f 365//2069 371//2069 1586//2069
f 365//2070 1586//2070 1587//2070
f 1180//2071 365//2071 1587//2071
f 1180//2072 1587//2072 1588//2072
f 326//2073 1180//2073 1588//2073
f 326//2074 1588//2074 1589//2074
f 325//2075 326//2075 1589//2075
f 325//2076 1589//2076 1590//2076
f 297//2077 325//2077 1590//2077
f 297//2078 1590//2078 1591//2078
f 300//2079 297//2079 1591//2079
f 300//2080 1591//2080 1592//2080
f 1179//2081 300//2081 1592//2081
f 1179//2082 1592//2082 1593//2082
f 312//2083 1179//2083 1593//2083
f 312//2084 1593//2084 1594//2084
f 315//2085 312//2085 1594//2085
f 315//2086 1594//2086 1585//2086
f 370//2087 384//2087 1595//2087
f 1595//2088 384//2088 1596//2088
f 375//2089 370//2089 1597//2089
f 1597//2090 370//2090 1595//2090
f 363//2091 375//2091 1598//2091
f 1598//2092 375//2092 1597//2092
f 361//2093 363//2093 1599//2093
f 1599//2094 363//2094 1598//2094
f 362//2095 361//2095 1600//2095
f 1600//2096 361//2096 1599//2096
f 350//2097 362//2097 1601//2097
f 1601//2098 362//2098 1600//2098
f 330//2099 350//2099 1602//2099
f 1602//2100 350//2100 1601//2100
f 328//2101 330//2101 1603//2101
f 1603//2102 330//2102 1602//2102
f 358//2103 328//2103 1604//2103
f 1604//2104 328//2104 1603//2104
f 388//2105 358//2105 1605//2105
f 1605//2106 358//2106 1604//2106
f 427//2107 388//2107 1606//2107
f 1606//2108 388//2108 1605//2108
f 384//2109 427//2109 1596//2109
f 1596//2110 427//2110 1606//2110
f 391//2111 367//2111 1607//2111
f 1607//2112 367//2112 1608//2112
f 403//2113 391//2113 1609//2113
f 1609//2114 391//2114 1607//2114
f 352//2115 403//2115 1610//2115
f 1610//2116 403//2116 1609//2116
f 345//2117 352//2117 1611//2117
f 1611//2118 352//2118 1610//2118
f 357//2119 345//2119 1612//2119
f 1612//2120 345//2120 1611//2120
f 323//2121 357//2121 1613//2121
f 1613//2122 357//2122 1612//2122
f 324//2123 323//2123 1614//2123
f 1614//2124 323//2124 1613//2124
f 367//2125 324//2125 1608//2125
f 1608//2126 324//2126 1614//2126
f 404//2127 390//2127 1615//2127
f 404//2128 1615//2128 1616//2128
f 356//2129 404//2129 1616//2129
f 356//2130 1616//2130 1617//2130
f 364//2131 356//2131 1617//2131
f 364//2132 1617//2132 1618//2132
f 378//2133 364//2133 1618//2133
f 378//2134 1618//2134 1619//2134
f 389//2135 378//2135 1619//2135
f 389//2136 1619//2136 1620//2136
f 377//2137 389//2137 1620//2137
f 377//2138 1620//2138 1621//2138
f 387//2139 377//2139 1621//2139
f 387//2140 1621//2140 1622//2140
f 390//2141 387//2141 1622//2141
f 390//2142 1622//2142 1615//2142
f 533//2143 543//2143 1623//2143
f 1623//2144 543//2144 1624//2144
f 400//2145 533//2145 1625//2145
f 1625//2146 533//2146 1623//2146
f 426//2147 400//2147 1626//2147
f 1626//2148 400//2148 1625//2148
f 543//2149 426//2149 1624//2149
f 1624//2150 426//2150 1626//2150
f 374//2151 346//2151 1627//2151
f 374//2152 1627//2152 1628//2152
f 369//2153 374//2153 1628//2153
f 369//2154 1628//2154 1629//2154
f 320//2155 369//2155 1629//2155
f 320//2156 1629//2156 1630//2156
f 346//2157 320//2157 1630//2157
f 346//2158 1630//2158 1627//2158
f 419//2159 379//2159 1631//2159
f 419//2160 1631//2160 1632//2160
f 418//2161 419//2161 1632//2161
f 418//2162 1632//2162 1633//2162
f 436//2163 418//2163 1633//2163
f 436//2164 1633//2164 1634//2164
f 385//2165 436//2165 1634//2165
f 385//2166 1634//2166 1635//2166
f 382//2167 385//2167 1635//2167
f 382//2168 1635//2168 1636//2168
f 392//2169 382//2169 1636//2169
f 392//2170 1636//2170 1637//2170
f 368//2171 392//2171 1637//2171
f 368//2172 1637//2172 1638//2172
f 379//2173 368//2173 1638//2173
f 379//2174 1638//2174 1631//2174
f 493//2175 519//2175 1639//2175
f 1639//2176 519//2176 1640//2176
f 453//2177 493//2177 1641//2177
f 1641//2178 493//2178 1639//2178
f 454//2179 453//2179 1642//2179
f 1642//2180 453//2180 1641//2180
f 452//2181 454//2181 1643//2181
f 1643//2182 454//2182 1642//2182
f 484//2183 452//2183 1644//2183
f 1644//2184 452//2184 1643//2184
f 451//2185 484//2185 1645//2185
f 1645//2186 484//2186 1644//2186
f 401//2187 451//2187 1646//2187
f 1646//2188 451//2188 1645//2188
f 398//2189 401//2189 1647//2189
f 1647//2190 401//2190 1646//2190
f 407//2191 398//2191 1648//2191
f 1648//2192 398//2192 1647//2192
f 476//2193 407//2193 1649//2193
f 1649//2194 407//2194 1648//2194
f 519//2195 476//2195 1640//2195
f 1640//2196 476//2196 1649//2196
f 528//2197 527//2197 1650//2197
f 528//2198 1650//2198 1651//2198
f 530//2199 1651//2199 1652//2199
f 530//2200 528//2200 1651//2200
f 531//2201 1652//2201 1653//2201
f 531//2202 530//2202 1652//2202
f 541//2203 1653//2203 1654//2203
f 541//2204 531//2204 1653//2204
f 540//2205 1654//2205 1655//2205
f 540//2206 541//2206 1654//2206
f 539//2207 1655//2207 1656//2207
f 539//2208 540//2208 1655//2208
f 537//2209 1656//2209 1657//2209
f 537//2210 539//2210 1656//2210
f 551//2211 1657//2211 1658//2211
f 551//2212 537//2212 1657//2212
f 652//2213 1658//2213 1659//2213
f 652//2214 551//2214 1658//2214
f 651//2215 1659//2215 1660//2215
f 651//2216 652//2216 1659//2216
f 650//2217 651//2217 1660//2217
f 650//2218 1660//2218 1661//2218
f 649//2219 650//2219 1661//2219
f 649//2220 1661//2220 1662//2220
f 648//2221 649//2221 1662//2221
f 648//2222 1662//2222 1663//2222
f 647//2223 648//2223 1663//2223
f 647//2224 1663//2224 1664//2224
f 646//2225 647//2225 1664//2225
f 646//2226 1664//2226 1665//2226
f 645//2227 646//2227 1665//2227
f 645//2228 1665//2228 1666//2228
f 644//2229 645//2229 1666//2229
f 644//2230 1666//2230 1667//2230
f 643//2231 644//2231 1667//2231
f 643//2232 1667//2232 1668//2232
f 642//2233 643//2233 1668//2233
f 642//2234 1668//2234 1669//2234
f 641//2235 642//2235 1669//2235
f 641//2236 1669//2236 1670//2236
f 640//2237 641//2237 1670//2237
f 640//2238 1670//2238 1671//2238
f 639//2239 640//2239 1671//2239
f 639//2240 1671//2240 1672//2240
f 638//2241 1672//2241 1673//2241
f 638//2242 639//2242 1672//2242
f 637//2243 1673//2243 1674//2243
f 637//2244 638//2244 1673//2244
f 636//2245 1674//2245 1675//2245
f 636//2246 637//2246 1674//2246
f 635//2247 1675//2247 1676//2247
f 635//2248 636//2248 1675//2248
f 633//2249 1676//2249 1677//2249
f 633//2250 635//2250 1676//2250
f 725//2251 1677//2251 1678//2251
f 725//2252 633//2252 1677//2252
f 724//2253 1678//2253 1679//2253
f 724//2254 725//2254 1678//2254
f 751//2255 1679//2255 1680//2255
f 751//2256 724//2256 1679//2256
f 750//2257 1680//2257 1681//2257
f 750//2258 751//2258 1680//2258
f 749//2259 1681//2259 1682//2259
f 749//2260 750//2260 1681//2260
f 748//2261 1682//2261 1683//2261
f 748//2262 749//2262 1682//2262
f 747//2263 1683//2263 1684//2263
f 747//2264 748//2264 1683//2264
f 777//2265 1684//2265 1685//2265
f 777//2266 747//2266 1684//2266
f 776//2267 1685//2267 1686//2267
f 776//2268 777//2268 1685//2268
f 517//2269 776//2269 1686//2269
f 517//2270 1686//2270 1687//2270
f 516//2271 517//2271 1687//2271
f 516//2272 1687//2272 1688//2272
f 514//2273 516//2273 1688//2273
f 514//2274 1688//2274 1689//2274
f 512//2275 514//2275 1689//2275
f 512//2276 1689//2276 1690//2276
f 510//2277 512//2277 1690//2277
f 510//2278 1690//2278 1691//2278
f 507//2279 510//2279 1691//2279
f 507//2280 1691//2280 1692//2280
f 502//2281 507//2281 1692//2281
f 502//2282 1692//2282 1693//2282
f 495//2283 502//2283 1693//2283
f 495//2284 1693//2284 1694//2284
f 492//2285 495//2285 1694//2285
f 492//2286 1694//2286 1695//2286
f 490//2287 492//2287 1695//2287
f 490//2288 1695//2288 1696//2288
f 488//2289 490//2289 1696//2289
f 488//2290 1696//2290 1697//2290
f 486//2291 488//2291 1697//2291
f 486//2292 1697//2292 1698//2292
f 482//2293 486//2293 1698//2293
f 482//2294 1698//2294 1699//2294
f 478//2295 482//2295 1699//2295
f 478//2296 1699//2296 1700//2296
f 474//2297 478//2297 1700//2297
f 474//2298 1700//2298 1701//2298
f 472//2299 474//2299 1701//2299
f 472//2300 1701//2300 1702//2300
f 472//2301 1702//2301 1703//2301
f 469//2302 472//2302 1703//2302
f 467//2303 469//2303 1703//2303
f 467//2304 1703//2304 1704//2304
f 465//2305 467//2305 1704//2305
f 465//2306 1704//2306 1705//2306
f 463//2307 465//2307 1705//2307
f 463//2308 1705//2308 1706//2308
f 457//2309 463//2309 1706//2309
f 457//2310 1706//2310 1707//2310
f 450//2311 1707//2311 1708//2311
f 450//2312 457//2312 1707//2312
f 448//2313 1708//2313 1709//2313
f 448//2314 450//2314 1708//2314
f 446//2315 1709//2315 1710//2315
f 446//2316 448//2316 1709//2316
f 441//2317 1710//2317 1711//2317
f 441//2318 446//2318 1710//2318
f 439//2319 441//2319 1711//2319
f 439//2320 1711//2320 1712//2320
f 437//2321 439//2321 1712//2321
f 437//2322 1712//2322 1713//2322
f 433//2323 437//2323 1713//2323
f 433//2324 1713//2324 1714//2324
f 432//2325 433//2325 1714//2325
f 432//2326 1714//2326 1715//2326
f 431//2327 432//2327 1715//2327
f 431//2328 1715//2328 1716//2328
f 430//2329 431//2329 1716//2329
f 430//2330 1716//2330 1717//2330
f 428//2331 430//2331 1717//2331
f 428//2332 1717//2332 1718//2332
f 425//2333 428//2333 1718//2333
f 425//2334 1718//2334 1719//2334
f 424//2335 425//2335 1719//2335
f 424//2336 1719//2336 1720//2336
f 423//2337 424//2337 1720//2337
f 423//2338 1720//2338 1721//2338
f 421//2339 423//2339 1721//2339
f 421//2340 1721//2340 1722//2340
f 421//2341 1722//2341 1723//2341
f 420//2342 421//2342 1723//2342
f 417//2343 420//2343 1723//2343
f 417//2344 1723//2344 1724//2344
f 416//2345 1724//2345 1725//2345
f 416//2346 1725//2346 1726//2346
f 416//2347 417//2347 1724//2347
f 415//2348 416//2348 1726//2348
f 413//2349 1726//2349 1727//2349
f 413//2350 415//2350 1726//2350
f 410//2351 1727//2351 1728//2351
f 410//2352 1728//2352 1729//2352
f 410//2353 413//2353 1727//2353
f 411//2354 1729//2354 1730//2354
f 411//2355 410//2355 1729//2355
f 412//2356 411//2356 1730//2356
f 414//2357 1730//2357 1731//2357
f 414//2358 412//2358 1730//2358
f 1191//2359 1731//2359 1732//2359
f 1191//2360 414//2360 1731//2360
f 1190//2361 1732//2361 1733//2361
f 1190//2362 1733//2362 1734//2362
f 1190//2363 1191//2363 1732//2363
f 1189//2364 1190//2364 1734//2364
f 1188//2365 1734//2365 1735//2365
f 1188//2366 1189//2366 1734//2366
f 1187//2367 1735//2367 1736//2367
f 1187//2368 1188//2368 1735//2368
f 1186//2369 1736//2369 1737//2369
f 1186//2370 1737//2370 1738//2370
f 1186//2371 1187//2371 1736//2371
f 1185//2372 1186//2372 1738//2372
f 1184//2373 1185//2373 1738//2373
f 1184//2374 1738//2374 1739//2374
f 1183//2375 1184//2375 1739//2375
f 1183//2376 1739//2376 1740//2376
f 1182//2377 1183//2377 1740//2377
f 1182//2378 1740//2378 1741//2378
f 1181//2379 1741//2379 1742//2379
f 1181//2380 1182//2380 1741//2380
f 434//2381 1742//2381 1743//2381
f 434//2382 1181//2382 1742//2382
f 435//2383 1743//2383 1744//2383
f 435//2384 434//2384 1743//2384
f 438//2385 1744//2385 1745//2385
f 438//2386 435//2386 1744//2386
f 440//2387 1745//2387 1746//2387
f 440//2388 438//2388 1745//2388
f 445//2389 1746//2389 1747//2389
f 445//2390 440//2390 1746//2390
f 447//2391 1747//2391 1748//2391
f 447//2392 445//2392 1747//2392
f 449//2393 1748//2393 1749//2393
f 449//2394 447//2394 1748//2394
f 456//2395 1749//2395 1750//2395
f 456//2396 449//2396 1749//2396
f 462//2397 1750//2397 1751//2397
f 462//2398 456//2398 1750//2398
f 464//2399 1751//2399 1752//2399
f 464//2400 462//2400 1751//2400
f 466//2401 1752//2401 1753//2401
f 466//2402 464//2402 1752//2402
f 468//2403 1753//2403 1754//2403
f 468//2404 466//2404 1753//2404
f 470//2405 1754//2405 1755//2405
f 470//2406 468//2406 1754//2406
f 473//2407 1755//2407 1756//2407
f 473//2408 470//2408 1755//2408
f 477//2409 1756//2409 1757//2409
f 477//2410 473//2410 1756//2410
f 481//2411 1757//2411 1758//2411
f 481//2412 477//2412 1757//2412
f 483//2413 1758//2413 1759//2413
f 483//2414 481//2414 1758//2414
f 487//2415 1759//2415 1760//2415
f 487//2416 483//2416 1759//2416
f 489//2417 1760//2417 1761//2417
f 489//2418 487//2418 1760//2418
f 491//2419 489//2419 1761//2419
f 491//2420 1761//2420 1762//2420
f 494//2421 491//2421 1762//2421
f 494//2422 1762//2422 1763//2422
f 499//2423 494//2423 1763//2423
f 499//2424 1763//2424 1764//2424
f 503//2425 499//2425 1764//2425
f 503//2426 1764//2426 1765//2426
f 509//2427 503//2427 1765//2427
f 509//2428 1765//2428 1766//2428
f 511//2429 509//2429 1766//2429
f 511//2430 1766//2430 1767//2430
f 513//2431 511//2431 1767//2431
f 513//2432 1767//2432 1768//2432
f 526//2433 513//2433 1768//2433
f 526//2434 1768//2434 1769//2434
f 525//2435 526//2435 1769//2435
f 525//2436 1769//2436 1770//2436
f 524//2437 525//2437 1770//2437
f 524//2438 1770//2438 1771//2438
f 523//2439 524//2439 1771//2439
f 523//2440 1771//2440 1772//2440
f 522//2441 523//2441 1772//2441
f 522//2442 1772//2442 1773//2442
f 521//2443 522//2443 1773//2443
f 521//2444 1773//2444 1774//2444
f 520//2445 1774//2445 1775//2445
f 520//2446 521//2446 1774//2446
f 527//2447 1775//2447 1650//2447
f 527//2448 520//2448 1775//2448
f 347//2449 372//2449 1776//2449
f 1776//2450 372//2450 1777//2450
f 314//2451 347//2451 1778//2451
f 1778//2452 347//2452 1776//2452
f 322//2453 314//2453 1779//2453
f 1779//2454 314//2454 1778//2454
f 307//2455 322//2455 1780//2455
f 1780//2456 322//2456 1779//2456
f 319//2457 307//2457 1781//2457
f 1781//2458 307//2458 1780//2458
f 353//2459 319//2459 1782//2459
f 1782//2460 319//2460 1781//2460
f 354//2461 353//2461 1783//2461
f 1783//2462 353//2462 1782//2462
f 372//2463 354//2463 1777//2463
f 1777//2464 354//2464 1783//2464
f 395//2465 405//2465 1784//2465
f 1784//2466 405//2466 1785//2466
f 397//2467 395//2467 1786//2467
f 1786//2468 395//2468 1784//2468
f 396//2469 397//2469 1787//2469
f 1787//2470 397//2470 1786//2470
f 394//2471 396//2471 1788//2471
f 1788//2472 396//2472 1787//2472
f 373//2473 394//2473 1789//2473
f 1789//2474 394//2474 1788//2474
f 349//2475 373//2475 1790//2475
f 1790//2476 373//2476 1789//2476
f 351//2477 349//2477 1791//2477
f 1791//2478 349//2478 1790//2478
f 380//2479 351//2479 1792//2479
f 1792//2480 351//2480 1791//2480
f 405//2481 380//2481 1785//2481
f 1785//2482 380//2482 1792//2482
f 479//2483 386//2483 1793//2483
f 479//2484 1793//2484 1794//2484
f 501//2485 479//2485 1794//2485
f 501//2486 1794//2486 1795//2486
f 1193//2487 501//2487 1795//2487
f 1193//2488 1795//2488 1796//2488
f 409//2489 1193//2489 1796//2489
f 409//2490 1796//2490 1797//2490
f 408//2491 409//2491 1797//2491
f 408//2492 1797//2492 1798//2492
f 355//2493 408//2493 1798//2493
f 355//2494 1798//2494 1799//2494
f 366//2495 355//2495 1799//2495
f 366//2496 1799//2496 1800//2496
f 1192//2497 366//2497 1800//2497
f 1192//2498 1800//2498 1801//2498
f 376//2499 1192//2499 1801//2499
f 376//2500 1801//2500 1802//2500
f 386//2501 376//2501 1802//2501
f 386//2502 1802//2502 1793//2502
f 529//2503 506//2503 1803//2503
f 529//2504 1803//2504 1804//2504
f 553//2505 529//2505 1804//2505
f 553//2506 1804//2506 1805//2506
f 538//2507 553//2507 1805//2507
f 538//2508 1805//2508 1806//2508
f 518//2509 538//2509 1806//2509
f 518//2510 1806//2510 1807//2510
f 475//2511 518//2511 1807//2511
f 475//2512 1807//2512 1808//2512
f 500//2513 475//2513 1808//2513
f 500//2514 1808//2514 1809//2514
f 506//2515 500//2515 1809//2515
f 506//2516 1809//2516 1803//2516
f 480//2517 508//2517 1810//2517
f 1810//2518 508//2518 1811//2518
f 485//2519 480//2519 1812//2519
f 1812//2520 480//2520 1810//2520
f 461//2521 485//2521 1813//2521
f 1813//2522 485//2522 1812//2522
f 459//2523 461//2523 1814//2523
f 1814//2524 461//2524 1813//2524
f 460//2525 459//2525 1815//2525
f 1815//2526 459//2526 1814//2526
f 422//2527 460//2527 1816//2527
f 1816//2528 460//2528 1815//2528
f 399//2529 422//2529 1817//2529
f 1817//2530 422//2530 1816//2530
f 402//2531 399//2531 1818//2531
f 1818//2532 399//2532 1817//2532
f 455//2533 402//2533 1819//2533
f 1819//2534 402//2534 1818//2534
f 515//2535 455//2535 1820//2535
f 1820//2536 455//2536 1819//2536
f 548//2537 515//2537 1821//2537
f 1821//2538 515//2538 1820//2538
f 508//2539 548//2539 1811//2539
f 1811//2540 548//2540 1821//2540
f 406//2541 458//2541 1822//2541
f 1822//2542 458//2542 1823//2542
f 393//2543 406//2543 1824//2543
f 1824//2544 406//2544 1822//2544
f 381//2545 393//2545 1825//2545
f 1825//2546 393//2546 1824//2546
f 383//2547 381//2547 1826//2547
f 1826//2548 381//2548 1825//2548
f 444//2549 383//2549 1827//2549
f 1827//2550 383//2550 1826//2550
f 443//2551 444//2551 1828//2551
f 1828//2552 444//2552 1827//2552
f 505//2553 443//2553 1829//2553
f 1829//2554 443//2554 1828//2554
f 458//2555 505//2555 1823//2555
f 1823//2556 505//2556 1829//2556
f 534//2557 549//2557 1830//2557
f 1830//2558 549//2558 1831//2558
f 536//2559 534//2559 1832//2559
f 1832//2560 534//2560 1830//2560
f 535//2561 536//2561 1833//2561
f 1833//2562 536//2562 1832//2562
f 504//2563 535//2563 1834//2563
f 1834//2564 535//2564 1833//2564
f 442//2565 504//2565 1835//2565
f 1835//2566 504//2566 1834//2566
f 471//2567 442//2567 1836//2567
f 1836//2568 442//2568 1835//2568
f 549//2569 471//2569 1831//2569
f 1831//2570 471//2570 1836//2570
f 562//2571 561//2571 1837//2571
f 1837//2572 561//2572 1838//2572
f 550//2573 562//2573 1839//2573
f 1839//2574 562//2574 1837//2574
f 544//2575 550//2575 1840//2575
f 1840//2576 550//2576 1839//2576
f 558//2577 544//2577 1841//2577
f 1841//2578 544//2578 1840//2578
f 559//2579 558//2579 1842//2579
f 1842//2580 558//2580 1841//2580
f 545//2581 559//2581 1843//2581
f 1843//2582 559//2582 1842//2582
f 532//2583 545//2583 1844//2583
f 1844//2584 545//2584 1843//2584
f 542//2585 532//2585 1845//2585
f 1845//2586 532//2586 1844//2586
f 546//2587 542//2587 1846//2587
f 1846//2588 542//2588 1845//2588
f 557//2589 546//2589 1847//2589
f 1847//2590 546//2590 1846//2590
f 555//2591 557//2591 1848//2591
f 1848//2592 557//2592 1847//2592
f 556//2593 555//2593 1849//2593
f 1849//2594 555//2594 1848//2594
f 561//2595 556//2595 1838//2595
f 1838//2596 556//2596 1849//2596
f 563//2597 565//2597 1850//2597
f 1850//2598 565//2598 1851//2598
f 564//2599 563//2599 1852//2599
f 1852//2600 563//2600 1850//2600
f 560//2601 564//2601 1853//2601
f 1853//2602 564//2602 1852//2602
f 552//2603 560//2603 1854//2603
f 1854//2604 560//2604 1853//2604
f 547//2605 552//2605 1855//2605
f 1855//2606 552//2606 1854//2606
f 554//2607 547//2607 1856//2607
f 1856//2608 547//2608 1855//2608
f 565//2609 554//2609 1851//2609
f 1851//2610 554//2610 1856//2610
f 674//2611 671//2611 1857//2611
f 674//2612 1857//2612 1858//2612
f 712//2613 674//2613 1858//2613
f 712//2614 1858//2614 1859//2614
f 634//2615 712//2615 1859//2615
f 634//2616 1859//2616 1860//2616
f 671//2617 634//2617 1860//2617
f 671//2618 1860//2618 1857//2618
f 736//2619 714//2619 1861//2619
f 736//2620 1861//2620 1862//2620
f 729//2621 736//2621 1862//2621
f 729//2622 1862//2622 1863//2622
f 1195//2623 729//2623 1863//2623
f 1195//2624 1863//2624 1864//2624
f 719//2625 1195//2625 1864//2625
f 719//2626 1864//2626 1865//2626
f 718//2627 719//2627 1865//2627
f 718//2628 1865//2628 1866//2628
f 672//2629 718//2629 1866//2629
f 672//2630 1866//2630 1867//2630
f 673//2631 672//2631 1867//2631
f 673//2632 1867//2632 1868//2632
f 1194//2633 673//2633 1868//2633
f 1194//2634 1868//2634 1869//2634
f 711//2635 1194//2635 1869//2635
f 711//2636 1869//2636 1870//2636
f 714//2637 711//2637 1870//2637
f 714//2638 1870//2638 1861//2638
f 756//2639 744//2639 1871//2639
f 1871//2640 744//2640 1872//2640
f 755//2641 756//2641 1873//2641
f 1873//2642 756//2642 1871//2642
f 738//2643 755//2643 1874//2643
f 1874//2644 755//2644 1873//2644
f 722//2645 738//2645 1875//2645
f 1875//2646 738//2646 1874//2646
f 723//2647 722//2647 1876//2647
f 1876//2648 722//2648 1875//2648
f 713//2649 723//2649 1877//2649
f 1877//2650 723//2650 1876//2650
f 717//2651 713//2651 1878//2651
f 1878//2652 713//2652 1877//2652
f 727//2653 717//2653 1879//2653
f 1879//2654 717//2654 1878//2654
f 728//2655 727//2655 1880//2655
f 1880//2656 727//2656 1879//2656
f 735//2657 728//2657 1881//2657
f 1881//2658 728//2658 1880//2658
f 743//2659 735//2659 1882//2659
f 1882//2660 735//2660 1881//2660
f 744//2661 743//2661 1872//2661
f 1872//2662 743//2662 1882//2662
f 740//2663 742//2663 1883//2663
f 1883//2664 742//2664 1884//2664
f 741//2665 740//2665 1885//2665
f 1885//2666 740//2666 1883//2666
f 734//2667 741//2667 1886//2667
f 1886//2668 741//2668 1885//2668
f 732//2669 734//2669 1887//2669
f 1887//2670 734//2670 1886//2670
f 733//2671 732//2671 1888//2671
f 1888//2672 732//2672 1887//2672
f 726//2673 733//2673 1889//2673
f 1889//2674 733//2674 1888//2674
f 721//2675 726//2675 1890//2675
f 1890//2676 726//2676 1889//2676
f 720//2677 721//2677 1891//2677
f 1891//2678 721//2678 1890//2678
f 730//2679 720//2679 1892//2679
f 1892//2680 720//2680 1891//2680
f 745//2681 730//2681 1893//2681
f 1893//2682 730//2682 1892//2682
f 758//2683 745//2683 1894//2683
f 1894//2684 745//2684 1893//2684
f 742//2685 758//2685 1884//2685
f 1884//2686 758//2686 1894//2686
f 773//2687 765//2687 1895//2687
f 773//2688 1895//2688 1896//2688
f 764//2689 773//2689 1896//2689
f 764//2690 1896//2690 1897//2690
f 760//2691 764//2691 1897//2691
f 760//2692 1897//2692 1898//2692
f 761//2693 760//2693 1898//2693
f 761//2694 1898//2694 1899//2694
f 1196//2695 761//2695 1899//2695
f 1196//2696 1899//2696 1900//2696
f 752//2697 1196//2697 1900//2697
f 752//2698 1900//2698 1901//2698
f 757//2699 752//2699 1901//2699
f 757//2700 1901//2700 1902//2700
f 766//2701 757//2701 1902//2701
f 766//2702 1902//2702 1903//2702
f 763//2703 766//2703 1903//2703
f 763//2704 1903//2704 1904//2704
f 765//2705 763//2705 1904//2705
f 765//2706 1904//2706 1895//2706
f 1905//2707 257//2707 498//2707
f 1905//2708 498//2708 1906//2708
f 1907//2709 1906//2709 498//2709
f 497//2710 1907//2710 498//2710
f 348//2711 257//2711 1905//2711
f 1908//2712 348//2712 1905//2712
f 348//2713 1908//2713 1907//2713
f 348//2714 1907//2714 497//2714
f 1909//2715 496//2715 583//2715
f 1909//2716 583//2716 1910//2716
f 716//2717 1911//2717 1910//2717
f 716//2718 1910//2718 583//2718
f 1912//2719 496//2719 1909//2719
f 1912//2720 566//2720 496//2720
f 566//2721 1912//2721 1911//2721
f 566//2722 1911//2722 716//2722
f 707//2723 676//2723 1913//2723
f 707//2724 1913//2724 1914//2724
f 705//2725 1914//2725 1915//2725
f 705//2726 707//2726 1914//2726
f 703//2727 1915//2727 1916//2727
f 703//2728 705//2728 1915//2728
f 701//2729 1916//2729 1917//2729
f 701//2730 703//2730 1916//2730
f 699//2731 1917//2731 1918//2731
f 699//2732 701//2732 1917//2732
f 697//2733 1918//2733 1919//2733
f 697//2734 699//2734 1918//2734
f 696//2735 1919//2735 1920//2735
f 696//2736 697//2736 1919//2736
f 964//2737 1920//2737 1921//2737
f 964//2738 696//2738 1920//2738
f 965//2739 1921//2739 1922//2739
f 965//2740 964//2740 1921//2740
f 967//2741 1922//2741 1923//2741
f 967//2742 965//2742 1922//2742
f 972//2743 967//2743 1923//2743
f 972//2744 1923//2744 1924//2744
f 974//2745 972//2745 1924//2745
f 974//2746 1924//2746 1925//2746
f 977//2747 974//2747 1925//2747
f 977//2748 1925//2748 1926//2748
f 979//2749 977//2749 1926//2749
f 979//2750 1926//2750 1927//2750
f 981//2751 979//2751 1927//2751
f 981//2752 1927//2752 1928//2752
f 983//2753 981//2753 1928//2753
f 983//2754 1928//2754 1929//2754
f 987//2755 983//2755 1929//2755
f 987//2756 1929//2756 1930//2756
f 989//2757 987//2757 1930//2757
f 989//2758 1930//2758 1931//2758
f 991//2759 989//2759 1931//2759
f 991//2760 1931//2760 1932//2760
f 670//2761 991//2761 1932//2761
f 670//2762 1932//2762 1933//2762
f 669//2763 670//2763 1933//2763
f 669//2764 1933//2764 1934//2764
f 668//2765 669//2765 1934//2765
f 668//2766 1934//2766 1935//2766
f 667//2767 1935//2767 1936//2767
f 667//2768 668//2768 1935//2768
f 666//2769 1936//2769 1937//2769
f 666//2770 667//2770 1936//2770
f 665//2771 1937//2771 1938//2771
f 665//2772 666//2772 1937//2772
f 664//2773 1938//2773 1939//2773
f 664//2774 665//2774 1938//2774
f 663//2775 1939//2775 1940//2775
f 663//2776 664//2776 1939//2776
f 662//2777 1940//2777 1941//2777
f 662//2778 663//2778 1940//2778
f 661//2779 1941//2779 1942//2779
f 661//2780 662//2780 1941//2780
f 660//2781 1942//2781 1943//2781
f 660//2782 661//2782 1942//2782
f 659//2783 1943//2783 1944//2783
f 659//2784 660//2784 1943//2784
f 658//2785 1944//2785 1945//2785
f 658//2786 659//2786 1944//2786
f 657//2787 1945//2787 1946//2787
f 657//2788 658//2788 1945//2788
f 656//2789 1946//2789 1947//2789
f 656//2790 657//2790 1946//2790
f 655//2791 1947//2791 1948//2791
f 655//2792 656//2792 1947//2792
f 654//2793 1948//2793 1949//2793
f 654//2794 655//2794 1948//2794
f 653//2795 654//2795 1949//2795
f 653//2796 1949//2796 1950//2796
f 632//2797 653//2797 1950//2797
f 632//2798 1950//2798 1951//2798
f 631//2799 632//2799 1951//2799
f 631//2800 1951//2800 1952//2800
f 630//2801 631//2801 1952//2801
f 630//2802 1952//2802 1953//2802
f 629//2803 630//2803 1953//2803
f 629//2804 1953//2804 1954//2804
f 628//2805 629//2805 1954//2805
f 628//2806 1954//2806 1955//2806
f 627//2807 628//2807 1955//2807
f 627//2808 1955//2808 1956//2808
f 626//2809 627//2809 1956//2809
f 626//2810 1956//2810 1957//2810
f 625//2811 626//2811 1957//2811
f 625//2812 1957//2812 1958//2812
f 624//2813 625//2813 1958//2813
f 624//2814 1958//2814 1959//2814
f 623//2815 624//2815 1959//2815
f 623//2816 1959//2816 1960//2816
f 622//2817 623//2817 1960//2817
f 622//2818 1960//2818 1961//2818
f 621//2819 622//2819 1961//2819
f 621//2820 1961//2820 1962//2820
f 620//2821 621//2821 1962//2821
f 620//2822 1962//2822 1963//2822
f 619//2823 620//2823 1963//2823
f 619//2824 1963//2824 1964//2824
f 618//2825 619//2825 1964//2825
f 618//2826 1964//2826 1965//2826
f 618//2827 1965//2827 1966//2827
f 617//2828 618//2828 1966//2828
f 616//2829 617//2829 1966//2829
f 616//2830 1966//2830 1967//2830
f 615//2831 616//2831 1967//2831
f 615//2832 1967//2832 1968//2832
f 614//2833 615//2833 1968//2833
f 614//2834 1968//2834 1969//2834
f 613//2835 614//2835 1969//2835
f 613//2836 1969//2836 1970//2836
f 612//2837 1970//2837 1971//2837
f 612//2838 613//2838 1970//2838
f 611//2839 1971//2839 1972//2839
f 611//2840 612//2840 1971//2840
f 610//2841 1972//2841 1973//2841
f 610//2842 611//2842 1972//2842
f 609//2843 1973//2843 1974//2843
f 609//2844 610//2844 1973//2844
f 608//2845 609//2845 1974//2845
f 608//2846 1974//2846 1975//2846
f 607//2847 608//2847 1975//2847
f 607//2848 1975//2848 1976//2848
f 606//2849 607//2849 1976//2849
f 606//2850 1976//2850 1977//2850
f 605//2851 606//2851 1977//2851
f 605//2852 1977//2852 1978//2852
f 604//2853 605//2853 1978//2853
f 604//2854 1978//2854 1979//2854
f 603//2855 604//2855 1979//2855
f 603//2856 1979//2856 1980//2856
f 602//2857 603//2857 1980//2857
f 602//2858 1980//2858 1981//2858
f 601//2859 602//2859 1981//2859
f 601//2860 1981//2860 1982//2860
f 600//2861 601//2861 1982//2861
f 600//2862 1982//2862 1983//2862
f 599//2863 600//2863 1983//2863
f 599//2864 1983//2864 1984//2864
f 598//2865 599//2865 1984//2865
f 598//2866 1984//2866 1985//2866
f 598//2867 1985//2867 1986//2867
f 597//2868 598//2868 1986//2868
f 578//2869 597//2869 1986//2869
f 578//2870 1986//2870 1987//2870
f 576//2871 1987//2871 1988//2871
f 576//2872 1988//2872 1989//2872
f 576//2873 578//2873 1987//2873
f 574//2874 576//2874 1989//2874
f 572//2875 1989//2875 1990//2875
f 572//2876 574//2876 1989//2876
f 570//2877 1990//2877 1991//2877
f 570//2878 1991//2878 1992//2878
f 570//2879 572//2879 1990//2879
f 569//2880 1992//2880 1993//2880
f 569//2881 570//2881 1992//2881
f 571//2882 569//2882 1993//2882
f 573//2883 1993//2883 1994//2883
f 573//2884 571//2884 1993//2884
f 575//2885 1994//2885 1995//2885
f 575//2886 573//2886 1994//2886
f 577//2887 1995//2887 1996//2887
f 577//2888 1996//2888 1997//2888
f 577//2889 575//2889 1995//2889
f 579//2890 577//2890 1997//2890
f 580//2891 1997//2891 1998//2891
f 580//2892 579//2892 1997//2892
f 581//2893 1998//2893 1999//2893
f 581//2894 580//2894 1998//2894
f 582//2895 1999//2895 2000//2895
f 582//2896 2000//2896 2001//2896
f 582//2897 581//2897 1999//2897
f 584//2898 582//2898 2001//2898
f 585//2899 584//2899 2001//2899
f 585//2900 2001//2900 2002//2900
f 586//2901 585//2901 2002//2901
f 586//2902 2002//2902 2003//2902
f 587//2903 586//2903 2003//2903
f 587//2904 2003//2904 2004//2904
f 589//2905 2004//2905 2005//2905
f 589//2906 587//2906 2004//2906
f 590//2907 2005//2907 2006//2907
f 590//2908 589//2908 2005//2908
f 591//2909 2006//2909 2007//2909
f 591//2910 590//2910 2006//2910
f 592//2911 2007//2911 2008//2911
f 592//2912 591//2912 2007//2912
f 593//2913 2008//2913 2009//2913
f 593//2914 592//2914 2008//2914
f 594//2915 2009//2915 2010//2915
f 594//2916 593//2916 2009//2916
f 595//2917 2010//2917 2011//2917
f 595//2918 594//2918 2010//2918
f 710//2919 2011//2919 2012//2919
f 710//2920 595//2920 2011//2920
f 709//2921 2012//2921 2013//2921
f 709//2922 710//2922 2012//2922
f 708//2923 2013//2923 2014//2923
f 708//2924 709//2924 2013//2924
f 706//2925 2014//2925 2015//2925
f 706//2926 708//2926 2014//2926
f 704//2927 2015//2927 2016//2927
f 704//2928 706//2928 2015//2928
f 702//2929 2016//2929 2017//2929
f 702//2930 704//2930 2016//2930
f 700//2931 2017//2931 2018//2931
f 700//2932 702//2932 2017//2932
f 698//2933 2018//2933 2019//2933
f 698//2934 700//2934 2018//2934
f 695//2935 2019//2935 2020//2935
f 695//2936 698//2936 2019//2936
f 694//2937 2020//2937 2021//2937
f 694//2938 695//2938 2020//2938
f 693//2939 2021//2939 2022//2939
f 693//2940 694//2940 2021//2940
f 692//2941 2022//2941 2023//2941
f 692//2942 693//2942 2022//2942
f 691//2943 2023//2943 2024//2943
f 691//2944 692//2944 2023//2944
f 690//2945 691//2945 2024//2945
f 690//2946 2024//2946 2025//2946
f 689//2947 690//2947 2025//2947
f 689//2948 2025//2948 2026//2948
f 688//2949 689//2949 2026//2949
f 688//2950 2026//2950 2027//2950
f 687//2951 688//2951 2027//2951
f 687//2952 2027//2952 2028//2952
f 686//2953 687//2953 2028//2953
f 686//2954 2028//2954 2029//2954
f 685//2955 686//2955 2029//2955
f 685//2956 2029//2956 2030//2956
f 684//2957 685//2957 2030//2957
f 684//2958 2030//2958 2031//2958
f 683//2959 684//2959 2031//2959
f 683//2960 2031//2960 2032//2960
f 682//2961 683//2961 2032//2961
f 682//2962 2032//2962 2033//2962
f 681//2963 682//2963 2033//2963
f 681//2964 2033//2964 2034//2964
f 680//2965 681//2965 2034//2965
f 680//2966 2034//2966 2035//2966
f 679//2967 680//2967 2035//2967
f 679//2968 2035//2968 2036//2968
f 678//2969 679//2969 2036//2969
f 678//2970 2036//2970 2037//2970
f 677//2971 2037//2971 2038//2971
f 677//2972 678//2972 2037//2972
f 676//2973 2038//2973 1913//2973
f 676//2974 677//2974 2038//2974
f 2039//2975 588//2975 675//2975
f 2039//2976 675//2976 2040//2976
f 871//2977 2041//2977 2040//2977
f 871//2978 2040//2978 675//2978
f 2042//2979 588//2979 2039//2979
f 2042//2980 715//2980 588//2980
f 715//2981 2042//2981 2041//2981
f 715//2982 2041//2982 871//2982
f 793//2983 781//2983 2043//2983
f 793//2984 2043//2984 2044//2984
f 783//2985 793//2985 2044//2985
f 783//2986 2044//2986 2045//2986
f 775//2987 783//2987 2045//2987
f 775//2988 2045//2988 2046//2988
f 781//2989 775//2989 2046//2989
f 781//2990 2046//2990 2043//2990
f 768//2991 772//2991 2047//2991
f 2047//2992 772//2992 2048//2992
f 769//2993 768//2993 2049//2993
f 2049//2994 768//2994 2047//2994
f 767//2995 769//2995 2050//2995
f 2050//2996 769//2996 2049//2996
f 746//2997 767//2997 2051//2997
f 2051//2998 767//2998 2050//2998
f 753//2999 746//2999 2052//2999
f 2052//3000 746//3000 2051//3000
f 739//3001 753//3001 2053//3001
f 2053//3002 753//3002 2052//3002
f 737//3003 739//3003 2054//3003
f 2054//3004 739//3004 2053//3004
f 759//3005 737//3005 2055//3005
f 2055//3006 737//3006 2054//3006
f 754//3007 759//3007 2056//3007
f 2056//3008 759//3008 2055//3008
f 762//3009 754//3009 2057//3009
f 2057//3010 754//3010 2056//3010
f 771//3011 762//3011 2058//3011
f 2058//3012 762//3012 2057//3012
f 772//3013 771//3013 2048//3013
f 2048//3014 771//3014 2058//3014
f 788//3015 774//3015 2059//3015
f 788//3016 2059//3016 2060//3016
f 789//3017 788//3017 2060//3017
f 789//3018 2060//3018 2061//3018
f 792//3019 789//3019 2061//3019
f 792//3020 2061//3020 2062//3020
f 779//3021 792//3021 2062//3021
f 779//3022 2062//3022 2063//3022
f 778//3023 779//3023 2063//3023
f 778//3024 2063//3024 2064//3024
f 780//3025 778//3025 2064//3025
f 780//3026 2064//3026 2065//3026
f 770//3027 780//3027 2065//3027
f 770//3028 2065//3028 2066//3028
f 774//3029 770//3029 2066//3029
f 774//3030 2066//3030 2059//3030
f 820//3031 797//3031 2067//3031
f 820//3032 2067//3032 2068//3032
f 818//3033 820//3033 2068//3033
f 818//3034 2068//3034 2069//3034
f 1198//3035 818//3035 2069//3035
f 1198//3036 2069//3036 2070//3036
f 810//3037 1198//3037 2070//3037
f 810//3038 2070//3038 2071//3038
f 799//3039 810//3039 2071//3039
f 799//3040 2071//3040 2072//3040
f 784//3041 799//3041 2072//3041
f 784//3042 2072//3042 2073//3042
f 790//3043 784//3043 2073//3043
f 790//3044 2073//3044 2074//3044
f 1197//3045 790//3045 2074//3045
f 1197//3046 2074//3046 2075//3046
f 795//3047 1197//3047 2075//3047
f 795//3048 2075//3048 2076//3048
f 797//3049 795//3049 2076//3049
f 797//3050 2076//3050 2067//3050
f 828//3051 832//3051 2077//3051
f 2077//3052 832//3052 2078//3052
f 830//3053 828//3053 2079//3053
f 2079//3054 828//3054 2077//3054
f 825//3055 830//3055 2080//3055
f 2080//3056 830//3056 2079//3056
f 823//3057 825//3057 2081//3057
f 2081//3058 825//3058 2080//3058
f 824//3059 823//3059 2082//3059
f 2082//3060 823//3060 2081//3060
f 812//3061 824//3061 2083//3061
f 2083//3062 824//3062 2082//3062
f 808//3063 812//3063 2084//3063
f 2084//3064 812//3064 2083//3064
f 807//3065 808//3065 2085//3065
f 2085//3066 808//3066 2084//3066
f 822//3067 807//3067 2086//3067
f 2086//3068 807//3068 2085//3068
f 835//3069 822//3069 2087//3069
f 2087//3070 822//3070 2086//3070
f 840//3071 835//3071 2088//3071
f 2088//3072 835//3072 2087//3072
f 832//3073 840//3073 2078//3073
f 2078//3074 840//3074 2088//3074
f 801//3075 785//3075 2089//3075
f 801//3076 2089//3076 2090//3076
f 800//3077 801//3077 2090//3077
f 800//3078 2090//3078 2091//3078
f 802//3079 800//3079 2091//3079
f 802//3080 2091//3080 2092//3080
f 786//3081 802//3081 2092//3081
f 786//3082 2092//3082 2093//3082
f 787//3083 786//3083 2093//3083
f 787//3084 2093//3084 2094//3084
f 791//3085 787//3085 2094//3085
f 791//3086 2094//3086 2095//3086
f 782//3087 791//3087 2095//3087
f 782//3088 2095//3088 2096//3088
f 785//3089 782//3089 2096//3089
f 785//3090 2096//3090 2089//3090
f 858//3091 859//3091 2097//3091
f 858//3092 2097//3092 2098//3092
f 1201//3093 858//3093 2098//3093
f 1201//3094 2098//3094 2099//3094
f 855//3095 1201//3095 2099//3095
f 855//3096 2099//3096 2100//3096
f 838//3097 855//3097 2100//3097
f 838//3098 2100//3098 2101//3098
f 813//3099 838//3099 2101//3099
f 813//3100 2101//3100 2102//3100
f 814//3101 813//3101 2102//3101
f 814//3102 2102//3102 2103//3102
f 1200//3103 814//3103 2103//3103
f 1200//3104 2103//3104 2104//3104
f 821//3105 1200//3105 2104//3105
f 821//3106 2104//3106 2105//3106
f 826//3107 821//3107 2105//3107
f 826//3108 2105//3108 2106//3108
f 1199//3109 826//3109 2106//3109
f 1199//3110 2106//3110 2107//3110
f 831//3111 1199//3111 2107//3111
f 831//3112 2107//3112 2108//3112
f 833//3113 831//3113 2108//3113
f 833//3114 2108//3114 2109//3114
f 859//3115 833//3115 2109//3115
f 859//3116 2109//3116 2097//3116
f 815//3117 834//3117 2110//3117
f 2110//3118 834//3118 2111//3118
f 805//3119 815//3119 2112//3119
f 2112//3120 815//3120 2110//3120
f 806//3121 805//3121 2113//3121
f 2113//3122 805//3122 2112//3122
f 804//3123 806//3123 2114//3123
f 2114//3124 806//3124 2113//3124
f 816//3125 804//3125 2115//3125
f 2115//3126 804//3126 2114//3126
f 803//3127 816//3127 2116//3127
f 2116//3128 816//3128 2115//3128
f 796//3129 803//3129 2117//3129
f 2117//3130 803//3130 2116//3130
f 794//3131 796//3131 2118//3131
f 2118//3132 796//3132 2117//3132
f 798//3133 794//3133 2119//3133
f 2119//3134 794//3134 2118//3134
f 811//3135 798//3135 2120//3135
f 2120//3136 798//3136 2119//3136
f 834//3137 811//3137 2111//3137
f 2111//3138 811//3138 2120//3138
f 829//3139 819//3139 2121//3139
f 829//3140 2121//3140 2122//3140
f 843//3141 829//3141 2122//3141
f 843//3142 2122//3142 2123//3142
f 836//3143 843//3143 2123//3143
f 836//3144 2123//3144 2124//3144
f 827//3145 836//3145 2124//3145
f 827//3146 2124//3146 2125//3146
f 809//3147 827//3147 2125//3147
f 809//3148 2125//3148 2126//3148
f 817//3149 809//3149 2126//3149
f 817//3150 2126//3150 2127//3150
f 819//3151 817//3151 2127//3151
f 819//3152 2127//3152 2121//3152
f 837//3153 860//3153 2128//3153
f 2128//3154 860//3154 2129//3154
f 841//3155 837//3155 2130//3155
f 2130//3156 837//3156 2128//3156
f 1204//3157 841//3157 2131//3157
f 2131//3158 841//3158 2130//3158
f 845//3159 1204//3159 2132//3159
f 2132//3160 1204//3160 2131//3160
f 846//3161 845//3161 2133//3161
f 2133//3162 845//3162 2132//3162
f 862//3163 846//3163 2134//3163
f 2134//3164 846//3164 2133//3164
f 881//3165 862//3165 2135//3165
f 2135//3166 862//3166 2134//3166
f 1203//3167 881//3167 2136//3167
f 2136//3168 881//3168 2135//3168
f 878//3169 1203//3169 2137//3169
f 2137//3170 1203//3170 2136//3170
f 867//3171 878//3171 2138//3171
f 2138//3172 878//3172 2137//3172
f 1202//3173 867//3173 2139//3173
f 2139//3174 867//3174 2138//3174
f 861//3175 1202//3175 2140//3175
f 2140//3176 1202//3176 2139//3176
f 860//3177 861//3177 2129//3177
f 2129//3178 861//3178 2140//3178
f 848//3179 851//3179 2141//3179
f 2141//3180 851//3180 2142//3180
f 849//3181 848//3181 2143//3181
f 2143//3182 848//3182 2141//3182
f 847//3183 849//3183 2144//3183
f 2144//3184 849//3184 2143//3184
f 842//3185 847//3185 2145//3185
f 2145//3186 847//3186 2144//3186
f 839//3187 842//3187 2146//3187
f 2146//3188 842//3188 2145//3188
f 844//3189 839//3189 2147//3189
f 2147//3190 839//3190 2146//3190
f 851//3191 844//3191 2142//3191
f 2142//3192 844//3192 2147//3192
f 874//3193 853//3193 2148//3193
f 874//3194 2148//3194 2149//3194
f 863//3195 874//3195 2149//3195
f 863//3196 2149//3196 2150//3196
f 852//3197 863//3197 2150//3197
f 852//3198 2150//3198 2151//3198
f 856//3199 852//3199 2151//3199
f 856//3200 2151//3200 2152//3200
f 850//3201 856//3201 2152//3201
f 850//3202 2152//3202 2153//3202
f 853//3203 850//3203 2153//3203
f 853//3204 2153//3204 2148//3204
f 1058//3205 1029//3205 2154//3205
f 1058//3206 2154//3206 2155//3206
f 1057//3207 2155//3207 2156//3207
f 1057//3208 1058//3208 2155//3208
f 1056//3209 2156//3209 2157//3209
f 1056//3210 1057//3210 2156//3210
f 1055//3211 2157//3211 2158//3211
f 1055//3212 1056//3212 2157//3212
f 1054//3213 2158//3213 2159//3213
f 1054//3214 1055//3214 2158//3214
f 1053//3215 2159//3215 2160//3215
f 1053//3216 1054//3216 2159//3216
f 1052//3217 2160//3217 2161//3217
f 1052//3218 1053//3218 2160//3218
f 1050//3219 2161//3219 2162//3219
f 1050//3220 1052//3220 2161//3220
f 1048//3221 2162//3221 2163//3221
f 1048//3222 1050//3222 2162//3222
f 1047//3223 2163//3223 2164//3223
f 1047//3224 1048//3224 2163//3224
f 1132//3225 1047//3225 2164//3225
f 1132//3226 2164//3226 2165//3226
f 1131//3227 1132//3227 2165//3227
f 1131//3228 2165//3228 2166//3228
f 1130//3229 1131//3229 2166//3229
f 1130//3230 2166//3230 2167//3230
f 1129//3231 1130//3231 2167//3231
f 1129//3232 2167//3232 2168//3232
f 1128//3233 1129//3233 2168//3233
f 1128//3234 2168//3234 2169//3234
f 1127//3235 1128//3235 2169//3235
f 1127//3236 2169//3236 2170//3236
f 1126//3237 1127//3237 2170//3237
f 1126//3238 2170//3238 2171//3238
f 1125//3239 1126//3239 2171//3239
f 1125//3240 2171//3240 2172//3240
f 1123//3241 1125//3241 2172//3241
f 1123//3242 2172//3242 2173//3242
f 1140//3243 1123//3243 2173//3243
f 1140//3244 2173//3244 2174//3244
f 1139//3245 1140//3245 2174//3245
f 1139//3246 2174//3246 2175//3246
f 1138//3247 1139//3247 2175//3247
f 1138//3248 2175//3248 2176//3248
f 1137//3249 2176//3249 2177//3249
f 1137//3250 1138//3250 2176//3250
f 1136//3251 2177//3251 2178//3251
f 1136//3252 1137//3252 2177//3252
f 1135//3253 2178//3253 2179//3253
f 1135//3254 1136//3254 2178//3254
f 1133//3255 2179//3255 2180//3255
f 1133//3256 1135//3256 2179//3256
f 1142//3257 2180//3257 2181//3257
f 1142//3258 1133//3258 2180//3258
f 1141//3259 2181//3259 2182//3259
f 1141//3260 1142//3260 2181//3260
f 1171//3261 2182//3261 2183//3261
f 1171//3262 1141//3262 2182//3262
f 1170//3263 2183//3263 2184//3263
f 1170//3264 1171//3264 2183//3264
f 1169//3265 2184//3265 2185//3265
f 1169//3266 1170//3266 2184//3266
f 1168//3267 2185//3267 2186//3267
f 1168//3268 1169//3268 2185//3268
f 1167//3269 2186//3269 2187//3269
f 1167//3270 1168//3270 2186//3270
f 1172//3271 2187//3271 2188//3271
f 1172//3272 1167//3272 2187//3272
f 1173//3273 2188//3273 2189//3273
f 1173//3274 1172//3274 2188//3274
f 1174//3275 2189//3275 2190//3275
f 1174//3276 1173//3276 2189//3276
f 1003//3277 1174//3277 2190//3277
f 1003//3278 2190//3278 2191//3278
f 1002//3279 1003//3279 2191//3279
f 1002//3280 2191//3280 2192//3280
f 999//3281 1002//3281 2192//3281
f 999//3282 2192//3282 2193//3282
f 998//3283 999//3283 2193//3283
f 998//3284 2193//3284 2194//3284
f 997//3285 998//3285 2194//3285
f 997//3286 2194//3286 2195//3286
f 996//3287 997//3287 2195//3287
f 996//3288 2195//3288 2196//3288
f 994//3289 996//3289 2196//3289
f 994//3290 2196//3290 2197//3290
f 993//3291 994//3291 2197//3291
f 993//3292 2197//3292 2198//3292
f 990//3293 993//3293 2198//3293
f 990//3294 2198//3294 2199//3294
f 988//3295 990//3295 2199//3295
f 988//3296 2199//3296 2200//3296
f 986//3297 988//3297 2200//3297
f 986//3298 2200//3298 2201//3298
f 982//3299 986//3299 2201//3299
f 982//3300 2201//3300 2202//3300
f 980//3301 982//3301 2202//3301
f 980//3302 2202//3302 2203//3302
f 978//3303 980//3303 2203//3303
f 978//3304 2203//3304 2204//3304
f 976//3305 978//3305 2204//3305
f 976//3306 2204//3306 2205//3306
f 973//3307 976//3307 2205//3307
f 973//3308 2205//3308 2206//3308
f 973//3309 2206//3309 2207//3309
f 971//3310 973//3310 2207//3310
f 968//3311 971//3311 2207//3311
f 968//3312 2207//3312 2208//3312
f 966//3313 968//3313 2208//3313
f 966//3314 2208//3314 2209//3314
f 963//3315 966//3315 2209//3315
f 963//3316 2209//3316 2210//3316
f 960//3317 963//3317 2210//3317
f 960//3318 2210//3318 2211//3318
f 959//3319 2211//3319 2212//3319
f 959//3320 960//3320 2211//3320
f 958//3321 2212//3321 2213//3321
f 958//3322 959//3322 2212//3322
f 957//3323 2213//3323 2214//3323
f 957//3324 958//3324 2213//3324
f 956//3325 2214//3325 2215//3325
f 956//3326 957//3326 2214//3326
f 954//3327 956//3327 2215//3327
f 954//3328 2215//3328 2216//3328
f 952//3329 954//3329 2216//3329
f 952//3330 2216//3330 2217//3330
f 949//3331 952//3331 2217//3331
f 949//3332 2217//3332 2218//3332
f 947//3333 949//3333 2218//3333
f 947//3334 2218//3334 2219//3334
f 942//3335 947//3335 2219//3335
f 942//3336 2219//3336 2220//3336
f 940//3337 942//3337 2220//3337
f 940//3338 2220//3338 2221//3338
f 938//3339 940//3339 2221//3339
f 938//3340 2221//3340 2222//3340
f 936//3341 938//3341 2222//3341
f 936//3342 2222//3342 2223//3342
f 933//3343 936//3343 2223//3343
f 933//3344 2223//3344 2224//3344
f 931//3345 933//3345 2224//3345
f 931//3346 2224//3346 2225//3346
f 929//3347 931//3347 2225//3347
f 929//3348 2225//3348 2226//3348
f 929//3349 2226//3349 2227//3349
f 927//3350 929//3350 2227//3350
f 925//3351 927//3351 2227//3351
f 925//3352 2227//3352 2228//3352
f 923//3353 2228//3353 2229//3353
f 923//3354 2229//3354 2230//3354
f 923//3355 925//3355 2228//3355
f 920//3356 923//3356 2230//3356
f 918//3357 2230//3357 2231//3357
f 918//3358 920//3358 2230//3358
f 915//3359 2231//3359 2232//3359
f 915//3360 2232//3360 2233//3360
f 915//3361 918//3361 2231//3361
f 916//3362 2233//3362 2234//3362
f 916//3363 915//3363 2233//3363
f 917//3364 916//3364 2234//3364
f 919//3365 2234//3365 2235//3365
f 919//3366 917//3366 2234//3366
f 921//3367 2235//3367 2236//3367
f 921//3368 919//3368 2235//3368
f 924//3369 2236//3369 2237//3369
f 924//3370 2237//3370 2238//3370
f 924//3371 921//3371 2236//3371
f 926//3372 924//3372 2238//3372
f 928//3373 2238//3373 2239//3373
f 928//3374 926//3374 2238//3374
f 930//3375 2239//3375 2240//3375
f 930//3376 928//3376 2239//3376
f 932//3377 2240//3377 2241//3377
f 932//3378 2241//3378 2242//3378
f 932//3379 930//3379 2240//3379
f 935//3380 932//3380 2242//3380
f 937//3381 935//3381 2242//3381
f 937//3382 2242//3382 2243//3382
f 939//3383 937//3383 2243//3383
f 939//3384 2243//3384 2244//3384
f 941//3385 939//3385 2244//3385
f 941//3386 2244//3386 2245//3386
f 945//3387 2245//3387 2246//3387
f 945//3388 941//3388 2245//3388
f 948//3389 2246//3389 2247//3389
f 948//3390 945//3390 2246//3390
f 950//3391 2247//3391 2248//3391
f 950//3392 948//3392 2247//3392
f 953//3393 2248//3393 2249//3393
f 953//3394 950//3394 2248//3394
f 955//3395 2249//3395 2250//3395
f 955//3396 953//3396 2249//3396
f 1017//3397 2250//3397 2251//3397
f 1017//3398 955//3398 2250//3398
f 1016//3399 2251//3399 2252//3399
f 1016//3400 1017//3400 2251//3400
f 1015//3401 2252//3401 2253//3401
f 1015//3402 1016//3402 2252//3402
f 1014//3403 2253//3403 2254//3403
f 1014//3404 1015//3404 2253//3404
f 1013//3405 2254//3405 2255//3405
f 1013//3406 1014//3406 2254//3406
f 1012//3407 2255//3407 2256//3407
f 1012//3408 1013//3408 2255//3408
f 1011//3409 2256//3409 2257//3409
f 1011//3410 1012//3410 2256//3410
f 1010//3411 2257//3411 2258//3411
f 1010//3412 1011//3412 2257//3412
f 1008//3413 2258//3413 2259//3413
f 1008//3414 1010//3414 2258//3414
f 1025//3415 2259//3415 2260//3415
f 1025//3416 1008//3416 2259//3416
f 1023//3417 2260//3417 2261//3417
f 1023//3418 1025//3418 2260//3418
f 1051//3419 2261//3419 2262//3419
f 1051//3420 1023//3420 2261//3420
f 1049//3421 2262//3421 2263//3421
f 1049//3422 1051//3422 2262//3422
f 1046//3423 2263//3423 2264//3423
f 1046//3424 1049//3424 2263//3424
f 1045//3425 2264//3425 2265//3425
f 1045//3426 1046//3426 2264//3426
f 1044//3427 1045//3427 2265//3427
f 1044//3428 2265//3428 2266//3428
f 1043//3429 1044//3429 2266//3429
f 1043//3430 2266//3430 2267//3430
f 1042//3431 1043//3431 2267//3431
f 1042//3432 2267//3432 2268//3432
f 1041//3433 1042//3433 2268//3433
f 1041//3434 2268//3434 2269//3434
f 1040//3435 1041//3435 2269//3435
f 1040//3436 2269//3436 2270//3436
f 1039//3437 1040//3437 2270//3437
f 1039//3438 2270//3438 2271//3438
f 1038//3439 1039//3439 2271//3439
f 1038//3440 2271//3440 2272//3440
f 1037//3441 1038//3441 2272//3441
f 1037//3442 2272//3442 2273//3442
f 1036//3443 1037//3443 2273//3443
f 1036//3444 2273//3444 2274//3444
f 1035//3445 1036//3445 2274//3445
f 1035//3446 2274//3446 2275//3446
f 1034//3447 1035//3447 2275//3447
f 1034//3448 2275//3448 2276//3448
f 1033//3449 1034//3449 2276//3449
f 1033//3450 2276//3450 2277//3450
f 1032//3451 1033//3451 2277//3451
f 1032//3452 2277//3452 2278//3452
f 1031//3453 2278//3453 2279//3453
f 1031//3454 1032//3454 2278//3454
f 1029//3455 2279//3455 2154//3455
f 1029//3456 1031//3456 2279//3456
f 875//3457 857//3457 2280//3457
f 875//3458 2280//3458 2281//3458
f 865//3459 875//3459 2281//3459
f 865//3460 2281//3460 2282//3460
f 854//3461 865//3461 2282//3461
f 854//3462 2282//3462 2283//3462
f 857//3463 854//3463 2283//3463
f 857//3464 2283//3464 2280//3464
f 885//3465 868//3465 2284//3465
f 885//3466 2284//3466 2285//3466
f 884//3467 885//3467 2285//3467
f 884//3468 2285//3468 2286//3468
f 887//3469 884//3469 2286//3469
f 887//3470 2286//3470 2287//3470
f 869//3471 887//3471 2287//3471
f 869//3472 2287//3472 2288//3472
f 870//3473 869//3473 2288//3473
f 870//3474 2288//3474 2289//3474
f 873//3475 870//3475 2289//3475
f 873//3476 2289//3476 2290//3476
f 864//3477 873//3477 2290//3477
f 864//3478 2290//3478 2291//3478
f 868//3479 864//3479 2291//3479
f 868//3480 2291//3480 2284//3480
f 904//3481 880//3481 2292//3481
f 904//3482 2292//3482 2293//3482
f 902//3483 904//3483 2293//3483
f 902//3484 2293//3484 2294//3484
f 1206//3485 902//3485 2294//3485
f 1206//3486 2294//3486 2295//3486
f 894//3487 1206//3487 2295//3487
f 894//3488 2295//3488 2296//3488
f 883//3489 894//3489 2296//3489
f 883//3490 2296//3490 2297//3490
f 866//3491 883//3491 2297//3491
f 866//3492 2297//3492 2298//3492
f 872//3493 866//3493 2298//3493
f 872//3494 2298//3494 2299//3494
f 1205//3495 872//3495 2299//3495
f 1205//3496 2299//3496 2300//3496
f 877//3497 1205//3497 2300//3497
f 877//3498 2300//3498 2301//3498
f 880//3499 877//3499 2301//3499
f 880//3500 2301//3500 2292//3500
f 899//3501 944//3501 2302//3501
f 2302//3502 944//3502 2303//3502
f 890//3503 899//3503 2304//3503
f 2304//3504 899//3504 2302//3504
f 891//3505 890//3505 2305//3505
f 2305//3506 890//3506 2304//3506
f 889//3507 891//3507 2306//3507
f 2306//3508 891//3508 2305//3508
f 900//3509 889//3509 2307//3509
f 2307//3510 889//3510 2306//3510
f 888//3511 900//3511 2308//3511
f 2308//3512 900//3512 2307//3512
f 879//3513 888//3513 2309//3513
f 2309//3514 888//3514 2308//3514
f 876//3515 879//3515 2310//3515
f 2310//3516 879//3516 2309//3516
f 882//3517 876//3517 2311//3517
f 2311//3518 876//3518 2310//3518
f 895//3519 882//3519 2312//3519
f 2312//3520 882//3520 2311//3520
f 944//3521 895//3521 2303//3521
f 2303//3522 895//3522 2312//3522
f 913//3523 903//3523 2313//3523
f 913//3524 2313//3524 2314//3524
f 985//3525 913//3525 2314//3525
f 985//3526 2314//3526 2315//3526
f 951//3527 985//3527 2315//3527
f 951//3528 2315//3528 2316//3528
f 911//3529 951//3529 2316//3529
f 911//3530 2316//3530 2317//3530
f 893//3531 911//3531 2317//3531
f 893//3532 2317//3532 2318//3532
f 901//3533 893//3533 2318//3533
f 901//3534 2318//3534 2319//3534
f 903//3535 901//3535 2319//3535
f 903//3536 2319//3536 2313//3536
f 912//3537 934//3537 2320//3537
f 2320//3538 934//3538 2321//3538
f 914//3539 912//3539 2322//3539
f 2322//3540 912//3540 2320//3540
f 909//3541 914//3541 2323//3541
f 2323//3542 914//3542 2322//3542
f 907//3543 909//3543 2324//3543
f 2324//3544 909//3544 2323//3544
f 908//3545 907//3545 2325//3545
f 2325//3546 907//3546 2324//3546
f 896//3547 908//3547 2326//3547
f 2326//3548 908//3548 2325//3548
f 886//3549 896//3549 2327//3549
f 2327//3550 896//3550 2326//3550
f 892//3551 886//3551 2328//3551
f 2328//3552 886//3552 2327//3552
f 906//3553 892//3553 2329//3553
f 2329//3554 892//3554 2328//3554
f 946//3555 906//3555 2330//3555
f 2330//3556 906//3556 2329//3556
f 970//3557 946//3557 2331//3557
f 2331//3558 946//3558 2330//3558
f 934//3559 970//3559 2321//3559
f 2321//3560 970//3560 2331//3560
f 1004//3561 1007//3561 2332//3561
f 2332//3562 1007//3562 2333//3562
f 1005//3563 1004//3563 2334//3563
f 2334//3564 1004//3564 2332//3564
f 1001//3565 1005//3565 2335//3565
f 2335//3566 1005//3566 2334//3566
f 984//3567 1001//3567 2336//3567
f 2336//3568 1001//3568 2335//3568
f 969//3569 984//3569 2337//3569
f 2337//3570 984//3570 2336//3570
f 992//3571 969//3571 2338//3571
f 2338//3572 969//3572 2337//3572
f 1007//3573 992//3573 2333//3573
f 2333//3574 992//3574 2338//3574
f 1027//3575 1028//3575 2339//3575
f 1027//3576 2339//3576 2340//3576
f 1209//3577 1027//3577 2340//3577
f 1209//3578 2340//3578 2341//3578
f 1019//3579 1209//3579 2341//3579
f 1019//3580 2341//3580 2342//3580
f 962//3581 1019//3581 2342//3581
f 962//3582 2342//3582 2343//3582
f 2344//3583 962//3583 2343//3583
f 897//3584 962//3584 2344//3584
f 898//3585 897//3585 2344//3585
f 898//3586 2344//3586 2345//3586
f 1208//3587 898//3587 2345//3587
f 1208//3588 2345//3588 2346//3588
f 905//3589 1208//3589 2346//3589
f 905//3590 2346//3590 2347//3590
f 910//3591 905//3591 2347//3591
f 910//3592 2347//3592 2348//3592
f 1207//3593 910//3593 2348//3593
f 1207//3594 2348//3594 2349//3594
f 922//3595 1207//3595 2349//3595
f 922//3596 2349//3596 2350//3596
f 943//3597 922//3597 2350//3597
f 943//3598 2350//3598 2351//3598
f 1028//3599 943//3599 2351//3599
f 1028//3600 2351//3600 2339//3600
f 961//3601 1065//3601 2352//3601
f 2352//3602 1065//3602 2353//3602
f 975//3603 961//3603 2354//3603
f 2354//3604 961//3604 2352//3604
f 1212//3605 975//3605 2355//3605
f 2355//3606 975//3606 2354//3606
f 995//3607 1212//3607 2356//3607
f 2356//3608 1212//3608 2355//3608
f 1000//3609 995//3609 2357//3609
f 2357//3610 995//3610 2356//3610
f 1062//3611 1000//3611 2358//3611
f 2358//3612 1000//3612 2357//3612
f 1080//3613 1062//3613 2359//3613
f 2359//3614 1062//3614 2358//3614
f 1211//3615 1080//3615 2360//3615
f 2360//3616 1080//3616 2359//3616
f 1079//3617 1211//3617 2361//3617
f 2361//3618 1211//3618 2360//3618
f 1068//3619 1079//3619 2362//3619
f 2362//3620 1079//3620 2361//3620
f 1210//3621 1068//3621 2363//3621
f 2363//3622 1068//3622 2362//3622
f 1066//3623 1210//3623 2364//3623
f 2364//3624 1210//3624 2363//3624
f 1065//3625 1066//3625 2353//3625
f 2353//3626 1066//3626 2364//3626
f 1074//3627 1021//3627 2365//3627
f 1074//3628 2365//3628 2366//3628
f 1063//3629 1074//3629 2366//3629
f 1063//3630 2366//3630 2367//3630
f 1020//3631 1063//3631 2367//3631
f 1020//3632 2367//3632 2368//3632
f 1059//3633 1020//3633 2368//3633
f 1059//3634 2368//3634 2369//3634
f 1006//3635 1059//3635 2369//3635
f 1006//3636 2369//3636 2370//3636
f 1021//3637 1006//3637 2370//3637
f 1021//3638 2370//3638 2365//3638
f 1073//3639 1026//3639 2371//3639
f 1073//3640 2371//3640 2372//3640
f 1060//3641 1073//3641 2372//3641
f 1060//3642 2372//3642 2373//3642
f 1018//3643 1060//3643 2373//3643
f 1018//3644 2373//3644 2374//3644
f 1026//3645 1018//3645 2374//3645
f 1026//3646 2374//3646 2371//3646
f 1071//3647 1022//3647 2375//3647
f 1071//3648 2375//3648 2376//3648
f 1075//3649 1071//3649 2376//3649
f 1075//3650 2376//3650 2377//3650
f 1084//3651 1075//3651 2377//3651
f 1084//3652 2377//3652 2378//3652
f 1030//3653 1084//3653 2378//3653
f 1030//3654 2378//3654 2379//3654
f 1024//3655 1030//3655 2379//3655
f 1024//3656 2379//3656 2380//3656
f 1061//3657 1024//3657 2381//3657
f 2381//3658 1024//3658 2380//3658
f 1009//3659 1061//3659 2382//3659
f 2382//3660 1061//3660 2381//3660
f 1022//3661 1009//3661 2382//3661
f 1022//3662 2382//3662 2375//3662
f 1096//3663 1103//3663 2383//3663
f 2383//3664 1103//3664 2384//3664
f 1086//3665 1096//3665 2385//3665
f 2385//3666 1096//3666 2383//3666
f 1082//3667 1086//3667 2386//3667
f 2386//3668 1086//3668 2385//3668
f 1083//3669 1082//3669 2387//3669
f 2387//3670 1082//3670 2386//3670
f 1081//3671 1083//3671 2388//3671
f 2388//3672 1083//3672 2387//3672
f 1095//3673 1081//3673 2389//3673
f 2389//3674 1081//3674 2388//3674
f 1085//3675 1095//3675 2390//3675
f 2390//3676 1095//3676 2389//3676
f 1070//3677 1085//3677 2391//3677
f 2391//3678 1085//3678 2390//3678
f 1069//3679 1070//3679 2392//3679
f 2392//3680 1070//3680 2391//3680
f 1072//3681 1069//3681 2393//3681
f 2393//3682 1069//3682 2392//3682
f 1077//3683 1072//3683 2394//3683
f 2394//3684 1072//3684 2393//3684
f 1089//3685 1077//3685 2395//3685
f 2395//3686 1077//3686 2394//3686
f 1103//3687 1089//3687 2384//3687
f 2384//3688 1089//3688 2395//3688
f 1149//3689 1151//3689 2396//3689
f 1149//3690 2396//3690 2397//3690
f 1215//3691 1149//3691 2397//3691
f 1215//3692 2397//3692 2398//3692
f 1134//3693 1215//3693 2398//3693
f 1134//3694 2398//3694 2399//3694
f 1124//3695 1134//3695 2399//3695
f 1124//3696 2399//3696 2400//3696
f 1097//3697 1124//3697 2400//3697
f 1097//3698 2400//3698 2401//3698
f 1099//3699 1097//3699 2401//3699
f 1099//3700 2401//3700 2402//3700
f 1214//3701 1099//3701 2402//3701
f 1214//3702 2402//3702 2403//3702
f 1105//3703 1214//3703 2403//3703
f 1105//3704 2403//3704 2404//3704
f 1110//3705 1105//3705 2404//3705
f 1110//3706 2404//3706 2405//3706
f 1213//3707 1110//3707 2405//3707
f 1213//3708 2405//3708 2406//3708
f 1114//3709 1213//3709 2406//3709
f 1114//3710 2406//3710 2407//3710
f 1116//3711 1114//3711 2407//3711
f 1116//3712 2407//3712 2408//3712
f 1151//3713 1116//3713 2408//3713
f 1151//3714 2408//3714 2396//3714
f 1102//3715 1078//3715 2409//3715
f 1102//3716 2409//3716 2410//3716
f 1101//3717 1102//3717 2410//3717
f 1101//3718 2410//3718 2411//3718
f 1217//3719 1101//3719 2411//3719
f 1217//3720 2411//3720 2412//3720
f 1092//3721 1217//3721 2412//3721
f 1092//3722 2412//3722 2413//3722
f 1088//3723 1092//3723 2413//3723
f 1088//3724 2413//3724 2414//3724
f 1064//3725 1088//3725 2414//3725
f 1064//3726 2414//3726 2415//3726
f 1067//3727 1064//3727 2415//3727
f 1067//3728 2415//3728 2416//3728
f 1216//3729 1067//3729 2416//3729
f 1216//3730 2416//3730 2417//3730
f 1076//3731 1216//3731 2417//3731
f 1076//3732 2417//3732 2418//3732
f 1078//3733 1076//3733 2418//3733
f 1078//3734 2418//3734 2409//3734
f 1111//3735 1115//3735 2419//3735
f 2419//3736 1115//3736 2420//3736
f 1112//3737 1111//3737 2421//3737
f 2421//3738 1111//3738 2419//3738
f 1109//3739 1112//3739 2422//3739
f 2422//3740 1112//3740 2421//3740
f 1107//3741 1109//3741 2423//3741
f 2423//3742 1109//3742 2422//3742
f 1108//3743 1107//3743 2424//3743
f 2424//3744 1107//3744 2423//3744
f 1098//3745 1108//3745 2425//3745
f 2425//3746 1108//3746 2424//3746
f 1090//3747 1098//3747 2426//3747
f 2426//3748 1098//3748 2425//3748
f 1094//3749 1090//3749 2427//3749
f 2427//3750 1090//3750 2426//3750
f 1106//3751 1094//3751 2428//3751
f 2428//3752 1094//3752 2427//3752
f 1118//3753 1106//3753 2429//3753
f 2429//3754 1106//3754 2428//3754
f 1121//3755 1118//3755 2430//3755
f 2430//3756 1118//3756 2429//3756
f 1115//3757 1121//3757 2420//3757
f 2420//3758 1121//3758 2430//3758
f 1104//3759 1117//3759 2431//3759
f 2431//3760 1117//3760 2432//3760
f 1093//3761 1104//3761 2433//3761
f 2433//3762 1104//3762 2431//3762
f 1087//3763 1093//3763 2434//3763
f 2434//3764 1093//3764 2433//3764
f 1091//3765 1087//3765 2435//3765
f 2435//3766 1087//3766 2434//3766
f 1100//3767 1091//3767 2436//3767
f 2436//3768 1091//3768 2435//3768
f 1113//3769 1100//3769 2437//3769
f 2437//3770 1100//3770 2436//3770
f 1144//3771 1113//3771 2438//3771
f 2438//3772 1113//3772 2437//3772
f 1117//3773 1144//3773 2432//3773
f 2432//3774 1144//3774 2438//3774
f 1122//3775 1152//3775 2439//3775
f 2439//3776 1152//3776 2440//3776
f 1143//3777 1122//3777 2441//3777
f 2441//3778 1122//3778 2439//3778
f 1220//3779 1143//3779 2442//3779
f 2442//3780 1143//3780 2441//3780
f 1146//3781 1220//3781 2443//3781
f 2443//3782 1220//3782 2442//3782
f 1147//3783 1146//3783 2444//3783
f 2444//3784 1146//3784 2443//3784
f 1163//3785 2444//3785 2445//3785
f 1163//3786 1147//3786 2444//3786
f 1160//3787 1163//3787 2446//3787
f 2446//3788 1163//3788 2445//3788
f 1219//3789 1160//3789 2447//3789
f 2447//3790 1160//3790 2446//3790
f 1161//3791 1219//3791 2448//3791
f 2448//3792 1219//3792 2447//3792
f 1159//3793 1161//3793 2449//3793
f 2449//3794 1161//3794 2448//3794
f 1218//3795 1159//3795 2450//3795
f 2450//3796 1159//3796 2449//3796
f 1150//3797 1218//3797 2451//3797
f 2451//3798 1218//3798 2450//3798
f 1152//3799 1150//3799 2440//3799
f 2440//3800 1150//3800 2451//3800
f 1154//3801 1156//3801 2452//3801
f 2452//3802 1156//3802 2453//3802
f 1155//3803 1154//3803 2454//3803
f 2454//3804 1154//3804 2452//3804
f 1148//3805 1155//3805 2455//3805
f 2455//3806 1155//3806 2454//3806
f 1145//3807 1148//3807 2456//3807
f 2456//3808 1148//3808 2455//3808
f 1119//3809 1145//3809 2457//3809
f 2457//3810 1145//3810 2456//3810
f 1120//3811 1119//3811 2458//3811
f 2458//3812 1119//3812 2457//3812
f 1156//3813 1120//3813 2453//3813
f 2453//3814 1120//3814 2458//3814
f 1165//3815 1158//3815 2459//3815
f 1165//3816 2459//3816 2460//3816
f 1164//3817 1165//3817 2460//3817
f 1164//3818 2460//3818 2461//3818
f 1157//3819 1164//3819 2461//3819
f 1157//3820 2461//3820 2462//3820
f 1162//3821 1157//3821 2462//3821
f 1162//3822 2462//3822 2463//3822
f 1153//3823 1162//3823 2463//3823
f 1153//3824 2463//3824 2464//3824
f 1158//3825 1153//3825 2464//3825
f 1158//3826 2464//3826 2459//3826
f 1335//3827 1256//3827 1336//3827
f 1337//3828 1336//3828 1256//3828
f 1334//3829 1256//3829 1335//3829
f 1338//3830 1337//3830 1256//3830
f 1333//3831 1256//3831 1334//3831
f 1339//3832 1338//3832 1256//3832
f 1332//3833 1256//3833 1333//3833
f 1340//3834 1339//3834 1256//3834
f 1331//3835 1256//3835 1332//3835
f 1341//3836 1340//3836 1256//3836
f 1330//3837 1256//3837 1331//3837
f 1342//3838 1341//3838 1256//3838
f 1329//3839 1256//3839 1330//3839
f 1343//3840 1342//3840 1256//3840
f 1328//3841 1256//3841 1329//3841
f 1344//3842 1343//3842 1256//3842
f 1327//3843 1256//3843 1328//3843
f 1345//3844 1344//3844 1256//3844
f 1326//3845 1256//3845 1327//3845
f 1346//3846 1345//3846 1256//3846
f 1325//3847 1256//3847 1326//3847
f 1347//3848 1346//3848 1256//3848
f 1324//3849 1256//3849 1325//3849
f 1348//3850 1347//3850 1256//3850
f 1323//3851 1256//3851 1324//3851
f 1349//3852 1348//3852 1256//3852
f 1322//3853 1256//3853 1323//3853
f 1350//3854 1349//3854 1256//3854
f 1321//3855 1256//3855 1322//3855
f 1320//3856 1256//3856 1321//3856
f 1319//3857 1256//3857 1320//3857
f 1318//3858 1256//3858 1319//3858
f 1317//3859 1256//3859 1318//3859
f 1255//3860 1351//3860 1350//3860
f 1255//3861 1352//3861 1351//3861
f 1255//3862 1353//3862 1352//3862
f 1255//3863 1354//3863 1353//3863
f 1255//3864 1355//3864 1354//3864
f 1255//3865 1350//3865 1256//3865
f 1316//3866 1256//3866 1317//3866
f 1356//3867 1355//3867 1255//3867
f 1315//3868 1256//3868 1316//3868
f 1357//3869 1356//3869 1255//3869
f 1314//3870 1256//3870 1315//3870
f 1358//3871 1357//3871 1255//3871
f 1313//3872 1256//3872 1314//3872
f 1359//3873 1358//3873 1255//3873
f 1312//3874 1256//3874 1313//3874
f 1360//3875 1359//3875 1255//3875
f 1361//3876 1360//3876 1255//3876
f 1362//3877 1361//3877 1255//3877
f 1363//3878 1362//3878 1255//3878
f 1364//3879 1363//3879 1255//3879
f 1365//3880 1364//3880 1255//3880
f 1366//3881 1365//3881 1255//3881
f 1367//3882 1366//3882 1255//3882
f 1368//3883 1367//3883 1255//3883
f 1369//3884 1368//3884 1255//3884
f 1370//3885 1369//3885 1255//3885
f 1371//3886 1370//3886 1255//3886
f 1372//3887 1371//3887 1255//3887
f 1373//3888 1372//3888 1255//3888
f 1374//3889 1373//3889 1255//3889
f 1375//3890 1374//3890 1255//3890
f 1253//3891 1258//3891 1257//3891
f 1253//3892 1259//3892 1258//3892
f 1253//3893 1260//3893 1259//3893
f 1253//3894 1261//3894 1260//3894
f 1253//3895 1262//3895 1261//3895
f 1253//3896 1263//3896 1262//3896
f 1253//3897 1264//3897 1263//3897
f 1253//3898 1265//3898 1264//3898
f 1253//3899 1266//3899 1265//3899
f 1253//3900 1267//3900 1266//3900
f 1253//3901 1268//3901 1267//3901
f 1253//3902 1269//3902 1268//3902
f 1253//3903 1270//3903 1269//3903
f 1253//3904 1271//3904 1270//3904
f 1253//3905 1272//3905 1271//3905
f 1253//3906 1273//3906 1272//3906
f 1253//3907 1274//3907 1273//3907
f 1253//3908 1376//3908 1375//3908
f 1253//3909 1275//3909 1274//3909
f 1253//3910 1377//3910 1376//3910
f 1253//3911 1276//3911 1275//3911
f 1253//3912 1378//3912 1377//3912
f 1253//3913 1277//3913 1276//3913
f 1253//3914 1379//3914 1378//3914
f 1253//3915 1278//3915 1277//3915
f 1253//3916 1380//3916 1379//3916
f 1253//3917 1381//3917 1380//3917
f 1253//3918 1382//3918 1381//3918
f 1253//3919 1257//3919 1382//3919
f 1253//3920 1375//3920 1255//3920
f 2465//3921 1300//3921 1299//3921
f 2466//3922 1300//3922 2465//3922
f 2466//3923 1301//3923 1300//3923
f 2467//3924 2465//3924 1299//3924
f 2467//3925 1299//3925 1298//3925
f 2468//3926 1301//3926 2466//3926
f 2468//3927 1302//3927 1301//3927
f 2469//3928 2467//3928 1298//3928
f 2469//3929 1298//3929 1297//3929
f 2470//3930 1302//3930 2468//3930
f 2470//3931 1303//3931 1302//3931
f 2471//3932 2469//3932 1297//3932
f 2471//3933 1296//3933 1295//3933
f 2471//3934 1297//3934 1296//3934
f 2472//3935 1303//3935 2470//3935
f 2472//3936 1304//3936 1303//3936
f 2473//3937 1295//3937 1294//3937
f 2473//3938 2471//3938 1295//3938
f 2474//3939 1304//3939 2472//3939
f 2474//3940 1305//3940 1304//3940
f 2475//3941 1294//3941 1293//3941
f 2475//3942 2473//3942 1294//3942
f 2476//3943 1305//3943 2474//3943
f 2476//3944 1306//3944 1305//3944
f 2477//3945 1293//3945 1292//3945
f 2477//3946 2475//3946 1293//3946
f 2478//3947 1306//3947 2476//3947
f 2478//3948 1307//3948 1306//3948
f 2479//3949 1292//3949 1291//3949
f 2479//3950 2477//3950 1292//3950
f 2480//3951 1307//3951 2478//3951
f 2480//3952 1308//3952 1307//3952
f 2481//3953 1291//3953 1290//3953
f 2481//3954 2479//3954 1291//3954
f 2482//3955 1308//3955 2480//3955
f 2482//3956 1309//3956 1308//3956
f 2483//3957 1290//3957 1289//3957
f 2483//3958 2481//3958 1290//3958
f 2484//3959 1309//3959 2482//3959
f 2484//3960 1310//3960 1309//3960
f 2485//3961 1289//3961 1288//3961
f 2485//3962 2483//3962 1289//3962
f 2486//3963 1310//3963 2484//3963
f 2486//3964 1311//3964 1310//3964
f 2487//3965 2485//3965 1288//3965
f 2487//3966 1288//3966 1287//3966
f 2488//3967 1256//3967 1312//3967
f 2488//3968 1311//3968 2486//3968
f 2488//3969 1312//3969 1311//3969
f 2489//3970 2487//3970 1287//3970
f 2489//3971 1287//3971 1286//3971
f 2490//3972 1256//3972 2488//3972
f 2491//3973 2489//3973 1286//3973
f 2491//3974 1286//3974 1285//3974
f 2492//3975 1256//3975 2490//3975
f 2493//3976 2491//3976 1285//3976
f 2493//3977 1284//3977 1283//3977
f 2493//3978 1285//3978 1284//3978
f 2494//3979 1256//3979 2492//3979
f 2495//3980 2493//3980 1283//3980
f 2495//3981 1283//3981 1282//3981
f 2496//3982 1256//3982 2494//3982
f 2497//3983 2495//3983 1282//3983
f 2497//3984 1282//3984 1281//3984
f 2498//3985 1256//3985 2496//3985
f 2499//3986 2497//3986 1281//3986
f 2499//3987 1281//3987 1280//3987
f 2500//3988 1256//3988 2498//3988
f 2501//3989 2499//3989 1280//3989
f 2501//3990 1280//3990 1279//3990
f 2502//3991 1256//3991 2500//3991
f 2503//3992 2501//3992 1279//3992
f 2503//3993 1279//3993 1278//3993
f 2503//3994 1278//3994 1253//3994
f 2504//3995 1256//3995 2502//3995
f 2505//3996 2503//3996 1253//3996
f 2506//3997 2505//3997 1253//3997
f 2507//3998 2506//3998 1253//3998
f 1383//3999 2507//3999 1253//3999
f 1383//4000 2508//4000 2507//4000
f 1383//4001 2509//4001 2508//4001
f 1383//4002 2510//4002 2509//4002
f 1383//4003 2511//4003 2510//4003
f 1383//4004 2512//4004 2511//4004
f 1383//4005 2513//4005 2512//4005
f 2514//4006 2513//4006 1383//4006
f 1384//4007 2515//4007 2516//4007
f 1384//4008 2517//4008 2515//4008
f 1384//4009 2518//4009 2517//4009
f 1384//4010 2519//4010 2518//4010
f 1384//4011 2520//4011 2519//4011
f 1384//4012 2521//4012 2520//4012
f 1384//4013 2522//4013 2521//4013
f 1384//4014 2523//4014 2514//4014
f 1384//4015 2524//4015 2522//4015
f 1384//4016 2525//4016 2523//4016
f 1384//4017 2526//4017 2524//4017
f 1384//4018 2527//4018 2525//4018
f 1384//4019 2528//4019 2526//4019
f 1384//4020 2529//4020 2527//4020
f 1384//4021 2530//4021 2528//4021
f 1384//4022 2531//4022 2529//4022
f 1384//4023 2532//4023 2530//4023
f 1384//4024 2533//4024 2531//4024
f 1384//4025 2534//4025 2532//4025
f 1384//4026 2535//4026 2533//4026
f 1384//4027 2536//4027 2534//4027
f 1384//4028 2537//4028 2535//4028
f 1384//4029 2514//4029 1383//4029
f 1384//4030 2538//4030 2537//4030
f 1384//4031 2539//4031 2538//4031
f 1384//4032 2540//4032 2539//4032
f 1384//4033 2541//4033 2540//4033
f 1384//4034 2542//4034 2541//4034
f 1384//4035 2543//4035 2542//4035
f 1384//4036 2544//4036 2543//4036
f 1384//4037 2545//4037 2544//4037
f 1384//4038 2546//4038 2545//4038
f 1384//4039 2516//4039 2546//4039
f 2547//4040 1230//4040 1229//4040
f 1386//4041 1253//4041 1235//4041
f 1386//4042 1383//4042 1253//4042
f 2548//4043 1230//4043 2547//4043
f 2548//4044 1235//4044 1230//4044
f 1385//4045 2536//4045 1384//4045
f 2549//4046 1386//4046 1235//4046
f 2549//4047 1235//4047 2548//4047
f 2549//4048 1385//4048 1386//4048
f 2550//4049 2551//4049 2552//4049
f 2550//4050 2553//4050 2551//4050
f 2550//4051 2552//4051 2554//4051
f 2555//4052 2552//4052 2556//4052
f 2555//4053 2554//4053 2552//4053
f 2557//4054 2553//4054 2550//4054
f 2558//4055 2556//4055 2559//4055
f 2558//4056 2555//4056 2556//4056
f 2560//4057 2561//4057 2553//4057
f 2560//4058 2553//4058 2557//4058
f 2562//4059 2559//4059 2563//4059
f 2562//4060 2558//4060 2559//4060
f 2564//4061 2565//4061 2561//4061
f 2564//4062 2561//4062 2560//4062
f 2566//4063 2563//4063 2567//4063
f 2566//4064 2562//4064 2563//4064
f 2568//4065 2569//4065 2565//4065
f 2568//4066 2570//4066 2569//4066
f 2568//4067 2565//4067 2564//4067
f 2571//4068 2567//4068 2572//4068
f 2571//4069 2566//4069 2567//4069
f 2573//4070 2570//4070 2568//4070
f 2574//4071 2572//4071 2575//4071
f 2574//4072 2571//4072 2572//4072
f 2576//4073 2577//4073 2570//4073
f 2576//4074 2570//4074 2573//4074
f 2578//4075 2575//4075 2579//4075
f 2578//4076 2574//4076 2575//4076
f 2580//4077 2581//4077 2577//4077
f 2580//4078 2577//4078 2576//4078
f 2582//4079 2583//4079 2584//4079
f 2582//4080 2579//4080 2583//4080
f 2582//4081 2578//4081 2579//4081
f 2585//4082 2586//4082 2581//4082
f 2585//4083 2587//4083 2586//4083
f 2585//4084 2581//4084 2580//4084
f 2588//4085 2584//4085 2589//4085
f 2588//4086 2582//4086 2584//4086
f 2590//4087 2587//4087 2585//4087
f 2591//4088 2588//4088 2589//4088
f 2592//4089 2593//4089 2587//4089
f 2592//4090 2587//4090 2590//4090
f 2594//4091 2589//4091 2595//4091
f 2594//4092 2591//4092 2589//4092
f 2596//4093 2504//4093 2593//4093
f 2596//4094 1256//4094 2504//4094
f 2596//4095 2593//4095 2592//4095
f 2597//4096 2595//4096 2598//4096
f 2597//4097 2594//4097 2595//4097
f 2599//4098 1256//4098 2596//4098
f 2600//4099 2597//4099 2598//4099
f 2600//4100 2601//4100 2602//4100
f 2600//4101 2598//4101 2601//4101
f 2603//4102 1256//4102 2599//4102
f 2604//4103 2600//4103 2602//4103
f 2605//4104 1256//4104 2603//4104
f 2606//4105 2604//4105 2602//4105
f 2606//4106 2602//4106 2607//4106
f 2608//4107 1256//4107 2605//4107
f 2609//4108 2607//4108 2610//4108
f 2609//4109 2606//4109 2607//4109
f 2611//4110 1256//4110 2608//4110
f 2612//4111 2609//4111 2610//4111
f 2612//4112 2610//4112 2613//4112
f 2614//4113 2612//4113 2613//4113
f 2614//4114 2613//4114 2615//4114
f 2616//4115 2614//4115 2615//4115
f 2616//4116 2615//4116 2617//4116
f 2618//4117 2616//4117 2617//4117
f 2618//4118 2617//4118 2619//4118
f 2620//4119 2618//4119 2619//4119
f 2620//4120 2619//4120 2621//4120
f 2622//4121 2620//4121 2621//4121
f 2622//4122 2621//4122 2623//4122
f 2624//4123 2622//4123 2623//4123
f 2624//4124 2625//4124 2626//4124
f 2624//4125 2623//4125 2625//4125
f 2627//4126 2624//4126 2626//4126
f 2628//4127 2627//4127 2626//4127
f 2628//4128 2629//4128 2630//4128
f 2628//4129 2626//4129 2629//4129
f 2631//4130 2628//4130 2630//4130
f 2632//4131 2631//4131 2630//4131
f 2632//4132 2630//4132 2633//4132
f 2634//4133 2632//4133 2633//4133
f 2634//4134 2635//4134 2636//4134
f 2634//4135 2633//4135 2635//4135
f 2637//4136 2634//4136 2636//4136
f 2638//4137 2637//4137 2636//4137
f 2638//4138 2639//4138 2640//4138
f 2638//4139 2636//4139 2639//4139
f 2641//4140 2638//4140 2640//4140
f 2641//4141 2640//4141 2642//4141
f 2643//4142 2641//4142 2642//4142
f 2643//4143 2642//4143 2536//4143
f 2644//4144 2643//4144 2536//4144
f 2644//4145 2536//4145 1385//4145
f 2645//4146 2644//4146 1385//4146
f 2646//4147 2645//4147 1385//4147
f 2647//4148 2646//4148 1385//4148
f 2648//4149 2647//4149 1385//4149
f 2649//4150 2648//4150 1385//4150
f 2650//4151 2649//4151 1385//4151
f 2651//4152 2650//4152 1385//4152
f 2652//4153 2651//4153 1385//4153
f 2653//4154 2652//4154 1385//4154
f 2654//4155 2655//4155 2656//4155
f 2654//4156 2657//4156 2655//4156
f 2654//4157 2658//4157 2657//4157
f 2654//4158 2659//4158 2658//4158
f 2654//4159 2660//4159 2659//4159
f 2654//4160 2661//4160 2660//4160
f 2654//4161 2662//4161 2661//4161
f 2654//4162 2663//4162 2662//4162
f 2654//4163 2664//4163 2663//4163
f 2654//4164 2665//4164 2664//4164
f 2654//4165 2666//4165 2665//4165
f 2654//4166 2667//4166 2666//4166
f 2654//4167 2668//4167 2667//4167
f 2654//4168 2669//4168 2668//4168
f 2654//4169 2670//4169 2669//4169
f 2654//4170 2671//4170 2670//4170
f 2654//4171 2672//4171 2671//4171
f 2654//4172 2673//4172 2672//4172
f 2654//4173 2674//4173 2673//4173
f 2654//4174 2675//4174 2674//4174
f 2654//4175 2676//4175 2675//4175
f 2654//4176 2677//4176 2676//4176
f 2654//4177 2678//4177 2677//4177
f 2654//4178 2679//4178 2678//4178
f 2654//4179 2680//4179 2679//4179
f 2654//4180 2681//4180 2680//4180
f 2654//4181 2682//4181 2681//4181
f 2654//4182 2683//4182 2682//4182
f 2654//4183 2684//4183 2683//4183
f 2654//4184 2685//4184 2684//4184
f 2654//4185 2686//4185 2685//4185
f 2654//4186 2687//4186 2686//4186
f 2654//4187 2688//4187 2687//4187
f 2654//4188 2689//4188 2688//4188
f 2654//4189 2690//4189 2689//4189
f 2691//4190 2548//4190 2547//4190
f 2692//4191 2548//4191 2691//4191
f 2693//4192 2694//4192 2695//4192
f 2693//4193 2696//4193 2694//4193
f 2693//4194 2697//4194 2696//4194
f 2693//4195 2698//4195 2697//4195
f 2693//4196 2699//4196 2698//4196
f 2693//4197 2700//4197 2699//4197
f 2693//4198 2701//4198 2700//4198
f 2693//4199 2702//4199 2701//4199
f 2693//4200 2703//4200 2702//4200
f 2693//4201 2704//4201 2703//4201
f 2693//4202 2705//4202 2704//4202
f 2693//4203 2706//4203 2705//4203
f 2693//4204 2707//4204 2706//4204
f 2693//4205 2708//4205 2707//4205
f 2693//4206 2656//4206 2708//4206
f 2693//4207 2709//4207 2710//4207
f 2693//4208 2711//4208 2709//4208
f 2693//4209 2654//4209 2656//4209
f 2693//4210 2712//4210 2711//4210
f 2693//4211 2713//4211 2712//4211
f 2693//4212 2714//4212 2713//4212
f 2693//4213 2715//4213 2714//4213
f 2693//4214 2716//4214 2715//4214
f 2693//4215 2695//4215 2716//4215
f 1227//4216 2717//4216 2692//4216
f 1227//4217 2691//4217 1231//4217
f 1227//4218 2692//4218 2691//4218
f 2718//4219 2549//4219 2719//4219
f 2720//4220 2719//4220 2549//4220
f 2721//4221 2549//4221 2718//4221
f 2722//4222 2720//4222 2549//4222
f 2723//4223 2549//4223 2721//4223
f 2724//4224 2722//4224 2549//4224
f 2725//4225 2549//4225 2723//4225
f 2726//4226 2724//4226 2549//4226
f 2727//4227 2549//4227 2725//4227
f 2728//4228 2726//4228 2549//4228
f 2729//4229 2549//4229 2727//4229
f 2730//4230 2728//4230 2549//4230
f 2730//4231 2549//4231 2717//4231
f 2731//4232 2549//4232 2729//4232
f 2732//4233 2730//4233 2717//4233
f 2733//4234 2549//4234 2731//4234
f 2734//4235 2732//4235 2717//4235
f 2735//4236 2549//4236 2733//4236
f 2736//4237 2734//4237 2717//4237
f 2737//4238 2549//4238 2735//4238
f 2738//4239 2736//4239 2717//4239
f 2739//4240 2549//4240 2737//4240
f 2740//4241 2738//4241 2717//4241
f 2741//4242 2549//4242 2739//4242
f 2742//4243 2740//4243 2717//4243
f 2743//4244 2549//4244 2741//4244
f 2744//4245 2742//4245 2717//4245
f 2745//4246 2549//4246 2743//4246
f 2746//4247 2744//4247 2717//4247
f 2747//4248 2549//4248 2745//4248
f 2748//4249 2549//4249 2747//4249
f 2749//4250 2549//4250 2748//4250
f 2750//4251 2549//4251 2749//4251
f 2751//4252 1385//4252 2549//4252
f 2751//4253 2549//4253 2750//4253
f 2752//4254 1385//4254 2751//4254
f 2753//4255 1385//4255 2752//4255
f 2754//4256 1385//4256 2753//4256
f 2755//4257 1385//4257 2754//4257
f 2756//4258 1385//4258 2755//4258
f 2757//4259 1385//4259 2756//4259
f 2758//4260 1385//4260 2757//4260
f 2759//4261 1385//4261 2758//4261
f 1526//4262 2717//4262 1527//4262
f 1528//4263 1527//4263 2717//4263
f 1525//4264 2717//4264 1526//4264
f 1529//4265 1528//4265 2717//4265
f 1524//4266 2717//4266 1525//4266
f 1530//4267 1529//4267 2717//4267
f 1523//4268 2717//4268 1524//4268
f 1531//4269 1530//4269 2717//4269
f 1522//4270 2717//4270 1523//4270
f 1522//4271 2760//4271 2746//4271
f 1522//4272 2746//4272 2717//4272
f 1532//4273 1531//4273 2717//4273
f 1521//4274 2761//4274 2760//4274
f 1521//4275 2760//4275 1522//4275
f 1533//4276 1532//4276 2717//4276
f 1520//4277 2761//4277 1521//4277
f 1534//4278 1533//4278 2717//4278
f 1519//4279 2762//4279 2761//4279
f 1519//4280 2761//4280 1520//4280
f 1535//4281 1534//4281 2717//4281
f 1518//4282 2763//4282 2762//4282
f 1518//4283 2762//4283 1519//4283
f 1536//4284 1535//4284 2717//4284
f 1517//4285 2764//4285 2763//4285
f 1517//4286 2763//4286 1518//4286
f 1537//4287 1536//4287 2717//4287
f 1516//4288 2764//4288 1517//4288
f 1516//4289 2765//4289 2764//4289
f 1538//4290 1537//4290 2717//4290
f 1515//4291 2766//4291 2765//4291
f 1515//4292 2765//4292 1516//4292
f 1539//4293 1538//4293 2717//4293
f 1514//4294 2766//4294 1515//4294
f 1514//4295 2767//4295 2766//4295
f 1540//4296 1539//4296 2717//4296
f 1513//4297 2768//4297 2767//4297
f 1513//4298 2767//4298 1514//4298
f 1541//4299 1540//4299 2717//4299
f 1512//4300 2769//4300 2768//4300
f 1512//4301 2768//4301 1513//4301
f 1542//4302 1541//4302 2717//4302
f 1511//4303 2770//4303 2769//4303
f 1511//4304 2769//4304 1512//4304
f 1543//4305 1542//4305 2717//4305
f 1510//4306 2770//4306 1511//4306
f 1544//4307 1543//4307 2717//4307
f 1509//4308 2771//4308 2770//4308
f 1509//4309 2770//4309 1510//4309
f 1545//4310 1544//4310 2717//4310
f 1508//4311 2772//4311 2771//4311
f 1508//4312 2771//4312 1509//4312
f 1546//4313 1545//4313 2717//4313
f 1507//4314 2772//4314 1508//4314
f 1507//4315 2773//4315 2772//4315
f 1547//4316 1546//4316 2717//4316
f 1506//4317 2774//4317 2773//4317
f 1506//4318 2773//4318 1507//4318
f 1548//4319 1547//4319 2717//4319
f 1505//4320 2774//4320 1506//4320
f 1505//4321 2775//4321 2774//4321
f 1549//4322 1548//4322 2717//4322
f 1504//4323 2775//4323 1505//4323
f 1504//4324 2776//4324 2775//4324
f 1550//4325 1549//4325 2717//4325
f 1503//4326 2776//4326 1504//4326
f 1551//4327 1550//4327 2717//4327
f 1502//4328 2776//4328 1503//4328
f 1502//4329 2777//4329 2776//4329
f 1552//4330 1551//4330 2717//4330
f 1501//4331 2777//4331 1502//4331
f 1501//4332 2778//4332 2777//4332
f 1553//4333 1552//4333 2717//4333
f 1500//4334 2778//4334 1501//4334
f 1500//4335 2779//4335 2778//4335
f 1554//4336 1553//4336 2717//4336
f 1499//4337 2780//4337 2779//4337
f 1499//4338 2779//4338 1500//4338
f 1555//4339 1554//4339 2717//4339
f 1498//4340 2781//4340 2780//4340
f 1498//4341 2780//4341 1499//4341
f 1556//4342 1555//4342 2717//4342
f 1497//4343 2781//4343 1498//4343
f 1497//4344 2782//4344 2781//4344
f 1557//4345 1556//4345 2717//4345
f 1496//4346 2782//4346 1497//4346
f 1496//4347 2783//4347 2782//4347
f 1558//4348 1557//4348 2717//4348
f 1495//4349 2783//4349 1496//4349
f 1559//4350 1558//4350 2717//4350
f 1494//4351 2784//4351 2783//4351
f 1494//4352 2783//4352 1495//4352
f 1560//4353 1559//4353 2717//4353
f 1493//4354 2785//4354 2784//4354
f 1493//4355 2784//4355 1494//4355
f 1561//4356 1560//4356 2717//4356
f 1561//4357 2717//4357 1227//4357
f 1492//4358 2786//4358 2785//4358
f 1492//4359 2785//4359 1493//4359
f 1562//4360 1561//4360 1227//4360
f 1491//4361 2786//4361 1492//4361
f 1491//4362 2787//4362 2786//4362
f 1563//4363 1562//4363 1227//4363
f 1490//4364 2787//4364 1491//4364
f 1490//4365 2788//4365 2787//4365
f 1564//4366 1563//4366 1227//4366
f 1489//4367 2789//4367 2788//4367
f 1489//4368 2788//4368 1490//4368
f 1565//4369 1564//4369 1227//4369
f 1488//4370 2789//4370 1489//4370
f 1566//4371 1565//4371 1227//4371
f 1487//4372 2789//4372 1488//4372
f 1487//4373 2790//4373 2789//4373
f 1567//4374 1566//4374 1227//4374
f 1486//4375 2791//4375 2790//4375
f 1486//4376 2790//4376 1487//4376
f 2792//4377 1467//4377 1466//4377
f 2792//4378 1468//4378 1467//4378
f 2792//4379 1469//4379 1468//4379
f 2792//4380 1470//4380 1469//4380
f 2792//4381 1471//4381 1470//4381
f 2792//4382 1472//4382 1471//4382
f 2792//4383 1473//4383 1472//4383
f 2792//4384 2793//4384 2794//4384
f 2792//4385 1474//4385 1473//4385
f 2792//4386 2795//4386 2793//4386
f 2792//4387 1475//4387 1474//4387
f 2792//4388 2796//4388 2795//4388
f 2792//4389 1476//4389 1475//4389
f 2792//4390 2797//4390 2796//4390
f 2792//4391 1477//4391 1476//4391
f 2792//4392 2798//4392 2797//4392
f 2792//4393 1478//4393 1477//4393
f 2792//4394 2799//4394 2798//4394
f 2792//4395 1479//4395 1478//4395
f 2792//4396 1480//4396 1479//4396
f 2792//4397 2800//4397 2799//4397
f 2792//4398 1481//4398 1480//4398
f 2792//4399 2801//4399 2800//4399
f 2792//4400 1482//4400 1481//4400
f 2792//4401 2802//4401 2801//4401
f 2792//4402 1483//4402 1482//4402
f 2792//4403 2803//4403 2802//4403
f 2792//4404 1484//4404 1483//4404
f 2792//4405 2804//4405 2803//4405
f 2792//4406 1485//4406 1484//4406
f 2792//4407 2805//4407 2804//4407
f 2792//4408 1486//4408 1485//4408
f 2792//4409 2806//4409 2805//4409
f 2792//4410 2807//4410 2806//4410
f 2792//4411 2808//4411 2807//4411
f 2792//4412 2809//4412 2808//4412
f 2792//4413 2810//4413 2809//4413
f 2792//4414 2811//4414 2810//4414
f 2792//4415 2812//4415 2811//4415
f 2792//4416 2813//4416 2812//4416
f 2792//4417 2814//4417 2813//4417
f 2792//4418 2791//4418 1486//4418
f 2792//4419 2815//4419 2814//4419
f 2792//4420 2816//4420 2815//4420
f 2792//4421 2794//4421 2791//4421
f 2817//4422 2653//4422 1385//4422
f 2817//4423 2818//4423 2653//4423
f 2817//4424 2819//4424 2818//4424
f 2817//4425 2710//4425 2819//4425
f 2817//4426 2693//4426 2710//4426
f 2817//4427 1905//4427 2693//4427
f 2820//4428 1452//4428 1451//4428
f 2820//4429 1453//4429 1452//4429
f 2820//4430 1454//4430 1453//4430
f 2820//4431 1455//4431 1454//4431
f 2820//4432 1456//4432 1455//4432
f 2820//4433 1457//4433 1456//4433
f 2820//4434 1458//4434 1457//4434
f 2820//4435 1459//4435 1458//4435
f 2820//4436 1460//4436 1459//4436
f 2820//4437 1461//4437 1460//4437
f 2820//4438 1462//4438 1461//4438
f 2820//4439 1463//4439 1462//4439
f 2820//4440 1464//4440 1463//4440
f 2820//4441 1465//4441 1464//4441
f 2820//4442 1466//4442 1465//4442
f 2820//4443 2792//4443 1466//4443
f 1908//4444 1905//4444 2817//4444
f 2821//4445 1450//4445 1449//4445
f 2821//4446 1451//4446 1450//4446
f 2821//4447 2820//4447 1451//4447
f 2822//4448 2823//4448 2824//4448
f 2825//4449 2823//4449 2822//4449
f 2826//4450 2822//4450 2824//4450
f 2826//4451 2827//4451 2828//4451
f 2826//4452 2824//4452 2827//4452
f 2829//4453 2823//4453 2825//4453
f 2829//4454 2830//4454 2823//4454
f 2831//4455 2826//4455 2828//4455
f 2831//4456 2828//4456 2832//4456
f 2833//4457 2830//4457 2829//4457
f 2833//4458 2834//4458 2830//4458
f 2835//4459 2831//4459 2832//4459
f 2835//4460 2832//4460 2836//4460
f 2837//4461 2834//4461 2833//4461
f 2837//4462 2838//4462 2834//4462
f 2837//4463 2759//4463 2838//4463
f 2839//4464 2835//4464 2836//4464
f 2840//4465 1385//4465 2759//4465
f 2840//4466 2759//4466 2837//4466
f 2841//4467 2839//4467 2836//4467
f 2841//4468 2836//4468 2842//4468
f 2843//4469 1385//4469 2840//4469
f 2844//4470 2841//4470 2842//4470
f 2844//4471 2842//4471 2845//4471
f 2846//4472 1385//4472 2843//4472
f 2847//4473 2844//4473 2845//4473
f 2847//4474 2848//4474 2849//4474
f 2847//4475 2845//4475 2848//4475
f 2850//4476 1385//4476 2846//4476
f 2850//4477 2817//4477 1385//4477
f 2851//4478 2847//4478 2849//4478
f 2852//4479 2817//4479 2850//4479
f 2853//4480 2851//4480 2849//4480
f 2853//4481 2849//4481 2854//4481
f 2855//4482 2817//4482 2852//4482
f 2856//4483 2853//4483 2854//4483
f 2856//4484 2857//4484 2858//4484
f 2856//4485 2854//4485 2857//4485
f 2859//4486 2817//4486 2855//4486
f 2860//4487 2856//4487 2858//4487
f 2861//4488 2860//4488 2858//4488
f 2861//4489 2858//4489 2862//4489
f 2863//4490 2861//4490 2862//4490
f 2863//4491 2862//4491 2864//4491
f 2865//4492 2863//4492 2864//4492
f 2865//4493 2864//4493 2866//4493
f 1224//4494 1449//4494 1448//4494
f 1224//4495 2821//4495 1449//4495
f 1224//4496 1568//4496 1567//4496
f 1224//4497 1569//4497 1568//4497
f 1224//4498 1570//4498 1569//4498
f 1224//4499 1571//4499 1570//4499
f 1224//4500 1572//4500 1571//4500
f 1224//4501 1573//4501 1572//4501
f 1224//4502 1448//4502 1573//4502
f 1224//4503 1567//4503 1227//4503
f 1728//4504 2817//4504 1729//4504
f 1730//4505 2817//4505 2859//4505
f 1730//4506 2859//4506 2867//4506
f 1730//4507 1729//4507 2817//4507
f 1727//4508 2817//4508 1728//4508
f 1731//4509 1730//4509 2867//4509
f 1731//4510 2867//4510 2868//4510
f 1726//4511 2817//4511 1727//4511
f 1732//4512 1731//4512 2868//4512
f 1732//4513 2868//4513 2869//4513
f 1725//4514 2817//4514 1726//4514
f 1733//4515 1732//4515 2869//4515
f 1724//4516 2817//4516 1725//4516
f 1734//4517 2869//4517 2870//4517
f 1734//4518 1733//4518 2869//4518
f 1723//4519 2871//4519 2817//4519
f 1723//4520 2817//4520 1724//4520
f 1735//4521 2870//4521 2872//4521
f 1735//4522 1734//4522 2870//4522
f 1722//4523 2871//4523 1723//4523
f 1736//4524 2872//4524 2873//4524
f 1736//4525 1735//4525 2872//4525
f 1721//4526 2871//4526 1722//4526
f 1737//4527 2873//4527 2874//4527
f 1737//4528 1736//4528 2873//4528
f 1720//4529 2871//4529 1721//4529
f 1738//4530 2874//4530 2875//4530
f 1738//4531 1737//4531 2874//4531
f 1719//4532 2871//4532 1720//4532
f 1739//4533 2875//4533 2876//4533
f 1739//4534 1738//4534 2875//4534
f 1718//4535 2871//4535 1719//4535
f 1221//4536 2877//4536 2878//4536
f 1221//4537 2879//4537 2877//4537
f 1221//4538 2880//4538 2879//4538
f 1221//4539 2881//4539 2880//4539
f 1221//4540 2882//4540 2881//4540
f 1221//4541 2883//4541 2882//4541
f 1221//4542 2884//4542 2883//4542
f 1221//4543 2885//4543 2884//4543
f 1221//4544 2886//4544 2885//4544
f 1221//4545 2887//4545 2886//4545
f 1221//4546 2888//4546 2887//4546
f 1221//4547 2889//4547 2888//4547
f 1221//4548 2890//4548 2889//4548
f 1221//4549 2891//4549 2890//4549
f 1221//4550 2865//4550 2866//4550
f 1221//4551 2892//4551 2893//4551
f 1221//4552 2894//4552 2892//4552
f 1221//4553 2895//4553 2894//4553
f 1221//4554 2896//4554 2895//4554
f 1221//4555 2897//4555 2896//4555
f 1221//4556 2866//4556 2897//4556
f 1221//4557 2898//4557 2865//4557
f 1221//4558 2899//4558 2898//4558
f 1221//4559 2900//4559 2899//4559
f 1221//4560 2901//4560 2900//4560
f 1221//4561 2902//4561 2901//4561
f 1221//4562 2903//4562 2902//4562
f 1221//4563 2878//4563 2903//4563
f 1740//4564 1739//4564 2876//4564
f 1740//4565 2876//4565 2904//4565
f 1717//4566 2871//4566 1718//4566
f 1741//4567 2904//4567 2905//4567
f 1741//4568 1740//4568 2904//4568
f 1716//4569 2871//4569 1717//4569
f 2906//4570 2891//4570 1221//4570
f 1742//4571 1741//4571 2905//4571
f 1742//4572 2905//4572 2907//4572
f 1715//4573 2871//4573 1716//4573
f 1743//4574 1742//4574 2907//4574
f 1743//4575 2907//4575 2908//4575
f 1714//4576 2871//4576 1715//4576
f 2909//4577 2906//4577 1221//4577
f 1744//4578 1743//4578 2908//4578
f 1744//4579 2908//4579 2910//4579
f 1713//4580 2871//4580 1714//4580
f 1745//4581 1744//4581 2910//4581
f 1712//4582 2871//4582 1713//4582
f 2911//4583 2909//4583 1221//4583
f 1746//4584 1745//4584 2910//4584
f 1746//4585 2910//4585 2912//4585
f 1711//4586 2871//4586 1712//4586
f 1747//4587 1746//4587 2912//4587
f 1747//4588 2912//4588 2913//4588
f 2914//4589 2911//4589 1221//4589
f 1710//4590 2871//4590 1711//4590
f 1748//4591 1747//4591 2913//4591
f 1748//4592 2913//4592 2915//4592
f 1709//4593 2871//4593 1710//4593
f 2916//4594 2914//4594 1221//4594
f 1749//4595 2915//4595 2917//4595
f 1749//4596 1748//4596 2915//4596
f 1708//4597 2871//4597 1709//4597
f 1750//4598 1749//4598 2917//4598
f 1750//4599 2917//4599 2918//4599
f 2919//4600 2916//4600 1221//4600
f 1707//4601 2871//4601 1708//4601
f 1751//4602 1750//4602 2918//4602
f 1751//4603 2918//4603 2920//4603
f 1706//4604 2871//4604 1707//4604
f 2921//4605 2919//4605 1221//4605
f 1752//4606 1751//4606 2920//4606
f 1752//4607 2920//4607 2922//4607
f 1705//4608 2871//4608 1706//4608
f 2923//4609 2816//4609 2792//4609
f 2923//4610 2924//4610 2816//4610
f 2923//4611 2925//4611 2924//4611
f 2923//4612 2926//4612 2925//4612
f 2923//4613 2893//4613 2926//4613
f 2923//4614 1221//4614 2893//4614
f 2927//4615 2921//4615 1221//4615
f 1753//4616 1752//4616 2922//4616
f 1753//4617 2922//4617 2928//4617
f 1704//4618 2871//4618 1705//4618
f 1754//4619 1753//4619 2928//4619
f 2929//4620 2927//4620 1221//4620
f 1703//4621 2871//4621 1704//4621
f 1755//4622 1754//4622 2928//4622
f 1755//4623 2928//4623 2930//4623
f 2931//4624 2929//4624 1221//4624
f 1702//4625 2871//4625 1703//4625
f 1756//4626 1755//4626 2930//4626
f 1756//4627 2930//4627 2932//4627
f 2933//4628 2931//4628 1221//4628
f 1701//4629 2871//4629 1702//4629
f 1757//4630 1756//4630 2932//4630
f 1757//4631 2932//4631 2934//4631
f 2935//4632 2933//4632 1221//4632
f 1700//4633 2871//4633 1701//4633
f 1758//4634 1757//4634 2934//4634
f 1758//4635 2934//4635 2936//4635
f 2937//4636 2935//4636 1221//4636
f 1699//4637 2871//4637 1700//4637
f 1759//4638 1758//4638 2936//4638
f 1759//4639 2936//4639 2938//4639
f 2939//4640 2937//4640 1221//4640
f 1698//4641 2871//4641 1699//4641
f 1760//4642 2938//4642 2940//4642
f 1760//4643 1759//4643 2938//4643
f 2941//4644 2939//4644 1221//4644
f 1697//4645 2871//4645 1698//4645
f 2942//4646 2941//4646 1221//4646
f 1761//4647 2940//4647 2943//4647
f 1761//4648 1760//4648 2940//4648
f 1696//4649 2871//4649 1697//4649
f 1762//4650 1761//4650 2943//4650
f 1762//4651 2943//4651 2944//4651
f 1695//4652 2871//4652 1696//4652
f 1763//4653 1762//4653 2944//4653
f 1694//4654 2871//4654 1695//4654
f 1907//4655 1909//4655 1906//4655
f 1764//4656 2944//4656 2945//4656
f 1764//4657 1763//4657 2944//4657
f 1693//4658 2871//4658 1694//4658
f 1765//4659 2945//4659 2946//4659
f 1765//4660 1764//4660 2945//4660
f 1692//4661 2871//4661 1693//4661
f 1766//4662 2946//4662 2947//4662
f 1766//4663 1765//4663 2946//4663
f 1691//4664 2871//4664 1692//4664
f 1767//4665 1766//4665 2947//4665
f 1767//4666 2947//4666 2948//4666
f 1690//4667 2871//4667 1691//4667
f 1768//4668 2948//4668 2949//4668
f 1768//4669 1767//4669 2948//4669
f 1689//4670 2871//4670 1690//4670
f 1769//4671 2949//4671 2950//4671
f 1769//4672 1768//4672 2949//4672
f 1688//4673 2871//4673 1689//4673
f 1770//4674 2950//4674 2951//4674
f 1770//4675 1769//4675 2950//4675
f 1687//4676 2871//4676 1688//4676
f 1771//4677 2951//4677 2952//4677
f 1771//4678 1770//4678 2951//4678
f 1686//4679 2871//4679 1687//4679
f 1772//4680 1771//4680 2952//4680
f 1685//4681 2871//4681 1686//4681
f 1773//4682 1772//4682 2952//4682
f 1773//4683 2952//4683 2953//4683
f 1684//4684 2871//4684 1685//4684
f 1683//4685 2871//4685 1684//4685
f 1682//4686 2871//4686 1683//4686
f 2954//4687 1221//4687 2923//4687
f 2955//4688 2820//4688 2821//4688
f 2955//4689 2954//4689 2820//4689
f 1912//4690 1909//4690 1907//4690
f 1222//4691 2954//4691 2955//4691
f 1222//4692 2955//4692 1223//4692
f 1228//4693 1650//4693 1775//4693
f 1228//4694 1773//4694 2953//4694
f 1228//4695 2956//4695 2957//4695
f 1228//4696 2958//4696 2956//4696
f 1228//4697 2959//4697 2958//4697
f 1228//4698 2960//4698 2959//4698
f 1228//4699 2961//4699 2960//4699
f 1228//4700 2962//4700 2961//4700
f 1228//4701 2963//4701 2962//4701
f 1228//4702 2964//4702 2963//4702
f 1228//4703 2965//4703 2964//4703
f 1228//4704 2966//4704 2965//4704
f 1228//4705 2967//4705 2966//4705
f 1228//4706 2968//4706 2967//4706
f 1228//4707 2969//4707 2968//4707
f 1228//4708 2970//4708 2969//4708
f 1228//4709 2971//4709 2970//4709
f 1228//4710 2972//4710 2971//4710
f 1228//4711 2973//4711 2972//4711
f 1228//4712 2974//4712 2973//4712
f 1228//4713 2975//4713 2974//4713
f 1228//4714 2976//4714 2975//4714
f 1228//4715 2977//4715 2976//4715
f 1228//4716 2978//4716 2977//4716
f 1228//4717 2979//4717 2978//4717
f 1228//4718 2953//4718 2979//4718
f 1228//4719 1651//4719 1650//4719
f 1228//4720 1652//4720 1651//4720
f 1228//4721 1653//4721 1652//4721
f 1228//4722 1654//4722 1653//4722
f 1228//4723 1655//4723 1654//4723
f 1228//4724 1656//4724 1655//4724
f 1228//4725 1657//4725 1656//4725
f 1228//4726 1658//4726 1657//4726
f 1228//4727 1659//4727 1658//4727
f 1228//4728 1660//4728 1659//4728
f 1228//4729 1661//4729 1660//4729
f 1228//4730 1662//4730 1661//4730
f 1228//4731 1663//4731 1662//4731
f 1228//4732 1664//4732 1663//4732
f 1228//4733 1665//4733 1664//4733
f 1228//4734 1666//4734 1665//4734
f 1228//4735 1667//4735 1666//4735
f 1228//4736 1668//4736 1667//4736
f 1228//4737 1669//4737 1668//4737
f 1228//4738 1670//4738 1669//4738
f 1228//4739 1671//4739 1670//4739
f 1228//4740 1774//4740 1773//4740
f 1228//4741 1775//4741 1774//4741
f 1991//4742 2654//4742 1992//4742
f 1993//4743 1992//4743 2654//4743
f 1990//4744 2654//4744 1991//4744
f 1994//4745 1993//4745 2654//4745
f 1989//4746 2654//4746 1990//4746
f 1995//4747 1994//4747 2654//4747
f 1988//4748 2654//4748 1989//4748
f 1996//4749 1995//4749 2654//4749
f 1987//4750 2654//4750 1988//4750
f 1997//4751 1996//4751 2654//4751
f 1998//4752 1997//4752 2654//4752
f 1999//4753 1998//4753 2654//4753
f 1254//4754 1977//4754 1976//4754
f 1254//4755 1978//4755 1977//4755
f 1254//4756 1979//4756 1978//4756
f 1254//4757 1980//4757 1979//4757
f 1254//4758 1981//4758 1980//4758
f 1254//4759 1982//4759 1981//4759
f 1254//4760 1983//4760 1982//4760
f 1254//4761 1984//4761 1983//4761
f 1254//4762 1985//4762 1984//4762
f 1254//4763 1986//4763 1985//4763
f 1254//4764 1987//4764 1986//4764
f 1254//4765 2980//4765 2690//4765
f 1254//4766 2981//4766 2980//4766
f 1254//4767 2982//4767 2981//4767
f 1254//4768 2983//4768 2982//4768
f 1254//4769 2654//4769 1987//4769
f 1254//4770 1956//4770 1955//4770
f 1254//4771 1957//4771 1956//4771
f 1254//4772 1958//4772 1957//4772
f 1254//4773 1959//4773 1958//4773
f 1254//4774 1960//4774 1959//4774
f 1254//4775 1961//4775 1960//4775
f 1254//4776 1962//4776 1961//4776
f 1254//4777 1963//4777 1962//4777
f 1254//4778 1964//4778 1963//4778
f 1254//4779 2690//4779 2654//4779
f 1254//4780 1965//4780 1964//4780
f 1254//4781 1966//4781 1965//4781
f 1254//4782 1967//4782 1966//4782
f 1254//4783 1968//4783 1967//4783
f 1254//4784 1969//4784 1968//4784
f 1254//4785 1970//4785 1969//4785
f 1254//4786 1971//4786 1970//4786
f 1254//4787 1972//4787 1971//4787
f 1254//4788 1973//4788 1972//4788
f 1254//4789 1974//4789 1973//4789
f 1254//4790 1975//4790 1974//4790
f 1254//4791 1976//4791 1975//4791
f 1954//4792 1254//4792 1955//4792
f 1953//4793 1254//4793 1954//4793
f 1952//4794 1254//4794 1953//4794
f 1951//4795 1254//4795 1952//4795
f 1950//4796 1254//4796 1951//4796
f 1949//4797 1254//4797 1950//4797
f 1911//4798 2039//4798 1910//4798
f 2042//4799 2039//4799 1911//4799
f 2984//4800 2985//4800 1228//4800
f 2986//4801 1254//4801 1949//4801
f 2986//4802 1915//4802 1914//4802
f 2986//4803 1916//4803 1915//4803
f 2986//4804 1917//4804 1916//4804
f 2986//4805 1918//4805 1917//4805
f 2986//4806 1919//4806 1918//4806
f 2986//4807 1920//4807 1919//4807
f 2986//4808 1921//4808 1920//4808
f 2986//4809 1922//4809 1921//4809
f 2986//4810 1923//4810 1922//4810
f 2986//4811 1924//4811 1923//4811
f 2986//4812 1925//4812 1924//4812
f 2986//4813 1926//4813 1925//4813
f 2986//4814 1927//4814 1926//4814
f 2986//4815 1928//4815 1927//4815
f 2986//4816 1929//4816 1928//4816
f 2986//4817 1930//4817 1929//4817
f 2986//4818 1931//4818 1930//4818
f 2986//4819 1932//4819 1931//4819
f 2986//4820 1933//4820 1932//4820
f 2986//4821 1934//4821 1933//4821
f 2986//4822 1935//4822 1934//4822
f 2986//4823 1936//4823 1935//4823
f 2986//4824 1937//4824 1936//4824
f 2986//4825 1938//4825 1937//4825
f 2986//4826 1939//4826 1938//4826
f 2986//4827 1940//4827 1939//4827
f 2986//4828 1941//4828 1940//4828
f 2986//4829 1942//4829 1941//4829
f 2986//4830 1943//4830 1942//4830
f 2986//4831 1944//4831 1943//4831
f 2986//4832 1945//4832 1944//4832
f 2986//4833 1946//4833 1945//4833
f 2986//4834 1947//4834 1946//4834
f 2986//4835 1948//4835 1947//4835
f 2986//4836 1949//4836 1948//4836
f 1234//4837 2987//4837 2984//4837
f 1250//4838 2987//4838 1234//4838
f 2988//4839 1254//4839 2986//4839
f 2989//4840 1675//4840 1674//4840
f 2989//4841 1676//4841 1675//4841
f 2989//4842 1677//4842 1676//4842
f 2989//4843 1228//4843 2985//4843
f 2989//4844 1678//4844 1677//4844
f 2989//4845 1679//4845 1678//4845
f 2989//4846 1680//4846 1679//4846
f 2989//4847 1681//4847 1680//4847
f 2989//4848 1682//4848 1681//4848
f 2989//4849 1671//4849 1228//4849
f 2989//4850 2871//4850 1682//4850
f 2989//4851 1672//4851 1671//4851
f 2989//4852 1673//4852 1672//4852
f 2989//4853 1674//4853 1673//4853
f 2990//4854 2871//4854 2989//4854
f 2991//4855 2990//4855 2989//4855
f 2992//4856 2984//4856 2987//4856
f 2992//4857 2991//4857 2984//4857
f 2993//4858 2990//4858 2991//4858
f 2993//4859 2991//4859 2992//4859
f 2994//4860 2992//4860 1249//4860
f 2994//4861 2993//4861 2992//4861
f 1248//4862 2994//4862 1249//4862
f 2995//4863 2993//4863 2994//4863
f 2995//4864 2996//4864 2993//4864
f 2997//4865 2998//4865 2999//4865
f 2997//4866 2999//4866 2996//4866
f 3000//4867 2040//4867 2041//4867
f 3000//4868 2988//4868 2040//4868
f 3001//4869 2995//4869 1246//4869
f 3001//4870 2996//4870 2995//4870
f 3001//4871 2997//4871 2996//4871
f 1242//4872 3001//4872 1246//4872
f 3002//4873 2194//4873 2193//4873
f 3002//4874 2195//4874 2194//4874
f 3002//4875 2196//4875 2195//4875
f 3002//4876 2197//4876 2196//4876
f 3002//4877 2198//4877 2197//4877
f 3002//4878 2199//4878 2198//4878
f 3002//4879 2200//4879 2199//4879
f 3002//4880 2201//4880 2200//4880
f 3002//4881 2202//4881 2201//4881
f 3002//4882 2203//4882 2202//4882
f 3002//4883 2204//4883 2203//4883
f 3002//4884 2205//4884 2204//4884
f 3002//4885 2206//4885 2205//4885
f 3002//4886 2207//4886 2206//4886
f 3002//4887 2208//4887 2207//4887
f 3002//4888 2209//4888 2208//4888
f 3002//4889 2210//4889 2209//4889
f 3002//4890 2211//4890 2210//4890
f 3002//4891 2212//4891 2211//4891
f 3002//4892 2213//4892 2212//4892
f 3002//4893 2214//4893 2213//4893
f 3002//4894 2215//4894 2214//4894
f 2192//4895 3002//4895 2193//4895
f 2191//4896 3002//4896 2192//4896
f 2190//4897 3002//4897 2191//4897
f 2189//4898 3002//4898 2190//4898
f 2188//4899 3002//4899 2189//4899
f 2187//4900 3002//4900 2188//4900
f 2186//4901 3002//4901 2187//4901
f 2185//4902 3002//4902 2186//4902
f 2184//4903 3002//4903 2185//4903
f 2183//4904 3002//4904 2184//4904
f 2182//4905 3002//4905 2183//4905
f 3003//4906 2249//4906 2248//4906
f 3003//4907 2250//4907 2249//4907
f 3003//4908 2251//4908 2250//4908
f 3003//4909 2252//4909 2251//4909
f 3003//4910 2253//4910 2252//4910
f 3003//4911 2254//4911 2253//4911
f 3003//4912 2255//4912 2254//4912
f 2181//4913 3002//4913 2182//4913
f 2180//4914 3002//4914 2181//4914
f 2179//4915 3002//4915 2180//4915
f 2178//4916 3002//4916 2179//4916
f 2177//4917 3002//4917 2178//4917
f 3004//4918 2256//4918 2255//4918
f 3004//4919 2257//4919 2256//4919
f 3004//4920 2258//4920 2257//4920
f 3004//4921 2259//4921 2258//4921
f 3004//4922 2260//4922 2259//4922
f 3004//4923 2261//4923 2260//4923
f 3004//4924 2255//4924 3003//4924
f 3004//4925 2262//4925 2261//4925
f 3004//4926 2263//4926 2262//4926
f 3004//4927 2264//4927 2263//4927
f 3004//4928 2265//4928 2264//4928
f 3004//4929 2266//4929 2265//4929
f 3004//4930 2267//4930 2266//4930
f 3004//4931 2268//4931 2267//4931
f 3004//4932 2269//4932 2268//4932
f 3004//4933 2270//4933 2269//4933
f 3004//4934 2271//4934 2270//4934
f 3004//4935 2272//4935 2271//4935
f 3005//4936 3004//4936 3003//4936
f 3006//4937 3005//4937 2997//4937
f 3006//4938 2997//4938 3001//4938
f 3007//4939 3004//4939 3005//4939
f 3007//4940 3005//4940 3006//4940
f 3008//4941 3007//4941 3006//4941
f 1238//4942 3008//4942 3006//4942
f 1238//4943 3006//4943 1241//4943
f 3009//4944 2177//4944 2176//4944
f 3009//4945 2278//4945 2277//4945
f 3009//4946 2279//4946 2278//4946
f 3009//4947 2154//4947 2279//4947
f 3009//4948 2272//4948 3004//4948
f 3009//4949 2155//4949 2154//4949
f 3009//4950 3002//4950 2177//4950
f 3009//4951 2156//4951 2155//4951
f 3009//4952 2157//4952 2156//4952
f 3009//4953 2158//4953 2157//4953
f 3009//4954 2159//4954 2158//4954
f 3009//4955 2160//4955 2159//4955
f 3009//4956 2161//4956 2160//4956
f 3009//4957 2162//4957 2161//4957
f 3009//4958 2163//4958 2162//4958
f 3009//4959 2164//4959 2163//4959
f 3009//4960 2165//4960 2164//4960
f 3009//4961 2166//4961 2165//4961
f 3009//4962 2167//4962 2166//4962
f 3009//4963 2168//4963 2167//4963
f 3009//4964 2169//4964 2168//4964
f 3009//4965 2170//4965 2169//4965
f 3009//4966 2171//4966 2170//4966
f 3009//4967 2273//4967 2272//4967
f 3009//4968 2172//4968 2171//4968
f 3009//4969 2274//4969 2273//4969
f 3009//4970 2173//4970 2172//4970
f 3009//4971 2174//4971 2173//4971
f 3009//4972 2275//4972 2274//4972
f 3009//4973 2175//4973 2174//4973
f 3009//4974 2276//4974 2275//4974
f 3009//4975 2176//4975 2175//4975
f 3009//4976 2277//4976 2276//4976
f 3010//4977 3011//4977 3007//4977
f 3010//4978 3007//4978 3008//4978
f 1237//4979 3009//4979 3011//4979
f 1237//4980 3010//4980 1236//4980
f 1237//4981 3011//4981 3010//4981
f 1237//4982 3002//4982 3009//4982
f 1222//4983 1221//4983 2954//4983
f 1221//4984 1228//4984 2942//4984
f 2942//4985 1228//4985 2957//4985
f 1228//4986 1234//4986 2984//4986
f 1237//4987 1254//4987 3000//4987
f 3000//4988 1254//4988 2988//4988
f 1237//4989 3000//4989 3002//4989
f 1254//4990 1256//4990 2611//4990
f 1254//4991 2611//4991 3012//4991
f 1254//4992 3012//4992 2983//4992
f 2654//4993 2986//4993 1913//4993
f 1913//4994 2986//4994 1914//4994
f 2654//4995 1913//4995 2038//4995
f 2654//4996 2038//4996 2037//4996
f 2654//4997 2037//4997 2036//4997
f 2654//4998 2036//4998 2035//4998
f 2654//4999 2035//4999 2034//4999
f 2654//5000 2034//5000 2033//5000
f 2654//5001 2033//5001 2032//5001
f 2654//5002 2032//5002 2031//5002
f 2654//5003 2031//5003 2030//5003
f 2654//5004 2030//5004 2029//5004
f 2654//5005 2029//5005 2028//5005
f 2654//5006 2028//5006 2027//5006
f 2654//5007 2027//5007 2026//5007
f 2654//5008 2026//5008 2025//5008
f 2654//5009 2025//5009 2024//5009
f 2654//5010 2024//5010 2023//5010
f 2654//5011 2023//5011 2022//5011
f 2654//5012 2022//5012 2021//5012
f 2654//5013 2021//5013 2020//5013
f 2654//5014 2020//5014 2019//5014
f 2654//5015 2019//5015 2018//5015
f 2654//5016 2018//5016 2017//5016
f 2654//5017 2017//5017 2016//5017
f 2654//5018 2016//5018 2015//5018
f 2654//5019 2015//5019 2014//5019
f 2654//5020 2014//5020 2013//5020
f 2654//5021 2013//5021 2012//5021
f 2654//5022 2012//5022 2011//5022
f 2654//5023 2011//5023 2010//5023
f 2654//5024 2010//5024 2009//5024
f 2654//5025 2009//5025 2008//5025
f 2654//5026 2008//5026 2007//5026
f 2654//5027 2007//5027 2006//5027
f 2654//5028 2006//5028 2005//5028
f 2654//5029 2005//5029 2004//5029
f 2654//5030 2004//5030 2003//5030
f 2654//5031 2003//5031 2002//5031
f 2654//5032 2002//5032 2001//5032
f 2654//5033 2001//5033 2000//5033
f 2654//5034 2000//5034 1999//5034
f 2988//5035 2693//5035 1905//5035
f 2988//5036 1905//5036 1906//5036
f 2988//5037 1906//5037 1909//5037
f 2988//5038 1909//5038 1910//5038
f 2988//5039 1910//5039 2039//5039
f 2988//5040 2039//5040 2040//5040
f 2817//5041 3000//5041 1911//5041
f 1911//5042 3000//5042 2042//5042
f 2042//5043 3000//5043 2041//5043
f 2817//5044 1911//5044 1912//5044
f 2817//5045 1912//5045 1907//5045
f 2817//5046 1907//5046 1908//5046
f 3002//5047 2871//5047 2217//5047
f 2217//5048 2871//5048 2218//5048
f 2218//5049 2871//5049 2219//5049
f 2219//5050 2871//5050 2220//5050
f 2220//5051 2871//5051 2221//5051
f 2221//5052 2871//5052 2222//5052
f 2222//5053 2871//5053 2223//5053
f 2223//5054 2871//5054 2224//5054
f 2224//5055 2871//5055 2225//5055
f 2225//5056 2871//5056 2226//5056
f 2226//5057 2871//5057 2227//5057
f 2227//5058 2871//5058 2228//5058
f 2228//5059 2871//5059 2229//5059
f 2229//5060 2871//5060 2230//5060
f 2230//5061 2871//5061 2231//5061
f 2231//5062 2871//5062 2232//5062
f 2232//5063 2871//5063 2233//5063
f 2233//5064 2871//5064 2234//5064
f 2234//5065 2871//5065 2235//5065
f 2235//5066 2871//5066 2236//5066
f 2236//5067 2871//5067 2237//5067
f 2237//5068 2871//5068 2238//5068
f 2238//5069 2871//5069 2239//5069
f 2239//5070 2871//5070 2240//5070
f 2240//5071 2871//5071 2241//5071
f 2241//5072 2871//5072 2242//5072
f 2242//5073 2871//5073 2243//5073
f 2243//5074 2871//5074 2244//5074
f 2244//5075 2871//5075 2245//5075
f 2245//5076 2871//5076 2246//5076
f 2246//5077 2871//5077 2247//5077
f 2247//5078 2871//5078 2248//5078
f 2248//5079 2871//5079 3003//5079
f 3003//5080 2871//5080 2998//5080
f 2998//5081 2871//5081 2999//5081
f 2999//5082 2871//5082 2990//5082
f 3002//5083 2217//5083 2216//5083
f 3002//5084 2216//5084 2215//5084
f 1223//5085 2955//5085 3013//5085
f 1223//5086 3013//5086 1225//5086
f 3013//5087 3014//5087 1226//5087
f 1225//5088 3013//5088 1226//5088
f 2821//5089 1224//5089 1226//5089
f 2821//5090 1226//5090 3014//5090
f 1231//5091 2691//5091 3015//5091
f 1231//5092 3015//5092 1232//5092
f 1232//5093 3016//5093 1233//5093
f 3015//5094 3016//5094 1232//5094
f 2547//5095 1229//5095 1233//5095
f 2547//5096 1233//5096 3016//5096
f 1236//5097 3010//5097 3017//5097
f 1236//5098 3017//5098 1240//5098
f 1240//5099 3017//5099 3018//5099
f 1240//5100 3018//5100 1239//5100
f 3008//5101 1238//5101 1239//5101
f 3008//5102 1239//5102 3018//5102
f 1241//5103 3006//5103 3019//5103
f 1241//5104 3019//5104 1243//5104
f 1243//5105 3019//5105 3020//5105
f 1243//5106 3020//5106 1244//5106
f 3001//5107 1242//5107 1244//5107
f 3001//5108 1244//5108 3020//5108
f 1246//5109 2995//5109 3021//5109
f 1246//5110 3021//5110 1247//5110
f 1247//5111 3021//5111 3022//5111
f 1247//5112 3022//5112 1245//5112
f 2994//5113 1248//5113 1245//5113
f 2994//5114 1245//5114 3022//5114
f 1249//5115 2992//5115 3023//5115
f 1249//5116 3023//5116 1251//5116
f 1251//5117 3023//5117 3024//5117
f 1251//5118 3024//5118 1252//5118
f 2987//5119 1250//5119 1252//5119
f 2987//5120 1252//5120 3024//5120
f 1395//5121 1390//5121 1396//5121
f 1396//5122 1389//5122 1397//5122
f 1390//5123 1389//5123 1396//5123
f 1395//5124 1391//5124 1390//5124
f 1395//5125 1394//5125 1391//5125
f 1389//5126 1398//5126 1397//5126
f 1389//5127 1387//5127 1398//5127
f 1391//5128 1393//5128 1392//5128
f 1394//5129 1393//5129 1391//5129
f 1387//5130 1388//5130 1398//5130
f 1408//5131 1407//5131 1399//5131
f 1407//5132 1400//5132 1399//5132
f 1405//5133 1402//5133 1406//5133
f 1407//5134 1401//5134 1400//5134
f 1402//5135 1404//5135 1403//5135
f 1405//5136 1404//5136 1402//5136
f 1402//5137 1401//5137 1407//5137
f 1407//5138 1406//5138 1402//5138
f 3025//5139 3026//5139 1409//5139
f 3026//5140 1410//5140 1409//5140
f 3025//5141 1412//5141 3027//5141
f 1409//5142 1412//5142 3025//5142
f 3027//5143 1411//5143 3026//5143
f 1412//5144 1411//5144 3027//5144
f 3026//5145 1411//5145 1410//5145
f 1421//5146 1424//5146 1422//5146
f 1422//5147 1424//5147 1423//5147
f 1421//5148 1425//5148 1424//5148
f 1425//5149 1419//5149 1426//5149
f 1426//5150 1419//5150 1414//5150
f 1419//5151 1413//5151 1414//5151
f 1413//5152 1418//5152 1415//5152
f 1419//5153 1418//5153 1413//5153
f 1425//5154 1420//5154 1419//5154
f 1421//5155 1420//5155 1425//5155
f 1418//5156 1416//5156 1415//5156
f 1418//5157 1417//5157 1416//5157
f 1432//5158 1429//5158 1433//5158
f 1429//5159 1428//5159 1433//5159
f 1429//5160 1427//5160 1428//5160
f 1429//5161 1431//5161 1430//5161
f 1432//5162 1431//5162 1429//5162
f 1436//5163 1434//5163 1437//5163
f 1437//5164 1434//5164 1435//5164
f 1445//5165 1444//5165 1441//5165
f 1447//5166 1446//5166 1438//5166
f 1446//5167 1439//5167 1438//5167
f 1446//5168 1440//5168 1439//5168
f 1441//5169 1443//5169 1442//5169
f 1444//5170 1443//5170 1441//5170
f 1441//5171 1440//5171 1446//5171
f 1446//5172 1445//5172 1441//5172
f 1576//5173 1578//5173 1577//5173
f 1576//5174 3028//5174 1578//5174
f 1579//5175 1574//5175 1580//5175
f 1578//5176 3029//5176 1579//5176
f 1579//5177 3029//5177 1574//5177
f 3028//5178 3029//5178 1578//5178
f 3028//5179 1575//5179 3030//5179
f 3030//5180 1575//5180 3029//5180
f 1576//5181 1575//5181 3028//5181
f 3029//5182 1575//5182 1574//5182
f 3031//5183 3032//5183 1584//5183
f 3032//5184 1581//5184 1584//5184
f 1584//5185 1583//5185 3031//5185
f 1583//5186 3033//5186 3031//5186
f 3032//5187 3033//5187 1581//5187
f 3033//5188 1582//5188 1581//5188
f 1583//5189 1582//5189 3033//5189
f 1591//5190 1588//5190 1592//5190
f 1591//5191 1590//5191 1588//5191
f 1590//5192 1589//5192 1588//5192
f 1594//5193 1593//5193 1585//5193
f 1593//5194 1586//5194 1585//5194
f 1587//5195 1586//5195 1593//5195
f 1588//5196 1587//5196 1593//5196
f 1593//5197 1592//5197 1588//5197
f 1602//5198 1599//5198 1603//5198
f 1602//5199 1601//5199 1599//5199
f 1599//5200 1598//5200 1603//5200
f 1598//5201 1604//5201 1603//5201
f 1601//5202 1600//5202 1599//5202
f 1598//5203 1597//5203 1604//5203
f 1597//5204 1605//5204 1604//5204
f 1596//5205 1606//5205 1595//5205
f 1595//5206 1606//5206 1597//5206
f 1597//5207 1606//5207 1605//5207
f 1610//5208 1612//5208 1611//5208
f 1613//5209 1612//5209 1614//5209
f 1612//5210 1608//5210 1614//5210
f 1610//5211 1608//5211 1612//5211
f 1608//5212 1609//5212 1607//5212
f 1610//5213 1609//5213 1608//5213
f 1617//5214 1619//5214 1618//5214
f 1621//5215 1620//5215 1622//5215
f 1617//5216 3034//5216 1619//5216
f 1620//5217 1615//5217 1622//5217
f 1619//5218 3035//5218 1620//5218
f 3034//5219 3035//5219 1619//5219
f 1620//5220 3035//5220 1615//5220
f 3034//5221 1616//5221 3036//5221
f 3036//5222 1616//5222 3035//5222
f 1617//5223 1616//5223 3034//5223
f 3035//5224 1616//5224 1615//5224
f 1625//5225 3037//5225 1626//5225
f 1625//5226 3038//5226 3037//5226
f 1625//5227 1623//5227 3038//5227
f 1623//5228 3039//5228 3038//5228
f 3039//5229 1624//5229 3037//5229
f 3037//5230 1624//5230 1626//5230
f 1623//5231 1624//5231 3039//5231
f 3040//5232 3041//5232 1630//5232
f 3041//5233 1627//5233 1630//5233
f 1630//5234 1629//5234 3040//5234
f 1629//5235 3042//5235 3040//5235
f 3041//5236 3042//5236 1627//5236
f 3042//5237 1628//5237 1627//5237
f 1629//5238 1628//5238 3042//5238
f 1635//5239 1632//5239 1636//5239
f 1636//5240 1632//5240 1637//5240
f 1637//5241 1632//5241 1638//5241
f 1638//5242 1632//5242 1631//5242
f 1632//5243 1634//5243 1633//5243
f 1635//5244 1634//5244 1632//5244
f 1646//5245 1642//5245 1647//5245
f 1647//5246 1642//5246 1648//5246
f 1643//5247 1642//5247 1646//5247
f 1646//5248 1645//5248 1643//5248
f 1642//5249 1641//5249 1648//5249
f 1641//5250 1649//5250 1648//5250
f 1645//5251 1644//5251 1643//5251
f 1641//5252 1639//5252 1649//5252
f 1639//5253 1640//5253 1649//5253
f 1776//5254 1779//5254 1778//5254
f 1780//5255 1779//5255 1781//5255
f 1779//5256 1782//5256 1781//5256
f 1776//5257 1782//5257 1779//5257
f 1782//5258 1777//5258 1783//5258
f 1776//5259 1777//5259 1782//5259
f 1790//5260 1787//5260 1791//5260
f 1787//5261 1786//5261 1791//5261
f 1790//5262 1789//5262 1787//5262
f 1786//5263 1792//5263 1791//5263
f 1789//5264 1788//5264 1787//5264
f 1784//5265 1785//5265 1786//5265
f 1786//5266 1785//5266 1792//5266
f 1799//5267 1796//5267 1800//5267
f 1799//5268 1798//5268 1796//5268
f 1798//5269 1797//5269 1796//5269
f 1802//5270 1801//5270 1793//5270
f 1801//5271 1794//5271 1793//5271
f 1795//5272 1794//5272 1801//5272
f 1796//5273 1795//5273 1801//5273
f 1801//5274 1800//5274 1796//5274
f 1808//5275 3043//5275 1809//5275
f 1809//5276 3043//5276 1803//5276
f 1808//5277 3044//5277 3043//5277
f 1808//5278 1807//5278 3044//5278
f 3043//5279 1804//5279 1803//5279
f 1807//5280 3045//5280 3044//5280
f 3043//5281 3046//5281 1804//5281
f 3045//5282 1806//5282 3046//5282
f 1807//5283 1806//5283 3045//5283
f 1806//5284 1805//5284 3046//5284
f 3046//5285 1805//5285 1804//5285
f 1817//5286 1814//5286 1818//5286
f 1817//5287 1816//5287 1814//5287
f 1814//5288 1813//5288 1818//5288
f 1813//5289 1819//5289 1818//5289
f 1816//5290 1815//5290 1814//5290
f 1813//5291 1812//5291 1819//5291
f 1812//5292 1820//5292 1819//5292
f 1811//5293 1821//5293 1810//5293
f 1810//5294 1821//5294 1812//5294
f 1812//5295 1821//5295 1820//5295
f 1824//5296 3047//5296 1825//5296
f 1825//5297 3048//5297 1826//5297
f 1826//5298 3048//5298 1827//5298
f 3047//5299 3048//5299 1825//5299
f 1824//5300 1822//5300 3047//5300
f 1822//5301 3049//5301 3047//5301
f 3050//5302 1828//5302 3048//5302
f 3048//5303 1828//5303 1827//5303
f 1822//5304 1823//5304 3049//5304
f 3049//5305 1829//5305 3050//5305
f 3050//5306 1829//5306 1828//5306
f 1823//5307 1829//5307 3049//5307
f 1835//5308 1832//5308 1836//5308
f 1835//5309 1834//5309 1832//5309
f 1834//5310 1833//5310 1832//5310
f 1830//5311 1831//5311 1832//5311
f 1832//5312 1831//5312 1836//5312
f 1844//5313 1847//5313 1845//5313
f 1844//5314 1843//5314 1847//5314
f 1847//5315 1846//5315 1845//5315
f 1843//5316 1848//5316 1847//5316
f 1843//5317 1842//5317 1848//5317
f 1842//5318 1849//5318 1848//5318
f 1839//5319 1841//5319 1840//5319
f 1841//5320 1838//5320 1842//5320
f 1842//5321 1838//5321 1849//5321
f 1839//5322 1837//5322 1841//5322
f 1841//5323 1837//5323 1838//5323
f 1854//5324 1852//5324 1855//5324
f 1855//5325 1852//5325 1856//5325
f 1854//5326 1853//5326 1852//5326
f 1852//5327 1850//5327 1856//5327
f 1850//5328 1851//5328 1856//5328
f 3051//5329 3052//5329 1860//5329
f 3052//5330 1857//5330 1860//5330
f 1860//5331 1859//5331 3051//5331
f 1859//5332 3053//5332 3051//5332
f 3052//5333 3053//5333 1857//5333
f 3053//5334 1858//5334 1857//5334
f 1859//5335 1858//5335 3053//5335
f 1867//5336 1864//5336 1868//5336
f 1867//5337 1866//5337 1864//5337
f 1866//5338 1865//5338 1864//5338
f 1870//5339 1869//5339 1861//5339
f 1869//5340 1862//5340 1861//5340
f 1863//5341 1862//5341 1869//5341
f 1864//5342 1863//5342 1869//5342
f 1869//5343 1868//5343 1864//5343
f 1877//5344 1876//5344 1878//5344
f 1876//5345 1879//5345 1878//5345
f 1876//5346 1873//5346 1879//5346
f 1875//5347 1874//5347 1876//5347
f 1876//5348 1874//5348 1873//5348
f 1879//5349 1882//5349 1880//5349
f 1880//5350 1882//5350 1881//5350
f 1873//5351 1882//5351 1879//5351
f 1882//5352 1871//5352 1872//5352
f 1873//5353 1871//5353 1882//5353
f 1890//5354 1887//5354 1891//5354
f 1890//5355 1889//5355 1887//5355
f 1887//5356 1886//5356 1891//5356
f 1886//5357 1892//5357 1891//5357
f 1889//5358 1888//5358 1887//5358
f 1886//5359 1885//5359 1892//5359
f 1885//5360 1893//5360 1892//5360
f 1884//5361 1894//5361 1883//5361
f 1883//5362 1894//5362 1885//5362
f 1885//5363 1894//5363 1893//5363
f 1898//5364 1897//5364 1899//5364
f 1904//5365 1903//5365 1895//5365
f 1902//5366 1900//5366 1903//5366
f 1899//5367 3054//5367 1900//5367
f 1897//5368 3055//5368 1899//5368
f 1899//5369 3055//5369 3054//5369
f 1900//5370 3056//5370 1903//5370
f 3054//5371 3056//5371 1900//5371
f 3055//5372 1896//5372 3056//5372
f 3056//5373 1896//5373 1903//5373
f 1903//5374 1896//5374 1895//5374
f 1897//5375 1896//5375 3055//5375
f 1901//5376 1900//5376 1902//5376
f 3057//5377 3058//5377 2046//5377
f 3058//5378 2043//5378 2046//5378
f 2046//5379 2045//5379 3057//5379
f 2045//5380 3059//5380 3057//5380
f 3058//5381 3059//5381 2043//5381
f 3059//5382 2044//5382 2043//5382
f 2045//5383 2044//5383 3059//5383
f 2053//5384 2052//5384 2054//5384
f 2052//5385 2055//5385 2054//5385
f 2051//5386 2050//5386 2052//5386
f 2055//5387 2058//5387 2056//5387
f 2058//5388 2057//5388 2056//5388
f 2050//5389 2049//5389 2052//5389
f 2052//5390 2049//5390 2055//5390
f 2055//5391 2049//5391 2058//5391
f 2049//5392 2047//5392 2058//5392
f 2047//5393 2048//5393 2058//5393
f 2063//5394 2065//5394 2064//5394
f 2066//5395 2065//5395 2059//5395
f 2065//5396 2060//5396 2059//5396
f 2063//5397 2060//5397 2065//5397
f 2060//5398 2062//5398 2061//5398
f 2063//5399 2062//5399 2060//5399
f 2073//5400 2070//5400 2074//5400
f 2073//5401 2072//5401 2070//5401
f 2072//5402 2071//5402 2070//5402
f 2076//5403 2075//5403 2067//5403
f 2075//5404 2068//5404 2067//5404
f 2069//5405 2068//5405 2075//5405
f 2070//5406 2069//5406 2075//5406
f 2075//5407 2074//5407 2070//5407
f 2084//5408 2081//5408 2085//5408
f 2084//5409 2083//5409 2081//5409
f 2081//5410 2080//5410 2085//5410
f 2080//5411 2086//5411 2085//5411
f 2083//5412 2082//5412 2081//5412
f 2080//5413 2079//5413 2086//5413
f 2079//5414 2087//5414 2086//5414
f 2078//5415 2088//5415 2077//5415
f 2077//5416 2088//5416 2079//5416
f 2079//5417 2088//5417 2087//5417
f 2093//5418 2090//5418 2094//5418
f 2094//5419 2090//5419 2095//5419
f 2095//5420 2090//5420 2096//5420
f 2096//5421 2090//5421 2089//5421
f 2090//5422 2092//5422 2091//5422
f 2093//5423 2092//5423 2090//5423
f 2105//5424 2099//5424 2106//5424
f 2102//5425 2104//5425 2103//5425
f 2102//5426 2101//5426 2104//5426
f 2101//5427 2100//5427 2104//5427
f 2108//5428 2107//5428 2109//5428
f 2107//5429 2097//5429 2109//5429
f 2098//5430 2097//5430 2107//5430
f 2099//5431 2098//5431 2107//5431
f 2100//5432 2099//5432 2105//5432
f 2100//5433 2105//5433 2104//5433
f 2107//5434 2106//5434 2099//5434
f 2117//5435 2113//5435 2118//5435
f 2118//5436 2113//5436 2119//5436
f 2114//5437 2113//5437 2117//5437
f 2117//5438 2116//5438 2114//5438
f 2113//5439 2112//5439 2119//5439
f 2112//5440 2120//5440 2119//5440
f 2116//5441 2115//5441 2114//5441
f 2112//5442 2110//5442 2120//5442
f 2110//5443 2111//5443 2120//5443
f 2126//5444 3060//5444 2127//5444
f 2127//5445 3060//5445 2121//5445
f 2126//5446 3061//5446 3060//5446
f 2126//5447 2125//5447 3061//5447
f 3060//5448 2122//5448 2121//5448
f 2125//5449 3062//5449 3061//5449
f 3060//5450 3063//5450 2122//5450
f 3062//5451 2124//5451 3063//5451
f 2125//5452 2124//5452 3062//5452
f 2124//5453 2123//5453 3063//5453
f 3063//5454 2123//5454 2122//5454
f 2128//5455 2139//5455 2130//5455
f 2132//5456 2136//5456 2133//5456
f 2128//5457 2129//5457 2139//5457
f 2129//5458 2140//5458 2139//5458
f 2138//5459 2137//5459 2131//5459
f 2135//5460 2134//5460 2136//5460
f 2136//5461 2134//5461 2133//5461
f 2131//5462 2130//5462 2139//5462
f 2132//5463 2131//5463 2136//5463
f 2136//5464 2131//5464 2137//5464
f 2139//5465 2138//5465 2131//5465
f 2145//5466 2143//5466 2146//5466
f 2143//5467 2147//5467 2146//5467
f 2145//5468 2144//5468 2143//5468
f 2143//5469 2141//5469 2147//5469
f 2141//5470 2142//5470 2147//5470
f 2153//5471 2152//5471 2148//5471
f 3064//5472 2152//5472 2151//5472
f 2151//5473 3065//5473 3064//5473
f 2151//5474 2150//5474 3065//5474
f 3064//5475 3066//5475 2152//5475
f 2150//5476 3066//5476 3065//5476
f 3066//5477 2149//5477 2152//5477
f 2152//5478 2149//5478 2148//5478
f 2150//5479 2149//5479 3066//5479
f 3067//5480 3068//5480 2283//5480
f 3068//5481 2280//5481 2283//5481
f 2283//5482 2282//5482 3067//5482
f 2282//5483 3069//5483 3067//5483
f 3068//5484 3069//5484 2280//5484
f 3069//5485 2281//5485 2280//5485
f 2282//5486 2281//5486 3069//5486
f 2288//5487 2285//5487 2289//5487
f 2289//5488 2285//5488 2290//5488
f 2290//5489 2285//5489 2291//5489
f 2291//5490 2285//5490 2284//5490
f 2285//5491 2287//5491 2286//5491
f 2288//5492 2287//5492 2285//5492
f 2298//5493 2295//5493 2299//5493
f 2298//5494 2297//5494 2295//5494
f 2297//5495 2296//5495 2295//5495
f 2301//5496 2300//5496 2292//5496
f 2300//5497 2293//5497 2292//5497
f 2294//5498 2293//5498 2300//5498
f 2295//5499 2294//5499 2300//5499
f 2300//5500 2299//5500 2295//5500
f 2309//5501 2305//5501 2310//5501
f 2310//5502 2305//5502 2311//5502
f 2306//5503 2305//5503 2309//5503
f 2309//5504 2308//5504 2306//5504
f 2305//5505 2304//5505 2311//5505
f 2304//5506 2312//5506 2311//5506
f 2308//5507 2307//5507 2306//5507
f 2304//5508 2302//5508 2312//5508
f 2302//5509 2303//5509 2312//5509
f 2318//5510 3070//5510 2319//5510
f 2319//5511 3070//5511 2313//5511
f 2318//5512 3071//5512 3070//5512
f 2318//5513 2317//5513 3071//5513
f 3070//5514 2314//5514 2313//5514
f 2317//5515 3072//5515 3071//5515
f 3070//5516 3073//5516 2314//5516
f 3072//5517 2316//5517 3073//5517
f 2317//5518 2316//5518 3072//5518
f 2316//5519 2315//5519 3073//5519
f 3073//5520 2315//5520 2314//5520
f 2327//5521 2324//5521 2328//5521
f 2327//5522 2326//5522 2324//5522
f 2324//5523 2323//5523 2328//5523
f 2323//5524 2329//5524 2328//5524
f 2326//5525 2325//5525 2324//5525
f 2323//5526 2322//5526 2329//5526
f 2322//5527 2330//5527 2329//5527
f 2321//5528 2331//5528 2320//5528
f 2320//5529 2331//5529 2322//5529
f 2322//5530 2331//5530 2330//5530
f 2336//5531 2334//5531 2337//5531
f 2334//5532 2338//5532 2337//5532
f 2336//5533 2335//5533 2334//5533
f 2334//5534 2332//5534 2338//5534
f 2332//5535 2333//5535 2338//5535
f 2347//5536 2341//5536 2348//5536
f 2344//5537 2346//5537 2345//5537
f 2344//5538 2343//5538 2346//5538
f 2343//5539 2342//5539 2346//5539
f 2350//5540 2349//5540 2351//5540
f 2349//5541 2339//5541 2351//5541
f 2340//5542 2339//5542 2349//5542
f 2341//5543 2340//5543 2349//5543
f 2342//5544 2341//5544 2347//5544
f 2342//5545 2347//5545 2346//5545
f 2349//5546 2348//5546 2341//5546
f 2352//5547 2363//5547 2354//5547
f 2356//5548 2360//5548 2357//5548
f 2352//5549 2353//5549 2363//5549
f 2353//5550 2364//5550 2363//5550
f 2362//5551 2361//5551 2355//5551
f 2359//5552 2358//5552 2360//5552
f 2360//5553 2358//5553 2357//5553
f 2355//5554 2354//5554 2363//5554
f 2356//5555 2355//5555 2360//5555
f 2360//5556 2355//5556 2361//5556
f 2363//5557 2362//5557 2355//5557
f 2370//5558 2369//5558 2365//5558
f 3074//5559 2369//5559 2368//5559
f 2368//5560 3075//5560 3074//5560
f 2368//5561 2367//5561 3075//5561
f 3074//5562 3076//5562 2369//5562
f 2367//5563 3076//5563 3075//5563
f 3076//5564 2366//5564 2369//5564
f 2369//5565 2366//5565 2365//5565
f 2367//5566 2366//5566 3076//5566
f 3077//5567 3078//5567 2374//5567
f 3078//5568 2371//5568 2374//5568
f 2374//5569 2373//5569 3077//5569
f 2373//5570 3079//5570 3077//5570
f 3078//5571 3079//5571 2371//5571
f 3079//5572 2372//5572 2371//5572
f 2373//5573 2372//5573 3079//5573
f 2379//5574 2381//5574 2380//5574
f 2382//5575 2381//5575 2375//5575
f 2381//5576 2376//5576 2375//5576
f 2376//5577 2378//5577 2377//5577
f 2381//5578 2378//5578 2376//5578
f 2379//5579 2378//5579 2381//5579
f 2391//5580 2387//5580 2392//5580
f 2392//5581 2387//5581 2393//5581
f 2391//5582 2388//5582 2387//5582
f 2393//5583 2386//5583 2394//5583
f 2387//5584 2386//5584 2393//5584
f 2391//5585 2390//5585 2388//5585
f 2390//5586 2389//5586 2388//5586
f 2385//5587 2395//5587 2386//5587
f 2386//5588 2395//5588 2394//5588
f 2383//5589 2384//5589 2385//5589
f 2385//5590 2384//5590 2395//5590
f 2404//5591 2398//5591 2405//5591
f 2401//5592 2403//5592 2402//5592
f 2401//5593 2400//5593 2403//5593
f 2400//5594 2399//5594 2403//5594
f 2407//5595 2406//5595 2408//5595
f 2406//5596 2396//5596 2408//5596
f 2397//5597 2396//5597 2406//5597
f 2398//5598 2397//5598 2406//5598
f 2399//5599 2398//5599 2404//5599
f 2399//5600 2404//5600 2403//5600
f 2406//5601 2405//5601 2398//5601
f 2415//5602 2412//5602 2416//5602
f 2415//5603 2414//5603 2412//5603
f 2414//5604 2413//5604 2412//5604
f 2418//5605 2417//5605 2409//5605
f 2417//5606 2410//5606 2409//5606
f 2411//5607 2410//5607 2417//5607
f 2412//5608 2411//5608 2417//5608
f 2417//5609 2416//5609 2412//5609
f 2426//5610 2423//5610 2427//5610
f 2426//5611 2425//5611 2423//5611
f 2423//5612 2422//5612 2427//5612
f 2422//5613 2428//5613 2427//5613
f 2425//5614 2424//5614 2423//5614
f 2422//5615 2421//5615 2428//5615
f 2421//5616 2429//5616 2428//5616
f 2420//5617 2430//5617 2419//5617
f 2419//5618 2430//5618 2421//5618
f 2421//5619 2430//5619 2429//5619
f 2433//5620 3080//5620 2434//5620
f 2434//5621 3081//5621 2435//5621
f 2435//5622 3081//5622 2436//5622
f 3080//5623 3081//5623 2434//5623
f 2433//5624 2431//5624 3080//5624
f 3081//5625 3082//5625 2436//5625
f 2431//5626 3083//5626 3080//5626
f 3083//5627 2437//5627 3082//5627
f 3082//5628 2437//5628 2436//5628
f 2431//5629 2432//5629 3083//5629
f 3083//5630 2438//5630 2437//5630
f 2432//5631 2438//5631 3083//5631
f 2439//5632 2450//5632 2441//5632
f 2443//5633 2447//5633 2444//5633
f 2439//5634 2440//5634 2450//5634
f 2440//5635 2451//5635 2450//5635
f 2449//5636 2448//5636 2442//5636
f 2446//5637 2445//5637 2447//5637
f 2447//5638 2445//5638 2444//5638
f 2442//5639 2441//5639 2450//5639
f 2443//5640 2442//5640 2447//5640
f 2447//5641 2442//5641 2448//5641
f 2450//5642 2449//5642 2442//5642
f 2457//5643 2454//5643 2458//5643
f 2457//5644 2456//5644 2454//5644
f 2456//5645 2455//5645 2454//5645
f 2452//5646 2453//5646 2454//5646
f 2454//5647 2453//5647 2458//5647
f 2464//5648 2463//5648 2459//5648
f 3084//5649 2463//5649 2462//5649
f 2462//5650 3085//5650 3084//5650
f 2462//5651 2461//5651 3085//5651
f 3084//5652 3086//5652 2463//5652
f 2461//5653 3086//5653 3085//5653
f 3086//5654 2460//5654 2463//5654
f 2463//5655 2460//5655 2459//5655
f 2461//5656 2460//5656 3086//5656
f 2955//5657 2821//5657 3014//5657
f 2955//5658 3014//5658 3013//5658
f 2691//5659 2547//5659 3016//5659
f 2691//5660 3016//5660 3015//5660
f 3010//5661 3008//5661 3018//5661
f 3010//5662 3018//5662 3017//5662
f 3006//5663 3001//5663 3020//5663
f 3006//5664 3020//5664 3019//5664
f 2995//5665 2994//5665 3022//5665
f 2995//5666 3022//5666 3021//5666
f 2992//5667 2987//5667 3024//5667
f 2992//5668 3024//5668 3023//5668
f 3087//5669 3088//5669 2516//5669
f 3087//5670 2516//5670 2515//5670
f 3089//5671 2515//5671 2517//5671
f 3089//5672 2517//5672 2518//5672
f 3089//5673 3087//5673 2515//5673
f 3090//5674 3089//5674 2518//5674
f 3091//5675 2518//5675 2519//5675
f 3091//5676 2519//5676 2520//5676
f 3091//5677 3090//5677 2518//5677
f 3092//5678 2520//5678 2521//5678
f 3092//5679 3091//5679 2520//5679
f 3093//5680 3092//5680 2521//5680
f 3094//5681 2521//5681 2522//5681
f 3094//5682 3093//5682 2521//5682
f 3095//5683 2522//5683 2524//5683
f 3095//5684 2524//5684 2526//5684
f 3095//5685 3094//5685 2522//5685
f 3096//5686 3095//5686 2526//5686
f 3097//5687 2526//5687 2528//5687
f 3097//5688 3096//5688 2526//5688
f 3098//5689 3097//5689 2528//5689
f 3098//5690 2528//5690 2530//5690
f 3099//5691 3098//5691 2530//5691
f 3099//5692 2530//5692 2532//5692
f 3100//5693 3099//5693 2532//5693
f 3100//5694 2532//5694 2534//5694
f 3101//5695 3100//5695 2534//5695
f 3101//5696 2534//5696 2536//5696
f 3102//5697 2536//5697 2642//5697
f 3102//5698 3101//5698 2536//5698
f 3103//5699 2642//5699 2640//5699
f 3103//5700 3102//5700 2642//5700
f 3104//5701 2640//5701 2639//5701
f 3104//5702 3103//5702 2640//5702
f 3105//5703 2639//5703 2636//5703
f 3105//5704 3104//5704 2639//5704
f 3106//5705 2636//5705 2635//5705
f 3106//5706 3105//5706 2636//5706
f 3107//5707 2635//5707 2633//5707
f 3107//5708 2633//5708 2630//5708
f 3107//5709 3106//5709 2635//5709
f 3108//5710 3107//5710 2630//5710
f 3109//5711 2630//5711 2629//5711
f 3109//5712 2629//5712 2626//5712
f 3109//5713 3108//5713 2630//5713
f 3110//5714 3109//5714 2626//5714
f 3111//5715 2626//5715 2625//5715
f 3111//5716 2625//5716 2623//5716
f 3111//5717 3110//5717 2626//5717
f 3112//5718 3111//5718 2623//5718
f 3113//5719 2623//5719 2621//5719
f 3113//5720 3112//5720 2623//5720
f 3114//5721 2621//5721 2619//5721
f 3114//5722 2619//5722 2617//5722
f 3114//5723 3113//5723 2621//5723
f 3115//5724 2617//5724 2615//5724
f 3115//5725 3114//5725 2617//5725
f 3116//5726 3115//5726 2615//5726
f 3117//5727 2615//5727 2613//5727
f 3117//5728 2613//5728 2610//5728
f 3117//5729 3116//5729 2615//5729
f 3118//5730 3117//5730 2610//5730
f 3119//5731 2610//5731 2607//5731
f 3119//5732 2607//5732 2602//5732
f 3119//5733 3118//5733 2610//5733
f 3120//5734 3119//5734 2602//5734
f 3121//5735 2602//5735 2601//5735
f 3121//5736 2601//5736 2598//5736
f 3121//5737 3120//5737 2602//5737
f 3122//5738 3121//5738 2598//5738
f 3123//5739 3122//5739 2598//5739
f 3123//5740 2598//5740 2595//5740
f 3124//5741 2595//5741 2589//5741
f 3124//5742 3123//5742 2595//5742
f 3125//5743 3124//5743 2589//5743
f 3125//5744 2589//5744 2584//5744
f 3126//5745 3125//5745 2584//5745
f 3126//5746 2584//5746 2583//5746
f 3127//5747 3126//5747 2583//5747
f 3127//5748 2583//5748 2579//5748
f 3127//5749 2579//5749 2575//5749
f 3128//5750 3127//5750 2575//5750
f 3129//5751 3128//5751 2575//5751
f 3129//5752 2575//5752 2572//5752
f 3130//5753 3129//5753 2572//5753
f 3130//5754 2572//5754 2567//5754
f 3131//5755 3130//5755 2567//5755
f 3131//5756 2567//5756 2563//5756
f 3132//5757 3131//5757 2563//5757
f 3132//5758 2563//5758 2559//5758
f 3133//5759 3132//5759 2559//5759
f 3133//5760 2559//5760 2556//5760
f 3134//5761 3133//5761 2556//5761
f 3134//5762 2556//5762 2552//5762
f 3135//5763 3134//5763 2552//5763
f 3135//5764 2552//5764 2551//5764
f 3136//5765 3135//5765 2551//5765
f 3136//5766 2551//5766 2553//5766
f 3137//5767 2553//5767 2561//5767
f 3137//5768 3136//5768 2553//5768
f 3138//5769 2561//5769 2565//5769
f 3138//5770 3137//5770 2561//5770
f 3139//5771 2565//5771 2569//5771
f 3139//5772 3138//5772 2565//5772
f 3140//5773 2569//5773 2570//5773
f 3140//5774 3139//5774 2569//5774
f 3141//5775 2570//5775 2577//5775
f 3141//5776 3140//5776 2570//5776
f 3142//5777 2577//5777 2581//5777
f 3142//5778 3141//5778 2577//5778
f 3143//5779 2581//5779 2586//5779
f 3143//5780 3142//5780 2581//5780
f 3144//5781 2586//5781 2587//5781
f 3144//5782 3143//5782 2586//5782
f 3145//5783 2587//5783 2593//5783
f 3145//5784 3144//5784 2587//5784
f 3146//5785 2593//5785 2504//5785
f 3146//5786 3145//5786 2593//5786
f 3147//5787 2504//5787 2502//5787
f 3147//5788 3146//5788 2504//5788
f 3148//5789 2502//5789 2500//5789
f 3148//5790 3147//5790 2502//5790
f 3149//5791 3148//5791 2500//5791
f 3149//5792 2500//5792 2498//5792
f 3150//5793 3149//5793 2498//5793
f 3150//5794 2498//5794 2496//5794
f 3151//5795 3150//5795 2496//5795
f 3151//5796 2496//5796 2494//5796
f 3152//5797 3151//5797 2494//5797
f 3152//5798 2494//5798 2492//5798
f 3153//5799 3152//5799 2492//5799
f 3153//5800 2492//5800 2490//5800
f 3154//5801 3153//5801 2490//5801
f 3154//5802 2490//5802 2488//5802
f 3155//5803 3154//5803 2488//5803
f 3155//5804 2488//5804 2486//5804
f 3156//5805 3155//5805 2486//5805
f 3156//5806 2486//5806 2484//5806
f 3157//5807 3156//5807 2484//5807
f 3157//5808 2484//5808 2482//5808
f 3158//5809 3157//5809 2482//5809
f 3158//5810 2482//5810 2480//5810
f 3159//5811 3158//5811 2480//5811
f 3159//5812 2480//5812 2478//5812
f 3160//5813 3159//5813 2478//5813
f 3160//5814 2478//5814 2476//5814
f 3161//5815 3160//5815 2476//5815
f 3161//5816 2476//5816 2474//5816
f 3162//5817 3161//5817 2474//5817
f 3162//5818 2474//5818 2472//5818
f 3163//5819 3162//5819 2472//5819
f 3163//5820 2472//5820 2470//5820
f 3164//5821 3163//5821 2470//5821
f 3164//5822 2470//5822 2468//5822
f 3165//5823 3164//5823 2468//5823
f 3165//5824 2468//5824 2466//5824
f 3166//5825 3165//5825 2466//5825
f 3166//5826 2466//5826 2465//5826
f 3167//5827 3166//5827 2465//5827
f 3167//5828 2465//5828 2467//5828
f 3168//5829 3167//5829 2467//5829
f 3168//5830 2467//5830 2469//5830
f 3169//5831 3168//5831 2469//5831
f 3169//5832 2469//5832 2471//5832
f 3170//5833 2471//5833 2473//5833
f 3170//5834 3169//5834 2471//5834
f 3171//5835 2473//5835 2475//5835
f 3171//5836 3170//5836 2473//5836
f 3172//5837 2475//5837 2477//5837
f 3172//5838 3171//5838 2475//5838
f 3173//5839 2477//5839 2479//5839
f 3173//5840 3172//5840 2477//5840
f 3174//5841 2479//5841 2481//5841
f 3174//5842 3173//5842 2479//5842
f 3175//5843 3174//5843 2481//5843
f 3175//5844 2481//5844 2483//5844
f 3176//5845 3175//5845 2483//5845
f 3176//5846 2483//5846 2485//5846
f 3177//5847 3176//5847 2485//5847
f 3177//5848 2485//5848 2487//5848
f 3178//5849 3177//5849 2487//5849
f 3178//5850 2487//5850 2489//5850
f 3179//5851 3178//5851 2489//5851
f 3179//5852 2489//5852 2491//5852
f 3180//5853 3179//5853 2491//5853
f 3180//5854 2491//5854 2493//5854
f 3180//5855 2493//5855 2495//5855
f 3181//5856 3180//5856 2495//5856
f 3182//5857 3181//5857 2495//5857
f 3182//5858 2495//5858 2497//5858
f 3183//5859 3182//5859 2497//5859
f 3183//5860 2497//5860 2499//5860
f 3184//5861 3183//5861 2499//5861
f 3184//5862 2499//5862 2501//5862
f 3185//5863 3184//5863 2501//5863
f 3185//5864 2501//5864 2503//5864
f 3186//5865 2505//5865 2506//5865
f 3186//5866 3185//5866 2503//5866
f 3186//5867 2503//5867 2505//5867
f 3187//5868 3186//5868 2506//5868
f 3188//5869 2506//5869 2507//5869
f 3188//5870 3187//5870 2506//5870
f 3189//5871 2507//5871 2508//5871
f 3189//5872 3188//5872 2507//5872
f 3190//5873 2508//5873 2509//5873
f 3190//5874 2509//5874 2510//5874
f 3190//5875 3189//5875 2508//5875
f 3191//5876 3190//5876 2510//5876
f 3192//5877 2510//5877 2511//5877
f 3192//5878 3191//5878 2510//5878
f 3193//5879 2511//5879 2512//5879
f 3193//5880 3192//5880 2511//5880
f 3194//5881 2512//5881 2513//5881
f 3194//5882 2513//5882 2514//5882
f 3194//5883 3193//5883 2512//5883
f 3195//5884 3194//5884 2514//5884
f 3196//5885 2514//5885 2523//5885
f 3196//5886 2523//5886 2525//5886
f 3196//5887 3195//5887 2514//5887
f 3197//5888 3196//5888 2525//5888
f 3198//5889 2525//5889 2527//5889
f 3198//5890 3197//5890 2525//5890
f 3199//5891 3198//5891 2527//5891
f 3199//5892 2527//5892 2529//5892
f 3200//5893 3199//5893 2529//5893
f 3200//5894 2529//5894 2531//5894
f 3201//5895 3200//5895 2531//5895
f 3201//5896 2531//5896 2533//5896
f 3202//5897 3201//5897 2533//5897
f 3202//5898 2533//5898 2535//5898
f 3203//5899 2535//5899 2537//5899
f 3203//5900 3202//5900 2535//5900
f 3204//5901 2537//5901 2538//5901
f 3204//5902 3203//5902 2537//5902
f 3205//5903 2538//5903 2539//5903
f 3205//5904 3204//5904 2538//5904
f 3206//5905 2539//5905 2540//5905
f 3206//5906 3205//5906 2539//5906
f 3207//5907 2540//5907 2541//5907
f 3207//5908 3206//5908 2540//5908
f 3208//5909 2541//5909 2542//5909
f 3208//5910 3207//5910 2541//5910
f 3209//5911 2542//5911 2543//5911
f 3209//5912 3208//5912 2542//5912
f 3210//5913 2543//5913 2544//5913
f 3210//5914 3209//5914 2543//5914
f 3211//5915 2544//5915 2545//5915
f 3211//5916 3210//5916 2544//5916
f 3212//5917 2545//5917 2546//5917
f 3212//5918 3211//5918 2545//5918
f 3088//5919 2546//5919 2516//5919
f 3088//5920 3212//5920 2546//5920
f 3213//5921 3214//5921 2711//5921
f 3213//5922 2711//5922 2712//5922
f 3215//5923 2712//5923 2713//5923
f 3215//5924 2713//5924 2714//5924
f 3215//5925 3213//5925 2712//5925
f 3216//5926 3215//5926 2714//5926
f 3217//5927 2714//5927 2715//5927
f 3217//5928 2715//5928 2716//5928
f 3217//5929 3216//5929 2714//5929
f 3218//5930 2716//5930 2695//5930
f 3218//5931 3217//5931 2716//5931
f 3219//5932 3218//5932 2695//5932
f 3220//5933 2695//5933 2694//5933
f 3220//5934 3219//5934 2695//5934
f 3221//5935 2694//5935 2696//5935
f 3221//5936 2696//5936 2697//5936
f 3221//5937 3220//5937 2694//5937
f 3222//5938 3221//5938 2697//5938
f 3223//5939 2697//5939 2698//5939
f 3223//5940 3222//5940 2697//5940
f 3224//5941 3223//5941 2698//5941
f 3224//5942 2698//5942 2699//5942
f 3225//5943 3224//5943 2699//5943
f 3225//5944 2699//5944 2700//5944
f 3226//5945 3225//5945 2700//5945
f 3226//5946 2700//5946 2701//5946
f 3227//5947 3226//5947 2701//5947
f 3227//5948 2701//5948 2702//5948
f 3228//5949 2702//5949 2703//5949
f 3228//5950 3227//5950 2702//5950
f 3229//5951 2703//5951 2704//5951
f 3229//5952 3228//5952 2703//5952
f 3230//5953 2704//5953 2705//5953
f 3230//5954 3229//5954 2704//5954
f 3231//5955 2705//5955 2706//5955
f 3231//5956 3230//5956 2705//5956
f 3232//5957 2706//5957 2707//5957
f 3232//5958 3231//5958 2706//5958
f 3233//5959 2707//5959 2708//5959
f 3233//5960 2708//5960 2656//5960
f 3233//5961 3232//5961 2707//5961
f 3234//5962 3233//5962 2656//5962
f 3235//5963 2656//5963 2655//5963
f 3235//5964 2655//5964 2657//5964
f 3235//5965 3234//5965 2656//5965
f 3236//5966 3235//5966 2657//5966
f 3237//5967 2657//5967 2658//5967
f 3237//5968 2658//5968 2659//5968
f 3237//5969 3236//5969 2657//5969
f 3238//5970 3237//5970 2659//5970
f 3239//5971 2659//5971 2660//5971
f 3239//5972 3238//5972 2659//5972
f 3240//5973 2660//5973 2661//5973
f 3240//5974 2661//5974 2662//5974
f 3240//5975 3239//5975 2660//5975
f 3241//5976 2662//5976 2663//5976
f 3241//5977 3240//5977 2662//5977
f 3242//5978 3241//5978 2663//5978
f 3243//5979 2663//5979 2664//5979
f 3243//5980 2664//5980 2665//5980
f 3243//5981 3242//5981 2663//5981
f 3244//5982 3243//5982 2665//5982
f 3245//5983 2665//5983 2666//5983
f 3245//5984 2666//5984 2667//5984
f 3245//5985 3244//5985 2665//5985
f 3246//5986 3245//5986 2667//5986
f 3247//5987 2667//5987 2668//5987
f 3247//5988 2668//5988 2669//5988
f 3247//5989 3246//5989 2667//5989
f 3248//5990 3247//5990 2669//5990
f 3249//5991 3248//5991 2669//5991
f 3249//5992 2669//5992 2670//5992
f 3250//5993 2670//5993 2671//5993
f 3250//5994 3249//5994 2670//5994
f 3251//5995 3250//5995 2671//5995
f 3251//5996 2671//5996 2672//5996
f 3252//5997 3251//5997 2672//5997
f 3252//5998 2672//5998 2673//5998
f 3253//5999 3252//5999 2673//5999
f 3253//6000 2673//6000 2674//6000
f 3253//6001 2674//6001 2675//6001
f 3254//6002 3253//6002 2675//6002
f 3255//6003 3254//6003 2675//6003
f 3255//6004 2675//6004 2676//6004
f 3256//6005 3255//6005 2676//6005
f 3256//6006 2676//6006 2677//6006
f 3257//6007 3256//6007 2677//6007
f 3257//6008 2677//6008 2678//6008
f 3258//6009 3257//6009 2678//6009
f 3258//6010 2678//6010 2679//6010
f 3259//6011 3258//6011 2679//6011
f 3259//6012 2679//6012 2680//6012
f 3260//6013 3259//6013 2680//6013
f 3260//6014 2680//6014 2681//6014
f 3261//6015 3260//6015 2681//6015
f 3261//6016 2681//6016 2682//6016
f 3262//6017 3261//6017 2682//6017
f 3262//6018 2682//6018 2683//6018
f 3263//6019 2683//6019 2684//6019
f 3263//6020 3262//6020 2683//6020
f 3264//6021 2684//6021 2685//6021
f 3264//6022 3263//6022 2684//6022
f 3265//6023 2685//6023 2686//6023
f 3265//6024 3264//6024 2685//6024
f 3266//6025 2686//6025 2687//6025
f 3266//6026 3265//6026 2686//6026
f 3267//6027 2687//6027 2688//6027
f 3267//6028 3266//6028 2687//6028
f 3268//6029 2688//6029 2689//6029
f 3268//6030 3267//6030 2688//6030
f 3269//6031 2689//6031 2690//6031
f 3269//6032 3268//6032 2689//6032
f 3270//6033 2690//6033 2980//6033
f 3270//6034 3269//6034 2690//6034
f 3271//6035 2980//6035 2981//6035
f 3271//6036 3270//6036 2980//6036
f 3272//6037 2981//6037 2982//6037
f 3272//6038 3271//6038 2981//6038
f 3273//6039 2982//6039 2983//6039
f 3273//6040 3272//6040 2982//6040
f 3274//6041 2983//6041 3012//6041
f 3274//6042 3273//6042 2983//6042
f 3275//6043 3274//6043 3012//6043
f 3275//6044 3012//6044 2611//6044
f 3276//6045 3275//6045 2611//6045
f 3276//6046 2611//6046 2608//6046
f 3277//6047 3276//6047 2608//6047
f 3277//6048 2608//6048 2605//6048
f 3278//6049 3277//6049 2605//6049
f 3278//6050 2605//6050 2603//6050
f 3279//6051 3278//6051 2603//6051
f 3279//6052 2603//6052 2599//6052
f 3280//6053 3279//6053 2599//6053
f 3280//6054 2599//6054 2596//6054
f 3281//6055 3280//6055 2596//6055
f 3281//6056 2596//6056 2592//6056
f 3282//6057 3281//6057 2592//6057
f 3282//6058 2592//6058 2590//6058
f 3283//6059 3282//6059 2590//6059
f 3283//6060 2590//6060 2585//6060
f 3284//6061 3283//6061 2585//6061
f 3284//6062 2585//6062 2580//6062
f 3285//6063 3284//6063 2580//6063
f 3285//6064 2580//6064 2576//6064
f 3286//6065 3285//6065 2576//6065
f 3286//6066 2576//6066 2573//6066
f 3287//6067 3286//6067 2573//6067
f 3287//6068 2573//6068 2568//6068
f 3288//6069 3287//6069 2568//6069
f 3288//6070 2568//6070 2564//6070
f 3289//6071 3288//6071 2564//6071
f 3289//6072 2564//6072 2560//6072
f 3290//6073 3289//6073 2560//6073
f 3290//6074 2560//6074 2557//6074
f 3291//6075 3290//6075 2557//6075
f 3291//6076 2557//6076 2550//6076
f 3292//6077 3291//6077 2550//6077
f 3292//6078 2550//6078 2554//6078
f 3293//6079 3292//6079 2554//6079
f 3293//6080 2554//6080 2555//6080
f 3294//6081 3293//6081 2555//6081
f 3294//6082 2555//6082 2558//6082
f 3295//6083 3294//6083 2558//6083
f 3295//6084 2558//6084 2562//6084
f 3296//6085 2562//6085 2566//6085
f 3296//6086 3295//6086 2562//6086
f 3297//6087 2566//6087 2571//6087
f 3297//6088 3296//6088 2566//6088
f 3298//6089 2571//6089 2574//6089
f 3298//6090 3297//6090 2571//6090
f 3299//6091 2574//6091 2578//6091
f 3299//6092 3298//6092 2574//6092
f 3300//6093 2578//6093 2582//6093
f 3300//6094 3299//6094 2578//6094
f 3301//6095 3300//6095 2582//6095
f 3301//6096 2582//6096 2588//6096
f 3302//6097 3301//6097 2588//6097
f 3302//6098 2588//6098 2591//6098
f 3303//6099 3302//6099 2591//6099
f 3303//6100 2591//6100 2594//6100
f 3304//6101 3303//6101 2594//6101
f 3304//6102 2594//6102 2597//6102
f 3305//6103 3304//6103 2597//6103
f 3305//6104 2597//6104 2600//6104
f 3306//6105 3305//6105 2600//6105
f 3306//6106 2600//6106 2604//6106
f 3306//6107 2604//6107 2606//6107
f 3307//6108 3306//6108 2606//6108
f 3308//6109 3307//6109 2606//6109
f 3308//6110 2606//6110 2609//6110
f 3309//6111 3308//6111 2609//6111
f 3309//6112 2609//6112 2612//6112
f 3310//6113 3309//6113 2612//6113
f 3310//6114 2612//6114 2614//6114
f 3311//6115 3310//6115 2614//6115
f 3311//6116 2614//6116 2616//6116
f 3312//6117 2618//6117 2620//6117
f 3312//6118 3311//6118 2616//6118
f 3312//6119 2616//6119 2618//6119
f 3313//6120 3312//6120 2620//6120
f 3314//6121 2620//6121 2622//6121
f 3314//6122 3313//6122 2620//6122
f 3315//6123 2622//6123 2624//6123
f 3315//6124 3314//6124 2622//6124
f 3316//6125 2624//6125 2627//6125
f 3316//6126 2627//6126 2628//6126
f 3316//6127 3315//6127 2624//6127
f 3317//6128 3316//6128 2628//6128
f 3318//6129 2628//6129 2631//6129
f 3318//6130 3317//6130 2628//6130
f 3319//6131 2631//6131 2632//6131
f 3319//6132 3318//6132 2631//6132
f 3320//6133 2632//6133 2634//6133
f 3320//6134 2634//6134 2637//6134
f 3320//6135 3319//6135 2632//6135
f 3321//6136 3320//6136 2637//6136
f 3322//6137 2637//6137 2638//6137
f 3322//6138 2638//6138 2641//6138
f 3322//6139 3321//6139 2637//6139
f 3323//6140 3322//6140 2641//6140
f 3324//6141 2641//6141 2643//6141
f 3324//6142 3323//6142 2641//6142
f 3325//6143 3324//6143 2643//6143
f 3325//6144 2643//6144 2644//6144
f 3326//6145 3325//6145 2644//6145
f 3326//6146 2644//6146 2645//6146
f 3327//6147 3326//6147 2645//6147
f 3327//6148 2645//6148 2646//6148
f 3328//6149 3327//6149 2646//6149
f 3328//6150 2646//6150 2647//6150
f 3329//6151 2647//6151 2648//6151
f 3329//6152 3328//6152 2647//6152
f 3330//6153 2648//6153 2649//6153
f 3330//6154 3329//6154 2648//6154
f 3331//6155 2649//6155 2650//6155
f 3331//6156 3330//6156 2649//6156
f 3332//6157 2650//6157 2651//6157
f 3332//6158 3331//6158 2650//6158
f 3333//6159 2651//6159 2652//6159
f 3333//6160 3332//6160 2651//6160
f 3334//6161 2652//6161 2653//6161
f 3334//6162 3333//6162 2652//6162
f 3335//6163 2653//6163 2818//6163
f 3335//6164 3334//6164 2653//6164
f 3336//6165 2818//6165 2819//6165
f 3336//6166 3335//6166 2818//6166
f 3337//6167 2819//6167 2710//6167
f 3337//6168 3336//6168 2819//6168
f 3338//6169 2710//6169 2709//6169
f 3338//6170 3337//6170 2710//6170
f 3214//6171 2709//6171 2711//6171
f 3214//6172 3338//6172 2709//6172
f 3339//6173 3340//6173 2549//6173
f 3339//6174 2549//6174 2548//6174
f 3340//6175 3341//6175 2717//6175
f 3340//6176 2717//6176 2549//6176
f 2692//6177 3339//6177 2548//6177
f 3342//6178 3339//6178 2692//6178
f 3341//6179 3342//6179 2692//6179
f 3341//6180 2692//6180 2717//6180
f 3343//6181 3344//6181 2794//6181
f 3343//6182 2794//6182 2793//6182
f 3345//6183 2793//6183 2795//6183
f 3345//6184 2795//6184 2796//6184
f 3345//6185 3343//6185 2793//6185
f 3346//6186 3345//6186 2796//6186
f 3347//6187 2796//6187 2797//6187
f 3347//6188 2797//6188 2798//6188
f 3347//6189 3346//6189 2796//6189
f 3348//6190 2798//6190 2799//6190
f 3348//6191 3347//6191 2798//6191
f 3349//6192 3348//6192 2799//6192
f 3350//6193 2799//6193 2800//6193
f 3350//6194 3349//6194 2799//6194
f 3351//6195 2800//6195 2801//6195
f 3351//6196 2801//6196 2802//6196
f 3351//6197 3350//6197 2800//6197
f 3352//6198 3351//6198 2802//6198
f 3353//6199 2802//6199 2803//6199
f 3353//6200 3352//6200 2802//6200
f 3354//6201 3353//6201 2803//6201
f 3354//6202 2803//6202 2804//6202
f 3355//6203 3354//6203 2804//6203
f 3355//6204 2804//6204 2805//6204
f 3356//6205 3355//6205 2805//6205
f 3356//6206 2805//6206 2806//6206
f 3357//6207 3356//6207 2806//6207
f 3357//6208 2806//6208 2807//6208
f 3358//6209 2807//6209 2808//6209
f 3358//6210 3357//6210 2807//6210
f 3359//6211 2808//6211 2809//6211
f 3359//6212 3358//6212 2808//6212
f 3360//6213 2809//6213 2810//6213
f 3360//6214 3359//6214 2809//6214
f 3361//6215 2810//6215 2811//6215
f 3361//6216 3360//6216 2810//6216
f 3362//6217 2811//6217 2812//6217
f 3362//6218 3361//6218 2811//6218
f 3363//6219 2812//6219 2813//6219
f 3363//6220 2813//6220 2814//6220
f 3363//6221 3362//6221 2812//6221
f 3364//6222 3363//6222 2814//6222
f 3365//6223 2814//6223 2815//6223
f 3365//6224 2815//6224 2816//6224
f 3365//6225 3364//6225 2814//6225
f 3366//6226 3365//6226 2816//6226
f 3367//6227 2816//6227 2924//6227
f 3367//6228 2924//6228 2925//6228
f 3367//6229 3366//6229 2816//6229
f 3368//6230 3367//6230 2925//6230
f 3369//6231 2925//6231 2926//6231
f 3369//6232 3368//6232 2925//6232
f 3370//6233 2926//6233 2893//6233
f 3370//6234 2893//6234 2892//6234
f 3370//6235 3369//6235 2926//6235
f 3371//6236 2892//6236 2894//6236
f 3371//6237 3370//6237 2892//6237
f 3372//6238 3371//6238 2894//6238
f 3373//6239 2894//6239 2895//6239
f 3373//6240 2895//6240 2896//6240
f 3373//6241 3372//6241 2894//6241
f 3374//6242 3373//6242 2896//6242
f 3375//6243 2896//6243 2897//6243
f 3375//6244 2897//6244 2866//6244
f 3375//6245 3374//6245 2896//6245
f 3376//6246 3375//6246 2866//6246
f 3377//6247 2866//6247 2864//6247
f 3377//6248 2864//6248 2862//6248
f 3377//6249 3376//6249 2866//6249
f 3378//6250 3377//6250 2862//6250
f 3379//6251 3378//6251 2862//6251
f 3379//6252 2862//6252 2858//6252
f 3380//6253 2858//6253 2857//6253
f 3380//6254 3379//6254 2858//6254
f 3381//6255 3380//6255 2857//6255
f 3381//6256 2857//6256 2854//6256
f 3382//6257 3381//6257 2854//6257
f 3382//6258 2854//6258 2849//6258
f 3383//6259 3382//6259 2849//6259
f 3383//6260 2849//6260 2848//6260
f 3383//6261 2848//6261 2845//6261
f 3384//6262 3383//6262 2845//6262
f 3385//6263 3384//6263 2845//6263
f 3385//6264 2845//6264 2842//6264
f 3386//6265 3385//6265 2842//6265
f 3386//6266 2842//6266 2836//6266
f 3387//6267 3386//6267 2836//6267
f 3387//6268 2836//6268 2832//6268
f 3388//6269 3387//6269 2832//6269
f 3388//6270 2832//6270 2828//6270
f 3389//6271 3388//6271 2828//6271
f 3389//6272 2828//6272 2827//6272
f 3390//6273 3389//6273 2827//6273
f 3390//6274 2827//6274 2824//6274
f 3391//6275 3390//6275 2824//6275
f 3391//6276 2824//6276 2823//6276
f 3392//6277 3391//6277 2823//6277
f 3392//6278 2823//6278 2830//6278
f 3393//6279 2830//6279 2834//6279
f 3393//6280 3392//6280 2830//6280
f 3394//6281 2834//6281 2838//6281
f 3394//6282 3393//6282 2834//6282
f 3395//6283 2838//6283 2759//6283
f 3395//6284 3394//6284 2838//6284
f 3396//6285 2759//6285 2758//6285
f 3396//6286 3395//6286 2759//6286
f 3397//6287 2758//6287 2757//6287
f 3397//6288 3396//6288 2758//6288
f 3398//6289 2757//6289 2756//6289
f 3398//6290 3397//6290 2757//6290
f 3399//6291 2756//6291 2755//6291
f 3399//6292 3398//6292 2756//6292
f 3400//6293 2755//6293 2754//6293
f 3400//6294 3399//6294 2755//6294
f 3401//6295 2754//6295 2753//6295
f 3401//6296 3400//6296 2754//6296
f 3402//6297 2753//6297 2752//6297
f 3402//6298 3401//6298 2753//6298
f 3403//6299 2752//6299 2751//6299
f 3403//6300 3402//6300 2752//6300
f 3404//6301 2751//6301 2750//6301
f 3404//6302 3403//6302 2751//6302
f 3405//6303 3404//6303 2750//6303
f 3405//6304 2750//6304 2749//6304
f 3406//6305 3405//6305 2749//6305
f 3406//6306 2749//6306 2748//6306
f 3407//6307 3406//6307 2748//6307
f 3407//6308 2748//6308 2747//6308
f 3408//6309 3407//6309 2747//6309
f 3408//6310 2747//6310 2745//6310
f 3409//6311 3408//6311 2745//6311
f 3409//6312 2745//6312 2743//6312
f 3410//6313 3409//6313 2743//6313
f 3410//6314 2743//6314 2741//6314
f 3411//6315 3410//6315 2741//6315
f 3411//6316 2741//6316 2739//6316
f 3412//6317 3411//6317 2739//6317
f 3412//6318 2739//6318 2737//6318
f 3413//6319 3412//6319 2737//6319
f 3413//6320 2737//6320 2735//6320
f 3414//6321 3413//6321 2735//6321
f 3414//6322 2735//6322 2733//6322
f 3415//6323 3414//6323 2733//6323
f 3415//6324 2733//6324 2731//6324
f 3416//6325 3415//6325 2731//6325
f 3416//6326 2731//6326 2729//6326
f 3417//6327 3416//6327 2729//6327
f 3417//6328 2729//6328 2727//6328
f 3418//6329 3417//6329 2727//6329
f 3418//6330 2727//6330 2725//6330
f 3419//6331 3418//6331 2725//6331
f 3419//6332 2725//6332 2723//6332
f 3420//6333 3419//6333 2723//6333
f 3420//6334 2723//6334 2721//6334
f 3421//6335 3420//6335 2721//6335
f 3421//6336 2721//6336 2718//6336
f 3422//6337 3421//6337 2718//6337
f 3422//6338 2718//6338 2719//6338
f 3423//6339 3422//6339 2719//6339
f 3423//6340 2719//6340 2720//6340
f 3424//6341 3423//6341 2720//6341
f 3424//6342 2720//6342 2722//6342
f 3425//6343 3424//6343 2722//6343
f 3425//6344 2722//6344 2724//6344
f 3426//6345 2724//6345 2726//6345
f 3426//6346 3425//6346 2724//6346
f 3427//6347 2726//6347 2728//6347
f 3427//6348 3426//6348 2726//6348
f 3428//6349 2728//6349 2730//6349
f 3428//6350 3427//6350 2728//6350
f 3429//6351 2730//6351 2732//6351
f 3429//6352 3428//6352 2730//6352
f 3430//6353 2732//6353 2734//6353
f 3430//6354 3429//6354 2732//6354
f 3431//6355 3430//6355 2734//6355
f 3431//6356 2734//6356 2736//6356
f 3432//6357 3431//6357 2736//6357
f 3432//6358 2736//6358 2738//6358
f 3433//6359 3432//6359 2738//6359
f 3433//6360 2738//6360 2740//6360
f 3434//6361 3433//6361 2740//6361
f 3434//6362 2740//6362 2742//6362
f 3435//6363 3434//6363 2742//6363
f 3435//6364 2742//6364 2744//6364
f 3436//6365 3435//6365 2744//6365
f 3436//6366 2744//6366 2746//6366
f 3436//6367 2746//6367 2760//6367
f 3437//6368 3436//6368 2760//6368
f 3438//6369 3437//6369 2760//6369
f 3438//6370 2760//6370 2761//6370
f 3439//6371 3438//6371 2761//6371
f 3439//6372 2761//6372 2762//6372
f 3440//6373 3439//6373 2762//6373
f 3440//6374 2762//6374 2763//6374
f 3441//6375 3440//6375 2763//6375
f 3441//6376 2763//6376 2764//6376
f 3442//6377 2765//6377 2766//6377
f 3442//6378 3441//6378 2764//6378
f 3442//6379 2764//6379 2765//6379
f 3443//6380 3442//6380 2766//6380
f 3444//6381 2766//6381 2767//6381
f 3444//6382 3443//6382 2766//6382
f 3445//6383 2767//6383 2768//6383
f 3445//6384 3444//6384 2767//6384
f 3446//6385 2768//6385 2769//6385
f 3446//6386 2769//6386 2770//6386
f 3446//6387 3445//6387 2768//6387
f 3447//6388 3446//6388 2770//6388
f 3448//6389 2770//6389 2771//6389
f 3448//6390 3447//6390 2770//6390
f 3449//6391 2771//6391 2772//6391
f 3449//6392 3448//6392 2771//6392
f 3450//6393 2772//6393 2773//6393
f 3450//6394 2773//6394 2774//6394
f 3450//6395 3449//6395 2772//6395
f 3451//6396 3450//6396 2774//6396
f 3452//6397 2774//6397 2775//6397
f 3452//6398 2775//6398 2776//6398
f 3452//6399 3451//6399 2774//6399
f 3453//6400 3452//6400 2776//6400
f 3454//6401 2776//6401 2777//6401
f 3454//6402 3453//6402 2776//6402
f 3455//6403 3454//6403 2777//6403
f 3455//6404 2777//6404 2778//6404
f 3456//6405 3455//6405 2778//6405
f 3456//6406 2778//6406 2779//6406
f 3457//6407 3456//6407 2779//6407
f 3457//6408 2779//6408 2780//6408
f 3458//6409 3457//6409 2780//6409
f 3458//6410 2780//6410 2781//6410
f 3459//6411 2781//6411 2782//6411
f 3459//6412 3458//6412 2781//6412
f 3460//6413 2782//6413 2783//6413
f 3460//6414 3459//6414 2782//6414
f 3461//6415 2783//6415 2784//6415
f 3461//6416 3460//6416 2783//6416
f 3462//6417 2784//6417 2785//6417
f 3462//6418 3461//6418 2784//6418
f 3463//6419 2785//6419 2786//6419
f 3463//6420 3462//6420 2785//6420
f 3464//6421 2786//6421 2787//6421
f 3464//6422 3463//6422 2786//6422
f 3465//6423 2787//6423 2788//6423
f 3465//6424 3464//6424 2787//6424
f 3466//6425 2788//6425 2789//6425
f 3466//6426 3465//6426 2788//6426
f 3467//6427 2789//6427 2790//6427
f 3467//6428 3466//6428 2789//6428
f 3468//6429 2790//6429 2791//6429
f 3468//6430 3467//6430 2790//6430
f 3344//6431 2791//6431 2794//6431
f 3344//6432 3468//6432 2791//6432
f 3469//6433 3470//6433 2792//6433
f 3469//6434 2792//6434 2820//6434
f 3470//6435 3471//6435 2923//6435
f 3470//6436 2923//6436 2792//6436
f 3472//6437 3469//6437 2820//6437
f 3472//6438 2820//6438 2954//6438
f 3471//6439 3472//6439 2954//6439
f 3471//6440 2954//6440 2923//6440
f 3473//6441 3474//6441 2935//6441
f 3473//6442 2935//6442 2937//6442
f 3475//6443 2937//6443 2939//6443
f 3475//6444 2939//6444 2941//6444
f 3475//6445 3473//6445 2937//6445
f 3476//6446 3475//6446 2941//6446
f 3477//6447 2941//6447 2942//6447
f 3477//6448 2942//6448 2957//6448
f 3477//6449 3476//6449 2941//6449
f 3478//6450 2957//6450 2956//6450
f 3478//6451 3477//6451 2957//6451
f 3479//6452 3478//6452 2956//6452
f 3480//6453 2956//6453 2958//6453
f 3480//6454 3479//6454 2956//6454
f 3481//6455 2958//6455 2959//6455
f 3481//6456 2959//6456 2960//6456
f 3481//6457 3480//6457 2958//6457
f 3482//6458 3481//6458 2960//6458
f 3483//6459 2960//6459 2961//6459
f 3483//6460 3482//6460 2960//6460
f 3484//6461 3483//6461 2961//6461
f 3484//6462 2961//6462 2962//6462
f 3485//6463 3484//6463 2962//6463
f 3485//6464 2962//6464 2963//6464
f 3486//6465 3485//6465 2963//6465
f 3486//6466 2963//6466 2964//6466
f 3487//6467 3486//6467 2964//6467
f 3487//6468 2964//6468 2965//6468
f 3488//6469 2965//6469 2966//6469
f 3488//6470 3487//6470 2965//6470
f 3489//6471 2966//6471 2967//6471
f 3489//6472 3488//6472 2966//6472
f 3490//6473 2967//6473 2968//6473
f 3490//6474 3489//6474 2967//6474
f 3491//6475 2968//6475 2969//6475
f 3491//6476 3490//6476 2968//6476
f 3492//6477 2969//6477 2970//6477
f 3492//6478 3491//6478 2969//6478
f 3493//6479 2970//6479 2971//6479
f 3493//6480 2971//6480 2972//6480
f 3493//6481 3492//6481 2970//6481
f 3494//6482 3493//6482 2972//6482
f 3495//6483 2972//6483 2973//6483
f 3495//6484 2973//6484 2974//6484
f 3495//6485 3494//6485 2972//6485
f 3496//6486 3495//6486 2974//6486
f 3497//6487 2974//6487 2975//6487
f 3497//6488 2975//6488 2976//6488
f 3497//6489 3496//6489 2974//6489
f 3498//6490 3497//6490 2976//6490
f 3499//6491 2976//6491 2977//6491
f 3499//6492 3498//6492 2976//6492
f 3500//6493 2977//6493 2978//6493
f 3500//6494 2978//6494 2979//6494
f 3500//6495 3499//6495 2977//6495
f 3501//6496 2979//6496 2953//6496
f 3501//6497 3500//6497 2979//6497
f 3502//6498 3501//6498 2953//6498
f 3503//6499 2953//6499 2952//6499
f 3503//6500 2952//6500 2951//6500
f 3503//6501 3502//6501 2953//6501
f 3504//6502 3503//6502 2951//6502
f 3505//6503 2951//6503 2950//6503
f 3505//6504 2950//6504 2949//6504
f 3505//6505 3504//6505 2951//6505
f 3506//6506 3505//6506 2949//6506
f 3507//6507 2949//6507 2948//6507
f 3507//6508 2948//6508 2947//6508
f 3507//6509 3506//6509 2949//6509
f 3508//6510 3507//6510 2947//6510
f 3509//6511 3508//6511 2947//6511
f 3509//6512 2947//6512 2946//6512
f 3510//6513 2946//6513 2945//6513
f 3510//6514 3509//6514 2946//6514
f 3511//6515 3510//6515 2945//6515
f 3511//6516 2945//6516 2944//6516
f 3512//6517 3511//6517 2944//6517
f 3512//6518 2944//6518 2943//6518
f 3513//6519 3512//6519 2943//6519
f 3513//6520 2943//6520 2940//6520
f 3513//6521 2940//6521 2938//6521
f 3514//6522 3513//6522 2938//6522
f 3515//6523 3514//6523 2938//6523
f 3515//6524 2938//6524 2936//6524
f 3516//6525 3515//6525 2936//6525
f 3516//6526 2936//6526 2934//6526
f 3517//6527 3516//6527 2934//6527
f 3517//6528 2934//6528 2932//6528
f 3518//6529 3517//6529 2932//6529
f 3518//6530 2932//6530 2930//6530
f 3519//6531 3518//6531 2930//6531
f 3519//6532 2930//6532 2928//6532
f 3520//6533 3519//6533 2928//6533
f 3520//6534 2928//6534 2922//6534
f 3521//6535 3520//6535 2922//6535
f 3521//6536 2922//6536 2920//6536
f 3522//6537 3521//6537 2920//6537
f 3522//6538 2920//6538 2918//6538
f 3523//6539 2918//6539 2917//6539
f 3523//6540 3522//6540 2918//6540
f 3524//6541 2917//6541 2915//6541
f 3524//6542 3523//6542 2917//6542
f 3525//6543 2915//6543 2913//6543
f 3525//6544 3524//6544 2915//6544
f 3526//6545 2913//6545 2912//6545
f 3526//6546 3525//6546 2913//6546
f 3527//6547 2912//6547 2910//6547
f 3527//6548 3526//6548 2912//6548
f 3528//6549 2910//6549 2908//6549
f 3528//6550 3527//6550 2910//6550
f 3529//6551 2908//6551 2907//6551
f 3529//6552 3528//6552 2908//6552
f 3530//6553 2907//6553 2905//6553
f 3530//6554 3529//6554 2907//6554
f 3531//6555 2905//6555 2904//6555
f 3531//6556 3530//6556 2905//6556
f 3532//6557 2904//6557 2876//6557
f 3532//6558 3531//6558 2904//6558
f 3533//6559 2876//6559 2875//6559
f 3533//6560 3532//6560 2876//6560
f 3534//6561 2875//6561 2874//6561
f 3534//6562 3533//6562 2875//6562
f 3535//6563 3534//6563 2874//6563
f 3535//6564 2874//6564 2873//6564
f 3536//6565 3535//6565 2873//6565
f 3536//6566 2873//6566 2872//6566
f 3537//6567 3536//6567 2872//6567
f 3537//6568 2872//6568 2870//6568
f 3538//6569 3537//6569 2870//6569
f 3538//6570 2870//6570 2869//6570
f 3539//6571 3538//6571 2869//6571
f 3539//6572 2869//6572 2868//6572
f 3540//6573 3539//6573 2868//6573
f 3540//6574 2868//6574 2867//6574
f 3541//6575 3540//6575 2867//6575
f 3541//6576 2867//6576 2859//6576
f 3542//6577 3541//6577 2859//6577
f 3542//6578 2859//6578 2855//6578
f 3543//6579 3542//6579 2855//6579
f 3543//6580 2855//6580 2852//6580
f 3544//6581 3543//6581 2852//6581
f 3544//6582 2852//6582 2850//6582
f 3545//6583 3544//6583 2850//6583
f 3545//6584 2850//6584 2846//6584
f 3546//6585 3545//6585 2846//6585
f 3546//6586 2846//6586 2843//6586
f 3547//6587 3546//6587 2843//6587
f 3547//6588 2843//6588 2840//6588
f 3548//6589 3547//6589 2840//6589
f 3548//6590 2840//6590 2837//6590
f 3549//6591 3548//6591 2837//6591
f 3549//6592 2837//6592 2833//6592
f 3550//6593 3549//6593 2833//6593
f 3550//6594 2833//6594 2829//6594
f 3551//6595 3550//6595 2829//6595
f 3551//6596 2829//6596 2825//6596
f 3552//6597 3551//6597 2825//6597
f 3552//6598 2825//6598 2822//6598
f 3553//6599 3552//6599 2822//6599
f 3553//6600 2822//6600 2826//6600
f 3554//6601 3553//6601 2826//6601
f 3554//6602 2826//6602 2831//6602
f 3555//6603 3554//6603 2831//6603
f 3555//6604 2831//6604 2835//6604
f 3556//6605 2835//6605 2839//6605
f 3556//6606 3555//6606 2835//6606
f 3557//6607 2839//6607 2841//6607
f 3557//6608 3556//6608 2839//6608
f 3558//6609 2841//6609 2844//6609
f 3558//6610 3557//6610 2841//6610
f 3559//6611 2844//6611 2847//6611
f 3559//6612 3558//6612 2844//6612
f 3560//6613 2847//6613 2851//6613
f 3560//6614 3559//6614 2847//6614
f 3561//6615 3560//6615 2851//6615
f 3561//6616 2851//6616 2853//6616
f 3562//6617 3561//6617 2853//6617
f 3562//6618 2853//6618 2856//6618
f 3563//6619 3562//6619 2856//6619
f 3563//6620 2856//6620 2860//6620
f 3564//6621 3563//6621 2860//6621
f 3564//6622 2860//6622 2861//6622
f 3565//6623 3564//6623 2861//6623
f 3565//6624 2861//6624 2863//6624
f 3566//6625 3565//6625 2863//6625
f 3566//6626 2863//6626 2865//6626
f 3566//6627 2865//6627 2898//6627
f 3567//6628 3566//6628 2898//6628
f 3568//6629 3567//6629 2898//6629
f 3568//6630 2898//6630 2899//6630
f 3569//6631 3568//6631 2899//6631
f 3569//6632 2899//6632 2900//6632
f 3570//6633 3569//6633 2900//6633
f 3570//6634 2900//6634 2901//6634
f 3571//6635 3570//6635 2901//6635
f 3571//6636 2901//6636 2902//6636
f 3572//6637 2903//6637 2878//6637
f 3572//6638 3571//6638 2902//6638
f 3572//6639 2902//6639 2903//6639
f 3573//6640 3572//6640 2878//6640
f 3574//6641 2878//6641 2877//6641
f 3574//6642 3573//6642 2878//6642
f 3575//6643 2877//6643 2879//6643
f 3575//6644 3574//6644 2877//6644
f 3576//6645 2879//6645 2880//6645
f 3576//6646 2880//6646 2881//6646
f 3576//6647 3575//6647 2879//6647
f 3577//6648 3576//6648 2881//6648
f 3578//6649 2881//6649 2882//6649
f 3578//6650 3577//6650 2881//6650
f 3579//6651 2882//6651 2883//6651
f 3579//6652 3578//6652 2882//6652
f 3580//6653 2883//6653 2884//6653
f 3580//6654 2884//6654 2885//6654
f 3580//6655 3579//6655 2883//6655
f 3581//6656 3580//6656 2885//6656
f 3582//6657 2885//6657 2886//6657
f 3582//6658 2886//6658 2887//6658
f 3582//6659 3581//6659 2885//6659
f 3583//6660 3582//6660 2887//6660
f 3584//6661 2887//6661 2888//6661
f 3584//6662 3583//6662 2887//6662
f 3585//6663 3584//6663 2888//6663
f 3585//6664 2888//6664 2889//6664
f 3586//6665 3585//6665 2889//6665
f 3586//6666 2889//6666 2890//6666
f 3587//6667 3586//6667 2890//6667
f 3587//6668 2890//6668 2891//6668
f 3588//6669 3587//6669 2891//6669
f 3588//6670 2891//6670 2906//6670
f 3589//6671 2906//6671 2909//6671
f 3589//6672 3588//6672 2906//6672
f 3590//6673 2909//6673 2911//6673
f 3590//6674 3589//6674 2909//6674
f 3591//6675 2911//6675 2914//6675
f 3591//6676 3590//6676 2911//6676
f 3592//6677 2914//6677 2916//6677
f 3592//6678 3591//6678 2914//6678
f 3593//6679 2916//6679 2919//6679
f 3593//6680 3592//6680 2916//6680
f 3594//6681 2919//6681 2921//6681
f 3594//6682 3593//6682 2919//6682
f 3595//6683 2921//6683 2927//6683
f 3595//6684 3594//6684 2921//6684
f 3596//6685 2927//6685 2929//6685
f 3596//6686 3595//6686 2927//6686
f 3597//6687 2929//6687 2931//6687
f 3597//6688 3596//6688 2929//6688
f 3598//6689 2931//6689 2933//6689
f 3598//6690 3597//6690 2931//6690
f 3474//6691 2933//6691 2935//6691
f 3474//6692 3598//6692 2933//6692
f 3599//6693 3600//6693 2986//6693
f 3599//6694 2986//6694 2654//6694
f 3600//6695 3601//6695 2988//6695
f 3600//6696 2988//6696 2986//6696
f 3602//6697 3599//6697 2654//6697
f 3602//6698 2654//6698 2693//6698
f 3601//6699 3602//6699 2693//6699
f 3601//6700 2693//6700 2988//6700
f 3603//6701 3604//6701 2817//6701
f 3603//6702 2817//6702 2871//6702
f 3604//6703 3605//6703 3000//6703
f 3604//6704 3000//6704 2817//6704
f 3606//6705 3603//6705 2871//6705
f 3606//6706 2871//6706 3002//6706
f 3605//6707 3606//6707 3002//6707
f 3605//6708 3002//6708 3000//6708
f 3607//6709 3608//6709 2985//6709
f 3607//6710 2985//6710 2984//6710
f 3608//6711 3609//6711 2989//6711
f 3608//6712 2989//6712 2985//6712
f 3610//6713 3607//6713 2984//6713
f 3610//6714 2984//6714 2991//6714
f 3609//6715 3610//6715 2991//6715
f 3609//6716 2991//6716 2989//6716
f 3611//6717 3612//6717 2990//6717
f 3611//6718 2990//6718 2993//6718
f 3612//6719 3613//6719 2999//6719
f 3612//6720 2999//6720 2990//6720
f 3614//6721 3611//6721 2993//6721
f 3614//6722 2993//6722 2996//6722
f 3613//6723 3614//6723 2996//6723
f 3613//6724 2996//6724 2999//6724
f 3615//6725 3616//6725 2998//6725
f 3615//6726 2998//6726 2997//6726
f 3616//6727 3617//6727 3003//6727
f 3616//6728 3003//6728 2998//6728
f 3618//6729 3615//6729 2997//6729
f 3618//6730 2997//6730 3005//6730
f 3617//6731 3618//6731 3005//6731
f 3617//6732 3005//6732 3003//6732
f 3619//6733 3620//6733 3004//6733
f 3619//6734 3004//6734 3007//6734
f 3620//6735 3621//6735 3009//6735
f 3620//6736 3009//6736 3004//6736
f 3622//6737 3619//6737 3007//6737
f 3622//6738 3007//6738 3011//6738
f 3621//6739 3622//6739 3011//6739
f 3621//6740 3011//6740 3009//6740
f 3623//6741 3624//6741 3026//6741
f 3026//6742 3624//6742 3027//6742
f 3624//6743 3625//6743 3027//6743
f 3027//6744 3625//6744 3025//6744
f 3625//6745 3623//6745 3025//6745
f 3025//6746 3623//6746 3026//6746
f 3626//6747 3627//6747 3029//6747
f 3029//6748 3627//6748 3030//6748
f 3627//6749 3628//6749 3030//6749
f 3030//6750 3628//6750 3028//6750
f 3628//6751 3626//6751 3028//6751
f 3028//6752 3626//6752 3029//6752
f 3629//6753 3630//6753 3033//6753
f 3033//6754 3630//6754 3031//6754
f 3630//6755 3631//6755 3031//6755
f 3031//6756 3631//6756 3032//6756
f 3631//6757 3629//6757 3032//6757
f 3032//6758 3629//6758 3033//6758
f 3632//6759 3633//6759 3035//6759
f 3035//6760 3633//6760 3036//6760
f 3633//6761 3634//6761 3036//6761
f 3036//6762 3634//6762 3034//6762
f 3634//6763 3632//6763 3034//6763
f 3034//6764 3632//6764 3035//6764
f 3635//6765 3636//6765 3037//6765
f 3037//6766 3636//6766 3039//6766
f 3636//6767 3637//6767 3039//6767
f 3039//6768 3637//6768 3038//6768
f 3637//6769 3635//6769 3038//6769
f 3038//6770 3635//6770 3037//6770
f 3638//6771 3639//6771 3042//6771
f 3042//6772 3639//6772 3040//6772
f 3639//6773 3640//6773 3040//6773
f 3040//6774 3640//6774 3041//6774
f 3640//6775 3638//6775 3041//6775
f 3041//6776 3638//6776 3042//6776
f 3641//6777 3642//6777 3043//6777
f 3043//6778 3642//6778 3046//6778
f 3642//6779 3643//6779 3046//6779
f 3046//6780 3643//6780 3045//6780
f 3643//6781 3644//6781 3045//6781
f 3045//6782 3644//6782 3044//6782
f 3644//6783 3641//6783 3044//6783
f 3044//6784 3641//6784 3043//6784
f 3645//6785 3646//6785 3049//6785
f 3049//6786 3646//6786 3047//6786
f 3646//6787 3647//6787 3047//6787
f 3047//6788 3647//6788 3048//6788
f 3647//6789 3648//6789 3048//6789
f 3048//6790 3648//6790 3050//6790
f 3648//6791 3645//6791 3050//6791
f 3050//6792 3645//6792 3049//6792
f 3649//6793 3650//6793 3053//6793
f 3053//6794 3650//6794 3051//6794
f 3650//6795 3651//6795 3051//6795
f 3051//6796 3651//6796 3052//6796
f 3651//6797 3649//6797 3052//6797
f 3052//6798 3649//6798 3053//6798
f 3652//6799 3653//6799 3056//6799
f 3056//6800 3653//6800 3055//6800
f 3653//6801 3654//6801 3055//6801
f 3055//6802 3654//6802 3054//6802
f 3654//6803 3652//6803 3054//6803
f 3054//6804 3652//6804 3056//6804
f 3655//6805 3656//6805 3059//6805
f 3059//6806 3656//6806 3057//6806
f 3656//6807 3657//6807 3057//6807
f 3057//6808 3657//6808 3058//6808
f 3657//6809 3655//6809 3058//6809
f 3058//6810 3655//6810 3059//6810
f 3658//6811 3659//6811 3060//6811
f 3060//6812 3659//6812 3063//6812
f 3659//6813 3660//6813 3063//6813
f 3063//6814 3660//6814 3062//6814
f 3660//6815 3661//6815 3062//6815
f 3062//6816 3661//6816 3061//6816
f 3661//6817 3658//6817 3061//6817
f 3061//6818 3658//6818 3060//6818
f 3662//6819 3663//6819 3066//6819
f 3066//6820 3663//6820 3065//6820
f 3663//6821 3664//6821 3065//6821
f 3065//6822 3664//6822 3064//6822
f 3664//6823 3662//6823 3064//6823
f 3064//6824 3662//6824 3066//6824
f 3665//6825 3666//6825 3069//6825
f 3069//6826 3666//6826 3067//6826
f 3666//6827 3667//6827 3067//6827
f 3067//6828 3667//6828 3068//6828
f 3667//6829 3665//6829 3068//6829
f 3068//6830 3665//6830 3069//6830
f 3668//6831 3669//6831 3070//6831
f 3070//6832 3669//6832 3073//6832
f 3669//6833 3670//6833 3073//6833
f 3073//6834 3670//6834 3072//6834
f 3670//6835 3671//6835 3072//6835
f 3072//6836 3671//6836 3071//6836
f 3671//6837 3668//6837 3071//6837
f 3071//6838 3668//6838 3070//6838
f 3672//6839 3673//6839 3076//6839
f 3076//6840 3673//6840 3075//6840
f 3673//6841 3674//6841 3075//6841
f 3075//6842 3674//6842 3074//6842
f 3674//6843 3672//6843 3074//6843
f 3074//6844 3672//6844 3076//6844
f 3675//6845 3676//6845 3079//6845
f 3079//6846 3676//6846 3077//6846
f 3676//6847 3677//6847 3077//6847
f 3077//6848 3677//6848 3078//6848
f 3677//6849 3675//6849 3078//6849
f 3078//6850 3675//6850 3079//6850
f 3678//6851 3679//6851 3083//6851
f 3083//6852 3679//6852 3080//6852
f 3679//6853 3680//6853 3080//6853
f 3080//6854 3680//6854 3081//6854
f 3680//6855 3681//6855 3081//6855
f 3081//6856 3681//6856 3082//6856
f 3681//6857 3678//6857 3082//6857
f 3082//6858 3678//6858 3083//6858
f 3682//6859 3683//6859 3086//6859
f 3086//6860 3683//6860 3085//6860
f 3683//6861 3684//6861 3085//6861
f 3085//6862 3684//6862 3084//6862
f 3684//6863 3682//6863 3084//6863
f 3084//6864 3682//6864 3086//6864
f 3167//6865 3165//6865 3166//6865
f 3168//6866 3165//6866 3167//6866
f 3163//6867 3164//6867 3165//6867
f 3170//6868 3168//6868 3169//6868
f 3161//6869 3163//6869 3165//6869
f 3161//6870 3162//6870 3163//6870
f 3172//6871 3165//6871 3168//6871
f 3172//6872 3168//6872 3170//6872
f 3172//6873 3170//6873 3171//6873
f 3158//6874 3161//6874 3165//6874
f 3158//6875 3159//6875 3160//6875
f 3158//6876 3160//6876 3161//6876
f 3174//6877 3172//6877 3173//6877
f 3156//6878 3157//6878 3158//6878
f 3176//6879 3174//6879 3175//6879
f 3154//6880 3156//6880 3158//6880
f 3154//6881 3155//6881 3156//6881
f 3178//6882 3176//6882 3177//6882
f 3179//6883 3176//6883 3178//6883
f 3152//6884 3153//6884 3154//6884
f 3150//6885 3151//6885 3152//6885
f 3182//6886 3179//6886 3180//6886
f 3182//6887 3180//6887 3181//6887
f 3148//6888 3149//6888 3150//6888
f 3148//6889 3152//6889 3154//6889
f 3148//6890 3150//6890 3152//6890
f 3184//6891 3182//6891 3183//6891
f 3185//6892 3182//6892 3184//6892
f 3185//6893 3165//6893 3172//6893
f 3185//6894 3172//6894 3174//6894
f 3185//6895 3174//6895 3176//6895
f 3185//6896 3176//6896 3179//6896
f 3185//6897 3179//6897 3182//6897
f 3146//6898 3147//6898 3148//6898
f 3145//6899 3146//6899 3148//6899
f 3145//6900 3154//6900 3158//6900
f 3145//6901 3148//6901 3154//6901
f 3187//6902 3185//6902 3186//6902
f 3188//6903 3185//6903 3187//6903
f 3142//6904 3143//6904 3144//6904
f 3141//6905 3142//6905 3144//6905
f 3141//6906 3144//6906 3145//6906
f 3192//6907 3188//6907 3189//6907
f 3192//6908 3189//6908 3190//6908
f 3192//6909 3190//6909 3191//6909
f 3192//6910 3185//6910 3188//6910
f 3139//6911 3140//6911 3141//6911
f 3137//6912 3139//6912 3141//6912
f 3137//6913 3138//6913 3139//6913
f 3195//6914 3165//6914 3185//6914
f 3195//6915 3192//6915 3193//6915
f 3195//6916 3193//6916 3194//6916
f 3195//6917 3185//6917 3192//6917
f 3136//6918 3137//6918 3141//6918
f 3134//6919 3135//6919 3136//6919
f 3199//6920 3195//6920 3196//6920
f 3199//6921 3196//6921 3197//6921
f 3199//6922 3197//6922 3198//6922
f 3132//6923 3133//6923 3134//6923
f 3202//6924 3200//6924 3201//6924
f 3129//6925 3130//6925 3131//6925
f 3129//6926 3131//6926 3132//6926
f 3129//6927 3134//6927 3136//6927
f 3129//6928 3132//6928 3134//6928
f 3204//6929 3202//6929 3203//6929
f 3204//6930 3200//6930 3202//6930
f 3127//6931 3128//6931 3129//6931
f 3206//6932 3199//6932 3200//6932
f 3206//6933 3204//6933 3205//6933
f 3206//6934 3200//6934 3204//6934
f 3206//6935 3195//6935 3199//6935
f 3125//6936 3126//6936 3127//6936
f 3124//6937 3125//6937 3127//6937
f 3208//6938 3206//6938 3207//6938
f 3122//6939 3123//6939 3124//6939
f 3122//6940 3124//6940 3127//6940
f 3122//6941 3127//6941 3129//6941
f 3210//6942 3208//6942 3209//6942
f 3210//6943 3165//6943 3195//6943
f 3210//6944 3158//6944 3165//6944
f 3210//6945 3195//6945 3206//6945
f 3210//6946 3206//6946 3208//6946
f 3120//6947 3121//6947 3122//6947
f 3119//6948 3120//6948 3122//6948
f 3089//6949 3088//6949 3087//6949
f 3089//6950 3212//6950 3088//6950
f 3090//6951 3145//6951 3158//6951
f 3090//6952 3210//6952 3211//6952
f 3090//6953 3211//6953 3212//6953
f 3090//6954 3212//6954 3089//6954
f 3090//6955 3158//6955 3210//6955
f 3115//6956 3116//6956 3117//6956
f 3115//6957 3117//6957 3118//6957
f 3115//6958 3118//6958 3119//6958
f 3115//6959 3119//6959 3122//6959
f 3113//6960 3114//6960 3115//6960
f 3093//6961 3090//6961 3091//6961
f 3093//6962 3091//6962 3092//6962
f 3094//6963 3090//6963 3093//6963
f 3111//6964 3112//6964 3113//6964
f 3095//6965 3090//6965 3094//6965
f 3096//6966 3090//6966 3095//6966
f 3109//6967 3110//6967 3111//6967
f 3109//6968 3113//6968 3115//6968
f 3109//6969 3111//6969 3113//6969
f 3099//6970 3097//6970 3098//6970
f 3106//6971 3107//6971 3108//6971
f 3106//6972 3108//6972 3109//6972
f 3106//6973 3115//6973 3122//6973
f 3106//6974 3109//6974 3115//6974
f 3100//6975 3141//6975 3145//6975
f 3100//6976 3096//6976 3097//6976
f 3100//6977 3097//6977 3099//6977
f 3100//6978 3145//6978 3090//6978
f 3100//6979 3136//6979 3141//6979
f 3100//6980 3090//6980 3096//6980
f 3102//6981 3100//6981 3101//6981
f 3103//6982 3104//6982 3105//6982
f 3103//6983 3105//6983 3106//6983
f 3103//6984 3136//6984 3100//6984
f 3103//6985 3106//6985 3122//6985
f 3103//6986 3129//6986 3136//6986
f 3103//6987 3100//6987 3102//6987
f 3103//6988 3122//6988 3129//6988
f 3294//6989 3291//6989 3292//6989
f 3294//6990 3292//6990 3293//6990
f 3289//6991 3290//6991 3291//6991
f 3296//6992 3291//6992 3294//6992
f 3296//6993 3294//6993 3295//6993
f 3287//6994 3289//6994 3291//6994
f 3287//6995 3288//6995 3289//6995
f 3298//6996 3296//6996 3297//6996
f 3285//6997 3286//6997 3287//6997
f 3284//6998 3287//6998 3291//6998
f 3284//6999 3285//6999 3287//6999
f 3300//7000 3291//7000 3296//7000
f 3300//7001 3296//7001 3298//7001
f 3300//7002 3298//7002 3299//7002
f 3282//7003 3283//7003 3284//7003
f 3302//7004 3300//7004 3301//7004
f 3303//7005 3300//7005 3302//7005
f 3280//7006 3281//7006 3282//7006
f 3279//7007 3282//7007 3284//7007
f 3279//7008 3280//7008 3282//7008
f 3306//7009 3303//7009 3304//7009
f 3306//7010 3304//7010 3305//7010
f 3276//7011 3277//7011 3278//7011
f 3276//7012 3278//7012 3279//7012
f 3308//7013 3300//7013 3303//7013
f 3308//7014 3303//7014 3306//7014
f 3308//7015 3306//7015 3307//7015
f 3274//7016 3275//7016 3276//7016
f 3274//7017 3279//7017 3284//7017
f 3274//7018 3276//7018 3279//7018
f 3310//7019 3308//7019 3309//7019
f 3272//7020 3273//7020 3274//7020
f 3271//7021 3272//7021 3274//7021
f 3314//7022 3310//7022 3311//7022
f 3314//7023 3311//7023 3312//7023
f 3314//7024 3312//7024 3313//7024
f 3267//7025 3271//7025 3274//7025
f 3267//7026 3268//7026 3269//7026
f 3267//7027 3269//7027 3270//7027
f 3267//7028 3270//7028 3271//7028
f 3267//7029 3274//7029 3284//7029
f 3318//7030 3315//7030 3316//7030
f 3318//7031 3316//7031 3317//7031
f 3265//7032 3266//7032 3267//7032
f 3319//7033 3315//7033 3318//7033
f 3320//7034 3314//7034 3315//7034
f 3320//7035 3315//7035 3319//7035
f 3263//7036 3265//7036 3267//7036
f 3263//7037 3264//7037 3265//7037
f 3323//7038 3320//7038 3321//7038
f 3323//7039 3321//7039 3322//7039
f 3323//7040 3314//7040 3320//7040
f 3259//7041 3260//7041 3261//7041
f 3259//7042 3261//7042 3262//7042
f 3259//7043 3262//7043 3263//7043
f 3325//7044 3308//7044 3310//7044
f 3325//7045 3310//7045 3314//7045
f 3325//7046 3323//7046 3324//7046
f 3325//7047 3314//7047 3323//7047
f 3258//7048 3259//7048 3263//7048
f 3257//7049 3267//7049 3284//7049
f 3257//7050 3258//7050 3263//7050
f 3257//7051 3263//7051 3267//7051
f 3257//7052 3291//7052 3300//7052
f 3257//7053 3284//7053 3291//7053
f 3327//7054 3325//7054 3326//7054
f 3328//7055 3325//7055 3327//7055
f 3254//7056 3255//7056 3256//7056
f 3330//7057 3328//7057 3329//7057
f 3330//7058 3325//7058 3328//7058
f 3253//7059 3256//7059 3257//7059
f 3253//7060 3254//7060 3256//7060
f 3332//7061 3330//7061 3331//7061
f 3332//7062 3325//7062 3330//7062
f 3251//7063 3252//7063 3253//7063
f 3250//7064 3251//7064 3253//7064
f 3335//7065 3333//7065 3334//7065
f 3248//7066 3249//7066 3250//7066
f 3336//7067 3332//7067 3333//7067
f 3336//7068 3325//7068 3332//7068
f 3336//7069 3333//7069 3335//7069
f 3247//7070 3248//7070 3250//7070
f 3246//7071 3247//7071 3250//7071
f 3246//7072 3250//7072 3253//7072
f 3338//7073 3336//7073 3337//7073
f 3243//7074 3246//7074 3253//7074
f 3243//7075 3244//7075 3245//7075
f 3243//7076 3245//7076 3246//7076
f 3243//7077 3257//7077 3300//7077
f 3243//7078 3253//7078 3257//7078
f 3243//7079 3300//7079 3308//7079
f 3215//7080 3214//7080 3213//7080
f 3215//7081 3336//7081 3338//7081
f 3215//7082 3338//7082 3214//7082
f 3216//7083 3336//7083 3215//7083
f 3241//7084 3242//7084 3243//7084
f 3218//7085 3216//7085 3217//7085
f 3219//7086 3216//7086 3218//7086
f 3220//7087 3216//7087 3219//7087
f 3237//7088 3238//7088 3239//7088
f 3221//7089 3216//7089 3220//7089
f 3234//7090 3235//7090 3236//7090
f 3234//7091 3236//7091 3237//7091
f 3234//7092 3239//7092 3240//7092
f 3234//7093 3240//7093 3241//7093
f 3234//7094 3237//7094 3239//7094
f 3233//7095 3243//7095 3308//7095
f 3233//7096 3241//7096 3243//7096
f 3233//7097 3234//7097 3241//7097
f 3225//7098 3223//7098 3224//7098
f 3226//7099 3223//7099 3225//7099
f 3227//7100 3223//7100 3226//7100
f 3230//7101 3325//7101 3336//7101
f 3230//7102 3231//7102 3232//7102
f 3230//7103 3232//7103 3233//7103
f 3230//7104 3336//7104 3216//7104
f 3230//7105 3216//7105 3221//7105
f 3230//7106 3308//7106 3325//7106
f 3230//7107 3233//7107 3308//7107
f 3229//7108 3221//7108 3222//7108
f 3229//7109 3222//7109 3223//7109
f 3229//7110 3227//7110 3228//7110
f 3229//7111 3223//7111 3227//7111
f 3229//7112 3230//7112 3221//7112
f 3342//7113 3340//7113 3339//7113
f 3341//7114 3340//7114 3342//7114
f 3423//7115 3421//7115 3422//7115
f 3424//7116 3421//7116 3423//7116
f 3419//7117 3420//7117 3421//7117
f 3426//7118 3424//7118 3425//7118
f 3417//7119 3419//7119 3421//7119
f 3417//7120 3418//7120 3419//7120
f 3428//7121 3421//7121 3424//7121
f 3428//7122 3424//7122 3426//7122
f 3428//7123 3426//7123 3427//7123
f 3414//7124 3417//7124 3421//7124
f 3414//7125 3415//7125 3416//7125
f 3414//7126 3416//7126 3417//7126
f 3430//7127 3428//7127 3429//7127
f 3412//7128 3413//7128 3414//7128
f 3432//7129 3430//7129 3431//7129
f 3410//7130 3412//7130 3414//7130
f 3410//7131 3411//7131 3412//7131
f 3434//7132 3432//7132 3433//7132
f 3435//7133 3432//7133 3434//7133
f 3408//7134 3409//7134 3410//7134
f 3406//7135 3407//7135 3408//7135
f 3438//7136 3435//7136 3436//7136
f 3438//7137 3436//7137 3437//7137
f 3404//7138 3405//7138 3406//7138
f 3404//7139 3408//7139 3410//7139
f 3404//7140 3406//7140 3408//7140
f 3440//7141 3438//7141 3439//7141
f 3441//7142 3438//7142 3440//7142
f 3441//7143 3421//7143 3428//7143
f 3441//7144 3428//7144 3430//7144
f 3441//7145 3430//7145 3432//7145
f 3441//7146 3432//7146 3435//7146
f 3441//7147 3435//7147 3438//7147
f 3402//7148 3403//7148 3404//7148
f 3401//7149 3402//7149 3404//7149
f 3401//7150 3410//7150 3414//7150
f 3401//7151 3404//7151 3410//7151
f 3443//7152 3441//7152 3442//7152
f 3444//7153 3441//7153 3443//7153
f 3398//7154 3399//7154 3400//7154
f 3397//7155 3398//7155 3400//7155
f 3397//7156 3400//7156 3401//7156
f 3448//7157 3444//7157 3445//7157
f 3448//7158 3445//7158 3446//7158
f 3448//7159 3446//7159 3447//7159
f 3448//7160 3441//7160 3444//7160
f 3395//7161 3396//7161 3397//7161
f 3393//7162 3395//7162 3397//7162
f 3393//7163 3394//7163 3395//7163
f 3451//7164 3421//7164 3441//7164
f 3451//7165 3448//7165 3449//7165
f 3451//7166 3449//7166 3450//7166
f 3451//7167 3441//7167 3448//7167
f 3392//7168 3393//7168 3397//7168
f 3390//7169 3391//7169 3392//7169
f 3455//7170 3451//7170 3452//7170
f 3455//7171 3452//7171 3453//7171
f 3455//7172 3453//7172 3454//7172
f 3388//7173 3389//7173 3390//7173
f 3458//7174 3456//7174 3457//7174
f 3385//7175 3386//7175 3387//7175
f 3385//7176 3387//7176 3388//7176
f 3385//7177 3390//7177 3392//7177
f 3385//7178 3388//7178 3390//7178
f 3460//7179 3458//7179 3459//7179
f 3460//7180 3456//7180 3458//7180
f 3383//7181 3384//7181 3385//7181
f 3462//7182 3455//7182 3456//7182
f 3462//7183 3460//7183 3461//7183
f 3462//7184 3456//7184 3460//7184
f 3462//7185 3451//7185 3455//7185
f 3381//7186 3382//7186 3383//7186
f 3380//7187 3381//7187 3383//7187
f 3464//7188 3462//7188 3463//7188
f 3378//7189 3379//7189 3380//7189
f 3378//7190 3380//7190 3383//7190
f 3378//7191 3383//7191 3385//7191
f 3466//7192 3464//7192 3465//7192
f 3466//7193 3421//7193 3451//7193
f 3466//7194 3414//7194 3421//7194
f 3466//7195 3451//7195 3462//7195
f 3466//7196 3462//7196 3464//7196
f 3376//7197 3377//7197 3378//7197
f 3375//7198 3376//7198 3378//7198
f 3345//7199 3344//7199 3343//7199
f 3345//7200 3468//7200 3344//7200
f 3346//7201 3401//7201 3414//7201
f 3346//7202 3466//7202 3467//7202
f 3346//7203 3467//7203 3468//7203
f 3346//7204 3468//7204 3345//7204
f 3346//7205 3414//7205 3466//7205
f 3371//7206 3372//7206 3373//7206
f 3371//7207 3373//7207 3374//7207
f 3371//7208 3374//7208 3375//7208
f 3371//7209 3375//7209 3378//7209
f 3369//7210 3370//7210 3371//7210
f 3349//7211 3346//7211 3347//7211
f 3349//7212 3347//7212 3348//7212
f 3350//7213 3346//7213 3349//7213
f 3367//7214 3368//7214 3369//7214
f 3351//7215 3346//7215 3350//7215
f 3352//7216 3346//7216 3351//7216
f 3365//7217 3366//7217 3367//7217
f 3365//7218 3369//7218 3371//7218
f 3365//7219 3367//7219 3369//7219
f 3355//7220 3353//7220 3354//7220
f 3362//7221 3363//7221 3364//7221
f 3362//7222 3364//7222 3365//7222
f 3362//7223 3371//7223 3378//7223
f 3362//7224 3365//7224 3371//7224
f 3356//7225 3397//7225 3401//7225
f 3356//7226 3352//7226 3353//7226
f 3356//7227 3353//7227 3355//7227
f 3356//7228 3401//7228 3346//7228
f 3356//7229 3392//7229 3397//7229
f 3356//7230 3346//7230 3352//7230
f 3358//7231 3356//7231 3357//7231
f 3359//7232 3360//7232 3361//7232
f 3359//7233 3361//7233 3362//7233
f 3359//7234 3392//7234 3356//7234
f 3359//7235 3362//7235 3378//7235
f 3359//7236 3385//7236 3392//7236
f 3359//7237 3356//7237 3358//7237
f 3359//7238 3378//7238 3385//7238
f 3471//7239 3470//7239 3469//7239
f 3472//7240 3471//7240 3469//7240
f 3554//7241 3551//7241 3552//7241
f 3554//7242 3552//7242 3553//7242
f 3549//7243 3550//7243 3551//7243
f 3556//7244 3551//7244 3554//7244
f 3556//7245 3554//7245 3555//7245
f 3547//7246 3549//7246 3551//7246
f 3547//7247 3548//7247 3549//7247
f 3558//7248 3556//7248 3557//7248
f 3545//7249 3546//7249 3547//7249
f 3544//7250 3547//7250 3551//7250
f 3544//7251 3545//7251 3547//7251
f 3560//7252 3551//7252 3556//7252
f 3560//7253 3556//7253 3558//7253
f 3560//7254 3558//7254 3559//7254
f 3542//7255 3543//7255 3544//7255
f 3562//7256 3560//7256 3561//7256
f 3563//7257 3560//7257 3562//7257
f 3540//7258 3541//7258 3542//7258
f 3539//7259 3542//7259 3544//7259
f 3539//7260 3540//7260 3542//7260
f 3566//7261 3563//7261 3564//7261
f 3566//7262 3564//7262 3565//7262
f 3536//7263 3537//7263 3538//7263
f 3536//7264 3538//7264 3539//7264
f 3568//7265 3560//7265 3563//7265
f 3568//7266 3563//7266 3566//7266
f 3568//7267 3566//7267 3567//7267
f 3534//7268 3535//7268 3536//7268
f 3534//7269 3539//7269 3544//7269
f 3534//7270 3536//7270 3539//7270
f 3570//7271 3568//7271 3569//7271
f 3532//7272 3533//7272 3534//7272
f 3531//7273 3532//7273 3534//7273
f 3574//7274 3570//7274 3571//7274
f 3574//7275 3571//7275 3572//7275
f 3574//7276 3572//7276 3573//7276
f 3527//7277 3531//7277 3534//7277
f 3527//7278 3528//7278 3529//7278
f 3527//7279 3529//7279 3530//7279
f 3527//7280 3530//7280 3531//7280
f 3527//7281 3534//7281 3544//7281
f 3578//7282 3575//7282 3576//7282
f 3578//7283 3576//7283 3577//7283
f 3525//7284 3526//7284 3527//7284
f 3579//7285 3575//7285 3578//7285
f 3580//7286 3574//7286 3575//7286
f 3580//7287 3575//7287 3579//7287
f 3523//7288 3525//7288 3527//7288
f 3523//7289 3524//7289 3525//7289
f 3583//7290 3580//7290 3581//7290
f 3583//7291 3581//7291 3582//7291
f 3583//7292 3574//7292 3580//7292
f 3519//7293 3520//7293 3521//7293
f 3519//7294 3521//7294 3522//7294
f 3519//7295 3522//7295 3523//7295
f 3585//7296 3568//7296 3570//7296
f 3585//7297 3570//7297 3574//7297
f 3585//7298 3583//7298 3584//7298
f 3585//7299 3574//7299 3583//7299
f 3518//7300 3519//7300 3523//7300
f 3517//7301 3527//7301 3544//7301
f 3517//7302 3518//7302 3523//7302
f 3517//7303 3523//7303 3527//7303
f 3517//7304 3551//7304 3560//7304
f 3517//7305 3544//7305 3551//7305
f 3587//7306 3585//7306 3586//7306
f 3588//7307 3585//7307 3587//7307
f 3514//7308 3515//7308 3516//7308
f 3590//7309 3588//7309 3589//7309
f 3590//7310 3585//7310 3588//7310
f 3513//7311 3516//7311 3517//7311
f 3513//7312 3514//7312 3516//7312
f 3592//7313 3590//7313 3591//7313
f 3592//7314 3585//7314 3590//7314
f 3511//7315 3512//7315 3513//7315
f 3510//7316 3511//7316 3513//7316
f 3595//7317 3593//7317 3594//7317
f 3508//7318 3509//7318 3510//7318
f 3596//7319 3592//7319 3593//7319
f 3596//7320 3585//7320 3592//7320
f 3596//7321 3593//7321 3595//7321
f 3507//7322 3508//7322 3510//7322
f 3506//7323 3507//7323 3510//7323
f 3506//7324 3510//7324 3513//7324
f 3598//7325 3596//7325 3597//7325
f 3503//7326 3506//7326 3513//7326
f 3503//7327 3504//7327 3505//7327
f 3503//7328 3505//7328 3506//7328
f 3503//7329 3517//7329 3560//7329
f 3503//7330 3513//7330 3517//7330
f 3503//7331 3560//7331 3568//7331
f 3475//7332 3474//7332 3473//7332
f 3475//7333 3596//7333 3598//7333
f 3475//7334 3598//7334 3474//7334
f 3476//7335 3596//7335 3475//7335
f 3501//7336 3502//7336 3503//7336
f 3478//7337 3476//7337 3477//7337
f 3479//7338 3476//7338 3478//7338
f 3480//7339 3476//7339 3479//7339
f 3497//7340 3498//7340 3499//7340
f 3481//7341 3476//7341 3480//7341
f 3494//7342 3495//7342 3496//7342
f 3494//7343 3496//7343 3497//7343
f 3494//7344 3499//7344 3500//7344
f 3494//7345 3500//7345 3501//7345
f 3494//7346 3497//7346 3499//7346
f 3493//7347 3503//7347 3568//7347
f 3493//7348 3501//7348 3503//7348
f 3493//7349 3494//7349 3501//7349
f 3485//7350 3483//7350 3484//7350
f 3486//7351 3483//7351 3485//7351
f 3487//7352 3483//7352 3486//7352
f 3490//7353 3585//7353 3596//7353
f 3490//7354 3491//7354 3492//7354
f 3490//7355 3492//7355 3493//7355
f 3490//7356 3596//7356 3476//7356
f 3490//7357 3476//7357 3481//7357
f 3490//7358 3568//7358 3585//7358
f 3490//7359 3493//7359 3568//7359
f 3489//7360 3481//7360 3482//7360
f 3489//7361 3482//7361 3483//7361
f 3489//7362 3487//7362 3488//7362
f 3489//7363 3483//7363 3487//7363
f 3489//7364 3490//7364 3481//7364
f 3601//7365 3600//7365 3599//7365
f 3601//7366 3599//7366 3602//7366
f 3606//7367 3605//7367 3604//7367
f 3606//7368 3604//7368 3603//7368
f 3610//7369 3609//7369 3608//7369
f 3610//7370 3608//7370 3607//7370
f 3613//7371 3612//7371 3611//7371
f 3614//7372 3613//7372 3611//7372
f 3617//7373 3616//7373 3615//7373
f 3618//7374 3617//7374 3615//7374
f 3622//7375 3621//7375 3620//7375
f 3622//7376 3620//7376 3619//7376
f 3625//7377 3624//7377 3623//7377
f 3628//7378 3627//7378 3626//7378
f 3630//7379 3629//7379 3631//7379
f 3634//7380 3633//7380 3632//7380
f 3637//7381 3636//7381 3635//7381
f 3639//7382 3638//7382 3640//7382
f 3644//7383 3642//7383 3641//7383
f 3643//7384 3642//7384 3644//7384
f 3646//7385 3648//7385 3647//7385
f 3646//7386 3645//7386 3648//7386
f 3650//7387 3649//7387 3651//7387
f 3653//7388 3652//7388 3654//7388
f 3656//7389 3655//7389 3657//7389
f 3661//7390 3659//7390 3658//7390
f 3660//7391 3659//7391 3661//7391
f 3663//7392 3662//7392 3664//7392
f 3666//7393 3665//7393 3667//7393
f 3671//7394 3669//7394 3668//7394
f 3670//7395 3669//7395 3671//7395
f 3673//7396 3672//7396 3674//7396
f 3676//7397 3675//7397 3677//7397
f 3679//7398 3681//7398 3680//7398
f 3679//7399 3678//7399 3681//7399
f 3683//7400 3682//7400 3684//7400
