  0
SECTION
  2
HEADER
  9
$ACADVER
  1
AC1018
  9
$HANDSEED
  5
FFFFFFFF
  9
$ANGBASE
  50
0.0
  9
$ANGDIR
  70
1
  9
$MEASUREMENT
  70
0
  9
$INSUNITS
  70
1
  0
ENDSEC
  0
SECTION
  2
TABLES
  0
TABLE
  2
APPID
  5
1
330
0
100
AcDbSymbolTable
 70
1
  0
APPID
  5
2
330
1
100
AcDbSymbolTableRecord
100
AcDbRegAppTableRecord
  2
ACAD
 70
0
  0
ENDTAB
  0
TABLE
  2
LTYPE
  5
3
330
0
100
AcDbSymbolTable
 70
6
  0
LTYPE
  5
4
330
3
100
AcDbSymbolTableRecord
100
AcDbLinetypeTableRecord
  2
ByBlock
 70
0
  3

 72
65
 73
0
 40
0
  0
LTYPE
  5
5
330
3
100
AcDbSymbolTableRecord
100
AcDbLinetypeTableRecord
  2
ByLayer
 70
0
  3

 72
65
 73
0
 40
0
  0
LTYPE
  5
6
330
3
100
AcDbSymbolTableRecord
100
AcDbLinetypeTableRecord
  2
CONTINUOUS
 70
0
  3
Solid line
 72
65
 73
0
 40
0
  0
LTYPE
  5
7
330
3
100
AcDbSymbolTableRecord
100
AcDbLinetypeTableRecord
  2
DASHDOT
 70
0
  3
Dash Dot ____ _ ____ _
 72
65
 73
4
 40
2
 49
1.25
 74
0
 49
-0.25
 74
0
 49
0.25
 74
0
 49
-0.25
 74
0
  0
LTYPE
  5
8
330
3
100
AcDbSymbolTableRecord
100
AcDbLinetypeTableRecord
  2
DASHED
 70
0
  3
Dashed __ __ __ __ __
 72
65
 73
2
 40
0.75
 49
0.5
 74
0
 49
-0.25
 74
0
  0
LTYPE
  5
9
330
3
100
AcDbSymbolTableRecord
100
AcDbLinetypeTableRecord
  2
DOTTED
 70
0
  3
Dotted .  .  .  .
 72
65
 73
2
 40
0.2
 49
0.0
 74
0
 49
-0.2
 74
0
  0
ENDTAB
  0
TABLE
  2
STYLE
  5
A
330
0
100
AcDbSymbolTable
 70
4
  0
STYLE
  5
B
330
A
100
AcDbSymbolTableRecord
100
AcDbTextStyleTableRecord
  2
KICAD
 70
0
 40
0
 41
1
 42
1
 50
0
 71
0
  3
isocp.shx
  0
STYLE
  5
C
330
A
100
AcDbSymbolTableRecord
100
AcDbTextStyleTableRecord
  2
KICADB
 70
0
 40
0
 41
1
 42
1
 50
0
 71
0
  3
isocp.shx
  0
STYLE
  5
D
330
A
100
AcDbSymbolTableRecord
100
AcDbTextStyleTableRecord
  2
KICADI
 70
0
 40
0
 41
1
 42
1
 50
15
 71
0
  3
isocp.shx
  0
STYLE
  5
E
330
A
100
AcDbSymbolTableRecord
100
AcDbTextStyleTableRecord
  2
KICADBI
 70
0
 40
0
 41
1
 42
1
 50
15
 71
0
  3
isocp.shx
  0
ENDTAB
  0
TABLE
  2
LAYER
  5
F
330
0
100
AcDbSymbolTable
 70
3
  0
LAYER
  5
12
330
F
100
AcDbSymbolTableRecord
100
AcDbLayerTableRecord
  2
0
 70
0
 62
7
  6
CONTINUOUS
390
10
  0
LAYER
  5
13
330
F
100
AcDbSymbolTableRecord
100
AcDbLayerTableRecord
  2
F.Silkscreen
 70
0
 62
41
420
15920545
  6
CONTINUOUS
390
10
  0
LAYER
  5
14
330
F
100
AcDbSymbolTableRecord
100
AcDbLayerTableRecord
  2
B.Silkscreen
 70
0
 62
31
420
15250087
  6
CONTINUOUS
390
10
  0
ENDTAB
  0
TABLE
  2
VPORT
  5
15
330
0
100
AcDbSymbolTable
 70
0
  0
ENDTAB
  0
TABLE
  2
VIEW
  5
16
330
0
100
AcDbSymbolTable
 70
0
  0
ENDTAB
  0
TABLE
  2
UCS
  5
17
330
0
100
AcDbSymbolTable
 70
0
  0
ENDTAB
  0
TABLE
  2
DIMSTYLE
  5
18
330
0
100
AcDbSymbolTable
 70
1
100
AcDbDimStyleTable
 71
0
  0
DIMSTYLE
105
19
330
18
100
AcDbSymbolTableRecord
100
AcDbDimStyleTableRecord
  2
Standard
 70
0
  0
ENDTAB
  0
TABLE
  2
BLOCK_RECORD
  5
1A
330
0
100
AcDbSymbolTable
 70
3
  0
BLOCK_RECORD
  5
1B
330
1A
100
AcDbSymbolTableRecord
100
AcDbBlockTableRecord
  2
*Model_Space
340
1E
 70
0
280
1
281
0
  0
BLOCK_RECORD
  5
1C
330
1A
100
AcDbSymbolTableRecord
100
AcDbBlockTableRecord
  2
*Paper_Space
340
1F
 70
0
280
1
281
0
  0
BLOCK_RECORD
  5
1D
330
1A
100
AcDbSymbolTableRecord
100
AcDbBlockTableRecord
  2
*Paper_Space0
340
20
 70
0
280
1
281
0
  0
ENDTAB
  0
ENDSEC
  0
SECTION
  2
BLOCKS
  0
BLOCK
  5
24
330
1B
100
AcDbEntity
  8
0
100
AcDbBlockBegin
  2
*Model_Space
 70
0
 10
0.0
 20
0.0
 30
0.0
  3
*Model_Space
  1

  0
ENDBLK
  5
23
330
1B
100
AcDbEntity
  8
0
100
AcDbBlockEnd
  0
BLOCK
  5
26
330
1C
100
AcDbEntity
 67
1
  8
0
100
AcDbBlockBegin
  2
*Paper_Space
 70
0
 10
0.0
 20
0.0
 30
0.0
  3
*Paper_Space
  1

  0
ENDBLK
  5
25
330
1C
100
AcDbEntity
 67
1
  8
0
100
AcDbBlockEnd
  0
BLOCK
  5
28
330
1D
100
AcDbEntity
 67
1
  8
0
100
AcDbBlockBegin
  2
*Paper_Space0
 70
0
 10
0.0
 20
0.0
 30
0.0
  3
*Paper_Space0
  1

  0
ENDBLK
  5
27
330
1D
100
AcDbEntity
 67
1
  8
0
100
AcDbBlockEnd
  0
ENDSEC
  0
SECTION
  2
ENTITIES
  0
LINE
  5
29
330
1B
100
AcDbEntity
  8
B.Silkscreen
  6
CONTINUOUS
100
AcDbLine
 10
2.3264945275590549
 20
-4.3537231102362206
 30
0
 11
2.3277729527559057
 21
-4.3550015354330709
 31
0
  0
LINE
  5
2A
330
1B
100
AcDbEntity
  8
B.Silkscreen
  6
CONTINUOUS
100
AcDbLine
 10
2.3277729527559057
 20
-4.3550015354330709
 30
0
 11
2.3279527559055118
 21
-4.3559055118110237
 31
0
  0
LINE
  5
2B
330
1B
100
AcDbEntity
  8
B.Silkscreen
  6
CONTINUOUS
100
AcDbLine
 10
2.3279527559055118
 20
-4.3559055118110237
 30
0
 11
2.3279527559055118
 21
-4.4629921259842522
 31
0
  0
LINE
  5
2C
330
1B
100
AcDbEntity
  8
B.Silkscreen
  6
CONTINUOUS
100
AcDbLine
 10
2.3279527559055118
 20
-4.4629921259842522
 30
0
 11
2.3277729527559057
 21
-4.463896102362205
 31
0
  0
LINE
  5
2D
330
1B
100
AcDbEntity
  8
B.Silkscreen
  6
CONTINUOUS
100
AcDbLine
 10
2.3277729527559057
 20
-4.463896102362205
 30
0
 11
2.3264945275590549
 21
-4.4651745275590553
 31
0
  0
LINE
  5
2E
330
1B
100
AcDbEntity
  8
B.Silkscreen
  6
CONTINUOUS
100
AcDbLine
 10
2.3264945275590549
 20
-4.4651745275590553
 30
0
 11
2.3255905511811021
 21
-4.4653543307086609
 31
0
  0
LINE
  5
2F
330
1B
100
AcDbEntity
  8
B.Silkscreen
  6
CONTINUOUS
100
AcDbLine
 10
2.3255905511811021
 20
-4.4653543307086609
 30
0
 11
1.9232283464566928
 21
-4.4653543307086609
 31
0
  0
LINE
  5
30
330
1B
100
AcDbEntity
  8
B.Silkscreen
  6
CONTINUOUS
100
AcDbLine
 10
1.9232283464566928
 20
-4.4653543307086609
 30
0
 11
1.92232437007874
 21
-4.4651745275590553
 31
0
  0
LINE
  5
31
330
1B
100
AcDbEntity
  8
B.Silkscreen
  6
CONTINUOUS
100
AcDbLine
 10
1.92232437007874
 20
-4.4651745275590553
 30
0
 11
1.9210459448818897
 21
-4.463896102362205
 31
0
  0
LINE
  5
32
330
1B
100
AcDbEntity
  8
B.Silkscreen
  6
CONTINUOUS
100
AcDbLine
 10
1.9210459448818897
 20
-4.463896102362205
 30
0
 11
1.9208661417322834
 21
-4.4629921259842522
 31
0
  0
LINE
  5
33
330
1B
100
AcDbEntity
  8
B.Silkscreen
  6
CONTINUOUS
100
AcDbLine
 10
1.9208661417322834
 20
-4.4629921259842522
 30
0
 11
1.9208661417322834
 21
-4.3559055118110237
 31
0
  0
LINE
  5
34
330
1B
100
AcDbEntity
  8
B.Silkscreen
  6
CONTINUOUS
100
AcDbLine
 10
1.9208661417322834
 20
-4.3559055118110237
 30
0
 11
1.9210459448818897
 21
-4.3550015354330709
 31
0
  0
LINE
  5
35
330
1B
100
AcDbEntity
  8
B.Silkscreen
  6
CONTINUOUS
100
AcDbLine
 10
1.9210459448818897
 20
-4.3550015354330709
 30
0
 11
1.92232437007874
 21
-4.3537231102362206
 31
0
  0
LINE
  5
36
330
1B
100
AcDbEntity
  8
B.Silkscreen
  6
CONTINUOUS
100
AcDbLine
 10
1.92232437007874
 20
-4.3537231102362206
 30
0
 11
1.9232283464566928
 21
-4.3535433070866141
 31
0
  0
LINE
  5
37
330
1B
100
AcDbEntity
  8
B.Silkscreen
  6
CONTINUOUS
100
AcDbLine
 10
1.9232283464566928
 20
-4.3535433070866141
 30
0
 11
2.3255905511811021
 21
-4.3535433070866141
 31
0
  0
LINE
  5
38
330
1B
100
AcDbEntity
  8
B.Silkscreen
  6
CONTINUOUS
100
AcDbLine
 10
2.3255905511811021
 20
-4.3535433070866141
 30
0
 11
2.3264945275590549
 21
-4.3537231102362206
 31
0
  0
LINE
  5
39
330
1B
100
AcDbEntity
  8
B.Silkscreen
  6
CONTINUOUS
100
AcDbLine
 10
1.9255905511811022
 20
-4.3582677165354333
 30
0
 11
1.9255905511811022
 21
-4.4606299212598426
 31
0
  0
LINE
  5
3A
330
1B
100
AcDbEntity
  8
B.Silkscreen
  6
CONTINUOUS
100
AcDbLine
 10
1.9255905511811022
 20
-4.4606299212598426
 30
0
 11
2.323228346456693
 21
-4.4606299212598426
 31
0
  0
LINE
  5
3B
330
1B
100
AcDbEntity
  8
B.Silkscreen
  6
CONTINUOUS
100
AcDbLine
 10
2.323228346456693
 20
-4.4606299212598426
 30
0
 11
2.323228346456693
 21
-4.3582677165354333
 31
0
  0
LINE
  5
3C
330
1B
100
AcDbEntity
  8
B.Silkscreen
  6
CONTINUOUS
100
AcDbLine
 10
2.323228346456693
 20
-4.3582677165354333
 30
0
 11
1.9255905511811022
 21
-4.3582677165354333
 31
0
  0
LINE
  5
3D
330
1B
100
AcDbEntity
  8
B.Silkscreen
  6
CONTINUOUS
100
AcDbLine
 10
2.1699798425196848
 20
-4.2850889763779527
 30
0
 11
2.1700778346456691
 21
-4.2851295669291334
 31
0
  0
LINE
  5
3E
330
1B
100
AcDbEntity
  8
B.Silkscreen
  6
CONTINUOUS
100
AcDbLine
 10
2.1700778346456691
 20
-4.2851295669291334
 30
0
 11
2.1701836614173229
 21
-4.2851370866141734
 31
0
  0
LINE
  5
3F
330
1B
100
AcDbEntity
  8
B.Silkscreen
  6
CONTINUOUS
100
AcDbLine
 10
2.1701836614173229
 20
-4.2851370866141734
 30
0
 11
2.1707242913385825
 21
-4.2853439763779528
 31
0
  0
LINE
  5
40
330
1B
100
AcDbEntity
  8
B.Silkscreen
  6
CONTINUOUS
100
AcDbLine
 10
2.1707242913385825
 20
-4.2853439763779528
 30
0
 11
2.1744738188976376
 21
-4.2872187401574804
 31
0
  0
LINE
  5
41
330
1B
100
AcDbEntity
  8
B.Silkscreen
  6
CONTINUOUS
100
AcDbLine
 10
2.1744738188976376
 20
-4.2872187401574804
 30
0
 11
2.1747218110236219
 21
-4.2873748031496062
 31
0
  0
LINE
  5
42
330
1B
100
AcDbEntity
  8
B.Silkscreen
  6
CONTINUOUS
100
AcDbLine
 10
2.1747218110236219
 20
-4.2873748031496062
 30
0
 11
2.1747937795275591
 21
-4.2874046456692909
 31
0
  0
LINE
  5
43
330
1B
100
AcDbEntity
  8
B.Silkscreen
  6
CONTINUOUS
100
AcDbLine
 10
2.1747937795275591
 20
-4.2874046456692909
 30
0
 11
2.1748747244094488
 21
-4.287471102362205
 31
0
  0
LINE
  5
44
330
1B
100
AcDbEntity
  8
B.Silkscreen
  6
CONTINUOUS
100
AcDbLine
 10
2.1748747244094488
 20
-4.287471102362205
 30
0
 11
2.1749637007874014
 21
-4.2875270866141735
 31
0
  0
LINE
  5
45
330
1B
100
AcDbEntity
  8
B.Silkscreen
  6
CONTINUOUS
100
AcDbLine
 10
2.1749637007874014
 20
-4.2875270866141735
 30
0
 11
2.1750148425196851
 21
-4.2875860629921263
 31
0
  0
LINE
  5
46
330
1B
100
AcDbEntity
  8
B.Silkscreen
  6
CONTINUOUS
100
AcDbLine
 10
2.1750148425196851
 20
-4.2875860629921263
 30
0
 11
2.175241220472441
 21
-4.2877718503937006
 31
0
  0
LINE
  5
47
330
1B
100
AcDbEntity
  8
B.Silkscreen
  6
CONTINUOUS
100
AcDbLine
 10
2.175241220472441
 20
-4.2877718503937006
 30
0
 11
2.1771159842519685
 21
-4.2896466141732281
 31
0
  0
LINE
  5
48
330
1B
100
AcDbEntity
  8
B.Silkscreen
  6
CONTINUOUS
100
AcDbLine
 10
2.1771159842519685
 20
-4.2896466141732281
 30
0
 11
2.1773017322834645
 21
-4.2898729527559052
 31
0
  0
LINE
  5
49
330
1B
100
AcDbEntity
  8
B.Silkscreen
  6
CONTINUOUS
100
AcDbLine
 10
2.1773017322834645
 20
-4.2898729527559052
 30
0
 11
2.177360748031496
 21
-4.2899241338582677
 31
0
  0
LINE
  5
4A
330
1B
100
AcDbEntity
  8
B.Silkscreen
  6
CONTINUOUS
100
AcDbLine
 10
2.177360748031496
 20
-4.2899241338582677
 30
0
 11
2.1774166929133858
 21
-4.2900130708661415
 31
0
  0
LINE
  5
4B
330
1B
100
AcDbEntity
  8
B.Silkscreen
  6
CONTINUOUS
100
AcDbLine
 10
2.1774166929133858
 20
-4.2900130708661415
 30
0
 11
2.1774831889763777
 21
-4.2900940551181099
 31
0
  0
LINE
  5
4C
330
1B
100
AcDbEntity
  8
B.Silkscreen
  6
CONTINUOUS
100
AcDbLine
 10
2.1774831889763777
 20
-4.2900940551181099
 30
0
 11
2.1775129921259841
 21
-4.2901659842519688
 31
0
  0
LINE
  5
4D
330
1B
100
AcDbEntity
  8
B.Silkscreen
  6
CONTINUOUS
100
AcDbLine
 10
2.1775129921259841
 20
-4.2901659842519688
 30
0
 11
2.1776690944881891
 21
-4.2904140157480315
 31
0
  0
LINE
  5
4E
330
1B
100
AcDbEntity
  8
B.Silkscreen
  6
CONTINUOUS
100
AcDbLine
 10
2.1776690944881891
 20
-4.2904140157480315
 30
0
 11
2.1795438582677167
 21
-4.2941635433070866
 31
0
  0
LINE
  5
4F
330
1B
100
AcDbEntity
  8
B.Silkscreen
  6
CONTINUOUS
100
AcDbLine
 10
2.1795438582677167
 20
-4.2941635433070866
 30
0
 11
2.1797507480314962
 21
-4.2947041338582679
 31
0
  0
LINE
  5
50
330
1B
100
AcDbEntity
  8
B.Silkscreen
  6
CONTINUOUS
100
AcDbLine
 10
2.1797507480314962
 20
-4.2947041338582679
 30
0
 11
2.1797582677165352
 21
-4.29481
 31
0
  0
LINE
  5
51
330
1B
100
AcDbEntity
  8
B.Silkscreen
  6
CONTINUOUS
100
AcDbLine
 10
2.1797582677165352
 20
-4.29481
 30
0
 11
2.1797988582677164
 21
-4.2949079921259843
 31
0
  0
LINE
  5
52
330
1B
100
AcDbEntity
  8
B.Silkscreen
  6
CONTINUOUS
100
AcDbLine
 10
2.1797988582677164
 20
-4.2949079921259843
 30
0
 11
2.1798555905511812
 21
-4.2954840551181102
 31
0
  0
LINE
  5
53
330
1B
100
AcDbEntity
  8
B.Silkscreen
  6
CONTINUOUS
100
AcDbLine
 10
2.1798555905511812
 20
-4.2954840551181102
 30
0
 11
2.1798555905511812
 21
-4.2992335826771653
 31
0
  0
LINE
  5
54
330
1B
100
AcDbEntity
  8
B.Silkscreen
  6
CONTINUOUS
100
AcDbLine
 10
2.1798555905511812
 20
-4.2992335826771653
 30
0
 11
2.1797988582677164
 21
-4.2998096456692911
 31
0
  0
LINE
  5
55
330
1B
100
AcDbEntity
  8
B.Silkscreen
  6
CONTINUOUS
100
AcDbLine
 10
2.1797988582677164
 20
-4.2998096456692911
 30
0
 11
2.1797582677165352
 21
-4.2999075984251967
 31
0
  0
LINE
  5
56
330
1B
100
AcDbEntity
  8
B.Silkscreen
  6
CONTINUOUS
100
AcDbLine
 10
2.1797582677165352
 20
-4.2999075984251967
 30
0
 11
2.1797507480314962
 21
-4.3000135039370075
 31
0
  0
LINE
  5
57
330
1B
100
AcDbEntity
  8
B.Silkscreen
  6
CONTINUOUS
100
AcDbLine
 10
2.1797507480314962
 20
-4.3000135039370075
 30
0
 11
2.1795438582677167
 21
-4.3005540944881888
 31
0
  0
LINE
  5
58
330
1B
100
AcDbEntity
  8
B.Silkscreen
  6
CONTINUOUS
100
AcDbLine
 10
2.1795438582677167
 20
-4.3005540944881888
 30
0
 11
2.1776690944881891
 21
-4.3043036220472439
 31
0
  0
LINE
  5
59
330
1B
100
AcDbEntity
  8
B.Silkscreen
  6
CONTINUOUS
100
AcDbLine
 10
2.1776690944881891
 20
-4.3043036220472439
 30
0
 11
2.1775129921259841
 21
-4.3045516141732278
 31
0
  0
LINE
  5
5A
330
1B
100
AcDbEntity
  8
B.Silkscreen
  6
CONTINUOUS
100
AcDbLine
 10
2.1775129921259841
 20
-4.3045516141732278
 30
0
 11
2.1774831889763777
 21
-4.3046235826771655
 31
0
  0
LINE
  5
5B
330
1B
100
AcDbEntity
  8
B.Silkscreen
  6
CONTINUOUS
100
AcDbLine
 10
2.1774831889763777
 20
-4.3046235826771655
 30
0
 11
2.1774166929133858
 21
-4.3047045275590552
 31
0
  0
LINE
  5
5C
330
1B
100
AcDbEntity
  8
B.Silkscreen
  6
CONTINUOUS
100
AcDbLine
 10
2.1774166929133858
 20
-4.3047045275590552
 30
0
 11
2.177360748031496
 21
-4.3047935039370078
 31
0
  0
LINE
  5
5D
330
1B
100
AcDbEntity
  8
B.Silkscreen
  6
CONTINUOUS
100
AcDbLine
 10
2.177360748031496
 20
-4.3047935039370078
 30
0
 11
2.1773017322834645
 21
-4.3048446456692915
 31
0
  0
LINE
  5
5E
330
1B
100
AcDbEntity
  8
B.Silkscreen
  6
CONTINUOUS
100
AcDbLine
 10
2.1773017322834645
 20
-4.3048446456692915
 30
0
 11
2.1771159842519685
 21
-4.3050710236220473
 31
0
  0
LINE
  5
5F
330
1B
100
AcDbEntity
  8
B.Silkscreen
  6
CONTINUOUS
100
AcDbLine
 10
2.1771159842519685
 20
-4.3050710236220473
 30
0
 11
2.175241220472441
 21
-4.3069457874015749
 31
0
  0
LINE
  5
60
330
1B
100
AcDbEntity
  8
B.Silkscreen
  6
CONTINUOUS
100
AcDbLine
 10
2.175241220472441
 20
-4.3069457874015749
 30
0
 11
2.1750148425196851
 21
-4.3071315354330704
 31
0
  0
LINE
  5
61
330
1B
100
AcDbEntity
  8
B.Silkscreen
  6
CONTINUOUS
100
AcDbLine
 10
2.1750148425196851
 20
-4.3071315354330704
 30
0
 11
2.1749637007874014
 21
-4.3071905511811019
 31
0
  0
LINE
  5
62
330
1B
100
AcDbEntity
  8
B.Silkscreen
  6
CONTINUOUS
100
AcDbLine
 10
2.1749637007874014
 20
-4.3071905511811019
 30
0
 11
2.1748747244094488
 21
-4.3072464960629917
 31
0
  0
LINE
  5
63
330
1B
100
AcDbEntity
  8
B.Silkscreen
  6
CONTINUOUS
100
AcDbLine
 10
2.1748747244094488
 20
-4.3072464960629917
 30
0
 11
2.1747937795275591
 21
-4.3073129921259845
 31
0
  0
LINE
  5
64
330
1B
100
AcDbEntity
  8
B.Silkscreen
  6
CONTINUOUS
100
AcDbLine
 10
2.1747937795275591
 20
-4.3073129921259845
 30
0
 11
2.1747218110236219
 21
-4.3073427952755905
 31
0
  0
LINE
  5
65
330
1B
100
AcDbEntity
  8
B.Silkscreen
  6
CONTINUOUS
100
AcDbLine
 10
2.1747218110236219
 20
-4.3073427952755905
 30
0
 11
2.1744738188976376
 21
-4.307498897637795
 31
0
  0
LINE
  5
66
330
1B
100
AcDbEntity
  8
B.Silkscreen
  6
CONTINUOUS
100
AcDbLine
 10
2.1744738188976376
 20
-4.307498897637795
 30
0
 11
2.1707242913385825
 21
-4.3093736614173226
 31
0
  0
LINE
  5
67
330
1B
100
AcDbEntity
  8
B.Silkscreen
  6
CONTINUOUS
100
AcDbLine
 10
2.1707242913385825
 20
-4.3093736614173226
 30
0
 11
2.1706821653543305
 21
-4.3093897637795271
 31
0
  0
LINE
  5
68
330
1B
100
AcDbEntity
  8
B.Silkscreen
  6
CONTINUOUS
100
AcDbLine
 10
2.1706821653543305
 20
-4.3093897637795271
 30
0
 11
2.1706650393700788
 21
-4.3094024803149606
 31
0
  0
LINE
  5
69
330
1B
100
AcDbEntity
  8
B.Silkscreen
  6
CONTINUOUS
100
AcDbLine
 10
2.1706650393700788
 20
-4.3094024803149606
 30
0
 11
2.1704230708661418
 21
-4.3094888976377952
 31
0
  0
LINE
  5
6A
330
1B
100
AcDbEntity
  8
B.Silkscreen
  6
CONTINUOUS
100
AcDbLine
 10
2.1704230708661418
 20
-4.3094888976377952
 30
0
 11
2.1701836614173229
 21
-4.3095805511811021
 31
0
  0
LINE
  5
6B
330
1B
100
AcDbEntity
  8
B.Silkscreen
  6
CONTINUOUS
100
AcDbLine
 10
2.1701836614173229
 20
-4.3095805511811021
 30
0
 11
2.1701624015748031
 21
-4.3095820472440947
 31
0
  0
LINE
  5
6C
330
1B
100
AcDbEntity
  8
B.Silkscreen
  6
CONTINUOUS
100
AcDbLine
 10
2.1701624015748031
 20
-4.3095820472440947
 30
0
 11
2.1701199212598423
 21
-4.3095972440944879
 31
0
  0
LINE
  5
6D
330
1B
100
AcDbEntity
  8
B.Silkscreen
  6
CONTINUOUS
100
AcDbLine
 10
2.1701199212598423
 20
-4.3095972440944879
 30
0
 11
2.1629352755905513
 21
-4.3113933858267712
 31
0
  0
LINE
  5
6E
330
1B
100
AcDbEntity
  8
B.Silkscreen
  6
CONTINUOUS
100
AcDbLine
 10
2.1629352755905513
 20
-4.3113933858267712
 30
0
 11
2.1599042913385826
 21
-4.3129088976377954
 31
0
  0
LINE
  5
6F
330
1B
100
AcDbEntity
  8
B.Silkscreen
  6
CONTINUOUS
100
AcDbLine
 10
2.1599042913385826
 20
-4.3129088976377954
 30
0
 11
2.1587071653543308
 21
-4.3141060236220472
 31
0
  0
LINE
  5
70
330
1B
100
AcDbEntity
  8
B.Silkscreen
  6
CONTINUOUS
100
AcDbLine
 10
2.1587071653543308
 20
-4.3141060236220472
 30
0
 11
2.1573584251968505
 21
-4.3168035039370078
 31
0
  0
LINE
  5
71
330
1B
100
AcDbEntity
  8
B.Silkscreen
  6
CONTINUOUS
100
AcDbLine
 10
2.1573584251968505
 20
-4.3168035039370078
 30
0
 11
2.1573584251968505
 21
-4.3191589370078738
 31
0
  0
LINE
  5
72
330
1B
100
AcDbEntity
  8
B.Silkscreen
  6
CONTINUOUS
100
AcDbLine
 10
2.1573584251968505
 20
-4.3191589370078738
 30
0
 11
2.1587071653543308
 21
-4.3218564173228344
 31
0
  0
LINE
  5
73
330
1B
100
AcDbEntity
  8
B.Silkscreen
  6
CONTINUOUS
100
AcDbLine
 10
2.1587071653543308
 20
-4.3218564173228344
 30
0
 11
2.1599042913385826
 21
-4.323053582677165
 31
0
  0
LINE
  5
74
330
1B
100
AcDbEntity
  8
B.Silkscreen
  6
CONTINUOUS
100
AcDbLine
 10
2.1599042913385826
 20
-4.323053582677165
 30
0
 11
2.1626017716535433
 21
-4.3244023228346453
 31
0
  0
LINE
  5
75
330
1B
100
AcDbEntity
  8
B.Silkscreen
  6
CONTINUOUS
100
AcDbLine
 10
2.1626017716535433
 20
-4.3244023228346453
 30
0
 11
2.170799409448819
 21
-4.3244023228346453
 31
0
  0
LINE
  5
76
330
1B
100
AcDbEntity
  8
B.Silkscreen
  6
CONTINUOUS
100
AcDbLine
 10
2.170799409448819
 20
-4.3244023228346453
 30
0
 11
2.1759690551181103
 21
-4.3226790944881888
 31
0
  0
LINE
  5
77
330
1B
100
AcDbEntity
  8
B.Silkscreen
  6
CONTINUOUS
100
AcDbLine
 10
2.1759690551181103
 20
-4.3226790944881888
 30
0
 11
2.1765335039370077
 21
-4.322550748031496
 31
0
  0
LINE
  5
78
330
1B
100
AcDbEntity
  8
B.Silkscreen
  6
CONTINUOUS
100
AcDbLine
 10
2.1765335039370077
 20
-4.322550748031496
 30
0
 11
2.1776827165354331
 21
-4.322632440944882
 31
0
  0
LINE
  5
79
330
1B
100
AcDbEntity
  8
B.Silkscreen
  6
CONTINUOUS
100
AcDbLine
 10
2.1776827165354331
 20
-4.322632440944882
 30
0
 11
2.1787131889763778
 21
-4.3231476377952758
 31
0
  0
LINE
  5
7A
330
1B
100
AcDbEntity
  8
B.Silkscreen
  6
CONTINUOUS
100
AcDbLine
 10
2.1787131889763778
 20
-4.3231476377952758
 30
0
 11
2.1794680708661418
 21
-4.3240180314960632
 31
0
  0
LINE
  5
7B
330
1B
100
AcDbEntity
  8
B.Silkscreen
  6
CONTINUOUS
100
AcDbLine
 10
2.1794680708661418
 20
-4.3240180314960632
 30
0
 11
2.179832401574803
 21
-4.3251110236220471
 31
0
  0
LINE
  5
7C
330
1B
100
AcDbEntity
  8
B.Silkscreen
  6
CONTINUOUS
100
AcDbLine
 10
2.179832401574803
 20
-4.3251110236220471
 30
0
 11
2.1797507086614174
 21
-4.3262602362204721
 31
0
  0
LINE
  5
7D
330
1B
100
AcDbEntity
  8
B.Silkscreen
  6
CONTINUOUS
100
AcDbLine
 10
2.1797507086614174
 20
-4.3262602362204721
 30
0
 11
2.1792354724409448
 21
-4.3272906692913384
 31
0
  0
LINE
  5
7E
330
1B
100
AcDbEntity
  8
B.Silkscreen
  6
CONTINUOUS
100
AcDbLine
 10
2.1792354724409448
 20
-4.3272906692913384
 30
0
 11
2.1783651181102361
 21
-4.328045551181102
 31
0
  0
LINE
  5
7F
330
1B
100
AcDbEntity
  8
B.Silkscreen
  6
CONTINUOUS
100
AcDbLine
 10
2.1783651181102361
 20
-4.328045551181102
 30
0
 11
2.1778365748031496
 21
-4.3282815354330708
 31
0
  0
LINE
  5
80
330
1B
100
AcDbEntity
  8
B.Silkscreen
  6
CONTINUOUS
100
AcDbLine
 10
2.1778365748031496
 20
-4.3282815354330708
 30
0
 11
2.172212283464567
 21
-4.3301562992125984
 31
0
  0
LINE
  5
81
330
1B
100
AcDbEntity
  8
B.Silkscreen
  6
CONTINUOUS
100
AcDbLine
 10
2.172212283464567
 20
-4.3301562992125984
 30
0
 11
2.1719266929133858
 21
-4.3302212204724411
 31
0
  0
LINE
  5
82
330
1B
100
AcDbEntity
  8
B.Silkscreen
  6
CONTINUOUS
100
AcDbLine
 10
2.1719266929133858
 20
-4.3302212204724411
 30
0
 11
2.1718546062992123
 21
-4.3302511023622046
 31
0
  0
LINE
  5
83
330
1B
100
AcDbEntity
  8
B.Silkscreen
  6
CONTINUOUS
100
AcDbLine
 10
2.1718546062992123
 20
-4.3302511023622046
 30
0
 11
2.1717500787401574
 21
-4.3302613779527555
 31
0
  0
LINE
  5
84
330
1B
100
AcDbEntity
  8
B.Silkscreen
  6
CONTINUOUS
100
AcDbLine
 10
2.1717500787401574
 20
-4.3302613779527555
 30
0
 11
2.1716478346456691
 21
-4.3302846456692912
 31
0
  0
LINE
  5
85
330
1B
100
AcDbEntity
  8
B.Silkscreen
  6
CONTINUOUS
100
AcDbLine
 10
2.1716478346456691
 20
-4.3302846456692912
 30
0
 11
2.1715700787401575
 21
-4.3302790944881888
 31
0
  0
LINE
  5
86
330
1B
100
AcDbEntity
  8
B.Silkscreen
  6
CONTINUOUS
100
AcDbLine
 10
2.1715700787401575
 20
-4.3302790944881888
 30
0
 11
2.1712785433070865
 21
-4.3303078346456694
 31
0
  0
LINE
  5
87
330
1B
100
AcDbEntity
  8
B.Silkscreen
  6
CONTINUOUS
100
AcDbLine
 10
2.1712785433070865
 20
-4.3303078346456694
 30
0
 11
2.1619047244094487
 21
-4.3303078346456694
 31
0
  0
LINE
  5
88
330
1B
100
AcDbEntity
  8
B.Silkscreen
  6
CONTINUOUS
100
AcDbLine
 10
2.1619047244094487
 20
-4.3303078346456694
 30
0
 11
2.1613286614173228
 21
-4.3302511023622046
 31
0
  0
LINE
  5
89
330
1B
100
AcDbEntity
  8
B.Silkscreen
  6
CONTINUOUS
100
AcDbLine
 10
2.1613286614173228
 20
-4.3302511023622046
 30
0
 11
2.1612306692913386
 21
-4.3302105118110239
 31
0
  0
LINE
  5
8A
330
1B
100
AcDbEntity
  8
B.Silkscreen
  6
CONTINUOUS
100
AcDbLine
 10
2.1612306692913386
 20
-4.3302105118110239
 30
0
 11
2.1611248031496064
 21
-4.3302029921259839
 31
0
  0
LINE
  5
8B
330
1B
100
AcDbEntity
  8
B.Silkscreen
  6
CONTINUOUS
100
AcDbLine
 10
2.1611248031496064
 20
-4.3302029921259839
 30
0
 11
2.1605842125984251
 21
-4.3299961023622044
 31
0
  0
LINE
  5
8C
330
1B
100
AcDbEntity
  8
B.Silkscreen
  6
CONTINUOUS
100
AcDbLine
 10
2.1605842125984251
 20
-4.3299961023622044
 30
0
 11
2.15683468503937
 21
-4.3281213385826769
 31
0
  0
LINE
  5
8D
330
1B
100
AcDbEntity
  8
B.Silkscreen
  6
CONTINUOUS
100
AcDbLine
 10
2.15683468503937
 20
-4.3281213385826769
 30
0
 11
2.1565866535433069
 21
-4.3279652362204724
 31
0
  0
LINE
  5
8E
330
1B
100
AcDbEntity
  8
B.Silkscreen
  6
CONTINUOUS
100
AcDbLine
 10
2.1565866535433069
 20
-4.3279652362204724
 30
0
 11
2.1565147244094489
 21
-4.3279354330708664
 31
0
  0
LINE
  5
8F
330
1B
100
AcDbEntity
  8
B.Silkscreen
  6
CONTINUOUS
100
AcDbLine
 10
2.1565147244094489
 20
-4.3279354330708664
 30
0
 11
2.1564337401574805
 21
-4.3278689763779523
 31
0
  0
LINE
  5
90
330
1B
100
AcDbEntity
  8
B.Silkscreen
  6
CONTINUOUS
100
AcDbLine
 10
2.1564337401574805
 20
-4.3278689763779523
 30
0
 11
2.1563448031496062
 21
-4.3278129921259838
 31
0
  0
LINE
  5
91
330
1B
100
AcDbEntity
  8
B.Silkscreen
  6
CONTINUOUS
100
AcDbLine
 10
2.1563448031496062
 20
-4.3278129921259838
 30
0
 11
2.1562935826771654
 21
-4.3277539370078735
 31
0
  0
LINE
  5
92
330
1B
100
AcDbEntity
  8
B.Silkscreen
  6
CONTINUOUS
100
AcDbLine
 10
2.1562935826771654
 20
-4.3277539370078735
 30
0
 11
2.1560672440944884
 21
-4.327568188976378
 31
0
  0
LINE
  5
93
330
1B
100
AcDbEntity
  8
B.Silkscreen
  6
CONTINUOUS
100
AcDbLine
 10
2.1560672440944884
 20
-4.327568188976378
 30
0
 11
2.1541924803149608
 21
-4.3256933858267717
 31
0
  0
LINE
  5
94
330
1B
100
AcDbEntity
  8
B.Silkscreen
  6
CONTINUOUS
100
AcDbLine
 10
2.1541924803149608
 20
-4.3256933858267717
 30
0
 11
2.1540067322834644
 21
-4.3254670472440946
 31
0
  0
LINE
  5
95
330
1B
100
AcDbEntity
  8
B.Silkscreen
  6
CONTINUOUS
100
AcDbLine
 10
2.1540067322834644
 20
-4.3254670472440946
 30
0
 11
2.1539477559055116
 21
-4.3254159055118109
 31
0
  0
LINE
  5
96
330
1B
100
AcDbEntity
  8
B.Silkscreen
  6
CONTINUOUS
100
AcDbLine
 10
2.1539477559055116
 20
-4.3254159055118109
 30
0
 11
2.1538917716535431
 21
-4.3253269685039371
 31
0
  0
LINE
  5
97
330
1B
100
AcDbEntity
  8
B.Silkscreen
  6
CONTINUOUS
100
AcDbLine
 10
2.1538917716535431
 20
-4.3253269685039371
 30
0
 11
2.1538252755905511
 21
-4.3252459448818898
 31
0
  0
LINE
  5
98
330
1B
100
AcDbEntity
  8
B.Silkscreen
  6
CONTINUOUS
100
AcDbLine
 10
2.1538252755905511
 20
-4.3252459448818898
 30
0
 11
2.153795433070866
 21
-4.3251738976377956
 31
0
  0
LINE
  5
99
330
1B
100
AcDbEntity
  8
B.Silkscreen
  6
CONTINUOUS
100
AcDbLine
 10
2.153795433070866
 20
-4.3251738976377956
 30
0
 11
2.1536394094488189
 21
-4.324926023622047
 31
0
  0
LINE
  5
9A
330
1B
100
AcDbEntity
  8
B.Silkscreen
  6
CONTINUOUS
100
AcDbLine
 10
2.1536394094488189
 20
-4.324926023622047
 30
0
 11
2.1517646456692914
 21
-4.3211764960629919
 31
0
  0
LINE
  5
9B
330
1B
100
AcDbEntity
  8
B.Silkscreen
  6
CONTINUOUS
100
AcDbLine
 10
2.1517646456692914
 20
-4.3211764960629919
 30
0
 11
2.1515577559055119
 21
-4.3206358661417319
 31
0
  0
LINE
  5
9C
330
1B
100
AcDbEntity
  8
B.Silkscreen
  6
CONTINUOUS
100
AcDbLine
 10
2.1515577559055119
 20
-4.3206358661417319
 30
0
 11
2.1515502362204724
 21
-4.3205300393700785
 31
0
  0
LINE
  5
9D
330
1B
100
AcDbEntity
  8
B.Silkscreen
  6
CONTINUOUS
100
AcDbLine
 10
2.1515502362204724
 20
-4.3205300393700785
 30
0
 11
2.1515096456692913
 21
-4.3204320472440942
 31
0
  0
LINE
  5
9E
330
1B
100
AcDbEntity
  8
B.Silkscreen
  6
CONTINUOUS
100
AcDbLine
 10
2.1515096456692913
 20
-4.3204320472440942
 30
0
 11
2.1514529133858269
 21
-4.3198559842519684
 31
0
  0
LINE
  5
9F
330
1B
100
AcDbEntity
  8
B.Silkscreen
  6
CONTINUOUS
100
AcDbLine
 10
2.1514529133858269
 20
-4.3198559842519684
 30
0
 11
2.1514529133858269
 21
-4.3161064566929133
 31
0
  0
LINE
  5
A0
330
1B
100
AcDbEntity
  8
B.Silkscreen
  6
CONTINUOUS
100
AcDbLine
 10
2.1514529133858269
 20
-4.3161064566929133
 30
0
 11
2.1515096456692913
 21
-4.3155303937007874
 31
0
  0
LINE
  5
A1
330
1B
100
AcDbEntity
  8
B.Silkscreen
  6
CONTINUOUS
100
AcDbLine
 10
2.1515096456692913
 20
-4.3155303937007874
 30
0
 11
2.1515502362204724
 21
-4.3154323622047244
 31
0
  0
LINE
  5
A2
330
1B
100
AcDbEntity
  8
B.Silkscreen
  6
CONTINUOUS
100
AcDbLine
 10
2.1515502362204724
 20
-4.3154323622047244
 30
0
 11
2.1515577559055119
 21
-4.3153265748031497
 31
0
  0
LINE
  5
A3
330
1B
100
AcDbEntity
  8
B.Silkscreen
  6
CONTINUOUS
100
AcDbLine
 10
2.1515577559055119
 20
-4.3153265748031497
 30
0
 11
2.1517646456692914
 21
-4.3147859448818897
 31
0
  0
LINE
  5
A4
330
1B
100
AcDbEntity
  8
B.Silkscreen
  6
CONTINUOUS
100
AcDbLine
 10
2.1517646456692914
 20
-4.3147859448818897
 30
0
 11
2.1536394094488189
 21
-4.3110364173228346
 31
0
  0
LINE
  5
A5
330
1B
100
AcDbEntity
  8
B.Silkscreen
  6
CONTINUOUS
100
AcDbLine
 10
2.1536394094488189
 20
-4.3110364173228346
 30
0
 11
2.1537954724409447
 21
-4.3107883858267719
 31
0
  0
LINE
  5
A6
330
1B
100
AcDbEntity
  8
B.Silkscreen
  6
CONTINUOUS
100
AcDbLine
 10
2.1537954724409447
 20
-4.3107883858267719
 30
0
 11
2.1538253149606299
 21
-4.310716456692913
 31
0
  0
LINE
  5
A7
330
1B
100
AcDbEntity
  8
B.Silkscreen
  6
CONTINUOUS
100
AcDbLine
 10
2.1538253149606299
 20
-4.310716456692913
 30
0
 11
2.1538917716535431
 21
-4.3106354724409446
 31
0
  0
LINE
  5
A8
330
1B
100
AcDbEntity
  8
B.Silkscreen
  6
CONTINUOUS
100
AcDbLine
 10
2.1538917716535431
 20
-4.3106354724409446
 30
0
 11
2.1539477559055116
 21
-4.3105465354330708
 31
0
  0
LINE
  5
A9
330
1B
100
AcDbEntity
  8
B.Silkscreen
  6
CONTINUOUS
100
AcDbLine
 10
2.1539477559055116
 20
-4.3105465354330708
 30
0
 11
2.1540067322834644
 21
-4.3104953543307083
 31
0
  0
LINE
  5
AA
330
1B
100
AcDbEntity
  8
B.Silkscreen
  6
CONTINUOUS
100
AcDbLine
 10
2.1540067322834644
 20
-4.3104953543307083
 30
0
 11
2.1541925196850391
 21
-4.3102690157480312
 31
0
  0
LINE
  5
AB
330
1B
100
AcDbEntity
  8
B.Silkscreen
  6
CONTINUOUS
100
AcDbLine
 10
2.1541925196850391
 20
-4.3102690157480312
 30
0
 11
2.1560672834645667
 21
-4.3083942519685037
 31
0
  0
LINE
  5
AC
330
1B
100
AcDbEntity
  8
B.Silkscreen
  6
CONTINUOUS
100
AcDbLine
 10
2.1560672834645667
 20
-4.3083942519685037
 30
0
 11
2.1562936220472442
 21
-4.3082084645669294
 31
0
  0
LINE
  5
AD
330
1B
100
AcDbEntity
  8
B.Silkscreen
  6
CONTINUOUS
100
AcDbLine
 10
2.1562936220472442
 20
-4.3082084645669294
 30
0
 11
2.1563448031496062
 21
-4.3081494881889766
 31
0
  0
LINE
  5
AE
330
1B
100
AcDbEntity
  8
B.Silkscreen
  6
CONTINUOUS
100
AcDbLine
 10
2.1563448031496062
 20
-4.3081494881889766
 30
0
 11
2.1564337401574805
 21
-4.3080935039370081
 31
0
  0
LINE
  5
AF
330
1B
100
AcDbEntity
  8
B.Silkscreen
  6
CONTINUOUS
100
AcDbLine
 10
2.1564337401574805
 20
-4.3080935039370081
 30
0
 11
2.1565147244094489
 21
-4.308027047244094
 31
0
  0
LINE
  5
B0
330
1B
100
AcDbEntity
  8
B.Silkscreen
  6
CONTINUOUS
100
AcDbLine
 10
2.1565147244094489
 20
-4.308027047244094
 30
0
 11
2.1565866535433069
 21
-4.3079972047244093
 31
0
  0
LINE
  5
B1
330
1B
100
AcDbEntity
  8
B.Silkscreen
  6
CONTINUOUS
100
AcDbLine
 10
2.1565866535433069
 20
-4.3079972047244093
 30
0
 11
2.15683468503937
 21
-4.3078411417322835
 31
0
  0
LINE
  5
B2
330
1B
100
AcDbEntity
  8
B.Silkscreen
  6
CONTINUOUS
100
AcDbLine
 10
2.15683468503937
 20
-4.3078411417322835
 30
0
 11
2.1605842125984251
 21
-4.3059663779527559
 31
0
  0
LINE
  5
B3
330
1B
100
AcDbEntity
  8
B.Silkscreen
  6
CONTINUOUS
100
AcDbLine
 10
2.1605842125984251
 20
-4.3059663779527559
 30
0
 11
2.1606262992125984
 21
-4.3059502362204727
 31
0
  0
LINE
  5
B4
330
1B
100
AcDbEntity
  8
B.Silkscreen
  6
CONTINUOUS
100
AcDbLine
 10
2.1606262992125984
 20
-4.3059502362204727
 30
0
 11
2.1606434645669292
 21
-4.3059375590551179
 31
0
  0
LINE
  5
B5
330
1B
100
AcDbEntity
  8
B.Silkscreen
  6
CONTINUOUS
100
AcDbLine
 10
2.1606434645669292
 20
-4.3059375590551179
 30
0
 11
2.1608850393700787
 21
-4.3058512204724408
 31
0
  0
LINE
  5
B6
330
1B
100
AcDbEntity
  8
B.Silkscreen
  6
CONTINUOUS
100
AcDbLine
 10
2.1608850393700787
 20
-4.3058512204724408
 30
0
 11
2.1611248031496064
 21
-4.3057594881889765
 31
0
  0
LINE
  5
B7
330
1B
100
AcDbEntity
  8
B.Silkscreen
  6
CONTINUOUS
100
AcDbLine
 10
2.1611248031496064
 20
-4.3057594881889765
 30
0
 11
2.1611460629921257
 21
-4.3057579527559051
 31
0
  0
LINE
  5
B8
330
1B
100
AcDbEntity
  8
B.Silkscreen
  6
CONTINUOUS
100
AcDbLine
 10
2.1611460629921257
 20
-4.3057579527559051
 30
0
 11
2.1611885826771653
 21
-4.3057427952755907
 31
0
  0
LINE
  5
B9
330
1B
100
AcDbEntity
  8
B.Silkscreen
  6
CONTINUOUS
100
AcDbLine
 10
2.1611885826771653
 20
-4.3057427952755907
 30
0
 11
2.1683732283464567
 21
-4.3039466141732285
 31
0
  0
LINE
  5
BA
330
1B
100
AcDbEntity
  8
B.Silkscreen
  6
CONTINUOUS
100
AcDbLine
 10
2.1683732283464567
 20
-4.3039466141732285
 30
0
 11
2.171404212598425
 21
-4.3024311417322831
 31
0
  0
LINE
  5
BB
330
1B
100
AcDbEntity
  8
B.Silkscreen
  6
CONTINUOUS
100
AcDbLine
 10
2.171404212598425
 20
-4.3024311417322831
 30
0
 11
2.1726013385826772
 21
-4.3012340157480313
 31
0
  0
LINE
  5
BC
330
1B
100
AcDbEntity
  8
B.Silkscreen
  6
CONTINUOUS
100
AcDbLine
 10
2.1726013385826772
 20
-4.3012340157480313
 30
0
 11
2.1739500787401576
 21
-4.2985365354330707
 31
0
  0
LINE
  5
BD
330
1B
100
AcDbEntity
  8
B.Silkscreen
  6
CONTINUOUS
100
AcDbLine
 10
2.1739500787401576
 20
-4.2985365354330707
 30
0
 11
2.1739500787401576
 21
-4.2961811023622047
 31
0
  0
LINE
  5
BE
330
1B
100
AcDbEntity
  8
B.Silkscreen
  6
CONTINUOUS
100
AcDbLine
 10
2.1739500787401576
 20
-4.2961811023622047
 30
0
 11
2.1726013385826772
 21
-4.2934836220472441
 31
0
  0
LINE
  5
BF
330
1B
100
AcDbEntity
  8
B.Silkscreen
  6
CONTINUOUS
100
AcDbLine
 10
2.1726013385826772
 20
-4.2934836220472441
 30
0
 11
2.171404212598425
 21
-4.2922864960629923
 31
0
  0
LINE
  5
C0
330
1B
100
AcDbEntity
  8
B.Silkscreen
  6
CONTINUOUS
100
AcDbLine
 10
2.171404212598425
 20
-4.2922864960629923
 30
0
 11
2.1687067322834643
 21
-4.290937755905512
 31
0
  0
LINE
  5
C1
330
1B
100
AcDbEntity
  8
B.Silkscreen
  6
CONTINUOUS
100
AcDbLine
 10
2.1687067322834643
 20
-4.290937755905512
 30
0
 11
2.1605090944881891
 21
-4.290937755905512
 31
0
  0
LINE
  5
C2
330
1B
100
AcDbEntity
  8
B.Silkscreen
  6
CONTINUOUS
100
AcDbLine
 10
2.1605090944881891
 20
-4.290937755905512
 30
0
 11
2.155339409448819
 21
-4.2926609842519685
 31
0
  0
LINE
  5
C3
330
1B
100
AcDbEntity
  8
B.Silkscreen
  6
CONTINUOUS
100
AcDbLine
 10
2.155339409448819
 20
-4.2926609842519685
 30
0
 11
2.1547749606299211
 21
-4.2927893307086613
 31
0
  0
LINE
  5
C4
330
1B
100
AcDbEntity
  8
B.Silkscreen
  6
CONTINUOUS
100
AcDbLine
 10
2.1547749606299211
 20
-4.2927893307086613
 30
0
 11
2.1536257480314962
 21
-4.2927076377952753
 31
0
  0
LINE
  5
C5
330
1B
100
AcDbEntity
  8
B.Silkscreen
  6
CONTINUOUS
100
AcDbLine
 10
2.1536257480314962
 20
-4.2927076377952753
 30
0
 11
2.1525953149606298
 21
-4.2921924409448815
 31
0
  0
LINE
  5
C6
330
1B
100
AcDbEntity
  8
B.Silkscreen
  6
CONTINUOUS
100
AcDbLine
 10
2.1525953149606298
 20
-4.2921924409448815
 30
0
 11
2.1518404330708663
 21
-4.2913220866141728
 31
0
  0
LINE
  5
C7
330
1B
100
AcDbEntity
  8
B.Silkscreen
  6
CONTINUOUS
100
AcDbLine
 10
2.1518404330708663
 20
-4.2913220866141728
 30
0
 11
2.1514761023622047
 21
-4.2902290551181101
 31
0
  0
LINE
  5
C8
330
1B
100
AcDbEntity
  8
B.Silkscreen
  6
CONTINUOUS
100
AcDbLine
 10
2.1514761023622047
 20
-4.2902290551181101
 30
0
 11
2.1515577952755907
 21
-4.2890798425196852
 31
0
  0
LINE
  5
C9
330
1B
100
AcDbEntity
  8
B.Silkscreen
  6
CONTINUOUS
100
AcDbLine
 10
2.1515577952755907
 20
-4.2890798425196852
 30
0
 11
2.152072992125984
 21
-4.2880494094488188
 31
0
  0
LINE
  5
CA
330
1B
100
AcDbEntity
  8
B.Silkscreen
  6
CONTINUOUS
100
AcDbLine
 10
2.152072992125984
 20
-4.2880494094488188
 30
0
 11
2.1529433464566927
 21
-4.2872945275590553
 31
0
  0
LINE
  5
CB
330
1B
100
AcDbEntity
  8
B.Silkscreen
  6
CONTINUOUS
100
AcDbLine
 10
2.1529433464566927
 20
-4.2872945275590553
 30
0
 11
2.1534719291338584
 21
-4.2870585433070865
 31
0
  0
LINE
  5
CC
330
1B
100
AcDbEntity
  8
B.Silkscreen
  6
CONTINUOUS
100
AcDbLine
 10
2.1534719291338584
 20
-4.2870585433070865
 30
0
 11
2.1590961811023623
 21
-4.2851837795275589
 31
0
  0
LINE
  5
CD
330
1B
100
AcDbEntity
  8
B.Silkscreen
  6
CONTINUOUS
100
AcDbLine
 10
2.1590961811023623
 20
-4.2851837795275589
 30
0
 11
2.1593818110236218
 21
-4.2851188188976375
 31
0
  0
LINE
  5
CE
330
1B
100
AcDbEntity
  8
B.Silkscreen
  6
CONTINUOUS
100
AcDbLine
 10
2.1593818110236218
 20
-4.2851188188976375
 30
0
 11
2.1594538976377953
 21
-4.2850889763779527
 31
0
  0
LINE
  5
CF
330
1B
100
AcDbEntity
  8
B.Silkscreen
  6
CONTINUOUS
100
AcDbLine
 10
2.1594538976377953
 20
-4.2850889763779527
 30
0
 11
2.1595583464566928
 21
-4.2850786614173231
 31
0
  0
LINE
  5
D0
330
1B
100
AcDbEntity
  8
B.Silkscreen
  6
CONTINUOUS
100
AcDbLine
 10
2.1595583464566928
 20
-4.2850786614173231
 30
0
 11
2.1596606299212597
 21
-4.2850554330708661
 31
0
  0
LINE
  5
D1
330
1B
100
AcDbEntity
  8
B.Silkscreen
  6
CONTINUOUS
100
AcDbLine
 10
2.1596606299212597
 20
-4.2850554330708661
 30
0
 11
2.159738346456693
 21
-4.2850609448818897
 31
0
  0
LINE
  5
D2
330
1B
100
AcDbEntity
  8
B.Silkscreen
  6
CONTINUOUS
100
AcDbLine
 10
2.159738346456693
 20
-4.2850609448818897
 30
0
 11
2.1600299606299211
 21
-4.2850322440944879
 31
0
  0
LINE
  5
D3
330
1B
100
AcDbEntity
  8
B.Silkscreen
  6
CONTINUOUS
100
AcDbLine
 10
2.1600299606299211
 20
-4.2850322440944879
 30
0
 11
2.1694037795275589
 21
-4.2850322440944879
 31
0
  0
LINE
  5
D4
330
1B
100
AcDbEntity
  8
B.Silkscreen
  6
CONTINUOUS
100
AcDbLine
 10
2.1694037795275589
 20
-4.2850322440944879
 30
0
 11
2.1699798425196848
 21
-4.2850889763779527
 31
0
  0
LINE
  5
D5
330
1B
100
AcDbEntity
  8
B.Silkscreen
  6
CONTINUOUS
100
AcDbLine
 10
2.142513464566929
 20
-4.2853011417322833
 30
0
 11
2.143446811023622
 21
-4.2859766141732285
 31
0
  0
LINE
  5
D6
330
1B
100
AcDbEntity
  8
B.Silkscreen
  6
CONTINUOUS
100
AcDbLine
 10
2.143446811023622
 20
-4.2859766141732285
 30
0
 11
2.1440505905511809
 21
-4.2869577952755904
 31
0
  0
LINE
  5
D7
330
1B
100
AcDbEntity
  8
B.Silkscreen
  6
CONTINUOUS
100
AcDbLine
 10
2.1440505905511809
 20
-4.2869577952755904
 30
0
 11
2.1442329921259842
 21
-4.2880953937007877
 31
0
  0
LINE
  5
D8
330
1B
100
AcDbEntity
  8
B.Silkscreen
  6
CONTINUOUS
100
AcDbLine
 10
2.1442329921259842
 20
-4.2880953937007877
 30
0
 11
2.1441547244094488
 21
-4.2886688976377956
 31
0
  0
LINE
  5
D9
330
1B
100
AcDbEntity
  8
B.Silkscreen
  6
CONTINUOUS
100
AcDbLine
 10
2.1441547244094488
 20
-4.2886688976377956
 30
0
 11
2.134780905511811
 21
-4.3280390157480317
 31
0
  0
LINE
  5
DA
330
1B
100
AcDbEntity
  8
B.Silkscreen
  6
CONTINUOUS
100
AcDbLine
 10
2.134780905511811
 20
-4.3280390157480317
 30
0
 11
2.1347127952755907
 21
-4.3282365748031495
 31
0
  0
LINE
  5
DB
330
1B
100
AcDbEntity
  8
B.Silkscreen
  6
CONTINUOUS
100
AcDbLine
 10
2.1347127952755907
 20
-4.3282365748031495
 30
0
 11
2.1347033858267714
 21
-4.3283075984251971
 31
0
  0
LINE
  5
DC
330
1B
100
AcDbEntity
  8
B.Silkscreen
  6
CONTINUOUS
100
AcDbLine
 10
2.1347033858267714
 20
-4.3283075984251971
 30
0
 11
2.1346662204724409
 21
-4.3283717322834647
 31
0
  0
LINE
  5
DD
330
1B
100
AcDbEntity
  8
B.Silkscreen
  6
CONTINUOUS
100
AcDbLine
 10
2.1346662204724409
 20
-4.3283717322834647
 30
0
 11
2.1345923228346457
 21
-4.3285862598425195
 31
0
  0
LINE
  5
DE
330
1B
100
AcDbEntity
  8
B.Silkscreen
  6
CONTINUOUS
100
AcDbLine
 10
2.1345923228346457
 20
-4.3285862598425195
 30
0
 11
2.1343409055118108
 21
-4.3289336220472441
 31
0
  0
LINE
  5
DF
330
1B
100
AcDbEntity
  8
B.Silkscreen
  6
CONTINUOUS
100
AcDbLine
 10
2.1343409055118108
 20
-4.3289336220472441
 30
0
 11
2.1341261417322834
 21
-4.3293046062992122
 31
0
  0
LINE
  5
E0
330
1B
100
AcDbEntity
  8
B.Silkscreen
  6
CONTINUOUS
100
AcDbLine
 10
2.1341261417322834
 20
-4.3293046062992122
 30
0
 11
2.134005748031496
 21
-4.3293967322834641
 31
0
  0
LINE
  5
E1
330
1B
100
AcDbEntity
  8
B.Silkscreen
  6
CONTINUOUS
100
AcDbLine
 10
2.134005748031496
 20
-4.3293967322834641
 30
0
 11
2.1339168503937009
 21
-4.3295196062992121
 31
0
  0
LINE
  5
E2
330
1B
100
AcDbEntity
  8
B.Silkscreen
  6
CONTINUOUS
100
AcDbLine
 10
2.1339168503937009
 20
-4.3295196062992121
 30
0
 11
2.1335518110236218
 21
-4.3297442125984249
 31
0
  0
LINE
  5
E3
330
1B
100
AcDbEntity
  8
B.Silkscreen
  6
CONTINUOUS
100
AcDbLine
 10
2.1335518110236218
 20
-4.3297442125984249
 30
0
 11
2.1332112598425197
 21
-4.3300049212598424
 31
0
  0
LINE
  5
E4
330
1B
100
AcDbEntity
  8
B.Silkscreen
  6
CONTINUOUS
100
AcDbLine
 10
2.1332112598425197
 20
-4.3300049212598424
 30
0
 11
2.1330646456692914
 21
-4.3300440157480313
 31
0
  0
LINE
  5
E5
330
1B
100
AcDbEntity
  8
B.Silkscreen
  6
CONTINUOUS
100
AcDbLine
 10
2.1330646456692914
 20
-4.3300440157480313
 30
0
 11
2.1329356692913386
 21
-4.3301233858267718
 31
0
  0
LINE
  5
E6
330
1B
100
AcDbEntity
  8
B.Silkscreen
  6
CONTINUOUS
100
AcDbLine
 10
2.1329356692913386
 20
-4.3301233858267718
 30
0
 11
2.1325126771653542
 21
-4.3301911811023617
 31
0
  0
LINE
  5
E7
330
1B
100
AcDbEntity
  8
B.Silkscreen
  6
CONTINUOUS
100
AcDbLine
 10
2.1325126771653542
 20
-4.3301911811023617
 30
0
 11
2.1320980708661419
 21
-4.3303017716535432
 31
0
  0
LINE
  5
E8
330
1B
100
AcDbEntity
  8
B.Silkscreen
  6
CONTINUOUS
100
AcDbLine
 10
2.1320980708661419
 20
-4.3303017716535432
 30
0
 11
2.131947716535433
 21
-4.3302817716535431
 31
0
  0
LINE
  5
E9
330
1B
100
AcDbEntity
  8
B.Silkscreen
  6
CONTINUOUS
100
AcDbLine
 10
2.131947716535433
 20
-4.3302817716535431
 30
0
 11
2.1317980708661417
 21
-4.3303057874015751
 31
0
  0
LINE
  5
EA
330
1B
100
AcDbEntity
  8
B.Silkscreen
  6
CONTINUOUS
100
AcDbLine
 10
2.1317980708661417
 20
-4.3303057874015751
 30
0
 11
2.1313809055118109
 21
-4.3302064566929133
 31
0
  0
LINE
  5
EB
330
1B
100
AcDbEntity
  8
B.Silkscreen
  6
CONTINUOUS
100
AcDbLine
 10
2.1313809055118109
 20
-4.3302064566929133
 30
0
 11
2.1309559842519685
 21
-4.3301499999999997
 31
0
  0
LINE
  5
EC
330
1B
100
AcDbEntity
  8
B.Silkscreen
  6
CONTINUOUS
100
AcDbLine
 10
2.1309559842519685
 20
-4.3301499999999997
 30
0
 11
2.1308248031496064
 21
-4.3300740551181098
 31
0
  0
LINE
  5
ED
330
1B
100
AcDbEntity
  8
B.Silkscreen
  6
CONTINUOUS
100
AcDbLine
 10
2.1308248031496064
 20
-4.3300740551181098
 30
0
 11
2.1306772834645669
 21
-4.330038937007874
 31
0
  0
LINE
  5
EE
330
1B
100
AcDbEntity
  8
B.Silkscreen
  6
CONTINUOUS
100
AcDbLine
 10
2.1306772834645669
 20
-4.330038937007874
 30
0
 11
2.1303298425196848
 21
-4.3297874803149607
 31
0
  0
LINE
  5
EF
330
1B
100
AcDbEntity
  8
B.Silkscreen
  6
CONTINUOUS
100
AcDbLine
 10
2.1303298425196848
 20
-4.3297874803149607
 30
0
 11
2.1299589370078738
 21
-4.3295727559055113
 31
0
  0
LINE
  5
F0
330
1B
100
AcDbEntity
  8
B.Silkscreen
  6
CONTINUOUS
100
AcDbLine
 10
2.1299589370078738
 20
-4.3295727559055113
 30
0
 11
2.1298667716535431
 21
-4.3294523622047247
 31
0
  0
LINE
  5
F1
330
1B
100
AcDbEntity
  8
B.Silkscreen
  6
CONTINUOUS
100
AcDbLine
 10
2.1298667716535431
 20
-4.3294523622047247
 30
0
 11
2.1297439370078739
 21
-4.3293634645669288
 31
0
  0
LINE
  5
F2
330
1B
100
AcDbEntity
  8
B.Silkscreen
  6
CONTINUOUS
100
AcDbLine
 10
2.1297439370078739
 20
-4.3293634645669288
 30
0
 11
2.1295192913385828
 21
-4.3289983858267718
 31
0
  0
LINE
  5
F3
330
1B
100
AcDbEntity
  8
B.Silkscreen
  6
CONTINUOUS
100
AcDbLine
 10
2.1295192913385828
 20
-4.3289983858267718
 30
0
 11
2.1292586614173228
 21
-4.3286579133858263
 31
0
  0
LINE
  5
F4
330
1B
100
AcDbEntity
  8
B.Silkscreen
  6
CONTINUOUS
100
AcDbLine
 10
2.1292586614173228
 20
-4.3286579133858263
 30
0
 11
2.1291788976377952
 21
-4.3284452362204719
 31
0
  0
LINE
  5
F5
330
1B
100
AcDbEntity
  8
B.Silkscreen
  6
CONTINUOUS
100
AcDbLine
 10
2.1291788976377952
 20
-4.3284452362204719
 30
0
 11
2.129140157480315
 21
-4.3283822834645669
 31
0
  0
LINE
  5
F6
330
1B
100
AcDbEntity
  8
B.Silkscreen
  6
CONTINUOUS
100
AcDbLine
 10
2.129140157480315
 20
-4.3283822834645669
 30
0
 11
2.1291288188976378
 21
-4.3283117716535431
 31
0
  0
LINE
  5
F7
330
1B
100
AcDbEntity
  8
B.Silkscreen
  6
CONTINUOUS
100
AcDbLine
 10
2.1291288188976378
 20
-4.3283117716535431
 30
0
 11
2.1290553937007872
 21
-4.3281159055118108
 31
0
  0
LINE
  5
F8
330
1B
100
AcDbEntity
  8
B.Silkscreen
  6
CONTINUOUS
100
AcDbLine
 10
2.1290553937007872
 20
-4.3281159055118108
 30
0
 11
2.1244093700787401
 21
-4.3106934251968507
 31
0
  0
LINE
  5
F9
330
1B
100
AcDbEntity
  8
B.Silkscreen
  6
CONTINUOUS
100
AcDbLine
 10
2.1244093700787401
 20
-4.3106934251968507
 30
0
 11
2.1197634251968505
 21
-4.3281159055118108
 31
0
  0
LINE
  5
FA
330
1B
100
AcDbEntity
  8
B.Silkscreen
  6
CONTINUOUS
100
AcDbLine
 10
2.1197634251968505
 20
-4.3281159055118108
 30
0
 11
2.1196899606299211
 21
-4.3283117322834643
 31
0
  0
LINE
  5
FB
330
1B
100
AcDbEntity
  8
B.Silkscreen
  6
CONTINUOUS
100
AcDbLine
 10
2.1196899606299211
 20
-4.3283117322834643
 30
0
 11
2.1196786614173226
 21
-4.3283822834645669
 31
0
  0
LINE
  5
FC
330
1B
100
AcDbEntity
  8
B.Silkscreen
  6
CONTINUOUS
100
AcDbLine
 10
2.1196786614173226
 20
-4.3283822834645669
 30
0
 11
2.1196398818897637
 21
-4.3284452755905507
 31
0
  0
LINE
  5
FD
330
1B
100
AcDbEntity
  8
B.Silkscreen
  6
CONTINUOUS
100
AcDbLine
 10
2.1196398818897637
 20
-4.3284452755905507
 30
0
 11
2.1195601574803149
 21
-4.3286578740157475
 31
0
  0
LINE
  5
FE
330
1B
100
AcDbEntity
  8
B.Silkscreen
  6
CONTINUOUS
100
AcDbLine
 10
2.1195601574803149
 20
-4.3286578740157475
 30
0
 11
2.1192995669291337
 21
-4.3289982677165355
 31
0
  0
LINE
  5
FF
330
1B
100
AcDbEntity
  8
B.Silkscreen
  6
CONTINUOUS
100
AcDbLine
 10
2.1192995669291337
 20
-4.3289982677165355
 30
0
 11
2.1190748818897638
 21
-4.3293634645669288
 31
0
  0
LINE
  5
100
330
1B
100
AcDbEntity
  8
B.Silkscreen
  6
CONTINUOUS
100
AcDbLine
 10
2.1190748818897638
 20
-4.3293634645669288
 30
0
 11
2.1189520078740158
 21
-4.3294523622047247
 31
0
  0
LINE
  5
101
330
1B
100
AcDbEntity
  8
B.Silkscreen
  6
CONTINUOUS
100
AcDbLine
 10
2.1189520078740158
 20
-4.3294523622047247
 30
0
 11
2.1188598818897639
 21
-4.3295727559055113
 31
0
  0
LINE
  5
102
330
1B
100
AcDbEntity
  8
B.Silkscreen
  6
CONTINUOUS
100
AcDbLine
 10
2.1188598818897639
 20
-4.3295727559055113
 30
0
 11
2.1184889370078741
 21
-4.3297874803149607
 31
0
  0
LINE
  5
103
330
1B
100
AcDbEntity
  8
B.Silkscreen
  6
CONTINUOUS
100
AcDbLine
 10
2.1184889370078741
 20
-4.3297874803149607
 30
0
 11
2.1181415354330708
 21
-4.330038937007874
 31
0
  0
LINE
  5
104
330
1B
100
AcDbEntity
  8
B.Silkscreen
  6
CONTINUOUS
100
AcDbLine
 10
2.1181415354330708
 20
-4.330038937007874
 30
0
 11
2.1179939763779525
 21
-4.3300740551181098
 31
0
  0
LINE
  5
105
330
1B
100
AcDbEntity
  8
B.Silkscreen
  6
CONTINUOUS
100
AcDbLine
 10
2.1179939763779525
 20
-4.3300740551181098
 30
0
 11
2.1178628346456692
 21
-4.3301499999999997
 31
0
  0
LINE
  5
106
330
1B
100
AcDbEntity
  8
B.Silkscreen
  6
CONTINUOUS
100
AcDbLine
 10
2.1178628346456692
 20
-4.3301499999999997
 30
0
 11
2.1174379921259843
 21
-4.3302064173228345
 31
0
  0
LINE
  5
107
330
1B
100
AcDbEntity
  8
B.Silkscreen
  6
CONTINUOUS
100
AcDbLine
 10
2.1174379921259843
 20
-4.3302064173228345
 30
0
 11
2.117020748031496
 21
-4.3303057874015751
 31
0
  0
LINE
  5
108
330
1B
100
AcDbEntity
  8
B.Silkscreen
  6
CONTINUOUS
100
AcDbLine
 10
2.117020748031496
 20
-4.3303057874015751
 30
0
 11
2.1168709842519684
 21
-4.3302817716535431
 31
0
  0
LINE
  5
109
330
1B
100
AcDbEntity
  8
B.Silkscreen
  6
CONTINUOUS
100
AcDbLine
 10
2.1168709842519684
 20
-4.3302817716535431
 30
0
 11
2.1167207874015745
 21
-4.3303017322834645
 31
0
  0
LINE
  5
10A
330
1B
100
AcDbEntity
  8
B.Silkscreen
  6
CONTINUOUS
100
AcDbLine
 10
2.1167207874015745
 20
-4.3303017322834645
 30
0
 11
2.116306535433071
 21
-4.3301912598425192
 31
0
  0
LINE
  5
10B
330
1B
100
AcDbEntity
  8
B.Silkscreen
  6
CONTINUOUS
100
AcDbLine
 10
2.116306535433071
 20
-4.3301912598425192
 30
0
 11
2.1158831496062991
 21
-4.3301233858267718
 31
0
  0
LINE
  5
10C
330
1B
100
AcDbEntity
  8
B.Silkscreen
  6
CONTINUOUS
100
AcDbLine
 10
2.1158831496062991
 20
-4.3301233858267718
 30
0
 11
2.1157540157480312
 21
-4.3300439370078738
 31
0
  0
LINE
  5
10D
330
1B
100
AcDbEntity
  8
B.Silkscreen
  6
CONTINUOUS
100
AcDbLine
 10
2.1157540157480312
 20
-4.3300439370078738
 30
0
 11
2.115607559055118
 21
-4.3300048818897636
 31
0
  0
LINE
  5
10E
330
1B
100
AcDbEntity
  8
B.Silkscreen
  6
CONTINUOUS
100
AcDbLine
 10
2.115607559055118
 20
-4.3300048818897636
 30
0
 11
2.1152671259842517
 21
-4.3297442913385824
 31
0
  0
LINE
  5
10F
330
1B
100
AcDbEntity
  8
B.Silkscreen
  6
CONTINUOUS
100
AcDbLine
 10
2.1152671259842517
 20
-4.3297442913385824
 30
0
 11
2.1149019685039367
 21
-4.3295196062992121
 31
0
  0
LINE
  5
110
330
1B
100
AcDbEntity
  8
B.Silkscreen
  6
CONTINUOUS
100
AcDbLine
 10
2.1149019685039367
 20
-4.3295196062992121
 30
0
 11
2.1148130314960629
 21
-4.3293967322834641
 31
0
  0
LINE
  5
111
330
1B
100
AcDbEntity
  8
B.Silkscreen
  6
CONTINUOUS
100
AcDbLine
 10
2.1148130314960629
 20
-4.3293967322834641
 30
0
 11
2.1146926771653543
 21
-4.3293046062992122
 31
0
  0
LINE
  5
112
330
1B
100
AcDbEntity
  8
B.Silkscreen
  6
CONTINUOUS
100
AcDbLine
 10
2.1146926771653543
 20
-4.3293046062992122
 30
0
 11
2.1144779133858269
 21
-4.3289336614173228
 31
0
  0
LINE
  5
113
330
1B
100
AcDbEntity
  8
B.Silkscreen
  6
CONTINUOUS
100
AcDbLine
 10
2.1144779133858269
 20
-4.3289336614173228
 30
0
 11
2.114226496062992
 21
-4.3285862598425195
 31
0
  0
LINE
  5
114
330
1B
100
AcDbEntity
  8
B.Silkscreen
  6
CONTINUOUS
100
AcDbLine
 10
2.114226496062992
 20
-4.3285862598425195
 30
0
 11
2.1141525196850393
 21
-4.3283716535433072
 31
0
  0
LINE
  5
115
330
1B
100
AcDbEntity
  8
B.Silkscreen
  6
CONTINUOUS
100
AcDbLine
 10
2.1141525196850393
 20
-4.3283716535433072
 30
0
 11
2.1141154330708662
 21
-4.3283075590551183
 31
0
  0
LINE
  5
116
330
1B
100
AcDbEntity
  8
B.Silkscreen
  6
CONTINUOUS
100
AcDbLine
 10
2.1141154330708662
 20
-4.3283075590551183
 30
0
 11
2.1141059842519683
 21
-4.3282366141732282
 31
0
  0
LINE
  5
117
330
1B
100
AcDbEntity
  8
B.Silkscreen
  6
CONTINUOUS
100
AcDbLine
 10
2.1141059842519683
 20
-4.3282366141732282
 30
0
 11
2.1140379133858267
 21
-4.3280390157480317
 31
0
  0
LINE
  5
118
330
1B
100
AcDbEntity
  8
B.Silkscreen
  6
CONTINUOUS
100
AcDbLine
 10
2.1140379133858267
 20
-4.3280390157480317
 30
0
 11
2.1046640944881889
 21
-4.2886689370078743
 31
0
  0
LINE
  5
119
330
1B
100
AcDbEntity
  8
B.Silkscreen
  6
CONTINUOUS
100
AcDbLine
 10
2.1046640944881889
 20
-4.2886689370078743
 30
0
 11
2.1045858267716535
 21
-4.2880953937007877
 31
0
  0
LINE
  5
11A
330
1B
100
AcDbEntity
  8
B.Silkscreen
  6
CONTINUOUS
100
AcDbLine
 10
2.1045858267716535
 20
-4.2880953937007877
 30
0
 11
2.1047682283464568
 21
-4.2869577952755904
 31
0
  0
LINE
  5
11B
330
1B
100
AcDbEntity
  8
B.Silkscreen
  6
CONTINUOUS
100
AcDbLine
 10
2.1047682283464568
 20
-4.2869577952755904
 30
0
 11
2.1053720078740157
 21
-4.2859766141732285
 31
0
  0
LINE
  5
11C
330
1B
100
AcDbEntity
  8
B.Silkscreen
  6
CONTINUOUS
100
AcDbLine
 10
2.1053720078740157
 20
-4.2859766141732285
 30
0
 11
2.1063053543307086
 21
-4.2853011417322833
 31
0
  0
LINE
  5
11D
330
1B
100
AcDbEntity
  8
B.Silkscreen
  6
CONTINUOUS
100
AcDbLine
 10
2.1063053543307086
 20
-4.2853011417322833
 30
0
 11
2.1074261417322835
 21
-4.2850342913385822
 31
0
  0
LINE
  5
11E
330
1B
100
AcDbEntity
  8
B.Silkscreen
  6
CONTINUOUS
100
AcDbLine
 10
2.1074261417322835
 20
-4.2850342913385822
 30
0
 11
2.1085637401574804
 21
-4.2852166929133855
 31
0
  0
LINE
  5
11F
330
1B
100
AcDbEntity
  8
B.Silkscreen
  6
CONTINUOUS
100
AcDbLine
 10
2.1085637401574804
 20
-4.2852166929133855
 30
0
 11
2.1095449212598423
 21
-4.2858204724409452
 31
0
  0
LINE
  5
120
330
1B
100
AcDbEntity
  8
B.Silkscreen
  6
CONTINUOUS
100
AcDbLine
 10
2.1095449212598423
 20
-4.2858204724409452
 30
0
 11
2.1102203937007875
 21
-4.2867538188976377
 31
0
  0
LINE
  5
121
330
1B
100
AcDbEntity
  8
B.Silkscreen
  6
CONTINUOUS
100
AcDbLine
 10
2.1102203937007875
 20
-4.2867538188976377
 30
0
 11
2.1104089763779528
 21
-4.2873010629921255
 31
0
  0
LINE
  5
122
330
1B
100
AcDbEntity
  8
B.Silkscreen
  6
CONTINUOUS
100
AcDbLine
 10
2.1104089763779528
 20
-4.2873010629921255
 30
0
 11
2.117072401574803
 21
-4.3152875196850395
 31
0
  0
LINE
  5
123
330
1B
100
AcDbEntity
  8
B.Silkscreen
  6
CONTINUOUS
100
AcDbLine
 10
2.117072401574803
 20
-4.3152875196850395
 30
0
 11
2.121556338582677
 21
-4.2984727559055118
 31
0
  0
LINE
  5
124
330
1B
100
AcDbEntity
  8
B.Silkscreen
  6
CONTINUOUS
100
AcDbLine
 10
2.121556338582677
 20
-4.2984727559055118
 30
0
 11
2.1216069291338582
 21
-4.2983377559055116
 31
0
  0
LINE
  5
125
330
1B
100
AcDbEntity
  8
B.Silkscreen
  6
CONTINUOUS
100
AcDbLine
 10
2.1216069291338582
 20
-4.2983377559055116
 30
0
 11
2.1216144881889765
 21
-4.2982811023622043
 31
0
  0
LINE
  5
126
330
1B
100
AcDbEntity
  8
B.Silkscreen
  6
CONTINUOUS
100
AcDbLine
 10
2.1216144881889765
 20
-4.2982811023622043
 30
0
 11
2.1216534251968504
 21
-4.2982137795275586
 31
0
  0
LINE
  5
127
330
1B
100
AcDbEntity
  8
B.Silkscreen
  6
CONTINUOUS
100
AcDbLine
 10
2.1216534251968504
 20
-4.2982137795275586
 30
0
 11
2.1217596062992126
 21
-4.2979307480314963
 31
0
  0
LINE
  5
128
330
1B
100
AcDbEntity
  8
B.Silkscreen
  6
CONTINUOUS
100
AcDbLine
 10
2.1217596062992126
 20
-4.2979307480314963
 30
0
 11
2.1219964960629922
 21
-4.2976212598425194
 31
0
  0
LINE
  5
129
330
1B
100
AcDbEntity
  8
B.Silkscreen
  6
CONTINUOUS
100
AcDbLine
 10
2.1219964960629922
 20
-4.2976212598425194
 30
0
 11
2.1221917322834645
 21
-4.2972840551181104
 31
0
  0
LINE
  5
12A
330
1B
100
AcDbEntity
  8
B.Silkscreen
  6
CONTINUOUS
100
AcDbLine
 10
2.1221917322834645
 20
-4.2972840551181104
 30
0
 11
2.1223435826771655
 21
-4.2971677952755902
 31
0
  0
LINE
  5
12B
330
1B
100
AcDbEntity
  8
B.Silkscreen
  6
CONTINUOUS
100
AcDbLine
 10
2.1223435826771655
 20
-4.2971677952755902
 30
0
 11
2.1224598818897635
 21
-4.2970159055118113
 31
0
  0
LINE
  5
12C
330
1B
100
AcDbEntity
  8
B.Silkscreen
  6
CONTINUOUS
100
AcDbLine
 10
2.1224598818897635
 20
-4.2970159055118113
 30
0
 11
2.1227971653543305
 21
-4.2968205905511807
 31
0
  0
LINE
  5
12D
330
1B
100
AcDbEntity
  8
B.Silkscreen
  6
CONTINUOUS
100
AcDbLine
 10
2.1227971653543305
 20
-4.2968205905511807
 30
0
 11
2.1231066141732282
 21
-4.296583779527559
 31
0
  0
LINE
  5
12E
330
1B
100
AcDbEntity
  8
B.Silkscreen
  6
CONTINUOUS
100
AcDbLine
 10
2.1231066141732282
 20
-4.296583779527559
 30
0
 11
2.123291338582677
 21
-4.2965344881889767
 31
0
  0
LINE
  5
12F
330
1B
100
AcDbEntity
  8
B.Silkscreen
  6
CONTINUOUS
100
AcDbLine
 10
2.123291338582677
 20
-4.2965344881889767
 30
0
 11
2.1234569291338583
 21
-4.2964386614173229
 31
0
  0
LINE
  5
130
330
1B
100
AcDbEntity
  8
B.Silkscreen
  6
CONTINUOUS
100
AcDbLine
 10
2.1234569291338583
 20
-4.2964386614173229
 30
0
 11
2.1238434251968505
 21
-4.2963872834645667
 31
0
  0
LINE
  5
131
330
1B
100
AcDbEntity
  8
B.Silkscreen
  6
CONTINUOUS
100
AcDbLine
 10
2.1238434251968505
 20
-4.2963872834645667
 30
0
 11
2.1242198425196852
 21
-4.2962869291338581
 31
0
  0
LINE
  5
132
330
1B
100
AcDbEntity
  8
B.Silkscreen
  6
CONTINUOUS
100
AcDbLine
 10
2.1242198425196852
 20
-4.2962869291338581
 30
0
 11
2.1244092913385826
 21
-4.2963120866141731
 31
0
  0
LINE
  5
133
330
1B
100
AcDbEntity
  8
B.Silkscreen
  6
CONTINUOUS
100
AcDbLine
 10
2.1244092913385826
 20
-4.2963120866141731
 30
0
 11
2.1245990157480312
 21
-4.2962868897637794
 31
0
  0
LINE
  5
134
330
1B
100
AcDbEntity
  8
B.Silkscreen
  6
CONTINUOUS
100
AcDbLine
 10
2.1245990157480312
 20
-4.2962868897637794
 30
0
 11
2.1249757874015747
 21
-4.2963873622047242
 31
0
  0
LINE
  5
135
330
1B
100
AcDbEntity
  8
B.Silkscreen
  6
CONTINUOUS
100
AcDbLine
 10
2.1249757874015747
 20
-4.2963873622047242
 30
0
 11
2.1253618897637794
 21
-4.2964386614173229
 31
0
  0
LINE
  5
136
330
1B
100
AcDbEntity
  8
B.Silkscreen
  6
CONTINUOUS
100
AcDbLine
 10
2.1253618897637794
 20
-4.2964386614173229
 30
0
 11
2.1255272834645669
 21
-4.2965344094488191
 31
0
  0
LINE
  5
137
330
1B
100
AcDbEntity
  8
B.Silkscreen
  6
CONTINUOUS
100
AcDbLine
 10
2.1255272834645669
 20
-4.2965344094488191
 30
0
 11
2.1257122047244095
 21
-4.2965837401574802
 31
0
  0
LINE
  5
138
330
1B
100
AcDbEntity
  8
B.Silkscreen
  6
CONTINUOUS
100
AcDbLine
 10
2.1257122047244095
 20
-4.2965837401574802
 30
0
 11
2.1260217322834647
 21
-4.2968206692913382
 31
0
  0
LINE
  5
139
330
1B
100
AcDbEntity
  8
B.Silkscreen
  6
CONTINUOUS
100
AcDbLine
 10
2.1260217322834647
 20
-4.2968206692913382
 30
0
 11
2.1263589370078742
 21
-4.2970159055118113
 31
0
  0
LINE
  5
13A
330
1B
100
AcDbEntity
  8
B.Silkscreen
  6
CONTINUOUS
100
AcDbLine
 10
2.1263589370078742
 20
-4.2970159055118113
 30
0
 11
2.1264751574803151
 21
-4.2971677559055115
 31
0
  0
LINE
  5
13B
330
1B
100
AcDbEntity
  8
B.Silkscreen
  6
CONTINUOUS
100
AcDbLine
 10
2.1264751574803151
 20
-4.2971677559055115
 30
0
 11
2.1266270866141732
 21
-4.2972840551181104
 31
0
  0
LINE
  5
13C
330
1B
100
AcDbEntity
  8
B.Silkscreen
  6
CONTINUOUS
100
AcDbLine
 10
2.1266270866141732
 20
-4.2972840551181104
 30
0
 11
2.126822401574803
 21
-4.2976213779527557
 31
0
  0
LINE
  5
13D
330
1B
100
AcDbEntity
  8
B.Silkscreen
  6
CONTINUOUS
100
AcDbLine
 10
2.126822401574803
 20
-4.2976213779527557
 30
0
 11
2.1270592125984251
 21
-4.2979307874015751
 31
0
  0
LINE
  5
13E
330
1B
100
AcDbEntity
  8
B.Silkscreen
  6
CONTINUOUS
100
AcDbLine
 10
2.1270592125984251
 20
-4.2979307874015751
 30
0
 11
2.127165275590551
 21
-4.2982136220472436
 31
0
  0
LINE
  5
13F
330
1B
100
AcDbEntity
  8
B.Silkscreen
  6
CONTINUOUS
100
AcDbLine
 10
2.127165275590551
 20
-4.2982136220472436
 30
0
 11
2.1272043307086612
 21
-4.2982810629921255
 31
0
  0
LINE
  5
140
330
1B
100
AcDbEntity
  8
B.Silkscreen
  6
CONTINUOUS
100
AcDbLine
 10
2.1272043307086612
 20
-4.2982810629921255
 30
0
 11
2.1272118503937008
 21
-4.2983377952755903
 31
0
  0
LINE
  5
141
330
1B
100
AcDbEntity
  8
B.Silkscreen
  6
CONTINUOUS
100
AcDbLine
 10
2.1272118503937008
 20
-4.2983377952755903
 30
0
 11
2.1272624803149607
 21
-4.2984727559055118
 31
0
  0
LINE
  5
142
330
1B
100
AcDbEntity
  8
B.Silkscreen
  6
CONTINUOUS
100
AcDbLine
 10
2.1272624803149607
 20
-4.2984727559055118
 30
0
 11
2.1317463779527559
 21
-4.3152875196850395
 31
0
  0
LINE
  5
143
330
1B
100
AcDbEntity
  8
B.Silkscreen
  6
CONTINUOUS
100
AcDbLine
 10
2.1317463779527559
 20
-4.3152875196850395
 30
0
 11
2.1384098425196849
 21
-4.2873010629921255
 31
0
  0
LINE
  5
144
330
1B
100
AcDbEntity
  8
B.Silkscreen
  6
CONTINUOUS
100
AcDbLine
 10
2.1384098425196849
 20
-4.2873010629921255
 30
0
 11
2.1385984251968502
 21
-4.2867538188976377
 31
0
  0
LINE
  5
145
330
1B
100
AcDbEntity
  8
B.Silkscreen
  6
CONTINUOUS
100
AcDbLine
 10
2.1385984251968502
 20
-4.2867538188976377
 30
0
 11
2.1392738976377954
 21
-4.2858204724409452
 31
0
  0
LINE
  5
146
330
1B
100
AcDbEntity
  8
B.Silkscreen
  6
CONTINUOUS
100
AcDbLine
 10
2.1392738976377954
 20
-4.2858204724409452
 30
0
 11
2.1402550787401573
 21
-4.2852166929133855
 31
0
  0
LINE
  5
147
330
1B
100
AcDbEntity
  8
B.Silkscreen
  6
CONTINUOUS
100
AcDbLine
 10
2.1402550787401573
 20
-4.2852166929133855
 30
0
 11
2.1413926771653542
 21
-4.2850342913385822
 31
0
  0
LINE
  5
148
330
1B
100
AcDbEntity
  8
B.Silkscreen
  6
CONTINUOUS
100
AcDbLine
 10
2.1413926771653542
 20
-4.2850342913385822
 30
0
 11
2.142513464566929
 21
-4.2853011417322833
 31
0
  0
LINE
  5
149
330
1B
100
AcDbEntity
  8
B.Silkscreen
  6
CONTINUOUS
100
AcDbLine
 10
2.0858192519685037
 20
-4.2832623622047246
 30
0
 11
2.0868496850393701
 21
-4.2837775590551184
 31
0
  0
LINE
  5
14A
330
1B
100
AcDbEntity
  8
B.Silkscreen
  6
CONTINUOUS
100
AcDbLine
 10
2.0868496850393701
 20
-4.2837775590551184
 30
0
 11
2.0876045669291337
 21
-4.2846479133858271
 31
0
  0
LINE
  5
14B
330
1B
100
AcDbEntity
  8
B.Silkscreen
  6
CONTINUOUS
100
AcDbLine
 10
2.0876045669291337
 20
-4.2846479133858271
 30
0
 11
2.0878405511811025
 21
-4.2851764960629923
 31
0
  0
LINE
  5
14C
330
1B
100
AcDbEntity
  8
B.Silkscreen
  6
CONTINUOUS
100
AcDbLine
 10
2.0878405511811025
 20
-4.2851764960629923
 30
0
 11
2.0972143700787402
 21
-4.3132979133858269
 31
0
  0
LINE
  5
14D
330
1B
100
AcDbEntity
  8
B.Silkscreen
  6
CONTINUOUS
100
AcDbLine
 10
2.0972143700787402
 20
-4.3132979133858269
 30
0
 11
2.0972792913385825
 21
-4.3135835433070868
 31
0
  0
LINE
  5
14E
330
1B
100
AcDbEntity
  8
B.Silkscreen
  6
CONTINUOUS
100
AcDbLine
 10
2.0972792913385825
 20
-4.3135835433070868
 30
0
 11
2.0973091732283464
 21
-4.3136556299212598
 31
0
  0
LINE
  5
14F
330
1B
100
AcDbEntity
  8
B.Silkscreen
  6
CONTINUOUS
100
AcDbLine
 10
2.0973091732283464
 20
-4.3136556299212598
 30
0
 11
2.0973091732283464
 21
-4.3137148425196852
 31
0
  0
LINE
  5
150
330
1B
100
AcDbEntity
  8
B.Silkscreen
  6
CONTINUOUS
100
AcDbLine
 10
2.0973091732283464
 20
-4.3137148425196852
 30
0
 11
2.097342716535433
 21
-4.3138623622047243
 31
0
  0
LINE
  5
151
330
1B
100
AcDbEntity
  8
B.Silkscreen
  6
CONTINUOUS
100
AcDbLine
 10
2.097342716535433
 20
-4.3138623622047243
 30
0
 11
2.0973091732283464
 21
-4.3143342125984248
 31
0
  0
LINE
  5
152
330
1B
100
AcDbEntity
  8
B.Silkscreen
  6
CONTINUOUS
100
AcDbLine
 10
2.0973091732283464
 20
-4.3143342125984248
 30
0
 11
2.0973091732283464
 21
-4.3148077559055116
 31
0
  0
LINE
  5
153
330
1B
100
AcDbEntity
  8
B.Silkscreen
  6
CONTINUOUS
100
AcDbLine
 10
2.0973091732283464
 20
-4.3148077559055116
 30
0
 11
2.0972685039370078
 21
-4.3149058267716534
 31
0
  0
LINE
  5
154
330
1B
100
AcDbEntity
  8
B.Silkscreen
  6
CONTINUOUS
100
AcDbLine
 10
2.0972685039370078
 20
-4.3149058267716534
 30
0
 11
2.097261023622047
 21
-4.3150115748031492
 31
0
  0
LINE
  5
155
330
1B
100
AcDbEntity
  8
B.Silkscreen
  6
CONTINUOUS
100
AcDbLine
 10
2.097261023622047
 20
-4.3150115748031492
 30
0
 11
2.0970494488188978
 21
-4.3154346850393699
 31
0
  0
LINE
  5
156
330
1B
100
AcDbEntity
  8
B.Silkscreen
  6
CONTINUOUS
100
AcDbLine
 10
2.0970494488188978
 20
-4.3154346850393699
 30
0
 11
2.0968682677165353
 21
-4.3158721653543308
 31
0
  0
LINE
  5
157
330
1B
100
AcDbEntity
  8
B.Silkscreen
  6
CONTINUOUS
100
AcDbLine
 10
2.0968682677165353
 20
-4.3158721653543308
 30
0
 11
2.0967932283464568
 21
-4.3159471653543307
 31
0
  0
LINE
  5
158
330
1B
100
AcDbEntity
  8
B.Silkscreen
  6
CONTINUOUS
100
AcDbLine
 10
2.0967932283464568
 20
-4.3159471653543307
 30
0
 11
2.0967458267716537
 21
-4.3160420472440943
 31
0
  0
LINE
  5
159
330
1B
100
AcDbEntity
  8
B.Silkscreen
  6
CONTINUOUS
100
AcDbLine
 10
2.0967458267716537
 20
-4.3160420472440943
 30
0
 11
2.0963883464566928
 21
-4.3163520472440942
 31
0
  0
LINE
  5
15A
330
1B
100
AcDbEntity
  8
B.Silkscreen
  6
CONTINUOUS
100
AcDbLine
 10
2.0963883464566928
 20
-4.3163520472440942
 30
0
 11
2.0960536220472439
 21
-4.3166868110236223
 31
0
  0
LINE
  5
15B
330
1B
100
AcDbEntity
  8
B.Silkscreen
  6
CONTINUOUS
100
AcDbLine
 10
2.0960536220472439
 20
-4.3166868110236223
 30
0
 11
2.0959555511811021
 21
-4.3167274015748029
 31
0
  0
LINE
  5
15C
330
1B
100
AcDbEntity
  8
B.Silkscreen
  6
CONTINUOUS
100
AcDbLine
 10
2.0959555511811021
 20
-4.3167274015748029
 30
0
 11
2.0958754330708662
 21
-4.3167969291338579
 31
0
  0
LINE
  5
15D
330
1B
100
AcDbEntity
  8
B.Silkscreen
  6
CONTINUOUS
100
AcDbLine
 10
2.0958754330708662
 20
-4.3167969291338579
 30
0
 11
2.0954265748031498
 21
-4.3169465354330709
 31
0
  0
LINE
  5
15E
330
1B
100
AcDbEntity
  8
B.Silkscreen
  6
CONTINUOUS
100
AcDbLine
 10
2.0954265748031498
 20
-4.3169465354330709
 30
0
 11
2.0949892125984251
 21
-4.3171277165354329
 31
0
  0
LINE
  5
15F
330
1B
100
AcDbEntity
  8
B.Silkscreen
  6
CONTINUOUS
100
AcDbLine
 10
2.0949892125984251
 20
-4.3171277165354329
 30
0
 11
2.0948385433070866
 21
-4.3171425196850395
 31
0
  0
LINE
  5
160
330
1B
100
AcDbEntity
  8
B.Silkscreen
  6
CONTINUOUS
100
AcDbLine
 10
2.0948385433070866
 20
-4.3171425196850395
 30
0
 11
2.0947824409448819
 21
-4.3171612598425195
 31
0
  0
LINE
  5
161
330
1B
100
AcDbEntity
  8
B.Silkscreen
  6
CONTINUOUS
100
AcDbLine
 10
2.0947824409448819
 20
-4.3171612598425195
 30
0
 11
2.0947046850393702
 21
-4.3171557086614172
 31
0
  0
LINE
  5
162
330
1B
100
AcDbEntity
  8
B.Silkscreen
  6
CONTINUOUS
100
AcDbLine
 10
2.0947046850393702
 20
-4.3171557086614172
 30
0
 11
2.0944131496062992
 21
-4.3171844488188977
 31
0
  0
LINE
  5
163
330
1B
100
AcDbEntity
  8
B.Silkscreen
  6
CONTINUOUS
100
AcDbLine
 10
2.0944131496062992
 20
-4.3171844488188977
 30
0
 11
2.0786182677165352
 21
-4.3171844488188977
 31
0
  0
LINE
  5
164
330
1B
100
AcDbEntity
  8
B.Silkscreen
  6
CONTINUOUS
100
AcDbLine
 10
2.0786182677165352
 20
-4.3171844488188977
 30
0
 11
2.0786182677165352
 21
-4.3273550787401573
 31
0
  0
LINE
  5
165
330
1B
100
AcDbEntity
  8
B.Silkscreen
  6
CONTINUOUS
100
AcDbLine
 10
2.0786182677165352
 20
-4.3273550787401573
 30
0
 11
2.0785615354330709
 21
-4.3279311417322832
 31
0
  0
LINE
  5
166
330
1B
100
AcDbEntity
  8
B.Silkscreen
  6
CONTINUOUS
100
AcDbLine
 10
2.0785615354330709
 20
-4.3279311417322832
 30
0
 11
2.0781206299212598
 21
-4.3289955511811025
 31
0
  0
LINE
  5
167
330
1B
100
AcDbEntity
  8
B.Silkscreen
  6
CONTINUOUS
100
AcDbLine
 10
2.0781206299212598
 20
-4.3289955511811025
 30
0
 11
2.0773059842519683
 21
-4.3298101968503939
 31
0
  0
LINE
  5
168
330
1B
100
AcDbEntity
  8
B.Silkscreen
  6
CONTINUOUS
100
AcDbLine
 10
2.0773059842519683
 20
-4.3298101968503939
 30
0
 11
2.0762415748031495
 21
-4.3302511023622046
 31
0
  0
LINE
  5
169
330
1B
100
AcDbEntity
  8
B.Silkscreen
  6
CONTINUOUS
100
AcDbLine
 10
2.0762415748031495
 20
-4.3302511023622046
 30
0
 11
2.0750894488188978
 21
-4.3302511023622046
 31
0
  0
LINE
  5
16A
330
1B
100
AcDbEntity
  8
B.Silkscreen
  6
CONTINUOUS
100
AcDbLine
 10
2.0750894488188978
 20
-4.3302511023622046
 30
0
 11
2.0740250393700785
 21
-4.3298101968503939
 31
0
  0
LINE
  5
16B
330
1B
100
AcDbEntity
  8
B.Silkscreen
  6
CONTINUOUS
100
AcDbLine
 10
2.0740250393700785
 20
-4.3298101968503939
 30
0
 11
2.0732103937007875
 21
-4.3289955511811025
 31
0
  0
LINE
  5
16C
330
1B
100
AcDbEntity
  8
B.Silkscreen
  6
CONTINUOUS
100
AcDbLine
 10
2.0732103937007875
 20
-4.3289955511811025
 30
0
 11
2.0727694881889764
 21
-4.3279311417322832
 31
0
  0
LINE
  5
16D
330
1B
100
AcDbEntity
  8
B.Silkscreen
  6
CONTINUOUS
100
AcDbLine
 10
2.0727694881889764
 20
-4.3279311417322832
 30
0
 11
2.0727127559055116
 21
-4.3273550787401573
 31
0
  0
LINE
  5
16E
330
1B
100
AcDbEntity
  8
B.Silkscreen
  6
CONTINUOUS
100
AcDbLine
 10
2.0727127559055116
 20
-4.3273550787401573
 30
0
 11
2.0727127559055116
 21
-4.3171844488188977
 31
0
  0
LINE
  5
16F
330
1B
100
AcDbEntity
  8
B.Silkscreen
  6
CONTINUOUS
100
AcDbLine
 10
2.0727127559055116
 20
-4.3171844488188977
 30
0
 11
2.070041220472441
 21
-4.3171844488188977
 31
0
  0
LINE
  5
170
330
1B
100
AcDbEntity
  8
B.Silkscreen
  6
CONTINUOUS
100
AcDbLine
 10
2.070041220472441
 20
-4.3171844488188977
 30
0
 11
2.0694651574803151
 21
-4.3171277165354329
 31
0
  0
LINE
  5
171
330
1B
100
AcDbEntity
  8
B.Silkscreen
  6
CONTINUOUS
100
AcDbLine
 10
2.0694651574803151
 20
-4.3171277165354329
 30
0
 11
2.0684007480314959
 21
-4.3166868110236223
 31
0
  0
LINE
  5
172
330
1B
100
AcDbEntity
  8
B.Silkscreen
  6
CONTINUOUS
100
AcDbLine
 10
2.0684007480314959
 20
-4.3166868110236223
 30
0
 11
2.0675861023622049
 21
-4.3158721653543308
 31
0
  0
LINE
  5
173
330
1B
100
AcDbEntity
  8
B.Silkscreen
  6
CONTINUOUS
100
AcDbLine
 10
2.0675861023622049
 20
-4.3158721653543308
 30
0
 11
2.0671451968503938
 21
-4.3148077559055116
 31
0
  0
LINE
  5
174
330
1B
100
AcDbEntity
  8
B.Silkscreen
  6
CONTINUOUS
100
AcDbLine
 10
2.0671451968503938
 20
-4.3148077559055116
 30
0
 11
2.0671451968503938
 21
-4.3136556299212598
 31
0
  0
LINE
  5
175
330
1B
100
AcDbEntity
  8
B.Silkscreen
  6
CONTINUOUS
100
AcDbLine
 10
2.0671451968503938
 20
-4.3136556299212598
 30
0
 11
2.0675861023622049
 21
-4.3125912204724406
 31
0
  0
LINE
  5
176
330
1B
100
AcDbEntity
  8
B.Silkscreen
  6
CONTINUOUS
100
AcDbLine
 10
2.0675861023622049
 20
-4.3125912204724406
 30
0
 11
2.0684007480314959
 21
-4.3117765748031491
 31
0
  0
LINE
  5
177
330
1B
100
AcDbEntity
  8
B.Silkscreen
  6
CONTINUOUS
100
AcDbLine
 10
2.0684007480314959
 20
-4.3117765748031491
 30
0
 11
2.0694651574803151
 21
-4.3113356692913385
 31
0
  0
LINE
  5
178
330
1B
100
AcDbEntity
  8
B.Silkscreen
  6
CONTINUOUS
100
AcDbLine
 10
2.0694651574803151
 20
-4.3113356692913385
 30
0
 11
2.070041220472441
 21
-4.3112789370078737
 31
0
  0
LINE
  5
179
330
1B
100
AcDbEntity
  8
B.Silkscreen
  6
CONTINUOUS
100
AcDbLine
 10
2.070041220472441
 20
-4.3112789370078737
 30
0
 11
2.0727127559055116
 21
-4.3112789370078737
 31
0
  0
LINE
  5
17A
330
1B
100
AcDbEntity
  8
B.Silkscreen
  6
CONTINUOUS
100
AcDbLine
 10
2.0727127559055116
 20
-4.3112789370078737
 30
0
 11
2.0727127559055116
 21
-4.3011083464566928
 31
0
  0
LINE
  5
17B
330
1B
100
AcDbEntity
  8
B.Silkscreen
  6
CONTINUOUS
100
AcDbLine
 10
2.0727127559055116
 20
-4.3011083464566928
 30
0
 11
2.0727694881889764
 21
-4.300532283464567
 31
0
  0
LINE
  5
17C
330
1B
100
AcDbEntity
  8
B.Silkscreen
  6
CONTINUOUS
100
AcDbLine
 10
2.0727694881889764
 20
-4.300532283464567
 30
0
 11
2.0732103937007875
 21
-4.2994678740157477
 31
0
  0
LINE
  5
17D
330
1B
100
AcDbEntity
  8
B.Silkscreen
  6
CONTINUOUS
100
AcDbLine
 10
2.0732103937007875
 20
-4.2994678740157477
 30
0
 11
2.0740250393700785
 21
-4.2986532283464562
 31
0
  0
LINE
  5
17E
330
1B
100
AcDbEntity
  8
B.Silkscreen
  6
CONTINUOUS
100
AcDbLine
 10
2.0740250393700785
 20
-4.2986532283464562
 30
0
 11
2.0750894488188978
 21
-4.2982123228346456
 31
0
  0
LINE
  5
17F
330
1B
100
AcDbEntity
  8
B.Silkscreen
  6
CONTINUOUS
100
AcDbLine
 10
2.0750894488188978
 20
-4.2982123228346456
 30
0
 11
2.0762415748031495
 21
-4.2982123228346456
 31
0
  0
LINE
  5
180
330
1B
100
AcDbEntity
  8
B.Silkscreen
  6
CONTINUOUS
100
AcDbLine
 10
2.0762415748031495
 20
-4.2982123228346456
 30
0
 11
2.0773059842519683
 21
-4.2986532283464562
 31
0
  0
LINE
  5
181
330
1B
100
AcDbEntity
  8
B.Silkscreen
  6
CONTINUOUS
100
AcDbLine
 10
2.0773059842519683
 20
-4.2986532283464562
 30
0
 11
2.0781206299212598
 21
-4.2994678740157477
 31
0
  0
LINE
  5
182
330
1B
100
AcDbEntity
  8
B.Silkscreen
  6
CONTINUOUS
100
AcDbLine
 10
2.0781206299212598
 20
-4.2994678740157477
 30
0
 11
2.0785615354330709
 21
-4.300532283464567
 31
0
  0
LINE
  5
183
330
1B
100
AcDbEntity
  8
B.Silkscreen
  6
CONTINUOUS
100
AcDbLine
 10
2.0785615354330709
 20
-4.300532283464567
 30
0
 11
2.0786182677165352
 21
-4.3011083464566928
 31
0
  0
LINE
  5
184
330
1B
100
AcDbEntity
  8
B.Silkscreen
  6
CONTINUOUS
100
AcDbLine
 10
2.0786182677165352
 20
-4.3011083464566928
 30
0
 11
2.0786182677165352
 21
-4.3112789370078737
 31
0
  0
LINE
  5
185
330
1B
100
AcDbEntity
  8
B.Silkscreen
  6
CONTINUOUS
100
AcDbLine
 10
2.0786182677165352
 20
-4.3112789370078737
 30
0
 11
2.0903164173228346
 21
-4.3112789370078737
 31
0
  0
LINE
  5
186
330
1B
100
AcDbEntity
  8
B.Silkscreen
  6
CONTINUOUS
100
AcDbLine
 10
2.0903164173228346
 20
-4.3112789370078737
 30
0
 11
2.0822381102362204
 21
-4.2870439763779524
 31
0
  0
LINE
  5
187
330
1B
100
AcDbEntity
  8
B.Silkscreen
  6
CONTINUOUS
100
AcDbLine
 10
2.0822381102362204
 20
-4.2870439763779524
 30
0
 11
2.0821097637795276
 21
-4.286479527559055
 31
0
  0
LINE
  5
188
330
1B
100
AcDbEntity
  8
B.Silkscreen
  6
CONTINUOUS
100
AcDbLine
 10
2.0821097637795276
 20
-4.286479527559055
 30
0
 11
2.0821914566929132
 21
-4.2853303149606301
 31
0
  0
LINE
  5
189
330
1B
100
AcDbEntity
  8
B.Silkscreen
  6
CONTINUOUS
100
AcDbLine
 10
2.0821914566929132
 20
-4.2853303149606301
 30
0
 11
2.082706653543307
 21
-4.2842998818897637
 31
0
  0
LINE
  5
18A
330
1B
100
AcDbEntity
  8
B.Silkscreen
  6
CONTINUOUS
100
AcDbLine
 10
2.082706653543307
 20
-4.2842998818897637
 30
0
 11
2.0835770078740157
 21
-4.2835450000000002
 31
0
  0
LINE
  5
18B
330
1B
100
AcDbEntity
  8
B.Silkscreen
  6
CONTINUOUS
100
AcDbLine
 10
2.0835770078740157
 20
-4.2835450000000002
 30
0
 11
2.0846700393700788
 21
-4.2831806692913386
 31
0
  0
LINE
  5
18C
330
1B
100
AcDbEntity
  8
B.Silkscreen
  6
CONTINUOUS
100
AcDbLine
 10
2.0846700393700788
 20
-4.2831806692913386
 30
0
 11
2.0858192519685037
 21
-4.2832623622047246
 31
0
  0
LINE
  5
18D
330
1B
100
AcDbEntity
  8
B.Silkscreen
  6
CONTINUOUS
100
AcDbLine
 10
2.451691377952756
 20
-2.9604160236220474
 30
0
 11
2.4529698031496063
 21
-2.9616944488188977
 31
0
  0
LINE
  5
18E
330
1B
100
AcDbEntity
  8
B.Silkscreen
  6
CONTINUOUS
100
AcDbLine
 10
2.4529698031496063
 20
-2.9616944488188977
 30
0
 11
2.4529698031496063
 21
-2.9635024015748033
 31
0
  0
LINE
  5
18F
330
1B
100
AcDbEntity
  8
B.Silkscreen
  6
CONTINUOUS
100
AcDbLine
 10
2.4529698031496063
 20
-2.9635024015748033
 30
0
 11
2.451691377952756
 21
-2.9647808267716536
 31
0
  0
LINE
  5
190
330
1B
100
AcDbEntity
  8
B.Silkscreen
  6
CONTINUOUS
100
AcDbLine
 10
2.451691377952756
 20
-2.9647808267716536
 30
0
 11
2.4507874015748032
 21
-2.9649606299212596
 31
0
  0
LINE
  5
191
330
1B
100
AcDbEntity
  8
B.Silkscreen
  6
CONTINUOUS
100
AcDbLine
 10
2.4507874015748032
 20
-2.9649606299212596
 30
0
 11
2.2736220472440944
 21
-2.9649606299212596
 31
0
  0
LINE
  5
192
330
1B
100
AcDbEntity
  8
B.Silkscreen
  6
CONTINUOUS
100
AcDbLine
 10
2.2736220472440944
 20
-2.9649606299212596
 30
0
 11
2.2727180708661416
 21
-2.9647808267716536
 31
0
  0
LINE
  5
193
330
1B
100
AcDbEntity
  8
B.Silkscreen
  6
CONTINUOUS
100
AcDbLine
 10
2.2727180708661416
 20
-2.9647808267716536
 30
0
 11
2.2714396456692914
 21
-2.9635024015748033
 31
0
  0
LINE
  5
194
330
1B
100
AcDbEntity
  8
B.Silkscreen
  6
CONTINUOUS
100
AcDbLine
 10
2.2714396456692914
 20
-2.9635024015748033
 30
0
 11
2.2714396456692914
 21
-2.9616944488188977
 31
0
  0
LINE
  5
195
330
1B
100
AcDbEntity
  8
B.Silkscreen
  6
CONTINUOUS
100
AcDbLine
 10
2.2714396456692914
 20
-2.9616944488188977
 30
0
 11
2.2727180708661416
 21
-2.9604160236220474
 31
0
  0
LINE
  5
196
330
1B
100
AcDbEntity
  8
B.Silkscreen
  6
CONTINUOUS
100
AcDbLine
 10
2.2727180708661416
 20
-2.9604160236220474
 30
0
 11
2.2736220472440944
 21
-2.9602362204724408
 31
0
  0
LINE
  5
197
330
1B
100
AcDbEntity
  8
B.Silkscreen
  6
CONTINUOUS
100
AcDbLine
 10
2.2736220472440944
 20
-2.9602362204724408
 30
0
 11
2.4507874015748032
 21
-2.9602362204724408
 31
0
  0
LINE
  5
198
330
1B
100
AcDbEntity
  8
B.Silkscreen
  6
CONTINUOUS
100
AcDbLine
 10
2.4507874015748032
 20
-2.9602362204724408
 30
0
 11
2.451691377952756
 21
-2.9604160236220474
 31
0
  0
LINE
  5
199
330
1B
100
AcDbEntity
  8
B.Silkscreen
  6
CONTINUOUS
100
AcDbLine
 10
2.2265918503937008
 20
-2.8042141338582676
 30
0
 11
2.2267716535433069
 21
-2.8051181102362204
 31
0
  0
LINE
  5
19A
330
1B
100
AcDbEntity
  8
B.Silkscreen
  6
CONTINUOUS
100
AcDbLine
 10
2.2267716535433069
 20
-2.8051181102362204
 30
0
 11
2.2267716535433069
 21
-2.8641732283464565
 31
0
  0
LINE
  5
19B
330
1B
100
AcDbEntity
  8
B.Silkscreen
  6
CONTINUOUS
100
AcDbLine
 10
2.2267716535433069
 20
-2.8641732283464565
 30
0
 11
2.2265918503937008
 21
-2.8650772047244093
 31
0
  0
LINE
  5
19C
330
1B
100
AcDbEntity
  8
B.Silkscreen
  6
CONTINUOUS
100
AcDbLine
 10
2.2265918503937008
 20
-2.8650772047244093
 30
0
 11
2.2253134251968505
 21
-2.8663556299212596
 31
0
  0
LINE
  5
19D
330
1B
100
AcDbEntity
  8
B.Silkscreen
  6
CONTINUOUS
100
AcDbLine
 10
2.2253134251968505
 20
-2.8663556299212596
 30
0
 11
2.2235054724409449
 21
-2.8663556299212596
 31
0
  0
LINE
  5
19E
330
1B
100
AcDbEntity
  8
B.Silkscreen
  6
CONTINUOUS
100
AcDbLine
 10
2.2235054724409449
 20
-2.8663556299212596
 30
0
 11
2.2222270472440946
 21
-2.8650772047244093
 31
0
  0
LINE
  5
19F
330
1B
100
AcDbEntity
  8
B.Silkscreen
  6
CONTINUOUS
100
AcDbLine
 10
2.2222270472440946
 20
-2.8650772047244093
 30
0
 11
2.2220472440944881
 21
-2.8641732283464565
 31
0
  0
LINE
  5
1A0
330
1B
100
AcDbEntity
  8
B.Silkscreen
  6
CONTINUOUS
100
AcDbLine
 10
2.2220472440944881
 20
-2.8641732283464565
 30
0
 11
2.2220472440944881
 21
-2.8051181102362204
 31
0
  0
LINE
  5
1A1
330
1B
100
AcDbEntity
  8
B.Silkscreen
  6
CONTINUOUS
100
AcDbLine
 10
2.2220472440944881
 20
-2.8051181102362204
 30
0
 11
2.2222270472440946
 21
-2.8042141338582676
 31
0
  0
LINE
  5
1A2
330
1B
100
AcDbEntity
  8
B.Silkscreen
  6
CONTINUOUS
100
AcDbLine
 10
2.2222270472440946
 20
-2.8042141338582676
 30
0
 11
2.2235054724409449
 21
-2.8029357086614173
 31
0
  0
LINE
  5
1A3
330
1B
100
AcDbEntity
  8
B.Silkscreen
  6
CONTINUOUS
100
AcDbLine
 10
2.2235054724409449
 20
-2.8029357086614173
 30
0
 11
2.2253134251968505
 21
-2.8029357086614173
 31
0
  0
LINE
  5
1A4
330
1B
100
AcDbEntity
  8
B.Silkscreen
  6
CONTINUOUS
100
AcDbLine
 10
2.2253134251968505
 20
-2.8029357086614173
 30
0
 11
2.2265918503937008
 21
-2.8042141338582676
 31
0
  0
LINE
  5
1A5
330
1B
100
AcDbEntity
  8
B.Silkscreen
  6
CONTINUOUS
100
AcDbLine
 10
2.5021824015748031
 20
-2.8042141338582676
 30
0
 11
2.5023622047244092
 21
-2.8051181102362204
 31
0
  0
LINE
  5
1A6
330
1B
100
AcDbEntity
  8
B.Silkscreen
  6
CONTINUOUS
100
AcDbLine
 10
2.5023622047244092
 20
-2.8051181102362204
 30
0
 11
2.5023622047244092
 21
-2.8641732283464565
 31
0
  0
LINE
  5
1A7
330
1B
100
AcDbEntity
  8
B.Silkscreen
  6
CONTINUOUS
100
AcDbLine
 10
2.5023622047244092
 20
-2.8641732283464565
 30
0
 11
2.5021824015748031
 21
-2.8650772047244093
 31
0
  0
LINE
  5
1A8
330
1B
100
AcDbEntity
  8
B.Silkscreen
  6
CONTINUOUS
100
AcDbLine
 10
2.5021824015748031
 20
-2.8650772047244093
 30
0
 11
2.5009039763779528
 21
-2.8663556299212596
 31
0
  0
LINE
  5
1A9
330
1B
100
AcDbEntity
  8
B.Silkscreen
  6
CONTINUOUS
100
AcDbLine
 10
2.5009039763779528
 20
-2.8663556299212596
 30
0
 11
2.4990960236220472
 21
-2.8663556299212596
 31
0
  0
LINE
  5
1AA
330
1B
100
AcDbEntity
  8
B.Silkscreen
  6
CONTINUOUS
100
AcDbLine
 10
2.4990960236220472
 20
-2.8663556299212596
 30
0
 11
2.4978175984251969
 21
-2.8650772047244093
 31
0
  0
LINE
  5
1AB
330
1B
100
AcDbEntity
  8
B.Silkscreen
  6
CONTINUOUS
100
AcDbLine
 10
2.4978175984251969
 20
-2.8650772047244093
 30
0
 11
2.4976377952755904
 21
-2.8641732283464565
 31
0
  0
LINE
  5
1AC
330
1B
100
AcDbEntity
  8
B.Silkscreen
  6
CONTINUOUS
100
AcDbLine
 10
2.4976377952755904
 20
-2.8641732283464565
 30
0
 11
2.4976377952755904
 21
-2.8051181102362204
 31
0
  0
LINE
  5
1AD
330
1B
100
AcDbEntity
  8
B.Silkscreen
  6
CONTINUOUS
100
AcDbLine
 10
2.4976377952755904
 20
-2.8051181102362204
 30
0
 11
2.4978175984251969
 21
-2.8042141338582676
 31
0
  0
LINE
  5
1AE
330
1B
100
AcDbEntity
  8
B.Silkscreen
  6
CONTINUOUS
100
AcDbLine
 10
2.4978175984251969
 20
-2.8042141338582676
 30
0
 11
2.4990960236220472
 21
-2.8029357086614173
 31
0
  0
LINE
  5
1AF
330
1B
100
AcDbEntity
  8
B.Silkscreen
  6
CONTINUOUS
100
AcDbLine
 10
2.4990960236220472
 20
-2.8029357086614173
 30
0
 11
2.5009039763779528
 21
-2.8029357086614173
 31
0
  0
LINE
  5
1B0
330
1B
100
AcDbEntity
  8
B.Silkscreen
  6
CONTINUOUS
100
AcDbLine
 10
2.5009039763779528
 20
-2.8029357086614173
 30
0
 11
2.5021824015748031
 21
-2.8042141338582676
 31
0
  0
LINE
  5
1B1
330
1B
100
AcDbEntity
  8
B.Silkscreen
  6
CONTINUOUS
100
AcDbLine
 10
2.451691377952756
 20
-2.7045105118110238
 30
0
 11
2.4529698031496063
 21
-2.705788937007874
 31
0
  0
LINE
  5
1B2
330
1B
100
AcDbEntity
  8
B.Silkscreen
  6
CONTINUOUS
100
AcDbLine
 10
2.4529698031496063
 20
-2.705788937007874
 30
0
 11
2.4529698031496063
 21
-2.7075968897637797
 31
0
  0
LINE
  5
1B3
330
1B
100
AcDbEntity
  8
B.Silkscreen
  6
CONTINUOUS
100
AcDbLine
 10
2.4529698031496063
 20
-2.7075968897637797
 30
0
 11
2.451691377952756
 21
-2.7088753149606299
 31
0
  0
LINE
  5
1B4
330
1B
100
AcDbEntity
  8
B.Silkscreen
  6
CONTINUOUS
100
AcDbLine
 10
2.451691377952756
 20
-2.7088753149606299
 30
0
 11
2.4507874015748032
 21
-2.709055118110236
 31
0
  0
LINE
  5
1B5
330
1B
100
AcDbEntity
  8
B.Silkscreen
  6
CONTINUOUS
100
AcDbLine
 10
2.4507874015748032
 20
-2.709055118110236
 30
0
 11
2.2736220472440944
 21
-2.709055118110236
 31
0
  0
LINE
  5
1B6
330
1B
100
AcDbEntity
  8
B.Silkscreen
  6
CONTINUOUS
100
AcDbLine
 10
2.2736220472440944
 20
-2.709055118110236
 30
0
 11
2.2727180708661416
 21
-2.7088753149606299
 31
0
  0
LINE
  5
1B7
330
1B
100
AcDbEntity
  8
B.Silkscreen
  6
CONTINUOUS
100
AcDbLine
 10
2.2727180708661416
 20
-2.7088753149606299
 30
0
 11
2.2714396456692914
 21
-2.7075968897637797
 31
0
  0
LINE
  5
1B8
330
1B
100
AcDbEntity
  8
B.Silkscreen
  6
CONTINUOUS
100
AcDbLine
 10
2.2714396456692914
 20
-2.7075968897637797
 30
0
 11
2.2714396456692914
 21
-2.705788937007874
 31
0
  0
LINE
  5
1B9
330
1B
100
AcDbEntity
  8
B.Silkscreen
  6
CONTINUOUS
100
AcDbLine
 10
2.2714396456692914
 20
-2.705788937007874
 30
0
 11
2.2727180708661416
 21
-2.7045105118110238
 31
0
  0
LINE
  5
1BA
330
1B
100
AcDbEntity
  8
B.Silkscreen
  6
CONTINUOUS
100
AcDbLine
 10
2.2727180708661416
 20
-2.7045105118110238
 30
0
 11
2.2736220472440944
 21
-2.7043307086614172
 31
0
  0
LINE
  5
1BB
330
1B
100
AcDbEntity
  8
B.Silkscreen
  6
CONTINUOUS
100
AcDbLine
 10
2.2736220472440944
 20
-2.7043307086614172
 30
0
 11
2.4507874015748032
 21
-2.7043307086614172
 31
0
  0
LINE
  5
1BC
330
1B
100
AcDbEntity
  8
B.Silkscreen
  6
CONTINUOUS
100
AcDbLine
 10
2.4507874015748032
 20
-2.7043307086614172
 30
0
 11
2.451691377952756
 21
-2.7045105118110238
 31
0
  0
LINE
  5
1BD
330
1B
100
AcDbEntity
  8
B.Silkscreen
  6
CONTINUOUS
100
AcDbLine
 10
2.3346592519685041
 20
-2.6429629921259843
 30
0
 11
2.3357236614173229
 21
-2.6434038976377954
 31
0
  0
LINE
  5
1BE
330
1B
100
AcDbEntity
  8
B.Silkscreen
  6
CONTINUOUS
100
AcDbLine
 10
2.3357236614173229
 20
-2.6434038976377954
 30
0
 11
2.3365383070866139
 21
-2.6442185433070864
 31
0
  0
LINE
  5
1BF
330
1B
100
AcDbEntity
  8
B.Silkscreen
  6
CONTINUOUS
100
AcDbLine
 10
2.3365383070866139
 20
-2.6442185433070864
 30
0
 11
2.336979212598425
 21
-2.6452829527559056
 31
0
  0
LINE
  5
1C0
330
1B
100
AcDbEntity
  8
B.Silkscreen
  6
CONTINUOUS
100
AcDbLine
 10
2.336979212598425
 20
-2.6452829527559056
 30
0
 11
2.336979212598425
 21
-2.6464350787401574
 31
0
  0
LINE
  5
1C1
330
1B
100
AcDbEntity
  8
B.Silkscreen
  6
CONTINUOUS
100
AcDbLine
 10
2.336979212598425
 20
-2.6464350787401574
 30
0
 11
2.3365383070866139
 21
-2.6474994881889762
 31
0
  0
LINE
  5
1C2
330
1B
100
AcDbEntity
  8
B.Silkscreen
  6
CONTINUOUS
100
AcDbLine
 10
2.3365383070866139
 20
-2.6474994881889762
 30
0
 11
2.3357236614173229
 21
-2.6483141338582676
 31
0
  0
LINE
  5
1C3
330
1B
100
AcDbEntity
  8
B.Silkscreen
  6
CONTINUOUS
100
AcDbLine
 10
2.3357236614173229
 20
-2.6483141338582676
 30
0
 11
2.3346592519685041
 21
-2.6487550393700787
 31
0
  0
LINE
  5
1C4
330
1B
100
AcDbEntity
  8
B.Silkscreen
  6
CONTINUOUS
100
AcDbLine
 10
2.3346592519685041
 20
-2.6487550393700787
 30
0
 11
2.3340831889763778
 21
-2.6488117716535431
 31
0
  0
LINE
  5
1C5
330
1B
100
AcDbEntity
  8
B.Silkscreen
  6
CONTINUOUS
100
AcDbLine
 10
2.3340831889763778
 20
-2.6488117716535431
 30
0
 11
2.3162184251968503
 21
-2.6488117716535431
 31
0
  0
LINE
  5
1C6
330
1B
100
AcDbEntity
  8
B.Silkscreen
  6
CONTINUOUS
100
AcDbLine
 10
2.3162184251968503
 20
-2.6488117716535431
 30
0
 11
2.3250567716535433
 21
-2.6589127165354332
 31
0
  0
LINE
  5
1C7
330
1B
100
AcDbEntity
  8
B.Silkscreen
  6
CONTINUOUS
100
AcDbLine
 10
2.3250567716535433
 20
-2.6589127165354332
 30
0
 11
2.3252347637795276
 21
-2.6591616929133859
 31
0
  0
LINE
  5
1C8
330
1B
100
AcDbEntity
  8
B.Silkscreen
  6
CONTINUOUS
100
AcDbLine
 10
2.3252347637795276
 20
-2.6591616929133859
 30
0
 11
2.3252897244094486
 21
-2.6592166535433068
 31
0
  0
LINE
  5
1C9
330
1B
100
AcDbEntity
  8
B.Silkscreen
  6
CONTINUOUS
100
AcDbLine
 10
2.3252897244094486
 20
-2.6592166535433068
 30
0
 11
2.3253112992125984
 21
-2.6592687401574802
 31
0
  0
LINE
  5
1CA
330
1B
100
AcDbEntity
  8
B.Silkscreen
  6
CONTINUOUS
100
AcDbLine
 10
2.3253112992125984
 20
-2.6592687401574802
 30
0
 11
2.3253934251968502
 21
-2.659383622047244
 31
0
  0
LINE
  5
1CB
330
1B
100
AcDbEntity
  8
B.Silkscreen
  6
CONTINUOUS
100
AcDbLine
 10
2.3253934251968502
 20
-2.659383622047244
 30
0
 11
2.3255470078740159
 21
-2.659837834645669
 31
0
  0
LINE
  5
1CC
330
1B
100
AcDbEntity
  8
B.Silkscreen
  6
CONTINUOUS
100
AcDbLine
 10
2.3255470078740159
 20
-2.659837834645669
 30
0
 11
2.3257306299212597
 21
-2.6602810629921261
 31
0
  0
LINE
  5
1CD
330
1B
100
AcDbEntity
  8
B.Silkscreen
  6
CONTINUOUS
100
AcDbLine
 10
2.3257306299212597
 20
-2.6602810629921261
 30
0
 11
2.3257306299212597
 21
-2.6603806692913383
 31
0
  0
LINE
  5
1CE
330
1B
100
AcDbEntity
  8
B.Silkscreen
  6
CONTINUOUS
100
AcDbLine
 10
2.3257306299212597
 20
-2.6603806692913383
 30
0
 11
2.3257625196850391
 21
-2.6604749999999999
 31
0
  0
LINE
  5
1CF
330
1B
100
AcDbEntity
  8
B.Silkscreen
  6
CONTINUOUS
100
AcDbLine
 10
2.3257625196850391
 20
-2.6604749999999999
 30
0
 11
2.3257306299212597
 21
-2.660953464566929
 31
0
  0
LINE
  5
1D0
330
1B
100
AcDbEntity
  8
B.Silkscreen
  6
CONTINUOUS
100
AcDbLine
 10
2.3257306299212597
 20
-2.660953464566929
 30
0
 11
2.3257306299212597
 21
-2.6614331889763778
 31
0
  0
LINE
  5
1D1
330
1B
100
AcDbEntity
  8
B.Silkscreen
  6
CONTINUOUS
100
AcDbLine
 10
2.3257306299212597
 20
-2.6614331889763778
 30
0
 11
2.3256925196850395
 21
-2.6615251574803147
 31
0
  0
LINE
  5
1D2
330
1B
100
AcDbEntity
  8
B.Silkscreen
  6
CONTINUOUS
100
AcDbLine
 10
2.3256925196850395
 20
-2.6615251574803147
 30
0
 11
2.3256859055118109
 21
-2.6616245275590549
 31
0
  0
LINE
  5
1D3
330
1B
100
AcDbEntity
  8
B.Silkscreen
  6
CONTINUOUS
100
AcDbLine
 10
2.3256859055118109
 20
-2.6616245275590549
 30
0
 11
2.3254731889763778
 21
-2.6620546456692913
 31
0
  0
LINE
  5
1D4
330
1B
100
AcDbEntity
  8
B.Silkscreen
  6
CONTINUOUS
100
AcDbLine
 10
2.3254731889763778
 20
-2.6620546456692913
 30
0
 11
2.3252897244094486
 21
-2.6624975984251966
 31
0
  0
LINE
  5
1D5
330
1B
100
AcDbEntity
  8
B.Silkscreen
  6
CONTINUOUS
100
AcDbLine
 10
2.3252897244094486
 20
-2.6624975984251966
 30
0
 11
2.3252193700787402
 21
-2.6625679133858267
 31
0
  0
LINE
  5
1D6
330
1B
100
AcDbEntity
  8
B.Silkscreen
  6
CONTINUOUS
100
AcDbLine
 10
2.3252193700787402
 20
-2.6625679133858267
 30
0
 11
2.3251751968503935
 21
-2.6626572834645668
 31
0
  0
LINE
  5
1D7
330
1B
100
AcDbEntity
  8
B.Silkscreen
  6
CONTINUOUS
100
AcDbLine
 10
2.3251751968503935
 20
-2.6626572834645668
 30
0
 11
2.32481405511811
 21
-2.6629732283464564
 31
0
  0
LINE
  5
1D8
330
1B
100
AcDbEntity
  8
B.Silkscreen
  6
CONTINUOUS
100
AcDbLine
 10
2.32481405511811
 20
-2.6629732283464564
 30
0
 11
2.3244750787401576
 21
-2.6633122440944881
 31
0
  0
LINE
  5
1D9
330
1B
100
AcDbEntity
  8
B.Silkscreen
  6
CONTINUOUS
100
AcDbLine
 10
2.3244750787401576
 20
-2.6633122440944881
 30
0
 11
2.3243830708661415
 21
-2.6633503543307087
 31
0
  0
LINE
  5
1DA
330
1B
100
AcDbEntity
  8
B.Silkscreen
  6
CONTINUOUS
100
AcDbLine
 10
2.3243830708661415
 20
-2.6633503543307087
 30
0
 11
2.3243081102362204
 21
-2.6634159448818897
 31
0
  0
LINE
  5
1DB
330
1B
100
AcDbEntity
  8
B.Silkscreen
  6
CONTINUOUS
100
AcDbLine
 10
2.3243081102362204
 20
-2.6634159448818897
 30
0
 11
2.3238538582677166
 21
-2.663569527559055
 31
0
  0
LINE
  5
1DC
330
1B
100
AcDbEntity
  8
B.Silkscreen
  6
CONTINUOUS
100
AcDbLine
 10
2.3238538582677166
 20
-2.663569527559055
 30
0
 11
2.3234106692913383
 21
-2.6637531496062992
 31
0
  0
LINE
  5
1DD
330
1B
100
AcDbEntity
  8
B.Silkscreen
  6
CONTINUOUS
100
AcDbLine
 10
2.3234106692913383
 20
-2.6637531496062992
 30
0
 11
2.3232700787401575
 21
-2.6637669685039369
 31
0
  0
LINE
  5
1DE
330
1B
100
AcDbEntity
  8
B.Silkscreen
  6
CONTINUOUS
100
AcDbLine
 10
2.3232700787401575
 20
-2.6637669685039369
 30
0
 11
2.3232167322834645
 21
-2.6637850393700786
 31
0
  0
LINE
  5
1DF
330
1B
100
AcDbEntity
  8
B.Silkscreen
  6
CONTINUOUS
100
AcDbLine
 10
2.3232167322834645
 20
-2.6637850393700786
 30
0
 11
2.3231392519685037
 21
-2.663779842519685
 31
0
  0
LINE
  5
1E0
330
1B
100
AcDbEntity
  8
B.Silkscreen
  6
CONTINUOUS
100
AcDbLine
 10
2.3231392519685037
 20
-2.663779842519685
 30
0
 11
2.3228346062992125
 21
-2.6638098818897635
 31
0
  0
LINE
  5
1E1
330
1B
100
AcDbEntity
  8
B.Silkscreen
  6
CONTINUOUS
100
AcDbLine
 10
2.3228346062992125
 20
-2.6638098818897635
 30
0
 11
2.3179073622047244
 21
-2.6638098818897635
 31
0
  0
LINE
  5
1E2
330
1B
100
AcDbEntity
  8
B.Silkscreen
  6
CONTINUOUS
100
AcDbLine
 10
2.3179073622047244
 20
-2.6638098818897635
 30
0
 11
2.3152098818897637
 21
-2.6651586220472439
 31
0
  0
LINE
  5
1E3
330
1B
100
AcDbEntity
  8
B.Silkscreen
  6
CONTINUOUS
100
AcDbLine
 10
2.3152098818897637
 20
-2.6651586220472439
 30
0
 11
2.3140127559055119
 21
-2.6663557480314961
 31
0
  0
LINE
  5
1E4
330
1B
100
AcDbEntity
  8
B.Silkscreen
  6
CONTINUOUS
100
AcDbLine
 10
2.3140127559055119
 20
-2.6663557480314961
 30
0
 11
2.3126640157480316
 21
-2.6690532283464568
 31
0
  0
LINE
  5
1E5
330
1B
100
AcDbEntity
  8
B.Silkscreen
  6
CONTINUOUS
100
AcDbLine
 10
2.3126640157480316
 20
-2.6690532283464568
 30
0
 11
2.3126640157480316
 21
-2.6770329527559054
 31
0
  0
LINE
  5
1E6
330
1B
100
AcDbEntity
  8
B.Silkscreen
  6
CONTINUOUS
100
AcDbLine
 10
2.3126640157480316
 20
-2.6770329527559054
 30
0
 11
2.3140127559055119
 21
-2.679730433070866
 31
0
  0
LINE
  5
1E7
330
1B
100
AcDbEntity
  8
B.Silkscreen
  6
CONTINUOUS
100
AcDbLine
 10
2.3140127559055119
 20
-2.679730433070866
 30
0
 11
2.3152098818897637
 21
-2.6809275984251966
 31
0
  0
LINE
  5
1E8
330
1B
100
AcDbEntity
  8
B.Silkscreen
  6
CONTINUOUS
100
AcDbLine
 10
2.3152098818897637
 20
-2.6809275984251966
 30
0
 11
2.3179073622047244
 21
-2.6822763385826769
 31
0
  0
LINE
  5
1E9
330
1B
100
AcDbEntity
  8
B.Silkscreen
  6
CONTINUOUS
100
AcDbLine
 10
2.3179073622047244
 20
-2.6822763385826769
 30
0
 11
2.3277618503937005
 21
-2.6822763385826769
 31
0
  0
LINE
  5
1EA
330
1B
100
AcDbEntity
  8
B.Silkscreen
  6
CONTINUOUS
100
AcDbLine
 10
2.3277618503937005
 20
-2.6822763385826769
 30
0
 11
2.3304592913385824
 21
-2.6809275984251966
 31
0
  0
LINE
  5
1EB
330
1B
100
AcDbEntity
  8
B.Silkscreen
  6
CONTINUOUS
100
AcDbLine
 10
2.3304592913385824
 20
-2.6809275984251966
 30
0
 11
2.3319952362204726
 21
-2.6793916535433069
 31
0
  0
LINE
  5
1EC
330
1B
100
AcDbEntity
  8
B.Silkscreen
  6
CONTINUOUS
100
AcDbLine
 10
2.3319952362204726
 20
-2.6793916535433069
 30
0
 11
2.3324427165354331
 21
-2.6790244094488189
 31
0
  0
LINE
  5
1ED
330
1B
100
AcDbEntity
  8
B.Silkscreen
  6
CONTINUOUS
100
AcDbLine
 10
2.3324427165354331
 20
-2.6790244094488189
 30
0
 11
2.3335071259842519
 21
-2.6785835039370078
 31
0
  0
LINE
  5
1EE
330
1B
100
AcDbEntity
  8
B.Silkscreen
  6
CONTINUOUS
100
AcDbLine
 10
2.3335071259842519
 20
-2.6785835039370078
 30
0
 11
2.3346592125984253
 21
-2.6785835039370078
 31
0
  0
LINE
  5
1EF
330
1B
100
AcDbEntity
  8
B.Silkscreen
  6
CONTINUOUS
100
AcDbLine
 10
2.3346592125984253
 20
-2.6785835039370078
 30
0
 11
2.3357236220472442
 21
-2.6790243700787402
 31
0
  0
LINE
  5
1F0
330
1B
100
AcDbEntity
  8
B.Silkscreen
  6
CONTINUOUS
100
AcDbLine
 10
2.3357236220472442
 20
-2.6790243700787402
 30
0
 11
2.3365383070866139
 21
-2.6798390551181104
 31
0
  0
LINE
  5
1F1
330
1B
100
AcDbEntity
  8
B.Silkscreen
  6
CONTINUOUS
100
AcDbLine
 10
2.3365383070866139
 20
-2.6798390551181104
 30
0
 11
2.336979212598425
 21
-2.6809034645669292
 31
0
  0
LINE
  5
1F2
330
1B
100
AcDbEntity
  8
B.Silkscreen
  6
CONTINUOUS
100
AcDbLine
 10
2.336979212598425
 20
-2.6809034645669292
 30
0
 11
2.336979212598425
 21
-2.6820555511811022
 31
0
  0
LINE
  5
1F3
330
1B
100
AcDbEntity
  8
B.Silkscreen
  6
CONTINUOUS
100
AcDbLine
 10
2.336979212598425
 20
-2.6820555511811022
 30
0
 11
2.3365383464566927
 21
-2.6831199606299214
 31
0
  0
LINE
  5
1F4
330
1B
100
AcDbEntity
  8
B.Silkscreen
  6
CONTINUOUS
100
AcDbLine
 10
2.3365383464566927
 20
-2.6831199606299214
 30
0
 11
2.3361711023622047
 21
-2.683567440944882
 31
0
  0
LINE
  5
1F5
330
1B
100
AcDbEntity
  8
B.Silkscreen
  6
CONTINUOUS
100
AcDbLine
 10
2.3361711023622047
 20
-2.683567440944882
 30
0
 11
2.3342963779527559
 21
-2.6854422047244095
 31
0
  0
LINE
  5
1F6
330
1B
100
AcDbEntity
  8
B.Silkscreen
  6
CONTINUOUS
100
AcDbLine
 10
2.3342963779527559
 20
-2.6854422047244095
 30
0
 11
2.3340700000000001
 21
-2.6856279527559055
 31
0
  0
LINE
  5
1F7
330
1B
100
AcDbEntity
  8
B.Silkscreen
  6
CONTINUOUS
100
AcDbLine
 10
2.3340700000000001
 20
-2.6856279527559055
 30
0
 11
2.3340188188976376
 21
-2.6856870078740158
 31
0
  0
LINE
  5
1F8
330
1B
100
AcDbEntity
  8
B.Silkscreen
  6
CONTINUOUS
100
AcDbLine
 10
2.3340188188976376
 20
-2.6856870078740158
 30
0
 11
2.333929842519685
 21
-2.6857429921259843
 31
0
  0
LINE
  5
1F9
330
1B
100
AcDbEntity
  8
B.Silkscreen
  6
CONTINUOUS
100
AcDbLine
 10
2.333929842519685
 20
-2.6857429921259843
 30
0
 11
2.3338488976377953
 21
-2.6858094488188975
 31
0
  0
LINE
  5
1FA
330
1B
100
AcDbEntity
  8
B.Silkscreen
  6
CONTINUOUS
100
AcDbLine
 10
2.3338488976377953
 20
-2.6858094488188975
 30
0
 11
2.3337769291338581
 21
-2.6858392519685039
 31
0
  0
LINE
  5
1FB
330
1B
100
AcDbEntity
  8
B.Silkscreen
  6
CONTINUOUS
100
AcDbLine
 10
2.3337769291338581
 20
-2.6858392519685039
 30
0
 11
2.3335289370078738
 21
-2.6859953543307085
 31
0
  0
LINE
  5
1FC
330
1B
100
AcDbEntity
  8
B.Silkscreen
  6
CONTINUOUS
100
AcDbLine
 10
2.3335289370078738
 20
-2.6859953543307085
 30
0
 11
2.3297794094488187
 21
-2.687870118110236
 31
0
  0
LINE
  5
1FD
330
1B
100
AcDbEntity
  8
B.Silkscreen
  6
CONTINUOUS
100
AcDbLine
 10
2.3297794094488187
 20
-2.687870118110236
 30
0
 11
2.3292387795275591
 21
-2.6880770078740155
 31
0
  0
LINE
  5
1FE
330
1B
100
AcDbEntity
  8
B.Silkscreen
  6
CONTINUOUS
100
AcDbLine
 10
2.3292387795275591
 20
-2.6880770078740155
 30
0
 11
2.3291329527559053
 21
-2.6880844881889763
 31
0
  0
LINE
  5
1FF
330
1B
100
AcDbEntity
  8
B.Silkscreen
  6
CONTINUOUS
100
AcDbLine
 10
2.3291329527559053
 20
-2.6880844881889763
 30
0
 11
2.329034960629921
 21
-2.6881251181102361
 31
0
  0
LINE
  5
200
330
1B
100
AcDbEntity
  8
B.Silkscreen
  6
CONTINUOUS
100
AcDbLine
 10
2.329034960629921
 20
-2.6881251181102361
 30
0
 11
2.3284588976377951
 21
-2.6881818503937009
 31
0
  0
LINE
  5
201
330
1B
100
AcDbEntity
  8
B.Silkscreen
  6
CONTINUOUS
100
AcDbLine
 10
2.3284588976377951
 20
-2.6881818503937009
 30
0
 11
2.3172103149606298
 21
-2.6881818503937009
 31
0
  0
LINE
  5
202
330
1B
100
AcDbEntity
  8
B.Silkscreen
  6
CONTINUOUS
100
AcDbLine
 10
2.3172103149606298
 20
-2.6881818503937009
 30
0
 11
2.3166342519685039
 21
-2.6881251181102361
 31
0
  0
LINE
  5
203
330
1B
100
AcDbEntity
  8
B.Silkscreen
  6
CONTINUOUS
100
AcDbLine
 10
2.3166342519685039
 20
-2.6881251181102361
 30
0
 11
2.3165362598425197
 21
-2.688084527559055
 31
0
  0
LINE
  5
204
330
1B
100
AcDbEntity
  8
B.Silkscreen
  6
CONTINUOUS
100
AcDbLine
 10
2.3165362598425197
 20
-2.688084527559055
 30
0
 11
2.3164303937007875
 21
-2.6880770078740155
 31
0
  0
LINE
  5
205
330
1B
100
AcDbEntity
  8
B.Silkscreen
  6
CONTINUOUS
100
AcDbLine
 10
2.3164303937007875
 20
-2.6880770078740155
 30
0
 11
2.3158898031496062
 21
-2.687870118110236
 31
0
  0
LINE
  5
206
330
1B
100
AcDbEntity
  8
B.Silkscreen
  6
CONTINUOUS
100
AcDbLine
 10
2.3158898031496062
 20
-2.687870118110236
 30
0
 11
2.3121402755905511
 21
-2.6859953543307085
 31
0
  0
LINE
  5
207
330
1B
100
AcDbEntity
  8
B.Silkscreen
  6
CONTINUOUS
100
AcDbLine
 10
2.3121402755905511
 20
-2.6859953543307085
 30
0
 11
2.311892244094488
 21
-2.6858392519685039
 31
0
  0
LINE
  5
208
330
1B
100
AcDbEntity
  8
B.Silkscreen
  6
CONTINUOUS
100
AcDbLine
 10
2.311892244094488
 20
-2.6858392519685039
 30
0
 11
2.31182031496063
 21
-2.6858094488188975
 31
0
  0
LINE
  5
209
330
1B
100
AcDbEntity
  8
B.Silkscreen
  6
CONTINUOUS
100
AcDbLine
 10
2.31182031496063
 20
-2.6858094488188975
 30
0
 11
2.3117393307086616
 21
-2.6857429921259843
 31
0
  0
LINE
  5
20A
330
1B
100
AcDbEntity
  8
B.Silkscreen
  6
CONTINUOUS
100
AcDbLine
 10
2.3117393307086616
 20
-2.6857429921259843
 30
0
 11
2.3116503937007873
 21
-2.6856870078740158
 31
0
  0
LINE
  5
20B
330
1B
100
AcDbEntity
  8
B.Silkscreen
  6
CONTINUOUS
100
AcDbLine
 10
2.3116503937007873
 20
-2.6856870078740158
 30
0
 11
2.3115991732283465
 21
-2.6856279527559055
 31
0
  0
LINE
  5
20C
330
1B
100
AcDbEntity
  8
B.Silkscreen
  6
CONTINUOUS
100
AcDbLine
 10
2.3115991732283465
 20
-2.6856279527559055
 30
0
 11
2.3113728346456694
 21
-2.6854422047244095
 31
0
  0
LINE
  5
20D
330
1B
100
AcDbEntity
  8
B.Silkscreen
  6
CONTINUOUS
100
AcDbLine
 10
2.3113728346456694
 20
-2.6854422047244095
 30
0
 11
2.3094980708661419
 21
-2.6835674015748032
 31
0
  0
LINE
  5
20E
330
1B
100
AcDbEntity
  8
B.Silkscreen
  6
CONTINUOUS
100
AcDbLine
 10
2.3094980708661419
 20
-2.6835674015748032
 30
0
 11
2.3093123228346455
 21
-2.6833410629921257
 31
0
  0
LINE
  5
20F
330
1B
100
AcDbEntity
  8
B.Silkscreen
  6
CONTINUOUS
100
AcDbLine
 10
2.3093123228346455
 20
-2.6833410629921257
 30
0
 11
2.3092533464566927
 21
-2.6832899212598424
 31
0
  0
LINE
  5
210
330
1B
100
AcDbEntity
  8
B.Silkscreen
  6
CONTINUOUS
100
AcDbLine
 10
2.3092533464566927
 20
-2.6832899212598424
 30
0
 11
2.3091973622047242
 21
-2.6832009842519686
 31
0
  0
LINE
  5
211
330
1B
100
AcDbEntity
  8
B.Silkscreen
  6
CONTINUOUS
100
AcDbLine
 10
2.3091973622047242
 20
-2.6832009842519686
 30
0
 11
2.3091308661417322
 21
-2.6831199606299214
 31
0
  0
LINE
  5
212
330
1B
100
AcDbEntity
  8
B.Silkscreen
  6
CONTINUOUS
100
AcDbLine
 10
2.3091308661417322
 20
-2.6831199606299214
 30
0
 11
2.3091010236220471
 21
-2.6830479133858267
 31
0
  0
LINE
  5
213
330
1B
100
AcDbEntity
  8
B.Silkscreen
  6
CONTINUOUS
100
AcDbLine
 10
2.3091010236220471
 20
-2.6830479133858267
 30
0
 11
2.308945
 21
-2.6828000393700786
 31
0
  0
LINE
  5
214
330
1B
100
AcDbEntity
  8
B.Silkscreen
  6
CONTINUOUS
100
AcDbLine
 10
2.308945
 20
-2.6828000393700786
 30
0
 11
2.3070702362204725
 21
-2.6790505118110235
 31
0
  0
LINE
  5
215
330
1B
100
AcDbEntity
  8
B.Silkscreen
  6
CONTINUOUS
100
AcDbLine
 10
2.3070702362204725
 20
-2.6790505118110235
 30
0
 11
2.306863346456693
 21
-2.6785098818897639
 31
0
  0
LINE
  5
216
330
1B
100
AcDbEntity
  8
B.Silkscreen
  6
CONTINUOUS
100
AcDbLine
 10
2.306863346456693
 20
-2.6785098818897639
 30
0
 11
2.3068558267716535
 21
-2.6784040551181101
 31
0
  0
LINE
  5
217
330
1B
100
AcDbEntity
  8
B.Silkscreen
  6
CONTINUOUS
100
AcDbLine
 10
2.3068558267716535
 20
-2.6784040551181101
 30
0
 11
2.3068152362204724
 21
-2.6783060629921258
 31
0
  0
LINE
  5
218
330
1B
100
AcDbEntity
  8
B.Silkscreen
  6
CONTINUOUS
100
AcDbLine
 10
2.3068152362204724
 20
-2.6783060629921258
 30
0
 11
2.306758503937008
 21
-2.6777299999999999
 31
0
  0
LINE
  5
219
330
1B
100
AcDbEntity
  8
B.Silkscreen
  6
CONTINUOUS
100
AcDbLine
 10
2.306758503937008
 20
-2.6777299999999999
 30
0
 11
2.306758503937008
 21
-2.6683561811023622
 31
0
  0
LINE
  5
21A
330
1B
100
AcDbEntity
  8
B.Silkscreen
  6
CONTINUOUS
100
AcDbLine
 10
2.306758503937008
 20
-2.6683561811023622
 30
0
 11
2.3068152362204724
 21
-2.6677801181102363
 31
0
  0
LINE
  5
21B
330
1B
100
AcDbEntity
  8
B.Silkscreen
  6
CONTINUOUS
100
AcDbLine
 10
2.3068152362204724
 20
-2.6677801181102363
 30
0
 11
2.3068558267716535
 21
-2.6676820866141733
 31
0
  0
LINE
  5
21C
330
1B
100
AcDbEntity
  8
B.Silkscreen
  6
CONTINUOUS
100
AcDbLine
 10
2.3068558267716535
 20
-2.6676820866141733
 30
0
 11
2.306863346456693
 21
-2.6675762992125982
 31
0
  0
LINE
  5
21D
330
1B
100
AcDbEntity
  8
B.Silkscreen
  6
CONTINUOUS
100
AcDbLine
 10
2.306863346456693
 20
-2.6675762992125982
 30
0
 11
2.3070702362204725
 21
-2.6670356692913386
 31
0
  0
LINE
  5
21E
330
1B
100
AcDbEntity
  8
B.Silkscreen
  6
CONTINUOUS
100
AcDbLine
 10
2.3070702362204725
 20
-2.6670356692913386
 30
0
 11
2.308945
 21
-2.6632861417322835
 31
0
  0
LINE
  5
21F
330
1B
100
AcDbEntity
  8
B.Silkscreen
  6
CONTINUOUS
100
AcDbLine
 10
2.308945
 20
-2.6632861417322835
 30
0
 11
2.3091010629921258
 21
-2.6630381102362204
 31
0
  0
LINE
  5
220
330
1B
100
AcDbEntity
  8
B.Silkscreen
  6
CONTINUOUS
100
AcDbLine
 10
2.3091010629921258
 20
-2.6630381102362204
 30
0
 11
2.309130905511811
 21
-2.6629661811023619
 31
0
  0
LINE
  5
221
330
1B
100
AcDbEntity
  8
B.Silkscreen
  6
CONTINUOUS
100
AcDbLine
 10
2.309130905511811
 20
-2.6629661811023619
 30
0
 11
2.3091973622047242
 21
-2.6628851968503935
 31
0
  0
LINE
  5
222
330
1B
100
AcDbEntity
  8
B.Silkscreen
  6
CONTINUOUS
100
AcDbLine
 10
2.3091973622047242
 20
-2.6628851968503935
 30
0
 11
2.3092533464566927
 21
-2.6627962598425197
 31
0
  0
LINE
  5
223
330
1B
100
AcDbEntity
  8
B.Silkscreen
  6
CONTINUOUS
100
AcDbLine
 10
2.3092533464566927
 20
-2.6627962598425197
 30
0
 11
2.3093123228346455
 21
-2.6627450787401572
 31
0
  0
LINE
  5
224
330
1B
100
AcDbEntity
  8
B.Silkscreen
  6
CONTINUOUS
100
AcDbLine
 10
2.3093123228346455
 20
-2.6627450787401572
 30
0
 11
2.3094981102362202
 21
-2.6625187401574801
 31
0
  0
LINE
  5
225
330
1B
100
AcDbEntity
  8
B.Silkscreen
  6
CONTINUOUS
100
AcDbLine
 10
2.3094981102362202
 20
-2.6625187401574801
 30
0
 11
2.3113728740157478
 21
-2.6606439763779526
 31
0
  0
LINE
  5
226
330
1B
100
AcDbEntity
  8
B.Silkscreen
  6
CONTINUOUS
100
AcDbLine
 10
2.3113728740157478
 20
-2.6606439763779526
 30
0
 11
2.3115992125984253
 21
-2.6604581889763779
 31
0
  0
LINE
  5
227
330
1B
100
AcDbEntity
  8
B.Silkscreen
  6
CONTINUOUS
100
AcDbLine
 10
2.3115992125984253
 20
-2.6604581889763779
 30
0
 11
2.3116503937007873
 21
-2.660399212598425
 31
0
  0
LINE
  5
228
330
1B
100
AcDbEntity
  8
B.Silkscreen
  6
CONTINUOUS
100
AcDbLine
 10
2.3116503937007873
 20
-2.660399212598425
 30
0
 11
2.3117393307086616
 21
-2.6603432283464565
 31
0
  0
LINE
  5
229
330
1B
100
AcDbEntity
  8
B.Silkscreen
  6
CONTINUOUS
100
AcDbLine
 10
2.3117393307086616
 20
-2.6603432283464565
 30
0
 11
2.31182031496063
 21
-2.6602767716535434
 31
0
  0
LINE
  5
22A
330
1B
100
AcDbEntity
  8
B.Silkscreen
  6
CONTINUOUS
100
AcDbLine
 10
2.31182031496063
 20
-2.6602767716535434
 30
0
 11
2.311892244094488
 21
-2.6602469291338582
 31
0
  0
LINE
  5
22B
330
1B
100
AcDbEntity
  8
B.Silkscreen
  6
CONTINUOUS
100
AcDbLine
 10
2.311892244094488
 20
-2.6602469291338582
 30
0
 11
2.3121402755905511
 21
-2.6600908661417324
 31
0
  0
LINE
  5
22C
330
1B
100
AcDbEntity
  8
B.Silkscreen
  6
CONTINUOUS
100
AcDbLine
 10
2.3121402755905511
 20
-2.6600908661417324
 30
0
 11
2.3158898031496062
 21
-2.6582161023622048
 31
0
  0
LINE
  5
22D
330
1B
100
AcDbEntity
  8
B.Silkscreen
  6
CONTINUOUS
100
AcDbLine
 10
2.3158898031496062
 20
-2.6582161023622048
 30
0
 11
2.3164219685039371
 21
-2.658012401574803
 31
0
  0
LINE
  5
22E
330
1B
100
AcDbEntity
  8
B.Silkscreen
  6
CONTINUOUS
100
AcDbLine
 10
2.3164219685039371
 20
-2.658012401574803
 30
0
 11
2.3074890944881887
 21
-2.6478034251968503
 31
0
  0
LINE
  5
22F
330
1B
100
AcDbEntity
  8
B.Silkscreen
  6
CONTINUOUS
100
AcDbLine
 10
2.3074890944881887
 20
-2.6478034251968503
 30
0
 11
2.3073110629921261
 21
-2.6475544094488188
 31
0
  0
LINE
  5
230
330
1B
100
AcDbEntity
  8
B.Silkscreen
  6
CONTINUOUS
100
AcDbLine
 10
2.3073110629921261
 20
-2.6475544094488188
 30
0
 11
2.3072561417322834
 21
-2.6474994881889762
 31
0
  0
LINE
  5
231
330
1B
100
AcDbEntity
  8
B.Silkscreen
  6
CONTINUOUS
100
AcDbLine
 10
2.3072561417322834
 20
-2.6474994881889762
 30
0
 11
2.3072345275590549
 21
-2.6474473622047245
 31
0
  0
LINE
  5
232
330
1B
100
AcDbEntity
  8
B.Silkscreen
  6
CONTINUOUS
100
AcDbLine
 10
2.3072345275590549
 20
-2.6474473622047245
 30
0
 11
2.3071524409448818
 21
-2.6473325196850395
 31
0
  0
LINE
  5
233
330
1B
100
AcDbEntity
  8
B.Silkscreen
  6
CONTINUOUS
100
AcDbLine
 10
2.3071524409448818
 20
-2.6473325196850395
 30
0
 11
2.3069988188976378
 21
-2.6468782677165352
 31
0
  0
LINE
  5
234
330
1B
100
AcDbEntity
  8
B.Silkscreen
  6
CONTINUOUS
100
AcDbLine
 10
2.3069988188976378
 20
-2.6468782677165352
 30
0
 11
2.3068152362204724
 21
-2.6464350787401574
 31
0
  0
LINE
  5
235
330
1B
100
AcDbEntity
  8
B.Silkscreen
  6
CONTINUOUS
100
AcDbLine
 10
2.3068152362204724
 20
-2.6464350787401574
 30
0
 11
2.3068152362204724
 21
-2.6463354330708659
 31
0
  0
LINE
  5
236
330
1B
100
AcDbEntity
  8
B.Silkscreen
  6
CONTINUOUS
100
AcDbLine
 10
2.3068152362204724
 20
-2.6463354330708659
 30
0
 11
2.3067833464566929
 21
-2.6462411417322835
 31
0
  0
LINE
  5
237
330
1B
100
AcDbEntity
  8
B.Silkscreen
  6
CONTINUOUS
100
AcDbLine
 10
2.3067833464566929
 20
-2.6462411417322835
 30
0
 11
2.3068152362204724
 21
-2.6457626377952757
 31
0
  0
LINE
  5
238
330
1B
100
AcDbEntity
  8
B.Silkscreen
  6
CONTINUOUS
100
AcDbLine
 10
2.3068152362204724
 20
-2.6457626377952757
 30
0
 11
2.3068152362204724
 21
-2.6452829527559056
 31
0
  0
LINE
  5
239
330
1B
100
AcDbEntity
  8
B.Silkscreen
  6
CONTINUOUS
100
AcDbLine
 10
2.3068152362204724
 20
-2.6452829527559056
 30
0
 11
2.3068533070866142
 21
-2.6451909448818895
 31
0
  0
LINE
  5
23A
330
1B
100
AcDbEntity
  8
B.Silkscreen
  6
CONTINUOUS
100
AcDbLine
 10
2.3068533070866142
 20
-2.6451909448818895
 30
0
 11
2.3068599606299212
 21
-2.6450916141732281
 31
0
  0
LINE
  5
23B
330
1B
100
AcDbEntity
  8
B.Silkscreen
  6
CONTINUOUS
100
AcDbLine
 10
2.3068599606299212
 20
-2.6450916141732281
 30
0
 11
2.3070726377952755
 21
-2.6446614566929134
 31
0
  0
LINE
  5
23C
330
1B
100
AcDbEntity
  8
B.Silkscreen
  6
CONTINUOUS
100
AcDbLine
 10
2.3070726377952755
 20
-2.6446614566929134
 30
0
 11
2.3072561417322834
 21
-2.6442185433070864
 31
0
  0
LINE
  5
23D
330
1B
100
AcDbEntity
  8
B.Silkscreen
  6
CONTINUOUS
100
AcDbLine
 10
2.3072561417322834
 20
-2.6442185433070864
 30
0
 11
2.3073264566929135
 21
-2.644148188976378
 31
0
  0
LINE
  5
23E
330
1B
100
AcDbEntity
  8
B.Silkscreen
  6
CONTINUOUS
100
AcDbLine
 10
2.3073264566929135
 20
-2.644148188976378
 30
0
 11
2.3073706692913385
 21
-2.6440588582677167
 31
0
  0
LINE
  5
23F
330
1B
100
AcDbEntity
  8
B.Silkscreen
  6
CONTINUOUS
100
AcDbLine
 10
2.3073706692913385
 20
-2.6440588582677167
 30
0
 11
2.3077317716535433
 21
-2.6437428740157478
 31
0
  0
LINE
  5
240
330
1B
100
AcDbEntity
  8
B.Silkscreen
  6
CONTINUOUS
100
AcDbLine
 10
2.3077317716535433
 20
-2.6437428740157478
 30
0
 11
2.3080707874015749
 21
-2.6434038976377954
 31
0
  0
LINE
  5
241
330
1B
100
AcDbEntity
  8
B.Silkscreen
  6
CONTINUOUS
100
AcDbLine
 10
2.3080707874015749
 20
-2.6434038976377954
 30
0
 11
2.3081627559055118
 21
-2.643365748031496
 31
0
  0
LINE
  5
242
330
1B
100
AcDbEntity
  8
B.Silkscreen
  6
CONTINUOUS
100
AcDbLine
 10
2.3081627559055118
 20
-2.643365748031496
 30
0
 11
2.3082377559055116
 21
-2.6433001968503937
 31
0
  0
LINE
  5
243
330
1B
100
AcDbEntity
  8
B.Silkscreen
  6
CONTINUOUS
100
AcDbLine
 10
2.3082377559055116
 20
-2.6433001968503937
 30
0
 11
2.3086919685039371
 21
-2.6431465748031497
 31
0
  0
LINE
  5
244
330
1B
100
AcDbEntity
  8
B.Silkscreen
  6
CONTINUOUS
100
AcDbLine
 10
2.3086919685039371
 20
-2.6431465748031497
 30
0
 11
2.3091351968503937
 21
-2.6429629921259843
 31
0
  0
LINE
  5
245
330
1B
100
AcDbEntity
  8
B.Silkscreen
  6
CONTINUOUS
100
AcDbLine
 10
2.3091351968503937
 20
-2.6429629921259843
 30
0
 11
2.3092757480314958
 21
-2.6429491338582678
 31
0
  0
LINE
  5
246
330
1B
100
AcDbEntity
  8
B.Silkscreen
  6
CONTINUOUS
100
AcDbLine
 10
2.3092757480314958
 20
-2.6429491338582678
 30
0
 11
2.3093291338582675
 21
-2.6429311023622049
 31
0
  0
LINE
  5
247
330
1B
100
AcDbEntity
  8
B.Silkscreen
  6
CONTINUOUS
100
AcDbLine
 10
2.3093291338582675
 20
-2.6429311023622049
 30
0
 11
2.3094065748031496
 21
-2.6429362598425197
 31
0
  0
LINE
  5
248
330
1B
100
AcDbEntity
  8
B.Silkscreen
  6
CONTINUOUS
100
AcDbLine
 10
2.3094065748031496
 20
-2.6429362598425197
 30
0
 11
2.3097112598425196
 21
-2.6429062598425195
 31
0
  0
LINE
  5
249
330
1B
100
AcDbEntity
  8
B.Silkscreen
  6
CONTINUOUS
100
AcDbLine
 10
2.3097112598425196
 20
-2.6429062598425195
 30
0
 11
2.3340831889763778
 21
-2.6429062598425195
 31
0
  0
LINE
  5
24A
330
1B
100
AcDbEntity
  8
B.Silkscreen
  6
CONTINUOUS
100
AcDbLine
 10
2.3340831889763778
 20
-2.6429062598425195
 30
0
 11
2.3346592519685041
 21
-2.6429629921259843
 31
0
  0
LINE
  5
24B
330
1B
100
AcDbEntity
  8
B.Silkscreen
  6
CONTINUOUS
100
AcDbLine
 10
2.4077751181102363
 20
-2.6429629921259843
 30
0
 11
2.4078731102362205
 21
-2.6430035826771654
 31
0
  0
LINE
  5
24C
330
1B
100
AcDbEntity
  8
B.Silkscreen
  6
CONTINUOUS
100
AcDbLine
 10
2.4078731102362205
 20
-2.6430035826771654
 30
0
 11
2.4079789370078739
 21
-2.6430111023622045
 31
0
  0
LINE
  5
24D
330
1B
100
AcDbEntity
  8
B.Silkscreen
  6
CONTINUOUS
100
AcDbLine
 10
2.4079789370078739
 20
-2.6430111023622045
 30
0
 11
2.4085195669291339
 21
-2.6432179921259844
 31
0
  0
LINE
  5
24E
330
1B
100
AcDbEntity
  8
B.Silkscreen
  6
CONTINUOUS
100
AcDbLine
 10
2.4085195669291339
 20
-2.6432179921259844
 30
0
 11
2.412269094488189
 21
-2.645092755905512
 31
0
  0
LINE
  5
24F
330
1B
100
AcDbEntity
  8
B.Silkscreen
  6
CONTINUOUS
100
AcDbLine
 10
2.412269094488189
 20
-2.645092755905512
 30
0
 11
2.412517086614173
 21
-2.6452488188976377
 31
0
  0
LINE
  5
250
330
1B
100
AcDbEntity
  8
B.Silkscreen
  6
CONTINUOUS
100
AcDbLine
 10
2.412517086614173
 20
-2.6452488188976377
 30
0
 11
2.4125890551181102
 21
-2.6452786614173229
 31
0
  0
LINE
  5
251
330
1B
100
AcDbEntity
  8
B.Silkscreen
  6
CONTINUOUS
100
AcDbLine
 10
2.4125890551181102
 20
-2.6452786614173229
 30
0
 11
2.4126699999999999
 21
-2.6453451181102361
 31
0
  0
LINE
  5
252
330
1B
100
AcDbEntity
  8
B.Silkscreen
  6
CONTINUOUS
100
AcDbLine
 10
2.4126699999999999
 20
-2.6453451181102361
 30
0
 11
2.4127589763779529
 21
-2.6454011023622046
 31
0
  0
LINE
  5
253
330
1B
100
AcDbEntity
  8
B.Silkscreen
  6
CONTINUOUS
100
AcDbLine
 10
2.4127589763779529
 20
-2.6454011023622046
 30
0
 11
2.4128101181102362
 21
-2.6454600787401574
 31
0
  0
LINE
  5
254
330
1B
100
AcDbEntity
  8
B.Silkscreen
  6
CONTINUOUS
100
AcDbLine
 10
2.4128101181102362
 20
-2.6454600787401574
 30
0
 11
2.413036496062992
 21
-2.6456458661417321
 31
0
  0
LINE
  5
255
330
1B
100
AcDbEntity
  8
B.Silkscreen
  6
CONTINUOUS
100
AcDbLine
 10
2.413036496062992
 20
-2.6456458661417321
 30
0
 11
2.4149112598425195
 21
-2.6475206299212597
 31
0
  0
LINE
  5
256
330
1B
100
AcDbEntity
  8
B.Silkscreen
  6
CONTINUOUS
100
AcDbLine
 10
2.4149112598425195
 20
-2.6475206299212597
 30
0
 11
2.4150970078740155
 21
-2.6477469685039368
 31
0
  0
LINE
  5
257
330
1B
100
AcDbEntity
  8
B.Silkscreen
  6
CONTINUOUS
100
AcDbLine
 10
2.4150970078740155
 20
-2.6477469685039368
 30
0
 11
2.4151560236220471
 21
-2.6477981496062992
 31
0
  0
LINE
  5
258
330
1B
100
AcDbEntity
  8
B.Silkscreen
  6
CONTINUOUS
100
AcDbLine
 10
2.4151560236220471
 20
-2.6477981496062992
 30
0
 11
2.4152119685039368
 21
-2.647887086614173
 31
0
  0
LINE
  5
259
330
1B
100
AcDbEntity
  8
B.Silkscreen
  6
CONTINUOUS
100
AcDbLine
 10
2.4152119685039368
 20
-2.647887086614173
 30
0
 11
2.4152784645669292
 21
-2.6479680708661415
 31
0
  0
LINE
  5
25A
330
1B
100
AcDbEntity
  8
B.Silkscreen
  6
CONTINUOUS
100
AcDbLine
 10
2.4152784645669292
 20
-2.6479680708661415
 30
0
 11
2.4153082677165352
 21
-2.6480399999999999
 31
0
  0
LINE
  5
25B
330
1B
100
AcDbEntity
  8
B.Silkscreen
  6
CONTINUOUS
100
AcDbLine
 10
2.4153082677165352
 20
-2.6480399999999999
 30
0
 11
2.4154643700787402
 21
-2.6482880314960631
 31
0
  0
LINE
  5
25C
330
1B
100
AcDbEntity
  8
B.Silkscreen
  6
CONTINUOUS
100
AcDbLine
 10
2.4154643700787402
 20
-2.6482880314960631
 30
0
 11
2.4173391338582677
 21
-2.6520375590551182
 31
0
  0
LINE
  5
25D
330
1B
100
AcDbEntity
  8
B.Silkscreen
  6
CONTINUOUS
100
AcDbLine
 10
2.4173391338582677
 20
-2.6520375590551182
 30
0
 11
2.4175460236220472
 21
-2.652578149606299
 31
0
  0
LINE
  5
25E
330
1B
100
AcDbEntity
  8
B.Silkscreen
  6
CONTINUOUS
100
AcDbLine
 10
2.4175460236220472
 20
-2.652578149606299
 30
0
 11
2.4175535433070867
 21
-2.6526840157480316
 31
0
  0
LINE
  5
25F
330
1B
100
AcDbEntity
  8
B.Silkscreen
  6
CONTINUOUS
100
AcDbLine
 10
2.4175535433070867
 20
-2.6526840157480316
 30
0
 11
2.4175941338582678
 21
-2.6527820078740159
 31
0
  0
LINE
  5
260
330
1B
100
AcDbEntity
  8
B.Silkscreen
  6
CONTINUOUS
100
AcDbLine
 10
2.4175941338582678
 20
-2.6527820078740159
 30
0
 11
2.4176508661417322
 21
-2.6533580708661417
 31
0
  0
LINE
  5
261
330
1B
100
AcDbEntity
  8
B.Silkscreen
  6
CONTINUOUS
100
AcDbLine
 10
2.4176508661417322
 20
-2.6533580708661417
 30
0
 11
2.4176508661417322
 21
-2.6571075984251968
 31
0
  0
LINE
  5
262
330
1B
100
AcDbEntity
  8
B.Silkscreen
  6
CONTINUOUS
100
AcDbLine
 10
2.4176508661417322
 20
-2.6571075984251968
 30
0
 11
2.4175941338582678
 21
-2.6576836614173227
 31
0
  0
LINE
  5
263
330
1B
100
AcDbEntity
  8
B.Silkscreen
  6
CONTINUOUS
100
AcDbLine
 10
2.4175941338582678
 20
-2.6576836614173227
 30
0
 11
2.4175535433070867
 21
-2.6577816141732282
 31
0
  0
LINE
  5
264
330
1B
100
AcDbEntity
  8
B.Silkscreen
  6
CONTINUOUS
100
AcDbLine
 10
2.4175535433070867
 20
-2.6577816141732282
 30
0
 11
2.4175460236220472
 21
-2.6578875196850391
 31
0
  0
LINE
  5
265
330
1B
100
AcDbEntity
  8
B.Silkscreen
  6
CONTINUOUS
100
AcDbLine
 10
2.4175460236220472
 20
-2.6578875196850391
 30
0
 11
2.4173391338582677
 21
-2.6584281102362204
 31
0
  0
LINE
  5
266
330
1B
100
AcDbEntity
  8
B.Silkscreen
  6
CONTINUOUS
100
AcDbLine
 10
2.4173391338582677
 20
-2.6584281102362204
 30
0
 11
2.4154643700787402
 21
-2.6621776377952755
 31
0
  0
LINE
  5
267
330
1B
100
AcDbEntity
  8
B.Silkscreen
  6
CONTINUOUS
100
AcDbLine
 10
2.4154643700787402
 20
-2.6621776377952755
 30
0
 11
2.4153082677165352
 21
-2.6624256299212599
 31
0
  0
LINE
  5
268
330
1B
100
AcDbEntity
  8
B.Silkscreen
  6
CONTINUOUS
100
AcDbLine
 10
2.4153082677165352
 20
-2.6624256299212599
 30
0
 11
2.4152784645669292
 21
-2.6624975984251966
 31
0
  0
LINE
  5
269
330
1B
100
AcDbEntity
  8
B.Silkscreen
  6
CONTINUOUS
100
AcDbLine
 10
2.4152784645669292
 20
-2.6624975984251966
 30
0
 11
2.4152119685039368
 21
-2.6625785433070868
 31
0
  0
LINE
  5
26A
330
1B
100
AcDbEntity
  8
B.Silkscreen
  6
CONTINUOUS
100
AcDbLine
 10
2.4152119685039368
 20
-2.6625785433070868
 30
0
 11
2.4151560236220471
 21
-2.6626675196850393
 31
0
  0
LINE
  5
26B
330
1B
100
AcDbEntity
  8
B.Silkscreen
  6
CONTINUOUS
100
AcDbLine
 10
2.4151560236220471
 20
-2.6626675196850393
 30
0
 11
2.4150970078740155
 21
-2.6627186614173226
 31
0
  0
LINE
  5
26C
330
1B
100
AcDbEntity
  8
B.Silkscreen
  6
CONTINUOUS
100
AcDbLine
 10
2.4150970078740155
 20
-2.6627186614173226
 30
0
 11
2.4149112598425195
 21
-2.6629450393700789
 31
0
  0
LINE
  5
26D
330
1B
100
AcDbEntity
  8
B.Silkscreen
  6
CONTINUOUS
100
AcDbLine
 10
2.4149112598425195
 20
-2.6629450393700789
 30
0
 11
2.413036496062992
 21
-2.6648198031496064
 31
0
  0
LINE
  5
26E
330
1B
100
AcDbEntity
  8
B.Silkscreen
  6
CONTINUOUS
100
AcDbLine
 10
2.413036496062992
 20
-2.6648198031496064
 30
0
 11
2.4128101181102362
 21
-2.6650055511811024
 31
0
  0
LINE
  5
26F
330
1B
100
AcDbEntity
  8
B.Silkscreen
  6
CONTINUOUS
100
AcDbLine
 10
2.4128101181102362
 20
-2.6650055511811024
 30
0
 11
2.4127589763779529
 21
-2.665064566929134
 31
0
  0
LINE
  5
270
330
1B
100
AcDbEntity
  8
B.Silkscreen
  6
CONTINUOUS
100
AcDbLine
 10
2.4127589763779529
 20
-2.665064566929134
 30
0
 11
2.4126699999999999
 21
-2.6651205118110237
 31
0
  0
LINE
  5
271
330
1B
100
AcDbEntity
  8
B.Silkscreen
  6
CONTINUOUS
100
AcDbLine
 10
2.4126699999999999
 20
-2.6651205118110237
 30
0
 11
2.4125890551181102
 21
-2.6651870078740156
 31
0
  0
LINE
  5
272
330
1B
100
AcDbEntity
  8
B.Silkscreen
  6
CONTINUOUS
100
AcDbLine
 10
2.4125890551181102
 20
-2.6651870078740156
 30
0
 11
2.412517086614173
 21
-2.6652168110236221
 31
0
  0
LINE
  5
273
330
1B
100
AcDbEntity
  8
B.Silkscreen
  6
CONTINUOUS
100
AcDbLine
 10
2.412517086614173
 20
-2.6652168110236221
 30
0
 11
2.412269094488189
 21
-2.6653729133858266
 31
0
  0
LINE
  5
274
330
1B
100
AcDbEntity
  8
B.Silkscreen
  6
CONTINUOUS
100
AcDbLine
 10
2.412269094488189
 20
-2.6653729133858266
 30
0
 11
2.4085195669291339
 21
-2.6672476771653542
 31
0
  0
LINE
  5
275
330
1B
100
AcDbEntity
  8
B.Silkscreen
  6
CONTINUOUS
100
AcDbLine
 10
2.4085195669291339
 20
-2.6672476771653542
 30
0
 11
2.4084774409448819
 21
-2.6672637795275591
 31
0
  0
LINE
  5
276
330
1B
100
AcDbEntity
  8
B.Silkscreen
  6
CONTINUOUS
100
AcDbLine
 10
2.4084774409448819
 20
-2.6672637795275591
 30
0
 11
2.4084603149606298
 21
-2.6672764960629922
 31
0
  0
LINE
  5
277
330
1B
100
AcDbEntity
  8
B.Silkscreen
  6
CONTINUOUS
100
AcDbLine
 10
2.4084603149606298
 20
-2.6672764960629922
 30
0
 11
2.4082183464566929
 21
-2.6673629133858268
 31
0
  0
LINE
  5
278
330
1B
100
AcDbEntity
  8
B.Silkscreen
  6
CONTINUOUS
100
AcDbLine
 10
2.4082183464566929
 20
-2.6673629133858268
 30
0
 11
2.4079789370078739
 21
-2.6674545669291336
 31
0
  0
LINE
  5
279
330
1B
100
AcDbEntity
  8
B.Silkscreen
  6
CONTINUOUS
100
AcDbLine
 10
2.4079789370078739
 20
-2.6674545669291336
 30
0
 11
2.4079576771653541
 21
-2.6674560629921258
 31
0
  0
LINE
  5
27A
330
1B
100
AcDbEntity
  8
B.Silkscreen
  6
CONTINUOUS
100
AcDbLine
 10
2.4079576771653541
 20
-2.6674560629921258
 30
0
 11
2.4079151968503938
 21
-2.6674712598425194
 31
0
  0
LINE
  5
27B
330
1B
100
AcDbEntity
  8
B.Silkscreen
  6
CONTINUOUS
100
AcDbLine
 10
2.4079151968503938
 20
-2.6674712598425194
 30
0
 11
2.4007305511811023
 21
-2.6692674015748032
 31
0
  0
LINE
  5
27C
330
1B
100
AcDbEntity
  8
B.Silkscreen
  6
CONTINUOUS
100
AcDbLine
 10
2.4007305511811023
 20
-2.6692674015748032
 30
0
 11
2.3976995669291337
 21
-2.6707829133858265
 31
0
  0
LINE
  5
27D
330
1B
100
AcDbEntity
  8
B.Silkscreen
  6
CONTINUOUS
100
AcDbLine
 10
2.3976995669291337
 20
-2.6707829133858265
 30
0
 11
2.3965024409448819
 21
-2.6719800393700788
 31
0
  0
LINE
  5
27E
330
1B
100
AcDbEntity
  8
B.Silkscreen
  6
CONTINUOUS
100
AcDbLine
 10
2.3965024409448819
 20
-2.6719800393700788
 30
0
 11
2.3951537007874015
 21
-2.6746775196850394
 31
0
  0
LINE
  5
27F
330
1B
100
AcDbEntity
  8
B.Silkscreen
  6
CONTINUOUS
100
AcDbLine
 10
2.3951537007874015
 20
-2.6746775196850394
 30
0
 11
2.3951537007874015
 21
-2.6770329527559054
 31
0
  0
LINE
  5
280
330
1B
100
AcDbEntity
  8
B.Silkscreen
  6
CONTINUOUS
100
AcDbLine
 10
2.3951537007874015
 20
-2.6770329527559054
 30
0
 11
2.3965024409448819
 21
-2.679730433070866
 31
0
  0
LINE
  5
281
330
1B
100
AcDbEntity
  8
B.Silkscreen
  6
CONTINUOUS
100
AcDbLine
 10
2.3965024409448819
 20
-2.679730433070866
 30
0
 11
2.3976995669291337
 21
-2.6809275984251966
 31
0
  0
LINE
  5
282
330
1B
100
AcDbEntity
  8
B.Silkscreen
  6
CONTINUOUS
100
AcDbLine
 10
2.3976995669291337
 20
-2.6809275984251966
 30
0
 11
2.4003970472440943
 21
-2.6822763385826769
 31
0
  0
LINE
  5
283
330
1B
100
AcDbEntity
  8
B.Silkscreen
  6
CONTINUOUS
100
AcDbLine
 10
2.4003970472440943
 20
-2.6822763385826769
 30
0
 11
2.40859468503937
 21
-2.6822763385826769
 31
0
  0
LINE
  5
284
330
1B
100
AcDbEntity
  8
B.Silkscreen
  6
CONTINUOUS
100
AcDbLine
 10
2.40859468503937
 20
-2.6822763385826769
 30
0
 11
2.4137643307086614
 21
-2.6805531102362203
 31
0
  0
LINE
  5
285
330
1B
100
AcDbEntity
  8
B.Silkscreen
  6
CONTINUOUS
100
AcDbLine
 10
2.4137643307086614
 20
-2.6805531102362203
 30
0
 11
2.4143287795275592
 21
-2.6804247637795275
 31
0
  0
LINE
  5
286
330
1B
100
AcDbEntity
  8
B.Silkscreen
  6
CONTINUOUS
100
AcDbLine
 10
2.4143287795275592
 20
-2.6804247637795275
 30
0
 11
2.4154779921259841
 21
-2.6805064566929135
 31
0
  0
LINE
  5
287
330
1B
100
AcDbEntity
  8
B.Silkscreen
  6
CONTINUOUS
100
AcDbLine
 10
2.4154779921259841
 20
-2.6805064566929135
 30
0
 11
2.4165084645669292
 21
-2.6810216535433069
 31
0
  0
LINE
  5
288
330
1B
100
AcDbEntity
  8
B.Silkscreen
  6
CONTINUOUS
100
AcDbLine
 10
2.4165084645669292
 20
-2.6810216535433069
 30
0
 11
2.4172633464566928
 21
-2.6818920472440944
 31
0
  0
LINE
  5
289
330
1B
100
AcDbEntity
  8
B.Silkscreen
  6
CONTINUOUS
100
AcDbLine
 10
2.4172633464566928
 20
-2.6818920472440944
 30
0
 11
2.4176276771653544
 21
-2.6829850393700787
 31
0
  0
LINE
  5
28A
330
1B
100
AcDbEntity
  8
B.Silkscreen
  6
CONTINUOUS
100
AcDbLine
 10
2.4176276771653544
 20
-2.6829850393700787
 30
0
 11
2.4175459842519684
 21
-2.6841342519685041
 31
0
  0
LINE
  5
28B
330
1B
100
AcDbEntity
  8
B.Silkscreen
  6
CONTINUOUS
100
AcDbLine
 10
2.4175459842519684
 20
-2.6841342519685041
 30
0
 11
2.4170307480314959
 21
-2.68516468503937
 31
0
  0
LINE
  5
28C
330
1B
100
AcDbEntity
  8
B.Silkscreen
  6
CONTINUOUS
100
AcDbLine
 10
2.4170307480314959
 20
-2.68516468503937
 30
0
 11
2.4161603937007872
 21
-2.6859195669291336
 31
0
  0
LINE
  5
28D
330
1B
100
AcDbEntity
  8
B.Silkscreen
  6
CONTINUOUS
100
AcDbLine
 10
2.4161603937007872
 20
-2.6859195669291336
 30
0
 11
2.4156318503937007
 21
-2.6861555511811024
 31
0
  0
LINE
  5
28E
330
1B
100
AcDbEntity
  8
B.Silkscreen
  6
CONTINUOUS
100
AcDbLine
 10
2.4156318503937007
 20
-2.6861555511811024
 30
0
 11
2.410007559055118
 21
-2.6880303149606299
 31
0
  0
LINE
  5
28F
330
1B
100
AcDbEntity
  8
B.Silkscreen
  6
CONTINUOUS
100
AcDbLine
 10
2.410007559055118
 20
-2.6880303149606299
 30
0
 11
2.4097219685039368
 21
-2.6880952362204722
 31
0
  0
LINE
  5
290
330
1B
100
AcDbEntity
  8
B.Silkscreen
  6
CONTINUOUS
100
AcDbLine
 10
2.4097219685039368
 20
-2.6880952362204722
 30
0
 11
2.4096498818897638
 21
-2.6881251181102361
 31
0
  0
LINE
  5
291
330
1B
100
AcDbEntity
  8
B.Silkscreen
  6
CONTINUOUS
100
AcDbLine
 10
2.4096498818897638
 20
-2.6881251181102361
 30
0
 11
2.4095453543307088
 21
-2.6881353937007875
 31
0
  0
LINE
  5
292
330
1B
100
AcDbEntity
  8
B.Silkscreen
  6
CONTINUOUS
100
AcDbLine
 10
2.4095453543307088
 20
-2.6881353937007875
 30
0
 11
2.4094431102362206
 21
-2.6881586614173227
 31
0
  0
LINE
  5
293
330
1B
100
AcDbEntity
  8
B.Silkscreen
  6
CONTINUOUS
100
AcDbLine
 10
2.4094431102362206
 20
-2.6881586614173227
 30
0
 11
2.4093653543307085
 21
-2.6881531102362204
 31
0
  0
LINE
  5
294
330
1B
100
AcDbEntity
  8
B.Silkscreen
  6
CONTINUOUS
100
AcDbLine
 10
2.4093653543307085
 20
-2.6881531102362204
 30
0
 11
2.4090738188976379
 21
-2.6881818503937009
 31
0
  0
LINE
  5
295
330
1B
100
AcDbEntity
  8
B.Silkscreen
  6
CONTINUOUS
100
AcDbLine
 10
2.4090738188976379
 20
-2.6881818503937009
 30
0
 11
2.3997000000000002
 21
-2.6881818503937009
 31
0
  0
LINE
  5
296
330
1B
100
AcDbEntity
  8
B.Silkscreen
  6
CONTINUOUS
100
AcDbLine
 10
2.3997000000000002
 20
-2.6881818503937009
 30
0
 11
2.3991239370078739
 21
-2.6881251181102361
 31
0
  0
LINE
  5
297
330
1B
100
AcDbEntity
  8
B.Silkscreen
  6
CONTINUOUS
100
AcDbLine
 10
2.3991239370078739
 20
-2.6881251181102361
 30
0
 11
2.3990259448818896
 21
-2.688084527559055
 31
0
  0
LINE
  5
298
330
1B
100
AcDbEntity
  8
B.Silkscreen
  6
CONTINUOUS
100
AcDbLine
 10
2.3990259448818896
 20
-2.688084527559055
 30
0
 11
2.3989200787401574
 21
-2.6880770078740155
 31
0
  0
LINE
  5
299
330
1B
100
AcDbEntity
  8
B.Silkscreen
  6
CONTINUOUS
100
AcDbLine
 10
2.3989200787401574
 20
-2.6880770078740155
 30
0
 11
2.3983794881889762
 21
-2.687870118110236
 31
0
  0
LINE
  5
29A
330
1B
100
AcDbEntity
  8
B.Silkscreen
  6
CONTINUOUS
100
AcDbLine
 10
2.3983794881889762
 20
-2.687870118110236
 30
0
 11
2.3946299606299211
 21
-2.6859953543307085
 31
0
  0
LINE
  5
29B
330
1B
100
AcDbEntity
  8
B.Silkscreen
  6
CONTINUOUS
100
AcDbLine
 10
2.3946299606299211
 20
-2.6859953543307085
 30
0
 11
2.3943819291338584
 21
-2.6858392519685039
 31
0
  0
LINE
  5
29C
330
1B
100
AcDbEntity
  8
B.Silkscreen
  6
CONTINUOUS
100
AcDbLine
 10
2.3943819291338584
 20
-2.6858392519685039
 30
0
 11
2.3943099999999999
 21
-2.6858094488188975
 31
0
  0
LINE
  5
29D
330
1B
100
AcDbEntity
  8
B.Silkscreen
  6
CONTINUOUS
100
AcDbLine
 10
2.3943099999999999
 20
-2.6858094488188975
 30
0
 11
2.3942290157480315
 21
-2.6857429921259843
 31
0
  0
LINE
  5
29E
330
1B
100
AcDbEntity
  8
B.Silkscreen
  6
CONTINUOUS
100
AcDbLine
 10
2.3942290157480315
 20
-2.6857429921259843
 30
0
 11
2.3941400787401572
 21
-2.6856870078740158
 31
0
  0
LINE
  5
29F
330
1B
100
AcDbEntity
  8
B.Silkscreen
  6
CONTINUOUS
100
AcDbLine
 10
2.3941400787401572
 20
-2.6856870078740158
 30
0
 11
2.3940888582677164
 21
-2.6856279527559055
 31
0
  0
LINE
  5
2A0
330
1B
100
AcDbEntity
  8
B.Silkscreen
  6
CONTINUOUS
100
AcDbLine
 10
2.3940888582677164
 20
-2.6856279527559055
 30
0
 11
2.3938625196850394
 21
-2.6854422047244095
 31
0
  0
LINE
  5
2A1
330
1B
100
AcDbEntity
  8
B.Silkscreen
  6
CONTINUOUS
100
AcDbLine
 10
2.3938625196850394
 20
-2.6854422047244095
 30
0
 11
2.3919877559055118
 21
-2.6835674015748032
 31
0
  0
LINE
  5
2A2
330
1B
100
AcDbEntity
  8
B.Silkscreen
  6
CONTINUOUS
100
AcDbLine
 10
2.3919877559055118
 20
-2.6835674015748032
 30
0
 11
2.3918020078740159
 21
-2.6833410629921257
 31
0
  0
LINE
  5
2A3
330
1B
100
AcDbEntity
  8
B.Silkscreen
  6
CONTINUOUS
100
AcDbLine
 10
2.3918020078740159
 20
-2.6833410629921257
 30
0
 11
2.391743031496063
 21
-2.6832899212598424
 31
0
  0
LINE
  5
2A4
330
1B
100
AcDbEntity
  8
B.Silkscreen
  6
CONTINUOUS
100
AcDbLine
 10
2.391743031496063
 20
-2.6832899212598424
 30
0
 11
2.3916870472440945
 21
-2.6832009842519686
 31
0
  0
LINE
  5
2A5
330
1B
100
AcDbEntity
  8
B.Silkscreen
  6
CONTINUOUS
100
AcDbLine
 10
2.3916870472440945
 20
-2.6832009842519686
 30
0
 11
2.3916205511811022
 21
-2.6831199606299214
 31
0
  0
LINE
  5
2A6
330
1B
100
AcDbEntity
  8
B.Silkscreen
  6
CONTINUOUS
100
AcDbLine
 10
2.3916205511811022
 20
-2.6831199606299214
 30
0
 11
2.3915907086614174
 21
-2.6830479133858267
 31
0
  0
LINE
  5
2A7
330
1B
100
AcDbEntity
  8
B.Silkscreen
  6
CONTINUOUS
100
AcDbLine
 10
2.3915907086614174
 20
-2.6830479133858267
 30
0
 11
2.39143468503937
 21
-2.6828000393700786
 31
0
  0
LINE
  5
2A8
330
1B
100
AcDbEntity
  8
B.Silkscreen
  6
CONTINUOUS
100
AcDbLine
 10
2.39143468503937
 20
-2.6828000393700786
 30
0
 11
2.3895599212598424
 21
-2.6790505118110235
 31
0
  0
LINE
  5
2A9
330
1B
100
AcDbEntity
  8
B.Silkscreen
  6
CONTINUOUS
100
AcDbLine
 10
2.3895599212598424
 20
-2.6790505118110235
 30
0
 11
2.3893530314960629
 21
-2.6785098818897639
 31
0
  0
LINE
  5
2AA
330
1B
100
AcDbEntity
  8
B.Silkscreen
  6
CONTINUOUS
100
AcDbLine
 10
2.3893530314960629
 20
-2.6785098818897639
 30
0
 11
2.3893455118110234
 21
-2.6784040551181101
 31
0
  0
LINE
  5
2AB
330
1B
100
AcDbEntity
  8
B.Silkscreen
  6
CONTINUOUS
100
AcDbLine
 10
2.3893455118110234
 20
-2.6784040551181101
 30
0
 11
2.3893049212598423
 21
-2.6783060629921258
 31
0
  0
LINE
  5
2AC
330
1B
100
AcDbEntity
  8
B.Silkscreen
  6
CONTINUOUS
100
AcDbLine
 10
2.3893049212598423
 20
-2.6783060629921258
 30
0
 11
2.3892481889763779
 21
-2.6777299999999999
 31
0
  0
LINE
  5
2AD
330
1B
100
AcDbEntity
  8
B.Silkscreen
  6
CONTINUOUS
100
AcDbLine
 10
2.3892481889763779
 20
-2.6777299999999999
 30
0
 11
2.3892481889763779
 21
-2.6739804724409448
 31
0
  0
LINE
  5
2AE
330
1B
100
AcDbEntity
  8
B.Silkscreen
  6
CONTINUOUS
100
AcDbLine
 10
2.3892481889763779
 20
-2.6739804724409448
 30
0
 11
2.3893049212598423
 21
-2.673404409448819
 31
0
  0
LINE
  5
2AF
330
1B
100
AcDbEntity
  8
B.Silkscreen
  6
CONTINUOUS
100
AcDbLine
 10
2.3893049212598423
 20
-2.673404409448819
 30
0
 11
2.3893455118110234
 21
-2.6733063779527559
 31
0
  0
LINE
  5
2B0
330
1B
100
AcDbEntity
  8
B.Silkscreen
  6
CONTINUOUS
100
AcDbLine
 10
2.3893455118110234
 20
-2.6733063779527559
 30
0
 11
2.3893530314960629
 21
-2.6732005905511809
 31
0
  0
LINE
  5
2B1
330
1B
100
AcDbEntity
  8
B.Silkscreen
  6
CONTINUOUS
100
AcDbLine
 10
2.3893530314960629
 20
-2.6732005905511809
 30
0
 11
2.3895599212598424
 21
-2.6726599606299213
 31
0
  0
LINE
  5
2B2
330
1B
100
AcDbEntity
  8
B.Silkscreen
  6
CONTINUOUS
100
AcDbLine
 10
2.3895599212598424
 20
-2.6726599606299213
 30
0
 11
2.39143468503937
 21
-2.6689104330708662
 31
0
  0
LINE
  5
2B3
330
1B
100
AcDbEntity
  8
B.Silkscreen
  6
CONTINUOUS
100
AcDbLine
 10
2.39143468503937
 20
-2.6689104330708662
 30
0
 11
2.3915907480314962
 21
-2.6686624015748031
 31
0
  0
LINE
  5
2B4
330
1B
100
AcDbEntity
  8
B.Silkscreen
  6
CONTINUOUS
100
AcDbLine
 10
2.3915907480314962
 20
-2.6686624015748031
 30
0
 11
2.3916205905511809
 21
-2.6685904724409446
 31
0
  0
LINE
  5
2B5
330
1B
100
AcDbEntity
  8
B.Silkscreen
  6
CONTINUOUS
100
AcDbLine
 10
2.3916205905511809
 20
-2.6685904724409446
 30
0
 11
2.3916870472440945
 21
-2.6685094881889762
 31
0
  0
LINE
  5
2B6
330
1B
100
AcDbEntity
  8
B.Silkscreen
  6
CONTINUOUS
100
AcDbLine
 10
2.3916870472440945
 20
-2.6685094881889762
 30
0
 11
2.391743031496063
 21
-2.6684205511811023
 31
0
  0
LINE
  5
2B7
330
1B
100
AcDbEntity
  8
B.Silkscreen
  6
CONTINUOUS
100
AcDbLine
 10
2.391743031496063
 20
-2.6684205511811023
 30
0
 11
2.3918020078740159
 21
-2.6683693700787403
 31
0
  0
LINE
  5
2B8
330
1B
100
AcDbEntity
  8
B.Silkscreen
  6
CONTINUOUS
100
AcDbLine
 10
2.3918020078740159
 20
-2.6683693700787403
 30
0
 11
2.3919877952755906
 21
-2.6681430314960628
 31
0
  0
LINE
  5
2B9
330
1B
100
AcDbEntity
  8
B.Silkscreen
  6
CONTINUOUS
100
AcDbLine
 10
2.3919877952755906
 20
-2.6681430314960628
 30
0
 11
2.3938625590551181
 21
-2.6662682677165352
 31
0
  0
LINE
  5
2BA
330
1B
100
AcDbEntity
  8
B.Silkscreen
  6
CONTINUOUS
100
AcDbLine
 10
2.3938625590551181
 20
-2.6662682677165352
 30
0
 11
2.3940888976377952
 21
-2.6660824803149605
 31
0
  0
LINE
  5
2BB
330
1B
100
AcDbEntity
  8
B.Silkscreen
  6
CONTINUOUS
100
AcDbLine
 10
2.3940888976377952
 20
-2.6660824803149605
 30
0
 11
2.3941400787401572
 21
-2.6660235039370077
 31
0
  0
LINE
  5
2BC
330
1B
100
AcDbEntity
  8
B.Silkscreen
  6
CONTINUOUS
100
AcDbLine
 10
2.3941400787401572
 20
-2.6660235039370077
 30
0
 11
2.3942290157480315
 21
-2.6659675196850392
 31
0
  0
LINE
  5
2BD
330
1B
100
AcDbEntity
  8
B.Silkscreen
  6
CONTINUOUS
100
AcDbLine
 10
2.3942290157480315
 20
-2.6659675196850392
 30
0
 11
2.3943099999999999
 21
-2.665901062992126
 31
0
  0
LINE
  5
2BE
330
1B
100
AcDbEntity
  8
B.Silkscreen
  6
CONTINUOUS
100
AcDbLine
 10
2.3943099999999999
 20
-2.665901062992126
 30
0
 11
2.3943819291338584
 21
-2.6658712204724409
 31
0
  0
LINE
  5
2BF
330
1B
100
AcDbEntity
  8
B.Silkscreen
  6
CONTINUOUS
100
AcDbLine
 10
2.3943819291338584
 20
-2.6658712204724409
 30
0
 11
2.3946299606299211
 21
-2.6657151574803151
 31
0
  0
LINE
  5
2C0
330
1B
100
AcDbEntity
  8
B.Silkscreen
  6
CONTINUOUS
100
AcDbLine
 10
2.3946299606299211
 20
-2.6657151574803151
 30
0
 11
2.3983794881889762
 21
-2.6638403937007875
 31
0
  0
LINE
  5
2C1
330
1B
100
AcDbEntity
  8
B.Silkscreen
  6
CONTINUOUS
100
AcDbLine
 10
2.3983794881889762
 20
-2.6638403937007875
 30
0
 11
2.3984215748031494
 21
-2.6638242519685038
 31
0
  0
LINE
  5
2C2
330
1B
100
AcDbEntity
  8
B.Silkscreen
  6
CONTINUOUS
100
AcDbLine
 10
2.3984215748031494
 20
-2.6638242519685038
 30
0
 11
2.3984387401574803
 21
-2.6638115748031495
 31
0
  0
LINE
  5
2C3
330
1B
100
AcDbEntity
  8
B.Silkscreen
  6
CONTINUOUS
100
AcDbLine
 10
2.3984387401574803
 20
-2.6638115748031495
 30
0
 11
2.3986803149606297
 21
-2.6637252362204724
 31
0
  0
LINE
  5
2C4
330
1B
100
AcDbEntity
  8
B.Silkscreen
  6
CONTINUOUS
100
AcDbLine
 10
2.3986803149606297
 20
-2.6637252362204724
 30
0
 11
2.3989200787401574
 21
-2.6636335039370076
 31
0
  0
LINE
  5
2C5
330
1B
100
AcDbEntity
  8
B.Silkscreen
  6
CONTINUOUS
100
AcDbLine
 10
2.3989200787401574
 20
-2.6636335039370076
 30
0
 11
2.3989413385826772
 21
-2.6636319685039371
 31
0
  0
LINE
  5
2C6
330
1B
100
AcDbEntity
  8
B.Silkscreen
  6
CONTINUOUS
100
AcDbLine
 10
2.3989413385826772
 20
-2.6636319685039371
 30
0
 11
2.3989838582677163
 21
-2.6636168110236218
 31
0
  0
LINE
  5
2C7
330
1B
100
AcDbEntity
  8
B.Silkscreen
  6
CONTINUOUS
100
AcDbLine
 10
2.3989838582677163
 20
-2.6636168110236218
 30
0
 11
2.4061685039370078
 21
-2.6618206299212597
 31
0
  0
LINE
  5
2C8
330
1B
100
AcDbEntity
  8
B.Silkscreen
  6
CONTINUOUS
100
AcDbLine
 10
2.4061685039370078
 20
-2.6618206299212597
 30
0
 11
2.4091994881889764
 21
-2.6603051574803147
 31
0
  0
LINE
  5
2C9
330
1B
100
AcDbEntity
  8
B.Silkscreen
  6
CONTINUOUS
100
AcDbLine
 10
2.4091994881889764
 20
-2.6603051574803147
 30
0
 11
2.4103966141732283
 21
-2.6591080314960629
 31
0
  0
LINE
  5
2CA
330
1B
100
AcDbEntity
  8
B.Silkscreen
  6
CONTINUOUS
100
AcDbLine
 10
2.4103966141732283
 20
-2.6591080314960629
 30
0
 11
2.4117453543307086
 21
-2.6564105511811023
 31
0
  0
LINE
  5
2CB
330
1B
100
AcDbEntity
  8
B.Silkscreen
  6
CONTINUOUS
100
AcDbLine
 10
2.4117453543307086
 20
-2.6564105511811023
 30
0
 11
2.4117453543307086
 21
-2.6540551181102363
 31
0
  0
LINE
  5
2CC
330
1B
100
AcDbEntity
  8
B.Silkscreen
  6
CONTINUOUS
100
AcDbLine
 10
2.4117453543307086
 20
-2.6540551181102363
 30
0
 11
2.4103966141732283
 21
-2.6513576377952757
 31
0
  0
LINE
  5
2CD
330
1B
100
AcDbEntity
  8
B.Silkscreen
  6
CONTINUOUS
100
AcDbLine
 10
2.4103966141732283
 20
-2.6513576377952757
 30
0
 11
2.4091994881889764
 21
-2.6501605118110234
 31
0
  0
LINE
  5
2CE
330
1B
100
AcDbEntity
  8
B.Silkscreen
  6
CONTINUOUS
100
AcDbLine
 10
2.4091994881889764
 20
-2.6501605118110234
 30
0
 11
2.4065020078740158
 21
-2.6488117716535431
 31
0
  0
LINE
  5
2CF
330
1B
100
AcDbEntity
  8
B.Silkscreen
  6
CONTINUOUS
100
AcDbLine
 10
2.4065020078740158
 20
-2.6488117716535431
 30
0
 11
2.3983043700787401
 21
-2.6488117716535431
 31
0
  0
LINE
  5
2D0
330
1B
100
AcDbEntity
  8
B.Silkscreen
  6
CONTINUOUS
100
AcDbLine
 10
2.3983043700787401
 20
-2.6488117716535431
 30
0
 11
2.39313468503937
 21
-2.6505350000000001
 31
0
  0
LINE
  5
2D1
330
1B
100
AcDbEntity
  8
B.Silkscreen
  6
CONTINUOUS
100
AcDbLine
 10
2.39313468503937
 20
-2.6505350000000001
 30
0
 11
2.3925702362204726
 21
-2.6506633464566929
 31
0
  0
LINE
  5
2D2
330
1B
100
AcDbEntity
  8
B.Silkscreen
  6
CONTINUOUS
100
AcDbLine
 10
2.3925702362204726
 20
-2.6506633464566929
 30
0
 11
2.3914210236220472
 21
-2.6505816535433069
 31
0
  0
LINE
  5
2D3
330
1B
100
AcDbEntity
  8
B.Silkscreen
  6
CONTINUOUS
100
AcDbLine
 10
2.3914210236220472
 20
-2.6505816535433069
 30
0
 11
2.3903905905511809
 21
-2.6500664566929135
 31
0
  0
LINE
  5
2D4
330
1B
100
AcDbEntity
  8
B.Silkscreen
  6
CONTINUOUS
100
AcDbLine
 10
2.3903905905511809
 20
-2.6500664566929135
 30
0
 11
2.3896357086614173
 21
-2.6491961023622048
 31
0
  0
LINE
  5
2D5
330
1B
100
AcDbEntity
  8
B.Silkscreen
  6
CONTINUOUS
100
AcDbLine
 10
2.3896357086614173
 20
-2.6491961023622048
 30
0
 11
2.3892713779527557
 21
-2.6481030708661417
 31
0
  0
LINE
  5
2D6
330
1B
100
AcDbEntity
  8
B.Silkscreen
  6
CONTINUOUS
100
AcDbLine
 10
2.3892713779527557
 20
-2.6481030708661417
 30
0
 11
2.3893530708661417
 21
-2.6469538582677163
 31
0
  0
LINE
  5
2D7
330
1B
100
AcDbEntity
  8
B.Silkscreen
  6
CONTINUOUS
100
AcDbLine
 10
2.3893530708661417
 20
-2.6469538582677163
 30
0
 11
2.3898682677165355
 21
-2.6459234251968504
 31
0
  0
LINE
  5
2D8
330
1B
100
AcDbEntity
  8
B.Silkscreen
  6
CONTINUOUS
100
AcDbLine
 10
2.3898682677165355
 20
-2.6459234251968504
 30
0
 11
2.3907386220472442
 21
-2.6451685433070864
 31
0
  0
LINE
  5
2D9
330
1B
100
AcDbEntity
  8
B.Silkscreen
  6
CONTINUOUS
100
AcDbLine
 10
2.3907386220472442
 20
-2.6451685433070864
 30
0
 11
2.3912672047244095
 21
-2.644932559055118
 31
0
  0
LINE
  5
2DA
330
1B
100
AcDbEntity
  8
B.Silkscreen
  6
CONTINUOUS
100
AcDbLine
 10
2.3912672047244095
 20
-2.644932559055118
 30
0
 11
2.3968914566929134
 21
-2.6430577952755905
 31
0
  0
LINE
  5
2DB
330
1B
100
AcDbEntity
  8
B.Silkscreen
  6
CONTINUOUS
100
AcDbLine
 10
2.3968914566929134
 20
-2.6430577952755905
 30
0
 11
2.3971770866141733
 21
-2.642992834645669
 31
0
  0
LINE
  5
2DC
330
1B
100
AcDbEntity
  8
B.Silkscreen
  6
CONTINUOUS
100
AcDbLine
 10
2.3971770866141733
 20
-2.642992834645669
 30
0
 11
2.3972491732283463
 21
-2.6429629921259843
 31
0
  0
LINE
  5
2DD
330
1B
100
AcDbEntity
  8
B.Silkscreen
  6
CONTINUOUS
100
AcDbLine
 10
2.3972491732283463
 20
-2.6429629921259843
 30
0
 11
2.3973536220472442
 21
-2.6429526771653542
 31
0
  0
LINE
  5
2DE
330
1B
100
AcDbEntity
  8
B.Silkscreen
  6
CONTINUOUS
100
AcDbLine
 10
2.3973536220472442
 20
-2.6429526771653542
 30
0
 11
2.3974559055118108
 21
-2.6429294488188977
 31
0
  0
LINE
  5
2DF
330
1B
100
AcDbEntity
  8
B.Silkscreen
  6
CONTINUOUS
100
AcDbLine
 10
2.3974559055118108
 20
-2.6429294488188977
 30
0
 11
2.3975336220472441
 21
-2.6429349606299213
 31
0
  0
LINE
  5
2E0
330
1B
100
AcDbEntity
  8
B.Silkscreen
  6
CONTINUOUS
100
AcDbLine
 10
2.3975336220472441
 20
-2.6429349606299213
 30
0
 11
2.3978252362204722
 21
-2.6429062598425195
 31
0
  0
LINE
  5
2E1
330
1B
100
AcDbEntity
  8
B.Silkscreen
  6
CONTINUOUS
100
AcDbLine
 10
2.3978252362204722
 20
-2.6429062598425195
 30
0
 11
2.4071990551181104
 21
-2.6429062598425195
 31
0
  0
LINE
  5
2E2
330
1B
100
AcDbEntity
  8
B.Silkscreen
  6
CONTINUOUS
100
AcDbLine
 10
2.4071990551181104
 20
-2.6429062598425195
 30
0
 11
2.4077751181102363
 21
-2.6429629921259843
 31
0
  0
LINE
  5
2E3
330
1B
100
AcDbEntity
  8
B.Silkscreen
  6
CONTINUOUS
100
AcDbLine
 10
2.3803087401574801
 20
-2.6431751574803148
 30
0
 11
2.381242086614173
 21
-2.6438506299212596
 31
0
  0
LINE
  5
2E4
330
1B
100
AcDbEntity
  8
B.Silkscreen
  6
CONTINUOUS
100
AcDbLine
 10
2.381242086614173
 20
-2.6438506299212596
 30
0
 11
2.3818458661417323
 21
-2.644831811023622
 31
0
  0
LINE
  5
2E5
330
1B
100
AcDbEntity
  8
B.Silkscreen
  6
CONTINUOUS
100
AcDbLine
 10
2.3818458661417323
 20
-2.644831811023622
 30
0
 11
2.3820282677165352
 21
-2.6459694094488189
 31
0
  0
LINE
  5
2E6
330
1B
100
AcDbEntity
  8
B.Silkscreen
  6
CONTINUOUS
100
AcDbLine
 10
2.3820282677165352
 20
-2.6459694094488189
 30
0
 11
2.3819499999999998
 21
-2.6465429133858267
 31
0
  0
LINE
  5
2E7
330
1B
100
AcDbEntity
  8
B.Silkscreen
  6
CONTINUOUS
100
AcDbLine
 10
2.3819499999999998
 20
-2.6465429133858267
 30
0
 11
2.372576181102362
 21
-2.6859130314960629
 31
0
  0
LINE
  5
2E8
330
1B
100
AcDbEntity
  8
B.Silkscreen
  6
CONTINUOUS
100
AcDbLine
 10
2.372576181102362
 20
-2.6859130314960629
 30
0
 11
2.3725080708661417
 21
-2.6861105905511811
 31
0
  0
LINE
  5
2E9
330
1B
100
AcDbEntity
  8
B.Silkscreen
  6
CONTINUOUS
100
AcDbLine
 10
2.3725080708661417
 20
-2.6861105905511811
 30
0
 11
2.3724986614173229
 21
-2.6861816141732282
 31
0
  0
LINE
  5
2EA
330
1B
100
AcDbEntity
  8
B.Silkscreen
  6
CONTINUOUS
100
AcDbLine
 10
2.3724986614173229
 20
-2.6861816141732282
 30
0
 11
2.3724614960629919
 21
-2.6862457480314959
 31
0
  0
LINE
  5
2EB
330
1B
100
AcDbEntity
  8
B.Silkscreen
  6
CONTINUOUS
100
AcDbLine
 10
2.3724614960629919
 20
-2.6862457480314959
 30
0
 11
2.3723875984251968
 21
-2.6864602755905511
 31
0
  0
LINE
  5
2EC
330
1B
100
AcDbEntity
  8
B.Silkscreen
  6
CONTINUOUS
100
AcDbLine
 10
2.3723875984251968
 20
-2.6864602755905511
 30
0
 11
2.3721361811023622
 21
-2.6868076377952756
 31
0
  0
LINE
  5
2ED
330
1B
100
AcDbEntity
  8
B.Silkscreen
  6
CONTINUOUS
100
AcDbLine
 10
2.3721361811023622
 20
-2.6868076377952756
 30
0
 11
2.3719214173228345
 21
-2.6871786220472442
 31
0
  0
LINE
  5
2EE
330
1B
100
AcDbEntity
  8
B.Silkscreen
  6
CONTINUOUS
100
AcDbLine
 10
2.3719214173228345
 20
-2.6871786220472442
 30
0
 11
2.371801023622047
 21
-2.6872707480314961
 31
0
  0
LINE
  5
2EF
330
1B
100
AcDbEntity
  8
B.Silkscreen
  6
CONTINUOUS
100
AcDbLine
 10
2.371801023622047
 20
-2.6872707480314961
 30
0
 11
2.371712125984252
 21
-2.6873936220472441
 31
0
  0
LINE
  5
2F0
330
1B
100
AcDbEntity
  8
B.Silkscreen
  6
CONTINUOUS
100
AcDbLine
 10
2.371712125984252
 20
-2.6873936220472441
 30
0
 11
2.3713470866141733
 21
-2.6876182283464565
 31
0
  0
LINE
  5
2F1
330
1B
100
AcDbEntity
  8
B.Silkscreen
  6
CONTINUOUS
100
AcDbLine
 10
2.3713470866141733
 20
-2.6876182283464565
 30
0
 11
2.3710065354330707
 21
-2.6878789370078739
 31
0
  0
LINE
  5
2F2
330
1B
100
AcDbEntity
  8
B.Silkscreen
  6
CONTINUOUS
100
AcDbLine
 10
2.3710065354330707
 20
-2.6878789370078739
 30
0
 11
2.3708599212598425
 21
-2.6879180314960629
 31
0
  0
LINE
  5
2F3
330
1B
100
AcDbEntity
  8
B.Silkscreen
  6
CONTINUOUS
100
AcDbLine
 10
2.3708599212598425
 20
-2.6879180314960629
 30
0
 11
2.3707309448818896
 21
-2.6879974015748029
 31
0
  0
LINE
  5
2F4
330
1B
100
AcDbEntity
  8
B.Silkscreen
  6
CONTINUOUS
100
AcDbLine
 10
2.3707309448818896
 20
-2.6879974015748029
 30
0
 11
2.3703079527559057
 21
-2.6880651968503937
 31
0
  0
LINE
  5
2F5
330
1B
100
AcDbEntity
  8
B.Silkscreen
  6
CONTINUOUS
100
AcDbLine
 10
2.3703079527559057
 20
-2.6880651968503937
 30
0
 11
2.3698933464566929
 21
-2.6881757874015748
 31
0
  0
LINE
  5
2F6
330
1B
100
AcDbEntity
  8
B.Silkscreen
  6
CONTINUOUS
100
AcDbLine
 10
2.3698933464566929
 20
-2.6881757874015748
 30
0
 11
2.369742992125984
 21
-2.6881557874015747
 31
0
  0
LINE
  5
2F7
330
1B
100
AcDbEntity
  8
B.Silkscreen
  6
CONTINUOUS
100
AcDbLine
 10
2.369742992125984
 20
-2.6881557874015747
 30
0
 11
2.3695933464566927
 21
-2.6881798031496063
 31
0
  0
LINE
  5
2F8
330
1B
100
AcDbEntity
  8
B.Silkscreen
  6
CONTINUOUS
100
AcDbLine
 10
2.3695933464566927
 20
-2.6881798031496063
 30
0
 11
2.3691761811023619
 21
-2.6880804724409448
 31
0
  0
LINE
  5
2F9
330
1B
100
AcDbEntity
  8
B.Silkscreen
  6
CONTINUOUS
100
AcDbLine
 10
2.3691761811023619
 20
-2.6880804724409448
 30
0
 11
2.3687512598425196
 21
-2.6880240157480313
 31
0
  0
LINE
  5
2FA
330
1B
100
AcDbEntity
  8
B.Silkscreen
  6
CONTINUOUS
100
AcDbLine
 10
2.3687512598425196
 20
-2.6880240157480313
 30
0
 11
2.3686200787401575
 21
-2.6879480708661418
 31
0
  0
LINE
  5
2FB
330
1B
100
AcDbEntity
  8
B.Silkscreen
  6
CONTINUOUS
100
AcDbLine
 10
2.3686200787401575
 20
-2.6879480708661418
 30
0
 11
2.3684725590551179
 21
-2.6879129527559056
 31
0
  0
LINE
  5
2FC
330
1B
100
AcDbEntity
  8
B.Silkscreen
  6
CONTINUOUS
100
AcDbLine
 10
2.3684725590551179
 20
-2.6879129527559056
 30
0
 11
2.3681251181102363
 21
-2.6876614960629919
 31
0
  0
LINE
  5
2FD
330
1B
100
AcDbEntity
  8
B.Silkscreen
  6
CONTINUOUS
100
AcDbLine
 10
2.3681251181102363
 20
-2.6876614960629919
 30
0
 11
2.3677542125984252
 21
-2.6874467716535433
 31
0
  0
LINE
  5
2FE
330
1B
100
AcDbEntity
  8
B.Silkscreen
  6
CONTINUOUS
100
AcDbLine
 10
2.3677542125984252
 20
-2.6874467716535433
 30
0
 11
2.3676620472440946
 21
-2.6873263779527559
 31
0
  0
LINE
  5
2FF
330
1B
100
AcDbEntity
  8
B.Silkscreen
  6
CONTINUOUS
100
AcDbLine
 10
2.3676620472440946
 20
-2.6873263779527559
 30
0
 11
2.3675392125984249
 21
-2.6872374803149603
 31
0
  0
LINE
  5
300
330
1B
100
AcDbEntity
  8
B.Silkscreen
  6
CONTINUOUS
100
AcDbLine
 10
2.3675392125984249
 20
-2.6872374803149603
 30
0
 11
2.3673145669291338
 21
-2.6868724015748029
 31
0
  0
LINE
  5
301
330
1B
100
AcDbEntity
  8
B.Silkscreen
  6
CONTINUOUS
100
AcDbLine
 10
2.3673145669291338
 20
-2.6868724015748029
 30
0
 11
2.3670539370078738
 21
-2.6865319291338583
 31
0
  0
LINE
  5
302
330
1B
100
AcDbEntity
  8
B.Silkscreen
  6
CONTINUOUS
100
AcDbLine
 10
2.3670539370078738
 20
-2.6865319291338583
 30
0
 11
2.3669741732283462
 21
-2.686319251968504
 31
0
  0
LINE
  5
303
330
1B
100
AcDbEntity
  8
B.Silkscreen
  6
CONTINUOUS
100
AcDbLine
 10
2.3669741732283462
 20
-2.686319251968504
 30
0
 11
2.3669354330708661
 21
-2.6862562992125985
 31
0
  0
LINE
  5
304
330
1B
100
AcDbEntity
  8
B.Silkscreen
  6
CONTINUOUS
100
AcDbLine
 10
2.3669354330708661
 20
-2.6862562992125985
 30
0
 11
2.3669240944881889
 21
-2.6861857874015747
 31
0
  0
LINE
  5
305
330
1B
100
AcDbEntity
  8
B.Silkscreen
  6
CONTINUOUS
100
AcDbLine
 10
2.3669240944881889
 20
-2.6861857874015747
 30
0
 11
2.3668506692913387
 21
-2.6859899212598424
 31
0
  0
LINE
  5
306
330
1B
100
AcDbEntity
  8
B.Silkscreen
  6
CONTINUOUS
100
AcDbLine
 10
2.3668506692913387
 20
-2.6859899212598424
 30
0
 11
2.3622046456692911
 21
-2.6685674409448819
 31
0
  0
LINE
  5
307
330
1B
100
AcDbEntity
  8
B.Silkscreen
  6
CONTINUOUS
100
AcDbLine
 10
2.3622046456692911
 20
-2.6685674409448819
 30
0
 11
2.3575587007874015
 21
-2.6859899212598424
 31
0
  0
LINE
  5
308
330
1B
100
AcDbEntity
  8
B.Silkscreen
  6
CONTINUOUS
100
AcDbLine
 10
2.3575587007874015
 20
-2.6859899212598424
 30
0
 11
2.3574852362204726
 21
-2.6861857480314959
 31
0
  0
LINE
  5
309
330
1B
100
AcDbEntity
  8
B.Silkscreen
  6
CONTINUOUS
100
AcDbLine
 10
2.3574852362204726
 20
-2.6861857480314959
 30
0
 11
2.3574739370078741
 21
-2.6862562992125985
 31
0
  0
LINE
  5
30A
330
1B
100
AcDbEntity
  8
B.Silkscreen
  6
CONTINUOUS
100
AcDbLine
 10
2.3574739370078741
 20
-2.6862562992125985
 30
0
 11
2.3574351574803147
 21
-2.6863192913385827
 31
0
  0
LINE
  5
30B
330
1B
100
AcDbEntity
  8
B.Silkscreen
  6
CONTINUOUS
100
AcDbLine
 10
2.3574351574803147
 20
-2.6863192913385827
 30
0
 11
2.3573554330708659
 21
-2.6865318897637795
 31
0
  0
LINE
  5
30C
330
1B
100
AcDbEntity
  8
B.Silkscreen
  6
CONTINUOUS
100
AcDbLine
 10
2.3573554330708659
 20
-2.6865318897637795
 30
0
 11
2.3570948425196852
 21
-2.6868722834645671
 31
0
  0
LINE
  5
30D
330
1B
100
AcDbEntity
  8
B.Silkscreen
  6
CONTINUOUS
100
AcDbLine
 10
2.3570948425196852
 20
-2.6868722834645671
 30
0
 11
2.3568701574803148
 21
-2.6872374803149603
 31
0
  0
LINE
  5
30E
330
1B
100
AcDbEntity
  8
B.Silkscreen
  6
CONTINUOUS
100
AcDbLine
 10
2.3568701574803148
 20
-2.6872374803149603
 30
0
 11
2.3567472834645669
 21
-2.6873263779527559
 31
0
  0
LINE
  5
30F
330
1B
100
AcDbEntity
  8
B.Silkscreen
  6
CONTINUOUS
100
AcDbLine
 10
2.3567472834645669
 20
-2.6873263779527559
 30
0
 11
2.356655157480315
 21
-2.6874467716535433
 31
0
  0
LINE
  5
310
330
1B
100
AcDbEntity
  8
B.Silkscreen
  6
CONTINUOUS
100
AcDbLine
 10
2.356655157480315
 20
-2.6874467716535433
 30
0
 11
2.3562842125984251
 21
-2.6876614960629919
 31
0
  0
LINE
  5
311
330
1B
100
AcDbEntity
  8
B.Silkscreen
  6
CONTINUOUS
100
AcDbLine
 10
2.3562842125984251
 20
-2.6876614960629919
 30
0
 11
2.3559368110236218
 21
-2.6879129527559056
 31
0
  0
LINE
  5
312
330
1B
100
AcDbEntity
  8
B.Silkscreen
  6
CONTINUOUS
100
AcDbLine
 10
2.3559368110236218
 20
-2.6879129527559056
 30
0
 11
2.355789251968504
 21
-2.6879480708661418
 31
0
  0
LINE
  5
313
330
1B
100
AcDbEntity
  8
B.Silkscreen
  6
CONTINUOUS
100
AcDbLine
 10
2.355789251968504
 20
-2.6879480708661418
 30
0
 11
2.3556581102362206
 21
-2.6880240157480313
 31
0
  0
LINE
  5
314
330
1B
100
AcDbEntity
  8
B.Silkscreen
  6
CONTINUOUS
100
AcDbLine
 10
2.3556581102362206
 20
-2.6880240157480313
 30
0
 11
2.3552332677165353
 21
-2.6880804330708661
 31
0
  0
LINE
  5
315
330
1B
100
AcDbEntity
  8
B.Silkscreen
  6
CONTINUOUS
100
AcDbLine
 10
2.3552332677165353
 20
-2.6880804330708661
 30
0
 11
2.354816023622047
 21
-2.6881798031496063
 31
0
  0
LINE
  5
316
330
1B
100
AcDbEntity
  8
B.Silkscreen
  6
CONTINUOUS
100
AcDbLine
 10
2.354816023622047
 20
-2.6881798031496063
 30
0
 11
2.3546662598425194
 21
-2.6881557874015747
 31
0
  0
LINE
  5
317
330
1B
100
AcDbEntity
  8
B.Silkscreen
  6
CONTINUOUS
100
AcDbLine
 10
2.3546662598425194
 20
-2.6881557874015747
 30
0
 11
2.354516062992126
 21
-2.6881757480314961
 31
0
  0
LINE
  5
318
330
1B
100
AcDbEntity
  8
B.Silkscreen
  6
CONTINUOUS
100
AcDbLine
 10
2.354516062992126
 20
-2.6881757480314961
 30
0
 11
2.354101811023622
 21
-2.6880652755905512
 31
0
  0
LINE
  5
319
330
1B
100
AcDbEntity
  8
B.Silkscreen
  6
CONTINUOUS
100
AcDbLine
 10
2.354101811023622
 20
-2.6880652755905512
 30
0
 11
2.3536784251968506
 21
-2.6879974015748029
 31
0
  0
LINE
  5
31A
330
1B
100
AcDbEntity
  8
B.Silkscreen
  6
CONTINUOUS
100
AcDbLine
 10
2.3536784251968506
 20
-2.6879974015748029
 30
0
 11
2.3535492913385827
 21
-2.6879179527559054
 31
0
  0
LINE
  5
31B
330
1B
100
AcDbEntity
  8
B.Silkscreen
  6
CONTINUOUS
100
AcDbLine
 10
2.3535492913385827
 20
-2.6879179527559054
 30
0
 11
2.353402834645669
 21
-2.6878788976377952
 31
0
  0
LINE
  5
31C
330
1B
100
AcDbEntity
  8
B.Silkscreen
  6
CONTINUOUS
100
AcDbLine
 10
2.353402834645669
 20
-2.6878788976377952
 30
0
 11
2.3530624015748032
 21
-2.687618307086614
 31
0
  0
LINE
  5
31D
330
1B
100
AcDbEntity
  8
B.Silkscreen
  6
CONTINUOUS
100
AcDbLine
 10
2.3530624015748032
 20
-2.687618307086614
 30
0
 11
2.3526972440944882
 21
-2.6873936220472441
 31
0
  0
LINE
  5
31E
330
1B
100
AcDbEntity
  8
B.Silkscreen
  6
CONTINUOUS
100
AcDbLine
 10
2.3526972440944882
 20
-2.6873936220472441
 30
0
 11
2.3526083070866139
 21
-2.6872707480314961
 31
0
  0
LINE
  5
31F
330
1B
100
AcDbEntity
  8
B.Silkscreen
  6
CONTINUOUS
100
AcDbLine
 10
2.3526083070866139
 20
-2.6872707480314961
 30
0
 11
2.3524879527559053
 21
-2.6871786220472442
 31
0
  0
LINE
  5
320
330
1B
100
AcDbEntity
  8
B.Silkscreen
  6
CONTINUOUS
100
AcDbLine
 10
2.3524879527559053
 20
-2.6871786220472442
 30
0
 11
2.3522731889763779
 21
-2.6868076771653544
 31
0
  0
LINE
  5
321
330
1B
100
AcDbEntity
  8
B.Silkscreen
  6
CONTINUOUS
100
AcDbLine
 10
2.3522731889763779
 20
-2.6868076771653544
 30
0
 11
2.3520217716535434
 21
-2.6864602755905511
 31
0
  0
LINE
  5
322
330
1B
100
AcDbEntity
  8
B.Silkscreen
  6
CONTINUOUS
100
AcDbLine
 10
2.3520217716535434
 20
-2.6864602755905511
 30
0
 11
2.3519477952755903
 21
-2.6862456692913383
 31
0
  0
LINE
  5
323
330
1B
100
AcDbEntity
  8
B.Silkscreen
  6
CONTINUOUS
100
AcDbLine
 10
2.3519477952755903
 20
-2.6862456692913383
 30
0
 11
2.3519107086614173
 21
-2.6861815748031495
 31
0
  0
LINE
  5
324
330
1B
100
AcDbEntity
  8
B.Silkscreen
  6
CONTINUOUS
100
AcDbLine
 10
2.3519107086614173
 20
-2.6861815748031495
 30
0
 11
2.3519012598425197
 21
-2.6861106299212598
 31
0
  0
LINE
  5
325
330
1B
100
AcDbEntity
  8
B.Silkscreen
  6
CONTINUOUS
100
AcDbLine
 10
2.3519012598425197
 20
-2.6861106299212598
 30
0
 11
2.3518331889763777
 21
-2.6859130314960629
 31
0
  0
LINE
  5
326
330
1B
100
AcDbEntity
  8
B.Silkscreen
  6
CONTINUOUS
100
AcDbLine
 10
2.3518331889763777
 20
-2.6859130314960629
 30
0
 11
2.3424593700787399
 21
-2.6465429527559055
 31
0
  0
LINE
  5
327
330
1B
100
AcDbEntity
  8
B.Silkscreen
  6
CONTINUOUS
100
AcDbLine
 10
2.3424593700787399
 20
-2.6465429527559055
 30
0
 11
2.3423811023622045
 21
-2.6459694094488189
 31
0
  0
LINE
  5
328
330
1B
100
AcDbEntity
  8
B.Silkscreen
  6
CONTINUOUS
100
AcDbLine
 10
2.3423811023622045
 20
-2.6459694094488189
 30
0
 11
2.3425635039370079
 21
-2.644831811023622
 31
0
  0
LINE
  5
329
330
1B
100
AcDbEntity
  8
B.Silkscreen
  6
CONTINUOUS
100
AcDbLine
 10
2.3425635039370079
 20
-2.644831811023622
 30
0
 11
2.3431672834645667
 21
-2.6438506299212596
 31
0
  0
LINE
  5
32A
330
1B
100
AcDbEntity
  8
B.Silkscreen
  6
CONTINUOUS
100
AcDbLine
 10
2.3431672834645667
 20
-2.6438506299212596
 30
0
 11
2.3441006299212597
 21
-2.6431751574803148
 31
0
  0
LINE
  5
32B
330
1B
100
AcDbEntity
  8
B.Silkscreen
  6
CONTINUOUS
100
AcDbLine
 10
2.3441006299212597
 20
-2.6431751574803148
 30
0
 11
2.3452214173228345
 21
-2.6429083070866142
 31
0
  0
LINE
  5
32C
330
1B
100
AcDbEntity
  8
B.Silkscreen
  6
CONTINUOUS
100
AcDbLine
 10
2.3452214173228345
 20
-2.6429083070866142
 30
0
 11
2.3463590157480314
 21
-2.643090708661417
 31
0
  0
LINE
  5
32D
330
1B
100
AcDbEntity
  8
B.Silkscreen
  6
CONTINUOUS
100
AcDbLine
 10
2.3463590157480314
 20
-2.643090708661417
 30
0
 11
2.3473401968503937
 21
-2.6436944881889763
 31
0
  0
LINE
  5
32E
330
1B
100
AcDbEntity
  8
B.Silkscreen
  6
CONTINUOUS
100
AcDbLine
 10
2.3473401968503937
 20
-2.6436944881889763
 30
0
 11
2.3480156692913385
 21
-2.6446278346456693
 31
0
  0
LINE
  5
32F
330
1B
100
AcDbEntity
  8
B.Silkscreen
  6
CONTINUOUS
100
AcDbLine
 10
2.3480156692913385
 20
-2.6446278346456693
 30
0
 11
2.3482042519685038
 21
-2.6451750787401576
 31
0
  0
LINE
  5
330
330
1B
100
AcDbEntity
  8
B.Silkscreen
  6
CONTINUOUS
100
AcDbLine
 10
2.3482042519685038
 20
-2.6451750787401576
 30
0
 11
2.3548676771653541
 21
-2.6731615354330707
 31
0
  0
LINE
  5
331
330
1B
100
AcDbEntity
  8
B.Silkscreen
  6
CONTINUOUS
100
AcDbLine
 10
2.3548676771653541
 20
-2.6731615354330707
 30
0
 11
2.3593516141732285
 21
-2.6563467716535434
 31
0
  0
LINE
  5
332
330
1B
100
AcDbEntity
  8
B.Silkscreen
  6
CONTINUOUS
100
AcDbLine
 10
2.3593516141732285
 20
-2.6563467716535434
 30
0
 11
2.3594022047244092
 21
-2.6562117716535432
 31
0
  0
LINE
  5
333
330
1B
100
AcDbEntity
  8
B.Silkscreen
  6
CONTINUOUS
100
AcDbLine
 10
2.3594022047244092
 20
-2.6562117716535432
 30
0
 11
2.3594097637795275
 21
-2.6561551181102363
 31
0
  0
LINE
  5
334
330
1B
100
AcDbEntity
  8
B.Silkscreen
  6
CONTINUOUS
100
AcDbLine
 10
2.3594097637795275
 20
-2.6561551181102363
 30
0
 11
2.3594487007874014
 21
-2.6560877952755906
 31
0
  0
LINE
  5
335
330
1B
100
AcDbEntity
  8
B.Silkscreen
  6
CONTINUOUS
100
AcDbLine
 10
2.3594487007874014
 20
-2.6560877952755906
 30
0
 11
2.3595548818897636
 21
-2.6558047637795275
 31
0
  0
LINE
  5
336
330
1B
100
AcDbEntity
  8
B.Silkscreen
  6
CONTINUOUS
100
AcDbLine
 10
2.3595548818897636
 20
-2.6558047637795275
 30
0
 11
2.3597917716535433
 21
-2.655495275590551
 31
0
  0
LINE
  5
337
330
1B
100
AcDbEntity
  8
B.Silkscreen
  6
CONTINUOUS
100
AcDbLine
 10
2.3597917716535433
 20
-2.655495275590551
 30
0
 11
2.3599870078740155
 21
-2.6551580708661415
 31
0
  0
LINE
  5
338
330
1B
100
AcDbEntity
  8
B.Silkscreen
  6
CONTINUOUS
100
AcDbLine
 10
2.3599870078740155
 20
-2.6551580708661415
 30
0
 11
2.3601388582677165
 21
-2.6550418110236218
 31
0
  0
LINE
  5
339
330
1B
100
AcDbEntity
  8
B.Silkscreen
  6
CONTINUOUS
100
AcDbLine
 10
2.3601388582677165
 20
-2.6550418110236218
 30
0
 11
2.360255157480315
 21
-2.6548899212598425
 31
0
  0
LINE
  5
33A
330
1B
100
AcDbEntity
  8
B.Silkscreen
  6
CONTINUOUS
100
AcDbLine
 10
2.360255157480315
 20
-2.6548899212598425
 30
0
 11
2.360592440944882
 21
-2.6546946062992127
 31
0
  0
LINE
  5
33B
330
1B
100
AcDbEntity
  8
B.Silkscreen
  6
CONTINUOUS
100
AcDbLine
 10
2.360592440944882
 20
-2.6546946062992127
 30
0
 11
2.3609018897637797
 21
-2.6544577952755906
 31
0
  0
LINE
  5
33C
330
1B
100
AcDbEntity
  8
B.Silkscreen
  6
CONTINUOUS
100
AcDbLine
 10
2.3609018897637797
 20
-2.6544577952755906
 30
0
 11
2.3610866141732281
 21
-2.6544085039370078
 31
0
  0
LINE
  5
33D
330
1B
100
AcDbEntity
  8
B.Silkscreen
  6
CONTINUOUS
100
AcDbLine
 10
2.3610866141732281
 20
-2.6544085039370078
 30
0
 11
2.3612522047244093
 21
-2.6543126771653545
 31
0
  0
LINE
  5
33E
330
1B
100
AcDbEntity
  8
B.Silkscreen
  6
CONTINUOUS
100
AcDbLine
 10
2.3612522047244093
 20
-2.6543126771653545
 30
0
 11
2.3616387007874016
 21
-2.6542612992125982
 31
0
  0
LINE
  5
33F
330
1B
100
AcDbEntity
  8
B.Silkscreen
  6
CONTINUOUS
100
AcDbLine
 10
2.3616387007874016
 20
-2.6542612992125982
 30
0
 11
2.3620151181102362
 21
-2.6541609448818897
 31
0
  0
LINE
  5
340
330
1B
100
AcDbEntity
  8
B.Silkscreen
  6
CONTINUOUS
100
AcDbLine
 10
2.3620151181102362
 20
-2.6541609448818897
 30
0
 11
2.3622045669291336
 21
-2.6541861023622046
 31
0
  0
LINE
  5
341
330
1B
100
AcDbEntity
  8
B.Silkscreen
  6
CONTINUOUS
100
AcDbLine
 10
2.3622045669291336
 20
-2.6541861023622046
 30
0
 11
2.3623942913385827
 21
-2.6541609055118109
 31
0
  0
LINE
  5
342
330
1B
100
AcDbEntity
  8
B.Silkscreen
  6
CONTINUOUS
100
AcDbLine
 10
2.3623942913385827
 20
-2.6541609055118109
 30
0
 11
2.3627710629921261
 21
-2.6542613779527557
 31
0
  0
LINE
  5
343
330
1B
100
AcDbEntity
  8
B.Silkscreen
  6
CONTINUOUS
100
AcDbLine
 10
2.3627710629921261
 20
-2.6542613779527557
 30
0
 11
2.3631571653543308
 21
-2.6543126771653545
 31
0
  0
LINE
  5
344
330
1B
100
AcDbEntity
  8
B.Silkscreen
  6
CONTINUOUS
100
AcDbLine
 10
2.3631571653543308
 20
-2.6543126771653545
 30
0
 11
2.3633225590551179
 21
-2.6544084251968503
 31
0
  0
LINE
  5
345
330
1B
100
AcDbEntity
  8
B.Silkscreen
  6
CONTINUOUS
100
AcDbLine
 10
2.3633225590551179
 20
-2.6544084251968503
 30
0
 11
2.3635074803149605
 21
-2.6544577559055118
 31
0
  0
LINE
  5
346
330
1B
100
AcDbEntity
  8
B.Silkscreen
  6
CONTINUOUS
100
AcDbLine
 10
2.3635074803149605
 20
-2.6544577559055118
 30
0
 11
2.3638170078740157
 21
-2.6546946850393702
 31
0
  0
LINE
  5
347
330
1B
100
AcDbEntity
  8
B.Silkscreen
  6
CONTINUOUS
100
AcDbLine
 10
2.3638170078740157
 20
-2.6546946850393702
 30
0
 11
2.3641542125984252
 21
-2.6548899212598425
 31
0
  0
LINE
  5
348
330
1B
100
AcDbEntity
  8
B.Silkscreen
  6
CONTINUOUS
100
AcDbLine
 10
2.3641542125984252
 20
-2.6548899212598425
 30
0
 11
2.3642704330708662
 21
-2.655041771653543
 31
0
  0
LINE
  5
349
330
1B
100
AcDbEntity
  8
B.Silkscreen
  6
CONTINUOUS
100
AcDbLine
 10
2.3642704330708662
 20
-2.655041771653543
 30
0
 11
2.3644223622047242
 21
-2.6551580708661415
 31
0
  0
LINE
  5
34A
330
1B
100
AcDbEntity
  8
B.Silkscreen
  6
CONTINUOUS
100
AcDbLine
 10
2.3644223622047242
 20
-2.6551580708661415
 30
0
 11
2.3646176771653544
 21
-2.6554953937007872
 31
0
  0
LINE
  5
34B
330
1B
100
AcDbEntity
  8
B.Silkscreen
  6
CONTINUOUS
100
AcDbLine
 10
2.3646176771653544
 20
-2.6554953937007872
 30
0
 11
2.3648544881889761
 21
-2.6558048031496062
 31
0
  0
LINE
  5
34C
330
1B
100
AcDbEntity
  8
B.Silkscreen
  6
CONTINUOUS
100
AcDbLine
 10
2.3648544881889761
 20
-2.6558048031496062
 30
0
 11
2.3649605511811025
 21
-2.6560876377952756
 31
0
  0
LINE
  5
34D
330
1B
100
AcDbEntity
  8
B.Silkscreen
  6
CONTINUOUS
100
AcDbLine
 10
2.3649605511811025
 20
-2.6560876377952756
 30
0
 11
2.3649996062992127
 21
-2.6561550787401575
 31
0
  0
LINE
  5
34E
330
1B
100
AcDbEntity
  8
B.Silkscreen
  6
CONTINUOUS
100
AcDbLine
 10
2.3649996062992127
 20
-2.6561550787401575
 30
0
 11
2.3650071259842518
 21
-2.6562118110236219
 31
0
  0
LINE
  5
34F
330
1B
100
AcDbEntity
  8
B.Silkscreen
  6
CONTINUOUS
100
AcDbLine
 10
2.3650071259842518
 20
-2.6562118110236219
 30
0
 11
2.3650577559055117
 21
-2.6563467716535434
 31
0
  0
LINE
  5
350
330
1B
100
AcDbEntity
  8
B.Silkscreen
  6
CONTINUOUS
100
AcDbLine
 10
2.3650577559055117
 20
-2.6563467716535434
 30
0
 11
2.3695416535433069
 21
-2.6731615354330707
 31
0
  0
LINE
  5
351
330
1B
100
AcDbEntity
  8
B.Silkscreen
  6
CONTINUOUS
100
AcDbLine
 10
2.3695416535433069
 20
-2.6731615354330707
 30
0
 11
2.3762051181102364
 21
-2.6451750787401576
 31
0
  0
LINE
  5
352
330
1B
100
AcDbEntity
  8
B.Silkscreen
  6
CONTINUOUS
100
AcDbLine
 10
2.3762051181102364
 20
-2.6451750787401576
 30
0
 11
2.3763937007874016
 21
-2.6446278346456693
 31
0
  0
LINE
  5
353
330
1B
100
AcDbEntity
  8
B.Silkscreen
  6
CONTINUOUS
100
AcDbLine
 10
2.3763937007874016
 20
-2.6446278346456693
 30
0
 11
2.3770691732283464
 21
-2.6436944881889763
 31
0
  0
LINE
  5
354
330
1B
100
AcDbEntity
  8
B.Silkscreen
  6
CONTINUOUS
100
AcDbLine
 10
2.3770691732283464
 20
-2.6436944881889763
 30
0
 11
2.3780503543307088
 21
-2.643090708661417
 31
0
  0
LINE
  5
355
330
1B
100
AcDbEntity
  8
B.Silkscreen
  6
CONTINUOUS
100
AcDbLine
 10
2.3780503543307088
 20
-2.643090708661417
 30
0
 11
2.3791879527559057
 21
-2.6429083070866142
 31
0
  0
LINE
  5
356
330
1B
100
AcDbEntity
  8
B.Silkscreen
  6
CONTINUOUS
100
AcDbLine
 10
2.3791879527559057
 20
-2.6429083070866142
 30
0
 11
2.3803087401574801
 21
-2.6431751574803148
 31
0
  0
LINE
  5
357
330
1B
100
AcDbEntity
  8
B.Silkscreen
  6
CONTINUOUS
100
AcDbLine
 10
2.4615338976377954
 20
-2.4781325590551182
 30
0
 11
2.4628123228346457
 21
-2.4794109842519685
 31
0
  0
LINE
  5
358
330
1B
100
AcDbEntity
  8
B.Silkscreen
  6
CONTINUOUS
100
AcDbLine
 10
2.4628123228346457
 20
-2.4794109842519685
 30
0
 11
2.4628123228346457
 21
-2.4812189370078741
 31
0
  0
LINE
  5
359
330
1B
100
AcDbEntity
  8
B.Silkscreen
  6
CONTINUOUS
100
AcDbLine
 10
2.4628123228346457
 20
-2.4812189370078741
 30
0
 11
2.4615338976377954
 21
-2.4824973622047244
 31
0
  0
LINE
  5
35A
330
1B
100
AcDbEntity
  8
B.Silkscreen
  6
CONTINUOUS
100
AcDbLine
 10
2.4615338976377954
 20
-2.4824973622047244
 30
0
 11
2.4606299212598426
 21
-2.4826771653543305
 31
0
  0
LINE
  5
35B
330
1B
100
AcDbEntity
  8
B.Silkscreen
  6
CONTINUOUS
100
AcDbLine
 10
2.4606299212598426
 20
-2.4826771653543305
 30
0
 11
2.2834645669291338
 21
-2.4826771653543305
 31
0
  0
LINE
  5
35C
330
1B
100
AcDbEntity
  8
B.Silkscreen
  6
CONTINUOUS
100
AcDbLine
 10
2.2834645669291338
 20
-2.4826771653543305
 30
0
 11
2.282560590551181
 21
-2.4824973622047244
 31
0
  0
LINE
  5
35D
330
1B
100
AcDbEntity
  8
B.Silkscreen
  6
CONTINUOUS
100
AcDbLine
 10
2.282560590551181
 20
-2.4824973622047244
 30
0
 11
2.2812821653543307
 21
-2.4812189370078741
 31
0
  0
LINE
  5
35E
330
1B
100
AcDbEntity
  8
B.Silkscreen
  6
CONTINUOUS
100
AcDbLine
 10
2.2812821653543307
 20
-2.4812189370078741
 30
0
 11
2.2812821653543307
 21
-2.4794109842519685
 31
0
  0
LINE
  5
35F
330
1B
100
AcDbEntity
  8
B.Silkscreen
  6
CONTINUOUS
100
AcDbLine
 10
2.2812821653543307
 20
-2.4794109842519685
 30
0
 11
2.282560590551181
 21
-2.4781325590551182
 31
0
  0
LINE
  5
360
330
1B
100
AcDbEntity
  8
B.Silkscreen
  6
CONTINUOUS
100
AcDbLine
 10
2.282560590551181
 20
-2.4781325590551182
 30
0
 11
2.2834645669291338
 21
-2.4779527559055117
 31
0
  0
LINE
  5
361
330
1B
100
AcDbEntity
  8
B.Silkscreen
  6
CONTINUOUS
100
AcDbLine
 10
2.2834645669291338
 20
-2.4779527559055117
 30
0
 11
2.4606299212598426
 21
-2.4779527559055117
 31
0
  0
LINE
  5
362
330
1B
100
AcDbEntity
  8
B.Silkscreen
  6
CONTINUOUS
100
AcDbLine
 10
2.4606299212598426
 20
-2.4779527559055117
 30
0
 11
2.4615338976377954
 21
-2.4781325590551182
 31
0
  0
LINE
  5
363
330
1B
100
AcDbEntity
  8
B.Silkscreen
  6
CONTINUOUS
100
AcDbLine
 10
2.2364343700787401
 20
-2.3219306692913384
 30
0
 11
2.2366141732283462
 21
-2.3228346456692912
 31
0
  0
LINE
  5
364
330
1B
100
AcDbEntity
  8
B.Silkscreen
  6
CONTINUOUS
100
AcDbLine
 10
2.2366141732283462
 20
-2.3228346456692912
 30
0
 11
2.2366141732283462
 21
-2.3818897637795273
 31
0
  0
LINE
  5
365
330
1B
100
AcDbEntity
  8
B.Silkscreen
  6
CONTINUOUS
100
AcDbLine
 10
2.2366141732283462
 20
-2.3818897637795273
 30
0
 11
2.2364343700787401
 21
-2.3827937401574801
 31
0
  0
LINE
  5
366
330
1B
100
AcDbEntity
  8
B.Silkscreen
  6
CONTINUOUS
100
AcDbLine
 10
2.2364343700787401
 20
-2.3827937401574801
 30
0
 11
2.2351559448818898
 21
-2.3840721653543309
 31
0
  0
LINE
  5
367
330
1B
100
AcDbEntity
  8
B.Silkscreen
  6
CONTINUOUS
100
AcDbLine
 10
2.2351559448818898
 20
-2.3840721653543309
 30
0
 11
2.2333479921259842
 21
-2.3840721653543309
 31
0
  0
LINE
  5
368
330
1B
100
AcDbEntity
  8
B.Silkscreen
  6
CONTINUOUS
100
AcDbLine
 10
2.2333479921259842
 20
-2.3840721653543309
 30
0
 11
2.2320695669291339
 21
-2.3827937401574801
 31
0
  0
LINE
  5
369
330
1B
100
AcDbEntity
  8
B.Silkscreen
  6
CONTINUOUS
100
AcDbLine
 10
2.2320695669291339
 20
-2.3827937401574801
 30
0
 11
2.2318897637795274
 21
-2.3818897637795273
 31
0
  0
LINE
  5
36A
330
1B
100
AcDbEntity
  8
B.Silkscreen
  6
CONTINUOUS
100
AcDbLine
 10
2.2318897637795274
 20
-2.3818897637795273
 30
0
 11
2.2318897637795274
 21
-2.3228346456692912
 31
0
  0
LINE
  5
36B
330
1B
100
AcDbEntity
  8
B.Silkscreen
  6
CONTINUOUS
100
AcDbLine
 10
2.2318897637795274
 20
-2.3228346456692912
 30
0
 11
2.2320695669291339
 21
-2.3219306692913384
 31
0
  0
LINE
  5
36C
330
1B
100
AcDbEntity
  8
B.Silkscreen
  6
CONTINUOUS
100
AcDbLine
 10
2.2320695669291339
 20
-2.3219306692913384
 30
0
 11
2.2333479921259842
 21
-2.3206522440944881
 31
0
  0
LINE
  5
36D
330
1B
100
AcDbEntity
  8
B.Silkscreen
  6
CONTINUOUS
100
AcDbLine
 10
2.2333479921259842
 20
-2.3206522440944881
 30
0
 11
2.2351559448818898
 21
-2.3206522440944881
 31
0
  0
LINE
  5
36E
330
1B
100
AcDbEntity
  8
B.Silkscreen
  6
CONTINUOUS
100
AcDbLine
 10
2.2351559448818898
 20
-2.3206522440944881
 30
0
 11
2.2364343700787401
 21
-2.3219306692913384
 31
0
  0
LINE
  5
36F
330
1B
100
AcDbEntity
  8
B.Silkscreen
  6
CONTINUOUS
100
AcDbLine
 10
2.5120249212598424
 20
-2.3219306692913384
 30
0
 11
2.512204724409449
 21
-2.3228346456692912
 31
0
  0
LINE
  5
370
330
1B
100
AcDbEntity
  8
B.Silkscreen
  6
CONTINUOUS
100
AcDbLine
 10
2.512204724409449
 20
-2.3228346456692912
 30
0
 11
2.512204724409449
 21
-2.3818897637795273
 31
0
  0
LINE
  5
371
330
1B
100
AcDbEntity
  8
B.Silkscreen
  6
CONTINUOUS
100
AcDbLine
 10
2.512204724409449
 20
-2.3818897637795273
 30
0
 11
2.5120249212598424
 21
-2.3827937401574801
 31
0
  0
LINE
  5
372
330
1B
100
AcDbEntity
  8
B.Silkscreen
  6
CONTINUOUS
100
AcDbLine
 10
2.5120249212598424
 20
-2.3827937401574801
 30
0
 11
2.5107464960629922
 21
-2.3840721653543309
 31
0
  0
LINE
  5
373
330
1B
100
AcDbEntity
  8
B.Silkscreen
  6
CONTINUOUS
100
AcDbLine
 10
2.5107464960629922
 20
-2.3840721653543309
 30
0
 11
2.5089385433070865
 21
-2.3840721653543309
 31
0
  0
LINE
  5
374
330
1B
100
AcDbEntity
  8
B.Silkscreen
  6
CONTINUOUS
100
AcDbLine
 10
2.5089385433070865
 20
-2.3840721653543309
 30
0
 11
2.5076601181102363
 21
-2.3827937401574801
 31
0
  0
LINE
  5
375
330
1B
100
AcDbEntity
  8
B.Silkscreen
  6
CONTINUOUS
100
AcDbLine
 10
2.5076601181102363
 20
-2.3827937401574801
 30
0
 11
2.5074803149606297
 21
-2.3818897637795273
 31
0
  0
LINE
  5
376
330
1B
100
AcDbEntity
  8
B.Silkscreen
  6
CONTINUOUS
100
AcDbLine
 10
2.5074803149606297
 20
-2.3818897637795273
 30
0
 11
2.5074803149606297
 21
-2.3228346456692912
 31
0
  0
LINE
  5
377
330
1B
100
AcDbEntity
  8
B.Silkscreen
  6
CONTINUOUS
100
AcDbLine
 10
2.5074803149606297
 20
-2.3228346456692912
 30
0
 11
2.5076601181102363
 21
-2.3219306692913384
 31
0
  0
LINE
  5
378
330
1B
100
AcDbEntity
  8
B.Silkscreen
  6
CONTINUOUS
100
AcDbLine
 10
2.5076601181102363
 20
-2.3219306692913384
 30
0
 11
2.5089385433070865
 21
-2.3206522440944881
 31
0
  0
LINE
  5
379
330
1B
100
AcDbEntity
  8
B.Silkscreen
  6
CONTINUOUS
100
AcDbLine
 10
2.5089385433070865
 20
-2.3206522440944881
 30
0
 11
2.5107464960629922
 21
-2.3206522440944881
 31
0
  0
LINE
  5
37A
330
1B
100
AcDbEntity
  8
B.Silkscreen
  6
CONTINUOUS
100
AcDbLine
 10
2.5107464960629922
 20
-2.3206522440944881
 30
0
 11
2.5120249212598424
 21
-2.3219306692913384
 31
0
  0
LINE
  5
37B
330
1B
100
AcDbEntity
  8
B.Silkscreen
  6
CONTINUOUS
100
AcDbLine
 10
2.4615338976377954
 20
-2.2222270472440946
 30
0
 11
2.4628123228346457
 21
-2.2235054724409449
 31
0
  0
LINE
  5
37C
330
1B
100
AcDbEntity
  8
B.Silkscreen
  6
CONTINUOUS
100
AcDbLine
 10
2.4628123228346457
 20
-2.2235054724409449
 30
0
 11
2.4628123228346457
 21
-2.2253134251968505
 31
0
  0
LINE
  5
37D
330
1B
100
AcDbEntity
  8
B.Silkscreen
  6
CONTINUOUS
100
AcDbLine
 10
2.4628123228346457
 20
-2.2253134251968505
 30
0
 11
2.4615338976377954
 21
-2.2265918503937008
 31
0
  0
LINE
  5
37E
330
1B
100
AcDbEntity
  8
B.Silkscreen
  6
CONTINUOUS
100
AcDbLine
 10
2.4615338976377954
 20
-2.2265918503937008
 30
0
 11
2.4606299212598426
 21
-2.2267716535433069
 31
0
  0
LINE
  5
37F
330
1B
100
AcDbEntity
  8
B.Silkscreen
  6
CONTINUOUS
100
AcDbLine
 10
2.4606299212598426
 20
-2.2267716535433069
 30
0
 11
2.2834645669291338
 21
-2.2267716535433069
 31
0
  0
LINE
  5
380
330
1B
100
AcDbEntity
  8
B.Silkscreen
  6
CONTINUOUS
100
AcDbLine
 10
2.2834645669291338
 20
-2.2267716535433069
 30
0
 11
2.282560590551181
 21
-2.2265918503937008
 31
0
  0
LINE
  5
381
330
1B
100
AcDbEntity
  8
B.Silkscreen
  6
CONTINUOUS
100
AcDbLine
 10
2.282560590551181
 20
-2.2265918503937008
 30
0
 11
2.2812821653543307
 21
-2.2253134251968505
 31
0
  0
LINE
  5
382
330
1B
100
AcDbEntity
  8
B.Silkscreen
  6
CONTINUOUS
100
AcDbLine
 10
2.2812821653543307
 20
-2.2253134251968505
 30
0
 11
2.2812821653543307
 21
-2.2235054724409449
 31
0
  0
LINE
  5
383
330
1B
100
AcDbEntity
  8
B.Silkscreen
  6
CONTINUOUS
100
AcDbLine
 10
2.2812821653543307
 20
-2.2235054724409449
 30
0
 11
2.282560590551181
 21
-2.2222270472440946
 31
0
  0
LINE
  5
384
330
1B
100
AcDbEntity
  8
B.Silkscreen
  6
CONTINUOUS
100
AcDbLine
 10
2.282560590551181
 20
-2.2222270472440946
 30
0
 11
2.2834645669291338
 21
-2.2220472440944881
 31
0
  0
LINE
  5
385
330
1B
100
AcDbEntity
  8
B.Silkscreen
  6
CONTINUOUS
100
AcDbLine
 10
2.2834645669291338
 20
-2.2220472440944881
 30
0
 11
2.4606299212598426
 21
-2.2220472440944881
 31
0
  0
LINE
  5
386
330
1B
100
AcDbEntity
  8
B.Silkscreen
  6
CONTINUOUS
100
AcDbLine
 10
2.4606299212598426
 20
-2.2220472440944881
 30
0
 11
2.4615338976377954
 21
-2.2222270472440946
 31
0
  0
LINE
  5
387
330
1B
100
AcDbEntity
  8
B.Silkscreen
  6
CONTINUOUS
100
AcDbLine
 10
2.3370027165354332
 20
-2.1606795275590551
 30
0
 11
2.3371007086614171
 21
-2.1607201181102362
 31
0
  0
LINE
  5
388
330
1B
100
AcDbEntity
  8
B.Silkscreen
  6
CONTINUOUS
100
AcDbLine
 10
2.3371007086614171
 20
-2.1607201181102362
 30
0
 11
2.3372065354330709
 21
-2.1607276377952753
 31
0
  0
LINE
  5
389
330
1B
100
AcDbEntity
  8
B.Silkscreen
  6
CONTINUOUS
100
AcDbLine
 10
2.3372065354330709
 20
-2.1607276377952753
 30
0
 11
2.3377471653543305
 21
-2.1609345275590552
 31
0
  0
LINE
  5
38A
330
1B
100
AcDbEntity
  8
B.Silkscreen
  6
CONTINUOUS
100
AcDbLine
 10
2.3377471653543305
 20
-2.1609345275590552
 30
0
 11
2.3414966929133856
 21
-2.1628092913385828
 31
0
  0
LINE
  5
38B
330
1B
100
AcDbEntity
  8
B.Silkscreen
  6
CONTINUOUS
100
AcDbLine
 10
2.3414966929133856
 20
-2.1628092913385828
 30
0
 11
2.3417446850393699
 21
-2.1629653543307086
 31
0
  0
LINE
  5
38C
330
1B
100
AcDbEntity
  8
B.Silkscreen
  6
CONTINUOUS
100
AcDbLine
 10
2.3417446850393699
 20
-2.1629653543307086
 30
0
 11
2.3418166535433071
 21
-2.1629951968503938
 31
0
  0
LINE
  5
38D
330
1B
100
AcDbEntity
  8
B.Silkscreen
  6
CONTINUOUS
100
AcDbLine
 10
2.3418166535433071
 20
-2.1629951968503938
 30
0
 11
2.3418975984251968
 21
-2.1630616535433069
 31
0
  0
LINE
  5
38E
330
1B
100
AcDbEntity
  8
B.Silkscreen
  6
CONTINUOUS
100
AcDbLine
 10
2.3418975984251968
 20
-2.1630616535433069
 30
0
 11
2.3419865748031494
 21
-2.1631176377952754
 31
0
  0
LINE
  5
38F
330
1B
100
AcDbEntity
  8
B.Silkscreen
  6
CONTINUOUS
100
AcDbLine
 10
2.3419865748031494
 20
-2.1631176377952754
 30
0
 11
2.3420377165354331
 21
-2.1631766141732283
 31
0
  0
LINE
  5
390
330
1B
100
AcDbEntity
  8
B.Silkscreen
  6
CONTINUOUS
100
AcDbLine
 10
2.3420377165354331
 20
-2.1631766141732283
 30
0
 11
2.342264094488189
 21
-2.163362401574803
 31
0
  0
LINE
  5
391
330
1B
100
AcDbEntity
  8
B.Silkscreen
  6
CONTINUOUS
100
AcDbLine
 10
2.342264094488189
 20
-2.163362401574803
 30
0
 11
2.3441388582677165
 21
-2.1652371653543305
 31
0
  0
LINE
  5
392
330
1B
100
AcDbEntity
  8
B.Silkscreen
  6
CONTINUOUS
100
AcDbLine
 10
2.3441388582677165
 20
-2.1652371653543305
 30
0
 11
2.3445060629921257
 21
-2.1656846062992123
 31
0
  0
LINE
  5
393
330
1B
100
AcDbEntity
  8
B.Silkscreen
  6
CONTINUOUS
100
AcDbLine
 10
2.3445060629921257
 20
-2.1656846062992123
 30
0
 11
2.3449469685039368
 21
-2.1667490157480316
 31
0
  0
LINE
  5
394
330
1B
100
AcDbEntity
  8
B.Silkscreen
  6
CONTINUOUS
100
AcDbLine
 10
2.3449469685039368
 20
-2.1667490157480316
 30
0
 11
2.3449469685039368
 21
-2.1679011023622046
 31
0
  0
LINE
  5
395
330
1B
100
AcDbEntity
  8
B.Silkscreen
  6
CONTINUOUS
100
AcDbLine
 10
2.3449469685039368
 20
-2.1679011023622046
 30
0
 11
2.3445060629921257
 21
-2.1689655118110234
 31
0
  0
LINE
  5
396
330
1B
100
AcDbEntity
  8
B.Silkscreen
  6
CONTINUOUS
100
AcDbLine
 10
2.3445060629921257
 20
-2.1689655118110234
 30
0
 11
2.3436913779527559
 21
-2.1697801968503936
 31
0
  0
LINE
  5
397
330
1B
100
AcDbEntity
  8
B.Silkscreen
  6
CONTINUOUS
100
AcDbLine
 10
2.3436913779527559
 20
-2.1697801968503936
 30
0
 11
2.3426269685039371
 21
-2.1702211023622047
 31
0
  0
LINE
  5
398
330
1B
100
AcDbEntity
  8
B.Silkscreen
  6
CONTINUOUS
100
AcDbLine
 10
2.3426269685039371
 20
-2.1702211023622047
 30
0
 11
2.3414748818897637
 21
-2.1702211023622047
 31
0
  0
LINE
  5
399
330
1B
100
AcDbEntity
  8
B.Silkscreen
  6
CONTINUOUS
100
AcDbLine
 10
2.3414748818897637
 20
-2.1702211023622047
 30
0
 11
2.3404104724409449
 21
-2.1697801968503936
 31
0
  0
LINE
  5
39A
330
1B
100
AcDbEntity
  8
B.Silkscreen
  6
CONTINUOUS
100
AcDbLine
 10
2.3404104724409449
 20
-2.1697801968503936
 30
0
 11
2.3399630314960631
 21
-2.1694129921259844
 31
0
  0
LINE
  5
39B
330
1B
100
AcDbEntity
  8
B.Silkscreen
  6
CONTINUOUS
100
AcDbLine
 10
2.3399630314960631
 20
-2.1694129921259844
 30
0
 11
2.338427086614173
 21
-2.1678770472440942
 31
0
  0
LINE
  5
39C
330
1B
100
AcDbEntity
  8
B.Silkscreen
  6
CONTINUOUS
100
AcDbLine
 10
2.338427086614173
 20
-2.1678770472440942
 30
0
 11
2.3357296062992123
 21
-2.1665283070866139
 31
0
  0
LINE
  5
39D
330
1B
100
AcDbEntity
  8
B.Silkscreen
  6
CONTINUOUS
100
AcDbLine
 10
2.3357296062992123
 20
-2.1665283070866139
 30
0
 11
2.3277498818897637
 21
-2.1665283070866139
 31
0
  0
LINE
  5
39E
330
1B
100
AcDbEntity
  8
B.Silkscreen
  6
CONTINUOUS
100
AcDbLine
 10
2.3277498818897637
 20
-2.1665283070866139
 30
0
 11
2.3250524015748031
 21
-2.1678770472440942
 31
0
  0
LINE
  5
39F
330
1B
100
AcDbEntity
  8
B.Silkscreen
  6
CONTINUOUS
100
AcDbLine
 10
2.3250524015748031
 20
-2.1678770472440942
 30
0
 11
2.3238552755905513
 21
-2.1690741732283465
 31
0
  0
LINE
  5
3A0
330
1B
100
AcDbEntity
  8
B.Silkscreen
  6
CONTINUOUS
100
AcDbLine
 10
2.3238552755905513
 20
-2.1690741732283465
 30
0
 11
2.322506535433071
 21
-2.1717716535433071
 31
0
  0
LINE
  5
3A1
330
1B
100
AcDbEntity
  8
B.Silkscreen
  6
CONTINUOUS
100
AcDbLine
 10
2.322506535433071
 20
-2.1717716535433071
 30
0
 11
2.322506535433071
 21
-2.174344960629921
 31
0
  0
LINE
  5
3A2
330
1B
100
AcDbEntity
  8
B.Silkscreen
  6
CONTINUOUS
100
AcDbLine
 10
2.322506535433071
 20
-2.174344960629921
 30
0
 11
2.3240093307086616
 21
-2.1788533858267716
 31
0
  0
LINE
  5
3A3
330
1B
100
AcDbEntity
  8
B.Silkscreen
  6
CONTINUOUS
100
AcDbLine
 10
2.3240093307086616
 20
-2.1788533858267716
 30
0
 11
2.3460136220472441
 21
-2.2008577165354328
 31
0
  0
LINE
  5
3A4
330
1B
100
AcDbEntity
  8
B.Silkscreen
  6
CONTINUOUS
100
AcDbLine
 10
2.3460136220472441
 20
-2.2008577165354328
 30
0
 11
2.346380866141732
 21
-2.2013051574803151
 31
0
  0
LINE
  5
3A5
330
1B
100
AcDbEntity
  8
B.Silkscreen
  6
CONTINUOUS
100
AcDbLine
 10
2.346380866141732
 20
-2.2013051574803151
 30
0
 11
2.3468217322834644
 21
-2.2023696062992126
 31
0
  0
LINE
  5
3A6
330
1B
100
AcDbEntity
  8
B.Silkscreen
  6
CONTINUOUS
100
AcDbLine
 10
2.3468217322834644
 20
-2.2023696062992126
 30
0
 11
2.3468217322834644
 21
-2.2035216929133856
 31
0
  0
LINE
  5
3A7
330
1B
100
AcDbEntity
  8
B.Silkscreen
  6
CONTINUOUS
100
AcDbLine
 10
2.3468217322834644
 20
-2.2035216929133856
 30
0
 11
2.3463808267716533
 21
-2.2045861023622049
 31
0
  0
LINE
  5
3A8
330
1B
100
AcDbEntity
  8
B.Silkscreen
  6
CONTINUOUS
100
AcDbLine
 10
2.3463808267716533
 20
-2.2045861023622049
 30
0
 11
2.3455661811023623
 21
-2.2054007874015746
 31
0
  0
LINE
  5
3A9
330
1B
100
AcDbEntity
  8
B.Silkscreen
  6
CONTINUOUS
100
AcDbLine
 10
2.3455661811023623
 20
-2.2054007874015746
 30
0
 11
2.3450139763779525
 21
-2.2056294881889764
 31
0
  0
LINE
  5
3AA
330
1B
100
AcDbEntity
  8
B.Silkscreen
  6
CONTINUOUS
100
AcDbLine
 10
2.3450139763779525
 20
-2.2056294881889764
 30
0
 11
2.3445017716535435
 21
-2.205841653543307
 31
0
  0
LINE
  5
3AB
330
1B
100
AcDbEntity
  8
B.Silkscreen
  6
CONTINUOUS
100
AcDbLine
 10
2.3445017716535435
 20
-2.205841653543307
 30
0
 11
2.3439257086614171
 21
-2.2058983858267718
 31
0
  0
LINE
  5
3AC
330
1B
100
AcDbEntity
  8
B.Silkscreen
  6
CONTINUOUS
100
AcDbLine
 10
2.3439257086614171
 20
-2.2058983858267718
 30
0
 11
2.3195537795275589
 21
-2.2058983858267718
 31
0
  0
LINE
  5
3AD
330
1B
100
AcDbEntity
  8
B.Silkscreen
  6
CONTINUOUS
100
AcDbLine
 10
2.3195537795275589
 20
-2.2058983858267718
 30
0
 11
2.3189777165354331
 21
-2.205841653543307
 31
0
  0
LINE
  5
3AE
330
1B
100
AcDbEntity
  8
B.Silkscreen
  6
CONTINUOUS
100
AcDbLine
 10
2.3189777165354331
 20
-2.205841653543307
 30
0
 11
2.3179133070866142
 21
-2.2054007480314959
 31
0
  0
LINE
  5
3AF
330
1B
100
AcDbEntity
  8
B.Silkscreen
  6
CONTINUOUS
100
AcDbLine
 10
2.3179133070866142
 20
-2.2054007480314959
 30
0
 11
2.3170986614173228
 21
-2.2045861023622049
 31
0
  0
LINE
  5
3B0
330
1B
100
AcDbEntity
  8
B.Silkscreen
  6
CONTINUOUS
100
AcDbLine
 10
2.3170986614173228
 20
-2.2045861023622049
 30
0
 11
2.3166577559055117
 21
-2.2035216929133856
 31
0
  0
LINE
  5
3B1
330
1B
100
AcDbEntity
  8
B.Silkscreen
  6
CONTINUOUS
100
AcDbLine
 10
2.3166577559055117
 20
-2.2035216929133856
 30
0
 11
2.3166577559055117
 21
-2.2023695669291339
 31
0
  0
LINE
  5
3B2
330
1B
100
AcDbEntity
  8
B.Silkscreen
  6
CONTINUOUS
100
AcDbLine
 10
2.3166577559055117
 20
-2.2023695669291339
 30
0
 11
2.3170986614173228
 21
-2.2013051574803151
 31
0
  0
LINE
  5
3B3
330
1B
100
AcDbEntity
  8
B.Silkscreen
  6
CONTINUOUS
100
AcDbLine
 10
2.3170986614173228
 20
-2.2013051574803151
 30
0
 11
2.3179133070866142
 21
-2.2004905118110236
 31
0
  0
LINE
  5
3B4
330
1B
100
AcDbEntity
  8
B.Silkscreen
  6
CONTINUOUS
100
AcDbLine
 10
2.3179133070866142
 20
-2.2004905118110236
 30
0
 11
2.3189777165354331
 21
-2.2000496062992125
 31
0
  0
LINE
  5
3B5
330
1B
100
AcDbEntity
  8
B.Silkscreen
  6
CONTINUOUS
100
AcDbLine
 10
2.3189777165354331
 20
-2.2000496062992125
 30
0
 11
2.3195537795275589
 21
-2.1999928740157482
 31
0
  0
LINE
  5
3B6
330
1B
100
AcDbEntity
  8
B.Silkscreen
  6
CONTINUOUS
100
AcDbLine
 10
2.3195537795275589
 20
-2.1999928740157482
 30
0
 11
2.3367971259842517
 21
-2.1999928740157482
 31
0
  0
LINE
  5
3B7
330
1B
100
AcDbEntity
  8
B.Silkscreen
  6
CONTINUOUS
100
AcDbLine
 10
2.3367971259842517
 20
-2.1999928740157482
 30
0
 11
2.31934062992126
 21
-2.1825363385826773
 31
0
  0
LINE
  5
3B8
330
1B
100
AcDbEntity
  8
B.Silkscreen
  6
CONTINUOUS
100
AcDbLine
 10
2.31934062992126
 20
-2.1825363385826773
 30
0
 11
2.3189734251968503
 21
-2.182088897637795
 31
0
  0
LINE
  5
3B9
330
1B
100
AcDbEntity
  8
B.Silkscreen
  6
CONTINUOUS
100
AcDbLine
 10
2.3189734251968503
 20
-2.182088897637795
 30
0
 11
2.3189327952755905
 21
-2.1819908267716537
 31
0
  0
LINE
  5
3BA
330
1B
100
AcDbEntity
  8
B.Silkscreen
  6
CONTINUOUS
100
AcDbLine
 10
2.3189327952755905
 20
-2.1819908267716537
 30
0
 11
2.3188633070866143
 21
-2.1819107086614173
 31
0
  0
LINE
  5
3BB
330
1B
100
AcDbEntity
  8
B.Silkscreen
  6
CONTINUOUS
100
AcDbLine
 10
2.3188633070866143
 20
-2.1819107086614173
 30
0
 11
2.3186273228346455
 21
-2.1813821653543308
 31
0
  0
LINE
  5
3BC
330
1B
100
AcDbEntity
  8
B.Silkscreen
  6
CONTINUOUS
100
AcDbLine
 10
2.3186273228346455
 20
-2.1813821653543308
 30
0
 11
2.3167525590551179
 21
-2.1757578740157482
 31
0
  0
LINE
  5
3BD
330
1B
100
AcDbEntity
  8
B.Silkscreen
  6
CONTINUOUS
100
AcDbLine
 10
2.3167525590551179
 20
-2.1757578740157482
 30
0
 11
2.3166875984251969
 21
-2.175472283464567
 31
0
  0
LINE
  5
3BE
330
1B
100
AcDbEntity
  8
B.Silkscreen
  6
CONTINUOUS
100
AcDbLine
 10
2.3166875984251969
 20
-2.175472283464567
 30
0
 11
2.3166577559055117
 21
-2.1754001968503935
 31
0
  0
LINE
  5
3BF
330
1B
100
AcDbEntity
  8
B.Silkscreen
  6
CONTINUOUS
100
AcDbLine
 10
2.3166577559055117
 20
-2.1754001968503935
 30
0
 11
2.3166474409448816
 21
-2.1752956692913386
 31
0
  0
LINE
  5
3C0
330
1B
100
AcDbEntity
  8
B.Silkscreen
  6
CONTINUOUS
100
AcDbLine
 10
2.3166474409448816
 20
-2.1752956692913386
 30
0
 11
2.3166242125984251
 21
-2.1751934251968503
 31
0
  0
LINE
  5
3C1
330
1B
100
AcDbEntity
  8
B.Silkscreen
  6
CONTINUOUS
100
AcDbLine
 10
2.3166242125984251
 20
-2.1751934251968503
 30
0
 11
2.3166297244094487
 21
-2.1751156692913387
 31
0
  0
LINE
  5
3C2
330
1B
100
AcDbEntity
  8
B.Silkscreen
  6
CONTINUOUS
100
AcDbLine
 10
2.3166297244094487
 20
-2.1751156692913387
 30
0
 11
2.3166010236220473
 21
-2.1748241338582677
 31
0
  0
LINE
  5
3C3
330
1B
100
AcDbEntity
  8
B.Silkscreen
  6
CONTINUOUS
100
AcDbLine
 10
2.3166010236220473
 20
-2.1748241338582677
 30
0
 11
2.3166010236220473
 21
-2.1710746062992126
 31
0
  0
LINE
  5
3C4
330
1B
100
AcDbEntity
  8
B.Silkscreen
  6
CONTINUOUS
100
AcDbLine
 10
2.3166010236220473
 20
-2.1710746062992126
 30
0
 11
2.3166577559055117
 21
-2.1704985433070867
 31
0
  0
LINE
  5
3C5
330
1B
100
AcDbEntity
  8
B.Silkscreen
  6
CONTINUOUS
100
AcDbLine
 10
2.3166577559055117
 20
-2.1704985433070867
 30
0
 11
2.3166983464566928
 21
-2.1704005118110237
 31
0
  0
LINE
  5
3C6
330
1B
100
AcDbEntity
  8
B.Silkscreen
  6
CONTINUOUS
100
AcDbLine
 10
2.3166983464566928
 20
-2.1704005118110237
 30
0
 11
2.3167058661417324
 21
-2.1702947244094486
 31
0
  0
LINE
  5
3C7
330
1B
100
AcDbEntity
  8
B.Silkscreen
  6
CONTINUOUS
100
AcDbLine
 10
2.3167058661417324
 20
-2.1702947244094486
 30
0
 11
2.3169127559055118
 21
-2.169754094488189
 31
0
  0
LINE
  5
3C8
330
1B
100
AcDbEntity
  8
B.Silkscreen
  6
CONTINUOUS
100
AcDbLine
 10
2.3169127559055118
 20
-2.169754094488189
 30
0
 11
2.3187875196850394
 21
-2.1660045669291339
 31
0
  0
LINE
  5
3C9
330
1B
100
AcDbEntity
  8
B.Silkscreen
  6
CONTINUOUS
100
AcDbLine
 10
2.3187875196850394
 20
-2.1660045669291339
 30
0
 11
2.3189435826771652
 21
-2.1657565354330708
 31
0
  0
LINE
  5
3CA
330
1B
100
AcDbEntity
  8
B.Silkscreen
  6
CONTINUOUS
100
AcDbLine
 10
2.3189435826771652
 20
-2.1657565354330708
 30
0
 11
2.3189734251968503
 21
-2.1656846062992123
 31
0
  0
LINE
  5
3CB
330
1B
100
AcDbEntity
  8
B.Silkscreen
  6
CONTINUOUS
100
AcDbLine
 10
2.3189734251968503
 20
-2.1656846062992123
 30
0
 11
2.3190398818897635
 21
-2.1656036220472439
 31
0
  0
LINE
  5
3CC
330
1B
100
AcDbEntity
  8
B.Silkscreen
  6
CONTINUOUS
100
AcDbLine
 10
2.3190398818897635
 20
-2.1656036220472439
 30
0
 11
2.319095866141732
 21
-2.1655146850393701
 31
0
  0
LINE
  5
3CD
330
1B
100
AcDbEntity
  8
B.Silkscreen
  6
CONTINUOUS
100
AcDbLine
 10
2.319095866141732
 20
-2.1655146850393701
 30
0
 11
2.3191548425196848
 21
-2.165463503937008
 31
0
  0
LINE
  5
3CE
330
1B
100
AcDbEntity
  8
B.Silkscreen
  6
CONTINUOUS
100
AcDbLine
 10
2.3191548425196848
 20
-2.165463503937008
 30
0
 11
2.31934062992126
 21
-2.1652371653543305
 31
0
  0
LINE
  5
3CF
330
1B
100
AcDbEntity
  8
B.Silkscreen
  6
CONTINUOUS
100
AcDbLine
 10
2.31934062992126
 20
-2.1652371653543305
 30
0
 11
2.3212153937007876
 21
-2.163362401574803
 31
0
  0
LINE
  5
3D0
330
1B
100
AcDbEntity
  8
B.Silkscreen
  6
CONTINUOUS
100
AcDbLine
 10
2.3212153937007876
 20
-2.163362401574803
 30
0
 11
2.3214417322834646
 21
-2.1631766141732283
 31
0
  0
LINE
  5
3D1
330
1B
100
AcDbEntity
  8
B.Silkscreen
  6
CONTINUOUS
100
AcDbLine
 10
2.3214417322834646
 20
-2.1631766141732283
 30
0
 11
2.3214929133858266
 21
-2.1631176377952754
 31
0
  0
LINE
  5
3D2
330
1B
100
AcDbEntity
  8
B.Silkscreen
  6
CONTINUOUS
100
AcDbLine
 10
2.3214929133858266
 20
-2.1631176377952754
 30
0
 11
2.3215818503937009
 21
-2.1630616535433069
 31
0
  0
LINE
  5
3D3
330
1B
100
AcDbEntity
  8
B.Silkscreen
  6
CONTINUOUS
100
AcDbLine
 10
2.3215818503937009
 20
-2.1630616535433069
 30
0
 11
2.3216628346456694
 21
-2.1629951968503938
 31
0
  0
LINE
  5
3D4
330
1B
100
AcDbEntity
  8
B.Silkscreen
  6
CONTINUOUS
100
AcDbLine
 10
2.3216628346456694
 20
-2.1629951968503938
 30
0
 11
2.3217347637795274
 21
-2.1629653543307086
 31
0
  0
LINE
  5
3D5
330
1B
100
AcDbEntity
  8
B.Silkscreen
  6
CONTINUOUS
100
AcDbLine
 10
2.3217347637795274
 20
-2.1629653543307086
 30
0
 11
2.3219827952755905
 21
-2.1628092913385828
 31
0
  0
LINE
  5
3D6
330
1B
100
AcDbEntity
  8
B.Silkscreen
  6
CONTINUOUS
100
AcDbLine
 10
2.3219827952755905
 20
-2.1628092913385828
 30
0
 11
2.3257323228346456
 21
-2.1609345275590552
 31
0
  0
LINE
  5
3D7
330
1B
100
AcDbEntity
  8
B.Silkscreen
  6
CONTINUOUS
100
AcDbLine
 10
2.3257323228346456
 20
-2.1609345275590552
 30
0
 11
2.3262729133858269
 21
-2.1607276377952753
 31
0
  0
LINE
  5
3D8
330
1B
100
AcDbEntity
  8
B.Silkscreen
  6
CONTINUOUS
100
AcDbLine
 10
2.3262729133858269
 20
-2.1607276377952753
 30
0
 11
2.326378779527559
 21
-2.1607200787401575
 31
0
  0
LINE
  5
3D9
330
1B
100
AcDbEntity
  8
B.Silkscreen
  6
CONTINUOUS
100
AcDbLine
 10
2.326378779527559
 20
-2.1607200787401575
 30
0
 11
2.3264767716535433
 21
-2.1606795275590551
 31
0
  0
LINE
  5
3DA
330
1B
100
AcDbEntity
  8
B.Silkscreen
  6
CONTINUOUS
100
AcDbLine
 10
2.3264767716535433
 20
-2.1606795275590551
 30
0
 11
2.3270528346456691
 21
-2.1606227952755903
 31
0
  0
LINE
  5
3DB
330
1B
100
AcDbEntity
  8
B.Silkscreen
  6
CONTINUOUS
100
AcDbLine
 10
2.3270528346456691
 20
-2.1606227952755903
 30
0
 11
2.3364266535433069
 21
-2.1606227952755903
 31
0
  0
LINE
  5
3DC
330
1B
100
AcDbEntity
  8
B.Silkscreen
  6
CONTINUOUS
100
AcDbLine
 10
2.3364266535433069
 20
-2.1606227952755903
 30
0
 11
2.3370027165354332
 21
-2.1606795275590551
 31
0
  0
LINE
  5
3DD
330
1B
100
AcDbEntity
  8
B.Silkscreen
  6
CONTINUOUS
100
AcDbLine
 10
2.4176176377952756
 20
-2.1606795275590551
 30
0
 11
2.4177156299212599
 21
-2.1607201181102362
 31
0
  0
LINE
  5
3DE
330
1B
100
AcDbEntity
  8
B.Silkscreen
  6
CONTINUOUS
100
AcDbLine
 10
2.4177156299212599
 20
-2.1607201181102362
 30
0
 11
2.4178214566929133
 21
-2.1607276377952753
 31
0
  0
LINE
  5
3DF
330
1B
100
AcDbEntity
  8
B.Silkscreen
  6
CONTINUOUS
100
AcDbLine
 10
2.4178214566929133
 20
-2.1607276377952753
 30
0
 11
2.4183620866141733
 21
-2.1609345275590552
 31
0
  0
LINE
  5
3E0
330
1B
100
AcDbEntity
  8
B.Silkscreen
  6
CONTINUOUS
100
AcDbLine
 10
2.4183620866141733
 20
-2.1609345275590552
 30
0
 11
2.4221116141732284
 21
-2.1628092913385828
 31
0
  0
LINE
  5
3E1
330
1B
100
AcDbEntity
  8
B.Silkscreen
  6
CONTINUOUS
100
AcDbLine
 10
2.4221116141732284
 20
-2.1628092913385828
 30
0
 11
2.4223596062992128
 21
-2.1629653543307086
 31
0
  0
LINE
  5
3E2
330
1B
100
AcDbEntity
  8
B.Silkscreen
  6
CONTINUOUS
100
AcDbLine
 10
2.4223596062992128
 20
-2.1629653543307086
 30
0
 11
2.4224315748031495
 21
-2.1629951968503938
 31
0
  0
LINE
  5
3E3
330
1B
100
AcDbEntity
  8
B.Silkscreen
  6
CONTINUOUS
100
AcDbLine
 10
2.4224315748031495
 20
-2.1629951968503938
 30
0
 11
2.4225125196850392
 21
-2.1630616535433069
 31
0
  0
LINE
  5
3E4
330
1B
100
AcDbEntity
  8
B.Silkscreen
  6
CONTINUOUS
100
AcDbLine
 10
2.4225125196850392
 20
-2.1630616535433069
 30
0
 11
2.4226014960629922
 21
-2.1631176377952754
 31
0
  0
LINE
  5
3E5
330
1B
100
AcDbEntity
  8
B.Silkscreen
  6
CONTINUOUS
100
AcDbLine
 10
2.4226014960629922
 20
-2.1631176377952754
 30
0
 11
2.4226526377952755
 21
-2.1631766141732283
 31
0
  0
LINE
  5
3E6
330
1B
100
AcDbEntity
  8
B.Silkscreen
  6
CONTINUOUS
100
AcDbLine
 10
2.4226526377952755
 20
-2.1631766141732283
 30
0
 11
2.4228790157480313
 21
-2.163362401574803
 31
0
  0
LINE
  5
3E7
330
1B
100
AcDbEntity
  8
B.Silkscreen
  6
CONTINUOUS
100
AcDbLine
 10
2.4228790157480313
 20
-2.163362401574803
 30
0
 11
2.4247537795275589
 21
-2.1652371653543305
 31
0
  0
LINE
  5
3E8
330
1B
100
AcDbEntity
  8
B.Silkscreen
  6
CONTINUOUS
100
AcDbLine
 10
2.4247537795275589
 20
-2.1652371653543305
 30
0
 11
2.4249395275590548
 21
-2.165463503937008
 31
0
  0
LINE
  5
3E9
330
1B
100
AcDbEntity
  8
B.Silkscreen
  6
CONTINUOUS
100
AcDbLine
 10
2.4249395275590548
 20
-2.165463503937008
 30
0
 11
2.4249985433070864
 21
-2.1655146850393701
 31
0
  0
LINE
  5
3EA
330
1B
100
AcDbEntity
  8
B.Silkscreen
  6
CONTINUOUS
100
AcDbLine
 10
2.4249985433070864
 20
-2.1655146850393701
 30
0
 11
2.4250544881889762
 21
-2.1656036220472439
 31
0
  0
LINE
  5
3EB
330
1B
100
AcDbEntity
  8
B.Silkscreen
  6
CONTINUOUS
100
AcDbLine
 10
2.4250544881889762
 20
-2.1656036220472439
 30
0
 11
2.4251209842519685
 21
-2.1656846062992123
 31
0
  0
LINE
  5
3EC
330
1B
100
AcDbEntity
  8
B.Silkscreen
  6
CONTINUOUS
100
AcDbLine
 10
2.4251209842519685
 20
-2.1656846062992123
 30
0
 11
2.425150787401575
 21
-2.1657565354330708
 31
0
  0
LINE
  5
3ED
330
1B
100
AcDbEntity
  8
B.Silkscreen
  6
CONTINUOUS
100
AcDbLine
 10
2.425150787401575
 20
-2.1657565354330708
 30
0
 11
2.4253068897637795
 21
-2.1660045669291339
 31
0
  0
LINE
  5
3EE
330
1B
100
AcDbEntity
  8
B.Silkscreen
  6
CONTINUOUS
100
AcDbLine
 10
2.4253068897637795
 20
-2.1660045669291339
 30
0
 11
2.4271816535433071
 21
-2.169754094488189
 31
0
  0
LINE
  5
3EF
330
1B
100
AcDbEntity
  8
B.Silkscreen
  6
CONTINUOUS
100
AcDbLine
 10
2.4271816535433071
 20
-2.169754094488189
 30
0
 11
2.4273885433070865
 21
-2.1702946850393698
 31
0
  0
LINE
  5
3F0
330
1B
100
AcDbEntity
  8
B.Silkscreen
  6
CONTINUOUS
100
AcDbLine
 10
2.4273885433070865
 20
-2.1702946850393698
 30
0
 11
2.4273960629921261
 21
-2.1704005511811024
 31
0
  0
LINE
  5
3F1
330
1B
100
AcDbEntity
  8
B.Silkscreen
  6
CONTINUOUS
100
AcDbLine
 10
2.4273960629921261
 20
-2.1704005511811024
 30
0
 11
2.4274366535433072
 21
-2.1704985433070867
 31
0
  0
LINE
  5
3F2
330
1B
100
AcDbEntity
  8
B.Silkscreen
  6
CONTINUOUS
100
AcDbLine
 10
2.4274366535433072
 20
-2.1704985433070867
 30
0
 11
2.4274933858267715
 21
-2.1710746062992126
 31
0
  0
LINE
  5
3F3
330
1B
100
AcDbEntity
  8
B.Silkscreen
  6
CONTINUOUS
100
AcDbLine
 10
2.4274933858267715
 20
-2.1710746062992126
 30
0
 11
2.4274933858267715
 21
-2.1748241338582677
 31
0
  0
LINE
  5
3F4
330
1B
100
AcDbEntity
  8
B.Silkscreen
  6
CONTINUOUS
100
AcDbLine
 10
2.4274933858267715
 20
-2.1748241338582677
 30
0
 11
2.4274366535433072
 21
-2.1754001968503935
 31
0
  0
LINE
  5
3F5
330
1B
100
AcDbEntity
  8
B.Silkscreen
  6
CONTINUOUS
100
AcDbLine
 10
2.4274366535433072
 20
-2.1754001968503935
 30
0
 11
2.4273960629921261
 21
-2.1754981496062991
 31
0
  0
LINE
  5
3F6
330
1B
100
AcDbEntity
  8
B.Silkscreen
  6
CONTINUOUS
100
AcDbLine
 10
2.4273960629921261
 20
-2.1754981496062991
 30
0
 11
2.4273885433070865
 21
-2.1756040551181104
 31
0
  0
LINE
  5
3F7
330
1B
100
AcDbEntity
  8
B.Silkscreen
  6
CONTINUOUS
100
AcDbLine
 10
2.4273885433070865
 20
-2.1756040551181104
 30
0
 11
2.4271816535433071
 21
-2.1761446456692912
 31
0
  0
LINE
  5
3F8
330
1B
100
AcDbEntity
  8
B.Silkscreen
  6
CONTINUOUS
100
AcDbLine
 10
2.4271816535433071
 20
-2.1761446456692912
 30
0
 11
2.4253068897637795
 21
-2.1798941732283463
 31
0
  0
LINE
  5
3F9
330
1B
100
AcDbEntity
  8
B.Silkscreen
  6
CONTINUOUS
100
AcDbLine
 10
2.4253068897637795
 20
-2.1798941732283463
 30
0
 11
2.425150787401575
 21
-2.1801421653543307
 31
0
  0
LINE
  5
3FA
330
1B
100
AcDbEntity
  8
B.Silkscreen
  6
CONTINUOUS
100
AcDbLine
 10
2.425150787401575
 20
-2.1801421653543307
 30
0
 11
2.4251209842519685
 21
-2.1802141338582675
 31
0
  0
LINE
  5
3FB
330
1B
100
AcDbEntity
  8
B.Silkscreen
  6
CONTINUOUS
100
AcDbLine
 10
2.4251209842519685
 20
-2.1802141338582675
 30
0
 11
2.4250544881889762
 21
-2.1802950787401576
 31
0
  0
LINE
  5
3FC
330
1B
100
AcDbEntity
  8
B.Silkscreen
  6
CONTINUOUS
100
AcDbLine
 10
2.4250544881889762
 20
-2.1802950787401576
 30
0
 11
2.4249985433070864
 21
-2.1803840551181102
 31
0
  0
LINE
  5
3FD
330
1B
100
AcDbEntity
  8
B.Silkscreen
  6
CONTINUOUS
100
AcDbLine
 10
2.4249985433070864
 20
-2.1803840551181102
 30
0
 11
2.4249395275590548
 21
-2.1804351968503934
 31
0
  0
LINE
  5
3FE
330
1B
100
AcDbEntity
  8
B.Silkscreen
  6
CONTINUOUS
100
AcDbLine
 10
2.4249395275590548
 20
-2.1804351968503934
 30
0
 11
2.4247537795275589
 21
-2.1806615748031497
 31
0
  0
LINE
  5
3FF
330
1B
100
AcDbEntity
  8
B.Silkscreen
  6
CONTINUOUS
100
AcDbLine
 10
2.4247537795275589
 20
-2.1806615748031497
 30
0
 11
2.4228790157480313
 21
-2.1825363385826773
 31
0
  0
LINE
  5
400
330
1B
100
AcDbEntity
  8
B.Silkscreen
  6
CONTINUOUS
100
AcDbLine
 10
2.4228790157480313
 20
-2.1825363385826773
 30
0
 11
2.4226526377952755
 21
-2.1827220866141732
 31
0
  0
LINE
  5
401
330
1B
100
AcDbEntity
  8
B.Silkscreen
  6
CONTINUOUS
100
AcDbLine
 10
2.4226526377952755
 20
-2.1827220866141732
 30
0
 11
2.4226014960629922
 21
-2.1827811023622048
 31
0
  0
LINE
  5
402
330
1B
100
AcDbEntity
  8
B.Silkscreen
  6
CONTINUOUS
100
AcDbLine
 10
2.4226014960629922
 20
-2.1827811023622048
 30
0
 11
2.4225125196850392
 21
-2.1828370472440946
 31
0
  0
LINE
  5
403
330
1B
100
AcDbEntity
  8
B.Silkscreen
  6
CONTINUOUS
100
AcDbLine
 10
2.4225125196850392
 20
-2.1828370472440946
 30
0
 11
2.4224315748031495
 21
-2.1829035433070865
 31
0
  0
LINE
  5
404
330
1B
100
AcDbEntity
  8
B.Silkscreen
  6
CONTINUOUS
100
AcDbLine
 10
2.4224315748031495
 20
-2.1829035433070865
 30
0
 11
2.4223596062992128
 21
-2.1829333464566929
 31
0
  0
LINE
  5
405
330
1B
100
AcDbEntity
  8
B.Silkscreen
  6
CONTINUOUS
100
AcDbLine
 10
2.4223596062992128
 20
-2.1829333464566929
 30
0
 11
2.4221116141732284
 21
-2.1830894488188974
 31
0
  0
LINE
  5
406
330
1B
100
AcDbEntity
  8
B.Silkscreen
  6
CONTINUOUS
100
AcDbLine
 10
2.4221116141732284
 20
-2.1830894488188974
 30
0
 11
2.4183620866141733
 21
-2.184964212598425
 31
0
  0
LINE
  5
407
330
1B
100
AcDbEntity
  8
B.Silkscreen
  6
CONTINUOUS
100
AcDbLine
 10
2.4183620866141733
 20
-2.184964212598425
 30
0
 11
2.4183199606299213
 21
-2.1849803149606299
 31
0
  0
LINE
  5
408
330
1B
100
AcDbEntity
  8
B.Silkscreen
  6
CONTINUOUS
100
AcDbLine
 10
2.4183199606299213
 20
-2.1849803149606299
 30
0
 11
2.4183028346456692
 21
-2.1849930314960631
 31
0
  0
LINE
  5
409
330
1B
100
AcDbEntity
  8
B.Silkscreen
  6
CONTINUOUS
100
AcDbLine
 10
2.4183028346456692
 20
-2.1849930314960631
 30
0
 11
2.4180608661417322
 21
-2.1850794488188976
 31
0
  0
LINE
  5
40A
330
1B
100
AcDbEntity
  8
B.Silkscreen
  6
CONTINUOUS
100
AcDbLine
 10
2.4180608661417322
 20
-2.1850794488188976
 30
0
 11
2.4178214566929133
 21
-2.1851711023622045
 31
0
  0
LINE
  5
40B
330
1B
100
AcDbEntity
  8
B.Silkscreen
  6
CONTINUOUS
100
AcDbLine
 10
2.4178214566929133
 20
-2.1851711023622045
 30
0
 11
2.4178001968503935
 21
-2.1851725984251966
 31
0
  0
LINE
  5
40C
330
1B
100
AcDbEntity
  8
B.Silkscreen
  6
CONTINUOUS
100
AcDbLine
 10
2.4178001968503935
 20
-2.1851725984251966
 30
0
 11
2.4177577165354331
 21
-2.1851877952755907
 31
0
  0
LINE
  5
40D
330
1B
100
AcDbEntity
  8
B.Silkscreen
  6
CONTINUOUS
100
AcDbLine
 10
2.4177577165354331
 20
-2.1851877952755907
 30
0
 11
2.4105730708661417
 21
-2.1869839370078741
 31
0
  0
LINE
  5
40E
330
1B
100
AcDbEntity
  8
B.Silkscreen
  6
CONTINUOUS
100
AcDbLine
 10
2.4105730708661417
 20
-2.1869839370078741
 30
0
 11
2.407542086614173
 21
-2.1884994488188978
 31
0
  0
LINE
  5
40F
330
1B
100
AcDbEntity
  8
B.Silkscreen
  6
CONTINUOUS
100
AcDbLine
 10
2.407542086614173
 20
-2.1884994488188978
 30
0
 11
2.4063449606299212
 21
-2.1896965748031496
 31
0
  0
LINE
  5
410
330
1B
100
AcDbEntity
  8
B.Silkscreen
  6
CONTINUOUS
100
AcDbLine
 10
2.4063449606299212
 20
-2.1896965748031496
 30
0
 11
2.4049962204724409
 21
-2.1923940551181103
 31
0
  0
LINE
  5
411
330
1B
100
AcDbEntity
  8
B.Silkscreen
  6
CONTINUOUS
100
AcDbLine
 10
2.4049962204724409
 20
-2.1923940551181103
 30
0
 11
2.4049962204724409
 21
-2.1947494881889762
 31
0
  0
LINE
  5
412
330
1B
100
AcDbEntity
  8
B.Silkscreen
  6
CONTINUOUS
100
AcDbLine
 10
2.4049962204724409
 20
-2.1947494881889762
 30
0
 11
2.4063449606299212
 21
-2.1974469685039368
 31
0
  0
LINE
  5
413
330
1B
100
AcDbEntity
  8
B.Silkscreen
  6
CONTINUOUS
100
AcDbLine
 10
2.4063449606299212
 20
-2.1974469685039368
 30
0
 11
2.407542086614173
 21
-2.1986441338582678
 31
0
  0
LINE
  5
414
330
1B
100
AcDbEntity
  8
B.Silkscreen
  6
CONTINUOUS
100
AcDbLine
 10
2.407542086614173
 20
-2.1986441338582678
 30
0
 11
2.4102395669291337
 21
-2.1999928740157482
 31
0
  0
LINE
  5
415
330
1B
100
AcDbEntity
  8
B.Silkscreen
  6
CONTINUOUS
100
AcDbLine
 10
2.4102395669291337
 20
-2.1999928740157482
 30
0
 11
2.4184372047244094
 21
-2.1999928740157482
 31
0
  0
LINE
  5
416
330
1B
100
AcDbEntity
  8
B.Silkscreen
  6
CONTINUOUS
100
AcDbLine
 10
2.4184372047244094
 20
-2.1999928740157482
 30
0
 11
2.4236068503937007
 21
-2.1982696456692912
 31
0
  0
LINE
  5
417
330
1B
100
AcDbEntity
  8
B.Silkscreen
  6
CONTINUOUS
100
AcDbLine
 10
2.4236068503937007
 20
-2.1982696456692912
 30
0
 11
2.4241712992125986
 21
-2.1981412992125984
 31
0
  0
LINE
  5
418
330
1B
100
AcDbEntity
  8
B.Silkscreen
  6
CONTINUOUS
100
AcDbLine
 10
2.4241712992125986
 20
-2.1981412992125984
 30
0
 11
2.4253205118110235
 21
-2.1982229921259844
 31
0
  0
LINE
  5
419
330
1B
100
AcDbEntity
  8
B.Silkscreen
  6
CONTINUOUS
100
AcDbLine
 10
2.4253205118110235
 20
-2.1982229921259844
 30
0
 11
2.4263509842519686
 21
-2.1987381889763777
 31
0
  0
LINE
  5
41A
330
1B
100
AcDbEntity
  8
B.Silkscreen
  6
CONTINUOUS
100
AcDbLine
 10
2.4263509842519686
 20
-2.1987381889763777
 30
0
 11
2.4271058661417322
 21
-2.1996085826771652
 31
0
  0
LINE
  5
41B
330
1B
100
AcDbEntity
  8
B.Silkscreen
  6
CONTINUOUS
100
AcDbLine
 10
2.4271058661417322
 20
-2.1996085826771652
 30
0
 11
2.4274701968503938
 21
-2.2007015748031495
 31
0
  0
LINE
  5
41C
330
1B
100
AcDbEntity
  8
B.Silkscreen
  6
CONTINUOUS
100
AcDbLine
 10
2.4274701968503938
 20
-2.2007015748031495
 30
0
 11
2.4273885039370078
 21
-2.2018507874015749
 31
0
  0
LINE
  5
41D
330
1B
100
AcDbEntity
  8
B.Silkscreen
  6
CONTINUOUS
100
AcDbLine
 10
2.4273885039370078
 20
-2.2018507874015749
 30
0
 11
2.4268732677165352
 21
-2.2028812204724408
 31
0
  0
LINE
  5
41E
330
1B
100
AcDbEntity
  8
B.Silkscreen
  6
CONTINUOUS
100
AcDbLine
 10
2.4268732677165352
 20
-2.2028812204724408
 30
0
 11
2.4260029133858265
 21
-2.2036361023622049
 31
0
  0
LINE
  5
41F
330
1B
100
AcDbEntity
  8
B.Silkscreen
  6
CONTINUOUS
100
AcDbLine
 10
2.4260029133858265
 20
-2.2036361023622049
 30
0
 11
2.42547437007874
 21
-2.2038720866141732
 31
0
  0
LINE
  5
420
330
1B
100
AcDbEntity
  8
B.Silkscreen
  6
CONTINUOUS
100
AcDbLine
 10
2.42547437007874
 20
-2.2038720866141732
 30
0
 11
2.4198500787401573
 21
-2.2057468503937008
 31
0
  0
LINE
  5
421
330
1B
100
AcDbEntity
  8
B.Silkscreen
  6
CONTINUOUS
100
AcDbLine
 10
2.4198500787401573
 20
-2.2057468503937008
 30
0
 11
2.4195644881889762
 21
-2.2058117716535435
 31
0
  0
LINE
  5
422
330
1B
100
AcDbEntity
  8
B.Silkscreen
  6
CONTINUOUS
100
AcDbLine
 10
2.4195644881889762
 20
-2.2058117716535435
 30
0
 11
2.4194924015748032
 21
-2.205841653543307
 31
0
  0
LINE
  5
423
330
1B
100
AcDbEntity
  8
B.Silkscreen
  6
CONTINUOUS
100
AcDbLine
 10
2.4194924015748032
 20
-2.205841653543307
 30
0
 11
2.4193878740157482
 21
-2.2058519291338583
 31
0
  0
LINE
  5
424
330
1B
100
AcDbEntity
  8
B.Silkscreen
  6
CONTINUOUS
100
AcDbLine
 10
2.4193878740157482
 20
-2.2058519291338583
 30
0
 11
2.41928562992126
 21
-2.2058751968503936
 31
0
  0
LINE
  5
425
330
1B
100
AcDbEntity
  8
B.Silkscreen
  6
CONTINUOUS
100
AcDbLine
 10
2.41928562992126
 20
-2.2058751968503936
 30
0
 11
2.4192078740157479
 21
-2.2058696456692912
 31
0
  0
LINE
  5
426
330
1B
100
AcDbEntity
  8
B.Silkscreen
  6
CONTINUOUS
100
AcDbLine
 10
2.4192078740157479
 20
-2.2058696456692912
 30
0
 11
2.4189163385826773
 21
-2.2058983858267718
 31
0
  0
LINE
  5
427
330
1B
100
AcDbEntity
  8
B.Silkscreen
  6
CONTINUOUS
100
AcDbLine
 10
2.4189163385826773
 20
-2.2058983858267718
 30
0
 11
2.4095425196850395
 21
-2.2058983858267718
 31
0
  0
LINE
  5
428
330
1B
100
AcDbEntity
  8
B.Silkscreen
  6
CONTINUOUS
100
AcDbLine
 10
2.4095425196850395
 20
-2.2058983858267718
 30
0
 11
2.4089664566929132
 21
-2.205841653543307
 31
0
  0
LINE
  5
429
330
1B
100
AcDbEntity
  8
B.Silkscreen
  6
CONTINUOUS
100
AcDbLine
 10
2.4089664566929132
 20
-2.205841653543307
 30
0
 11
2.4088684645669289
 21
-2.2058010629921259
 31
0
  0
LINE
  5
42A
330
1B
100
AcDbEntity
  8
B.Silkscreen
  6
CONTINUOUS
100
AcDbLine
 10
2.4088684645669289
 20
-2.2058010629921259
 30
0
 11
2.4087625984251968
 21
-2.2057935433070868
 31
0
  0
LINE
  5
42B
330
1B
100
AcDbEntity
  8
B.Silkscreen
  6
CONTINUOUS
100
AcDbLine
 10
2.4087625984251968
 20
-2.2057935433070868
 30
0
 11
2.4082220078740155
 21
-2.2055866535433069
 31
0
  0
LINE
  5
42C
330
1B
100
AcDbEntity
  8
B.Silkscreen
  6
CONTINUOUS
100
AcDbLine
 10
2.4082220078740155
 20
-2.2055866535433069
 30
0
 11
2.4044724803149604
 21
-2.2037118897637793
 31
0
  0
LINE
  5
42D
330
1B
100
AcDbEntity
  8
B.Silkscreen
  6
CONTINUOUS
100
AcDbLine
 10
2.4044724803149604
 20
-2.2037118897637793
 30
0
 11
2.4042244488188977
 21
-2.2035557874015748
 31
0
  0
LINE
  5
42E
330
1B
100
AcDbEntity
  8
B.Silkscreen
  6
CONTINUOUS
100
AcDbLine
 10
2.4042244488188977
 20
-2.2035557874015748
 30
0
 11
2.4041525196850393
 21
-2.2035259842519683
 31
0
  0
LINE
  5
42F
330
1B
100
AcDbEntity
  8
B.Silkscreen
  6
CONTINUOUS
100
AcDbLine
 10
2.4041525196850393
 20
-2.2035259842519683
 30
0
 11
2.4040715354330708
 21
-2.2034595275590552
 31
0
  0
LINE
  5
430
330
1B
100
AcDbEntity
  8
B.Silkscreen
  6
CONTINUOUS
100
AcDbLine
 10
2.4040715354330708
 20
-2.2034595275590552
 30
0
 11
2.403982598425197
 21
-2.2034035433070867
 31
0
  0
LINE
  5
431
330
1B
100
AcDbEntity
  8
B.Silkscreen
  6
CONTINUOUS
100
AcDbLine
 10
2.403982598425197
 20
-2.2034035433070867
 30
0
 11
2.4039313779527558
 21
-2.2033444881889763
 31
0
  0
LINE
  5
432
330
1B
100
AcDbEntity
  8
B.Silkscreen
  6
CONTINUOUS
100
AcDbLine
 10
2.4039313779527558
 20
-2.2033444881889763
 30
0
 11
2.4037050393700787
 21
-2.2031587401574804
 31
0
  0
LINE
  5
433
330
1B
100
AcDbEntity
  8
B.Silkscreen
  6
CONTINUOUS
100
AcDbLine
 10
2.4037050393700787
 20
-2.2031587401574804
 30
0
 11
2.4018302755905512
 21
-2.2012839370078741
 31
0
  0
LINE
  5
434
330
1B
100
AcDbEntity
  8
B.Silkscreen
  6
CONTINUOUS
100
AcDbLine
 10
2.4018302755905512
 20
-2.2012839370078741
 30
0
 11
2.4016445275590552
 21
-2.201057598425197
 31
0
  0
LINE
  5
435
330
1B
100
AcDbEntity
  8
B.Silkscreen
  6
CONTINUOUS
100
AcDbLine
 10
2.4016445275590552
 20
-2.201057598425197
 30
0
 11
2.4015855511811024
 21
-2.2010064566929133
 31
0
  0
LINE
  5
436
330
1B
100
AcDbEntity
  8
B.Silkscreen
  6
CONTINUOUS
100
AcDbLine
 10
2.4015855511811024
 20
-2.2010064566929133
 30
0
 11
2.4015295669291339
 21
-2.2009175196850395
 31
0
  0
LINE
  5
437
330
1B
100
AcDbEntity
  8
B.Silkscreen
  6
CONTINUOUS
100
AcDbLine
 10
2.4015295669291339
 20
-2.2009175196850395
 30
0
 11
2.4014630708661415
 21
-2.2008364960629923
 31
0
  0
LINE
  5
438
330
1B
100
AcDbEntity
  8
B.Silkscreen
  6
CONTINUOUS
100
AcDbLine
 10
2.4014630708661415
 20
-2.2008364960629923
 30
0
 11
2.4014332283464568
 21
-2.2007644488188975
 31
0
  0
LINE
  5
439
330
1B
100
AcDbEntity
  8
B.Silkscreen
  6
CONTINUOUS
100
AcDbLine
 10
2.4014332283464568
 20
-2.2007644488188975
 30
0
 11
2.4012772047244093
 21
-2.2005165748031494
 31
0
  0
LINE
  5
43A
330
1B
100
AcDbEntity
  8
B.Silkscreen
  6
CONTINUOUS
100
AcDbLine
 10
2.4012772047244093
 20
-2.2005165748031494
 30
0
 11
2.3994024409448818
 21
-2.1967670472440943
 31
0
  0
LINE
  5
43B
330
1B
100
AcDbEntity
  8
B.Silkscreen
  6
CONTINUOUS
100
AcDbLine
 10
2.3994024409448818
 20
-2.1967670472440943
 30
0
 11
2.3991955511811023
 21
-2.1962264173228347
 31
0
  0
LINE
  5
43C
330
1B
100
AcDbEntity
  8
B.Silkscreen
  6
CONTINUOUS
100
AcDbLine
 10
2.3991955511811023
 20
-2.1962264173228347
 30
0
 11
2.3991880314960627
 21
-2.1961205905511809
 31
0
  0
LINE
  5
43D
330
1B
100
AcDbEntity
  8
B.Silkscreen
  6
CONTINUOUS
100
AcDbLine
 10
2.3991880314960627
 20
-2.1961205905511809
 30
0
 11
2.3991474409448816
 21
-2.1960225984251966
 31
0
  0
LINE
  5
43E
330
1B
100
AcDbEntity
  8
B.Silkscreen
  6
CONTINUOUS
100
AcDbLine
 10
2.3991474409448816
 20
-2.1960225984251966
 30
0
 11
2.3990907086614173
 21
-2.1954465354330708
 31
0
  0
LINE
  5
43F
330
1B
100
AcDbEntity
  8
B.Silkscreen
  6
CONTINUOUS
100
AcDbLine
 10
2.3990907086614173
 20
-2.1954465354330708
 30
0
 11
2.3990907086614173
 21
-2.1916970078740157
 31
0
  0
LINE
  5
440
330
1B
100
AcDbEntity
  8
B.Silkscreen
  6
CONTINUOUS
100
AcDbLine
 10
2.3990907086614173
 20
-2.1916970078740157
 30
0
 11
2.3991474409448816
 21
-2.1911209448818898
 31
0
  0
LINE
  5
441
330
1B
100
AcDbEntity
  8
B.Silkscreen
  6
CONTINUOUS
100
AcDbLine
 10
2.3991474409448816
 20
-2.1911209448818898
 30
0
 11
2.3991880314960627
 21
-2.1910229133858268
 31
0
  0
LINE
  5
442
330
1B
100
AcDbEntity
  8
B.Silkscreen
  6
CONTINUOUS
100
AcDbLine
 10
2.3991880314960627
 20
-2.1910229133858268
 30
0
 11
2.3991955511811023
 21
-2.1909171259842517
 31
0
  0
LINE
  5
443
330
1B
100
AcDbEntity
  8
B.Silkscreen
  6
CONTINUOUS
100
AcDbLine
 10
2.3991955511811023
 20
-2.1909171259842517
 30
0
 11
2.3994024409448818
 21
-2.1903764960629921
 31
0
  0
LINE
  5
444
330
1B
100
AcDbEntity
  8
B.Silkscreen
  6
CONTINUOUS
100
AcDbLine
 10
2.3994024409448818
 20
-2.1903764960629921
 30
0
 11
2.4012772047244093
 21
-2.186626968503937
 31
0
  0
LINE
  5
445
330
1B
100
AcDbEntity
  8
B.Silkscreen
  6
CONTINUOUS
100
AcDbLine
 10
2.4012772047244093
 20
-2.186626968503937
 30
0
 11
2.4014332677165355
 21
-2.1863789370078739
 31
0
  0
LINE
  5
446
330
1B
100
AcDbEntity
  8
B.Silkscreen
  6
CONTINUOUS
100
AcDbLine
 10
2.4014332677165355
 20
-2.1863789370078739
 30
0
 11
2.4014631102362203
 21
-2.1863070078740159
 31
0
  0
LINE
  5
447
330
1B
100
AcDbEntity
  8
B.Silkscreen
  6
CONTINUOUS
100
AcDbLine
 10
2.4014631102362203
 20
-2.1863070078740159
 30
0
 11
2.4015295669291339
 21
-2.186226023622047
 31
0
  0
LINE
  5
448
330
1B
100
AcDbEntity
  8
B.Silkscreen
  6
CONTINUOUS
100
AcDbLine
 10
2.4015295669291339
 20
-2.186226023622047
 30
0
 11
2.4015855511811024
 21
-2.1861370866141732
 31
0
  0
LINE
  5
449
330
1B
100
AcDbEntity
  8
B.Silkscreen
  6
CONTINUOUS
100
AcDbLine
 10
2.4015855511811024
 20
-2.1861370866141732
 30
0
 11
2.4016445275590552
 21
-2.1860859055118111
 31
0
  0
LINE
  5
44A
330
1B
100
AcDbEntity
  8
B.Silkscreen
  6
CONTINUOUS
100
AcDbLine
 10
2.4016445275590552
 20
-2.1860859055118111
 30
0
 11
2.4018303149606299
 21
-2.1858595669291336
 31
0
  0
LINE
  5
44B
330
1B
100
AcDbEntity
  8
B.Silkscreen
  6
CONTINUOUS
100
AcDbLine
 10
2.4018303149606299
 20
-2.1858595669291336
 30
0
 11
2.4037050787401575
 21
-2.1839848031496061
 31
0
  0
LINE
  5
44C
330
1B
100
AcDbEntity
  8
B.Silkscreen
  6
CONTINUOUS
100
AcDbLine
 10
2.4037050787401575
 20
-2.1839848031496061
 30
0
 11
2.4039314173228346
 21
-2.1837990157480314
 31
0
  0
LINE
  5
44D
330
1B
100
AcDbEntity
  8
B.Silkscreen
  6
CONTINUOUS
100
AcDbLine
 10
2.4039314173228346
 20
-2.1837990157480314
 30
0
 11
2.403982598425197
 21
-2.1837400393700785
 31
0
  0
LINE
  5
44E
330
1B
100
AcDbEntity
  8
B.Silkscreen
  6
CONTINUOUS
100
AcDbLine
 10
2.403982598425197
 20
-2.1837400393700785
 30
0
 11
2.4040715354330708
 21
-2.18368405511811
 31
0
  0
LINE
  5
44F
330
1B
100
AcDbEntity
  8
B.Silkscreen
  6
CONTINUOUS
100
AcDbLine
 10
2.4040715354330708
 20
-2.18368405511811
 30
0
 11
2.4041525196850393
 21
-2.1836175984251969
 31
0
  0
LINE
  5
450
330
1B
100
AcDbEntity
  8
B.Silkscreen
  6
CONTINUOUS
100
AcDbLine
 10
2.4041525196850393
 20
-2.1836175984251969
 30
0
 11
2.4042244488188977
 21
-2.1835877559055117
 31
0
  0
LINE
  5
451
330
1B
100
AcDbEntity
  8
B.Silkscreen
  6
CONTINUOUS
100
AcDbLine
 10
2.4042244488188977
 20
-2.1835877559055117
 30
0
 11
2.4044724803149604
 21
-2.1834316929133859
 31
0
  0
LINE
  5
452
330
1B
100
AcDbEntity
  8
B.Silkscreen
  6
CONTINUOUS
100
AcDbLine
 10
2.4044724803149604
 20
-2.1834316929133859
 30
0
 11
2.4082220078740155
 21
-2.1815569291338583
 31
0
  0
LINE
  5
453
330
1B
100
AcDbEntity
  8
B.Silkscreen
  6
CONTINUOUS
100
AcDbLine
 10
2.4082220078740155
 20
-2.1815569291338583
 30
0
 11
2.4082640944881888
 21
-2.1815407874015746
 31
0
  0
LINE
  5
454
330
1B
100
AcDbEntity
  8
B.Silkscreen
  6
CONTINUOUS
100
AcDbLine
 10
2.4082640944881888
 20
-2.1815407874015746
 30
0
 11
2.4082812598425196
 21
-2.1815281102362203
 31
0
  0
LINE
  5
455
330
1B
100
AcDbEntity
  8
B.Silkscreen
  6
CONTINUOUS
100
AcDbLine
 10
2.4082812598425196
 20
-2.1815281102362203
 30
0
 11
2.4085228346456691
 21
-2.1814417716535432
 31
0
  0
LINE
  5
456
330
1B
100
AcDbEntity
  8
B.Silkscreen
  6
CONTINUOUS
100
AcDbLine
 10
2.4085228346456691
 20
-2.1814417716535432
 30
0
 11
2.4087625984251968
 21
-2.1813500393700789
 31
0
  0
LINE
  5
457
330
1B
100
AcDbEntity
  8
B.Silkscreen
  6
CONTINUOUS
100
AcDbLine
 10
2.4087625984251968
 20
-2.1813500393700789
 30
0
 11
2.4087838582677166
 21
-2.181348503937008
 31
0
  0
LINE
  5
458
330
1B
100
AcDbEntity
  8
B.Silkscreen
  6
CONTINUOUS
100
AcDbLine
 10
2.4087838582677166
 20
-2.181348503937008
 30
0
 11
2.4088263779527557
 21
-2.1813333464566931
 31
0
  0
LINE
  5
459
330
1B
100
AcDbEntity
  8
B.Silkscreen
  6
CONTINUOUS
100
AcDbLine
 10
2.4088263779527557
 20
-2.1813333464566931
 30
0
 11
2.4160110236220471
 21
-2.1795371653543305
 31
0
  0
LINE
  5
45A
330
1B
100
AcDbEntity
  8
B.Silkscreen
  6
CONTINUOUS
100
AcDbLine
 10
2.4160110236220471
 20
-2.1795371653543305
 30
0
 11
2.4190420078740158
 21
-2.178021692913386
 31
0
  0
LINE
  5
45B
330
1B
100
AcDbEntity
  8
B.Silkscreen
  6
CONTINUOUS
100
AcDbLine
 10
2.4190420078740158
 20
-2.178021692913386
 30
0
 11
2.4202391338582676
 21
-2.1768245669291337
 31
0
  0
LINE
  5
45C
330
1B
100
AcDbEntity
  8
B.Silkscreen
  6
CONTINUOUS
100
AcDbLine
 10
2.4202391338582676
 20
-2.1768245669291337
 30
0
 11
2.4215878740157479
 21
-2.1741270866141731
 31
0
  0
LINE
  5
45D
330
1B
100
AcDbEntity
  8
B.Silkscreen
  6
CONTINUOUS
100
AcDbLine
 10
2.4215878740157479
 20
-2.1741270866141731
 30
0
 11
2.4215878740157479
 21
-2.1717716535433071
 31
0
  0
LINE
  5
45E
330
1B
100
AcDbEntity
  8
B.Silkscreen
  6
CONTINUOUS
100
AcDbLine
 10
2.4215878740157479
 20
-2.1717716535433071
 30
0
 11
2.4202391338582676
 21
-2.1690741732283465
 31
0
  0
LINE
  5
45F
330
1B
100
AcDbEntity
  8
B.Silkscreen
  6
CONTINUOUS
100
AcDbLine
 10
2.4202391338582676
 20
-2.1690741732283465
 30
0
 11
2.4190420078740158
 21
-2.1678770472440942
 31
0
  0
LINE
  5
460
330
1B
100
AcDbEntity
  8
B.Silkscreen
  6
CONTINUOUS
100
AcDbLine
 10
2.4190420078740158
 20
-2.1678770472440942
 30
0
 11
2.4163445275590552
 21
-2.1665283070866139
 31
0
  0
LINE
  5
461
330
1B
100
AcDbEntity
  8
B.Silkscreen
  6
CONTINUOUS
100
AcDbLine
 10
2.4163445275590552
 20
-2.1665283070866139
 30
0
 11
2.4081468897637794
 21
-2.1665283070866139
 31
0
  0
LINE
  5
462
330
1B
100
AcDbEntity
  8
B.Silkscreen
  6
CONTINUOUS
100
AcDbLine
 10
2.4081468897637794
 20
-2.1665283070866139
 30
0
 11
2.4029772047244093
 21
-2.1682515354330709
 31
0
  0
LINE
  5
463
330
1B
100
AcDbEntity
  8
B.Silkscreen
  6
CONTINUOUS
100
AcDbLine
 10
2.4029772047244093
 20
-2.1682515354330709
 30
0
 11
2.402412755905512
 21
-2.1683798818897637
 31
0
  0
LINE
  5
464
330
1B
100
AcDbEntity
  8
B.Silkscreen
  6
CONTINUOUS
100
AcDbLine
 10
2.402412755905512
 20
-2.1683798818897637
 30
0
 11
2.4012635433070866
 21
-2.1682981889763777
 31
0
  0
LINE
  5
465
330
1B
100
AcDbEntity
  8
B.Silkscreen
  6
CONTINUOUS
100
AcDbLine
 10
2.4012635433070866
 20
-2.1682981889763777
 30
0
 11
2.4002331102362202
 21
-2.1677829921259844
 31
0
  0
LINE
  5
466
330
1B
100
AcDbEntity
  8
B.Silkscreen
  6
CONTINUOUS
100
AcDbLine
 10
2.4002331102362202
 20
-2.1677829921259844
 30
0
 11
2.3994782283464566
 21
-2.1669126377952757
 31
0
  0
LINE
  5
467
330
1B
100
AcDbEntity
  8
B.Silkscreen
  6
CONTINUOUS
100
AcDbLine
 10
2.3994782283464566
 20
-2.1669126377952757
 30
0
 11
2.399113897637795
 21
-2.1658196062992126
 31
0
  0
LINE
  5
468
330
1B
100
AcDbEntity
  8
B.Silkscreen
  6
CONTINUOUS
100
AcDbLine
 10
2.399113897637795
 20
-2.1658196062992126
 30
0
 11
2.399195590551181
 21
-2.1646703937007872
 31
0
  0
LINE
  5
469
330
1B
100
AcDbEntity
  8
B.Silkscreen
  6
CONTINUOUS
100
AcDbLine
 10
2.399195590551181
 20
-2.1646703937007872
 30
0
 11
2.3997107874015748
 21
-2.1636399606299213
 31
0
  0
LINE
  5
46A
330
1B
100
AcDbEntity
  8
B.Silkscreen
  6
CONTINUOUS
100
AcDbLine
 10
2.3997107874015748
 20
-2.1636399606299213
 30
0
 11
2.4005811417322835
 21
-2.1628850787401572
 31
0
  0
LINE
  5
46B
330
1B
100
AcDbEntity
  8
B.Silkscreen
  6
CONTINUOUS
100
AcDbLine
 10
2.4005811417322835
 20
-2.1628850787401572
 30
0
 11
2.4011097244094488
 21
-2.1626490944881889
 31
0
  0
LINE
  5
46C
330
1B
100
AcDbEntity
  8
B.Silkscreen
  6
CONTINUOUS
100
AcDbLine
 10
2.4011097244094488
 20
-2.1626490944881889
 30
0
 11
2.4067339763779527
 21
-2.1607743307086613
 31
0
  0
LINE
  5
46D
330
1B
100
AcDbEntity
  8
B.Silkscreen
  6
CONTINUOUS
100
AcDbLine
 10
2.4067339763779527
 20
-2.1607743307086613
 30
0
 11
2.4070196062992126
 21
-2.1607093700787403
 31
0
  0
LINE
  5
46E
330
1B
100
AcDbEntity
  8
B.Silkscreen
  6
CONTINUOUS
100
AcDbLine
 10
2.4070196062992126
 20
-2.1607093700787403
 30
0
 11
2.4070916929133856
 21
-2.1606795275590551
 31
0
  0
LINE
  5
46F
330
1B
100
AcDbEntity
  8
B.Silkscreen
  6
CONTINUOUS
100
AcDbLine
 10
2.4070916929133856
 20
-2.1606795275590551
 30
0
 11
2.4071961417322836
 21
-2.160669212598425
 31
0
  0
LINE
  5
470
330
1B
100
AcDbEntity
  8
B.Silkscreen
  6
CONTINUOUS
100
AcDbLine
 10
2.4071961417322836
 20
-2.160669212598425
 30
0
 11
2.4072984251968506
 21
-2.1606459842519685
 31
0
  0
LINE
  5
471
330
1B
100
AcDbEntity
  8
B.Silkscreen
  6
CONTINUOUS
100
AcDbLine
 10
2.4072984251968506
 20
-2.1606459842519685
 30
0
 11
2.4073761417322834
 21
-2.1606514960629921
 31
0
  0
LINE
  5
472
330
1B
100
AcDbEntity
  8
B.Silkscreen
  6
CONTINUOUS
100
AcDbLine
 10
2.4073761417322834
 20
-2.1606514960629921
 30
0
 11
2.407667755905512
 21
-2.1606227952755903
 31
0
  0
LINE
  5
473
330
1B
100
AcDbEntity
  8
B.Silkscreen
  6
CONTINUOUS
100
AcDbLine
 10
2.407667755905512
 20
-2.1606227952755903
 30
0
 11
2.4170415748031497
 21
-2.1606227952755903
 31
0
  0
LINE
  5
474
330
1B
100
AcDbEntity
  8
B.Silkscreen
  6
CONTINUOUS
100
AcDbLine
 10
2.4170415748031497
 20
-2.1606227952755903
 30
0
 11
2.4176176377952756
 21
-2.1606795275590551
 31
0
  0
LINE
  5
475
330
1B
100
AcDbEntity
  8
B.Silkscreen
  6
CONTINUOUS
100
AcDbLine
 10
2.3901512598425194
 20
-2.1608916929133857
 30
0
 11
2.3910846062992124
 21
-2.1615671653543305
 31
0
  0
LINE
  5
476
330
1B
100
AcDbEntity
  8
B.Silkscreen
  6
CONTINUOUS
100
AcDbLine
 10
2.3910846062992124
 20
-2.1615671653543305
 30
0
 11
2.3916883858267717
 21
-2.1625483464566928
 31
0
  0
LINE
  5
477
330
1B
100
AcDbEntity
  8
B.Silkscreen
  6
CONTINUOUS
100
AcDbLine
 10
2.3916883858267717
 20
-2.1625483464566928
 30
0
 11
2.3918707874015745
 21
-2.1636859448818897
 31
0
  0
LINE
  5
478
330
1B
100
AcDbEntity
  8
B.Silkscreen
  6
CONTINUOUS
100
AcDbLine
 10
2.3918707874015745
 20
-2.1636859448818897
 30
0
 11
2.3917925196850391
 21
-2.1642594488188975
 31
0
  0
LINE
  5
479
330
1B
100
AcDbEntity
  8
B.Silkscreen
  6
CONTINUOUS
100
AcDbLine
 10
2.3917925196850391
 20
-2.1642594488188975
 30
0
 11
2.3824187007874014
 21
-2.2036295669291337
 31
0
  0
LINE
  5
47A
330
1B
100
AcDbEntity
  8
B.Silkscreen
  6
CONTINUOUS
100
AcDbLine
 10
2.3824187007874014
 20
-2.2036295669291337
 30
0
 11
2.382350590551181
 21
-2.2038271259842519
 31
0
  0
LINE
  5
47B
330
1B
100
AcDbEntity
  8
B.Silkscreen
  6
CONTINUOUS
100
AcDbLine
 10
2.382350590551181
 20
-2.2038271259842519
 30
0
 11
2.3823411811023623
 21
-2.203898149606299
 31
0
  0
LINE
  5
47C
330
1B
100
AcDbEntity
  8
B.Silkscreen
  6
CONTINUOUS
100
AcDbLine
 10
2.3823411811023623
 20
-2.203898149606299
 30
0
 11
2.3823040157480313
 21
-2.2039622834645667
 31
0
  0
LINE
  5
47D
330
1B
100
AcDbEntity
  8
B.Silkscreen
  6
CONTINUOUS
100
AcDbLine
 10
2.3823040157480313
 20
-2.2039622834645667
 30
0
 11
2.3822301181102361
 21
-2.204176811023622
 31
0
  0
LINE
  5
47E
330
1B
100
AcDbEntity
  8
B.Silkscreen
  6
CONTINUOUS
100
AcDbLine
 10
2.3822301181102361
 20
-2.204176811023622
 30
0
 11
2.3819787007874016
 21
-2.2045241732283465
 31
0
  0
LINE
  5
47F
330
1B
100
AcDbEntity
  8
B.Silkscreen
  6
CONTINUOUS
100
AcDbLine
 10
2.3819787007874016
 20
-2.2045241732283465
 30
0
 11
2.3817639370078738
 21
-2.2048951574803151
 31
0
  0
LINE
  5
480
330
1B
100
AcDbEntity
  8
B.Silkscreen
  6
CONTINUOUS
100
AcDbLine
 10
2.3817639370078738
 20
-2.2048951574803151
 30
0
 11
2.3816435433070864
 21
-2.204987283464567
 31
0
  0
LINE
  5
481
330
1B
100
AcDbEntity
  8
B.Silkscreen
  6
CONTINUOUS
100
AcDbLine
 10
2.3816435433070864
 20
-2.204987283464567
 30
0
 11
2.3815546456692913
 21
-2.2051101574803149
 31
0
  0
LINE
  5
482
330
1B
100
AcDbEntity
  8
B.Silkscreen
  6
CONTINUOUS
100
AcDbLine
 10
2.3815546456692913
 20
-2.2051101574803149
 30
0
 11
2.3811896062992126
 21
-2.2053347637795273
 31
0
  0
LINE
  5
483
330
1B
100
AcDbEntity
  8
B.Silkscreen
  6
CONTINUOUS
100
AcDbLine
 10
2.3811896062992126
 20
-2.2053347637795273
 30
0
 11
2.3808490551181101
 21
-2.2055954724409448
 31
0
  0
LINE
  5
484
330
1B
100
AcDbEntity
  8
B.Silkscreen
  6
CONTINUOUS
100
AcDbLine
 10
2.3808490551181101
 20
-2.2055954724409448
 30
0
 11
2.3807024409448818
 21
-2.2056345669291337
 31
0
  0
LINE
  5
485
330
1B
100
AcDbEntity
  8
B.Silkscreen
  6
CONTINUOUS
100
AcDbLine
 10
2.3807024409448818
 20
-2.2056345669291337
 30
0
 11
2.380573464566929
 21
-2.2057139370078738
 31
0
  0
LINE
  5
486
330
1B
100
AcDbEntity
  8
B.Silkscreen
  6
CONTINUOUS
100
AcDbLine
 10
2.380573464566929
 20
-2.2057139370078738
 30
0
 11
2.380150472440945
 21
-2.2057817322834645
 31
0
  0
LINE
  5
487
330
1B
100
AcDbEntity
  8
B.Silkscreen
  6
CONTINUOUS
100
AcDbLine
 10
2.380150472440945
 20
-2.2057817322834645
 30
0
 11
2.3797358661417323
 21
-2.2058923228346456
 31
0
  0
LINE
  5
488
330
1B
100
AcDbEntity
  8
B.Silkscreen
  6
CONTINUOUS
100
AcDbLine
 10
2.3797358661417323
 20
-2.2058923228346456
 30
0
 11
2.3795855118110234
 21
-2.2058723228346455
 31
0
  0
LINE
  5
489
330
1B
100
AcDbEntity
  8
B.Silkscreen
  6
CONTINUOUS
100
AcDbLine
 10
2.3795855118110234
 20
-2.2058723228346455
 30
0
 11
2.3794358661417321
 21
-2.2058963385826771
 31
0
  0
LINE
  5
48A
330
1B
100
AcDbEntity
  8
B.Silkscreen
  6
CONTINUOUS
100
AcDbLine
 10
2.3794358661417321
 20
-2.2058963385826771
 30
0
 11
2.3790187007874017
 21
-2.2057970078740157
 31
0
  0
LINE
  5
48B
330
1B
100
AcDbEntity
  8
B.Silkscreen
  6
CONTINUOUS
100
AcDbLine
 10
2.3790187007874017
 20
-2.2057970078740157
 30
0
 11
2.3785937795275589
 21
-2.2057405511811021
 31
0
  0
LINE
  5
48C
330
1B
100
AcDbEntity
  8
B.Silkscreen
  6
CONTINUOUS
100
AcDbLine
 10
2.3785937795275589
 20
-2.2057405511811021
 30
0
 11
2.3784625984251968
 21
-2.2056646062992127
 31
0
  0
LINE
  5
48D
330
1B
100
AcDbEntity
  8
B.Silkscreen
  6
CONTINUOUS
100
AcDbLine
 10
2.3784625984251968
 20
-2.2056646062992127
 30
0
 11
2.3783150787401572
 21
-2.2056294881889764
 31
0
  0
LINE
  5
48E
330
1B
100
AcDbEntity
  8
B.Silkscreen
  6
CONTINUOUS
100
AcDbLine
 10
2.3783150787401572
 20
-2.2056294881889764
 30
0
 11
2.3779676377952756
 21
-2.2053780314960632
 31
0
  0
LINE
  5
48F
330
1B
100
AcDbEntity
  8
B.Silkscreen
  6
CONTINUOUS
100
AcDbLine
 10
2.3779676377952756
 20
-2.2053780314960632
 30
0
 11
2.3775967322834646
 21
-2.2051633070866141
 31
0
  0
LINE
  5
490
330
1B
100
AcDbEntity
  8
B.Silkscreen
  6
CONTINUOUS
100
AcDbLine
 10
2.3775967322834646
 20
-2.2051633070866141
 30
0
 11
2.3775045669291339
 21
-2.2050429133858267
 31
0
  0
LINE
  5
491
330
1B
100
AcDbEntity
  8
B.Silkscreen
  6
CONTINUOUS
100
AcDbLine
 10
2.3775045669291339
 20
-2.2050429133858267
 30
0
 11
2.3773817322834647
 21
-2.2049540157480316
 31
0
  0
LINE
  5
492
330
1B
100
AcDbEntity
  8
B.Silkscreen
  6
CONTINUOUS
100
AcDbLine
 10
2.3773817322834647
 20
-2.2049540157480316
 30
0
 11
2.3771570866141731
 21
-2.2045889370078742
 31
0
  0
LINE
  5
493
330
1B
100
AcDbEntity
  8
B.Silkscreen
  6
CONTINUOUS
100
AcDbLine
 10
2.3771570866141731
 20
-2.2045889370078742
 30
0
 11
2.3768964566929132
 21
-2.2042484645669291
 31
0
  0
LINE
  5
494
330
1B
100
AcDbEntity
  8
B.Silkscreen
  6
CONTINUOUS
100
AcDbLine
 10
2.3768964566929132
 20
-2.2042484645669291
 30
0
 11
2.3768166929133856
 21
-2.2040357874015748
 31
0
  0
LINE
  5
495
330
1B
100
AcDbEntity
  8
B.Silkscreen
  6
CONTINUOUS
100
AcDbLine
 10
2.3768166929133856
 20
-2.2040357874015748
 30
0
 11
2.3767779527559054
 21
-2.2039728346456693
 31
0
  0
LINE
  5
496
330
1B
100
AcDbEntity
  8
B.Silkscreen
  6
CONTINUOUS
100
AcDbLine
 10
2.3767779527559054
 20
-2.2039728346456693
 30
0
 11
2.3767666141732282
 21
-2.2039023228346455
 31
0
  0
LINE
  5
497
330
1B
100
AcDbEntity
  8
B.Silkscreen
  6
CONTINUOUS
100
AcDbLine
 10
2.3767666141732282
 20
-2.2039023228346455
 30
0
 11
2.376693188976378
 21
-2.2037064566929132
 31
0
  0
LINE
  5
498
330
1B
100
AcDbEntity
  8
B.Silkscreen
  6
CONTINUOUS
100
AcDbLine
 10
2.376693188976378
 20
-2.2037064566929132
 30
0
 11
2.3720471653543305
 21
-2.1862839763779527
 31
0
  0
LINE
  5
499
330
1B
100
AcDbEntity
  8
B.Silkscreen
  6
CONTINUOUS
100
AcDbLine
 10
2.3720471653543305
 20
-2.1862839763779527
 30
0
 11
2.3674012204724408
 21
-2.2037064566929132
 31
0
  0
LINE
  5
49A
330
1B
100
AcDbEntity
  8
B.Silkscreen
  6
CONTINUOUS
100
AcDbLine
 10
2.3674012204724408
 20
-2.2037064566929132
 30
0
 11
2.3673277559055119
 21
-2.2039022834645667
 31
0
  0
LINE
  5
49B
330
1B
100
AcDbEntity
  8
B.Silkscreen
  6
CONTINUOUS
100
AcDbLine
 10
2.3673277559055119
 20
-2.2039022834645667
 30
0
 11
2.3673164566929135
 21
-2.2039728346456693
 31
0
  0
LINE
  5
49C
330
1B
100
AcDbEntity
  8
B.Silkscreen
  6
CONTINUOUS
100
AcDbLine
 10
2.3673164566929135
 20
-2.2039728346456693
 30
0
 11
2.3672776771653541
 21
-2.2040358267716536
 31
0
  0
LINE
  5
49D
330
1B
100
AcDbEntity
  8
B.Silkscreen
  6
CONTINUOUS
100
AcDbLine
 10
2.3672776771653541
 20
-2.2040358267716536
 30
0
 11
2.3671979527559053
 21
-2.2042484251968504
 31
0
  0
LINE
  5
49E
330
1B
100
AcDbEntity
  8
B.Silkscreen
  6
CONTINUOUS
100
AcDbLine
 10
2.3671979527559053
 20
-2.2042484251968504
 30
0
 11
2.3669373622047245
 21
-2.2045888188976379
 31
0
  0
LINE
  5
49F
330
1B
100
AcDbEntity
  8
B.Silkscreen
  6
CONTINUOUS
100
AcDbLine
 10
2.3669373622047245
 20
-2.2045888188976379
 30
0
 11
2.3667126771653542
 21
-2.2049540157480316
 31
0
  0
LINE
  5
4A0
330
1B
100
AcDbEntity
  8
B.Silkscreen
  6
CONTINUOUS
100
AcDbLine
 10
2.3667126771653542
 20
-2.2049540157480316
 30
0
 11
2.3665898031496062
 21
-2.2050429133858267
 31
0
  0
LINE
  5
4A1
330
1B
100
AcDbEntity
  8
B.Silkscreen
  6
CONTINUOUS
100
AcDbLine
 10
2.3665898031496062
 20
-2.2050429133858267
 30
0
 11
2.3664976771653543
 21
-2.2051633070866141
 31
0
  0
LINE
  5
4A2
330
1B
100
AcDbEntity
  8
B.Silkscreen
  6
CONTINUOUS
100
AcDbLine
 10
2.3664976771653543
 20
-2.2051633070866141
 30
0
 11
2.3661267322834645
 21
-2.2053780314960632
 31
0
  0
LINE
  5
4A3
330
1B
100
AcDbEntity
  8
B.Silkscreen
  6
CONTINUOUS
100
AcDbLine
 10
2.3661267322834645
 20
-2.2053780314960632
 30
0
 11
2.3657793307086612
 21
-2.2056294881889764
 31
0
  0
LINE
  5
4A4
330
1B
100
AcDbEntity
  8
B.Silkscreen
  6
CONTINUOUS
100
AcDbLine
 10
2.3657793307086612
 20
-2.2056294881889764
 30
0
 11
2.3656317716535433
 21
-2.2056646062992127
 31
0
  0
LINE
  5
4A5
330
1B
100
AcDbEntity
  8
B.Silkscreen
  6
CONTINUOUS
100
AcDbLine
 10
2.3656317716535433
 20
-2.2056646062992127
 30
0
 11
2.36550062992126
 21
-2.2057405511811021
 31
0
  0
LINE
  5
4A6
330
1B
100
AcDbEntity
  8
B.Silkscreen
  6
CONTINUOUS
100
AcDbLine
 10
2.36550062992126
 20
-2.2057405511811021
 30
0
 11
2.3650757874015746
 21
-2.2057969685039369
 31
0
  0
LINE
  5
4A7
330
1B
100
AcDbEntity
  8
B.Silkscreen
  6
CONTINUOUS
100
AcDbLine
 10
2.3650757874015746
 20
-2.2057969685039369
 30
0
 11
2.3646585433070864
 21
-2.2058963385826771
 31
0
  0
LINE
  5
4A8
330
1B
100
AcDbEntity
  8
B.Silkscreen
  6
CONTINUOUS
100
AcDbLine
 10
2.3646585433070864
 20
-2.2058963385826771
 30
0
 11
2.3645087795275588
 21
-2.2058723228346455
 31
0
  0
LINE
  5
4A9
330
1B
100
AcDbEntity
  8
B.Silkscreen
  6
CONTINUOUS
100
AcDbLine
 10
2.3645087795275588
 20
-2.2058723228346455
 30
0
 11
2.3643585826771654
 21
-2.2058922834645669
 31
0
  0
LINE
  5
4AA
330
1B
100
AcDbEntity
  8
B.Silkscreen
  6
CONTINUOUS
100
AcDbLine
 10
2.3643585826771654
 20
-2.2058922834645669
 30
0
 11
2.3639443307086614
 21
-2.205781811023622
 31
0
  0
LINE
  5
4AB
330
1B
100
AcDbEntity
  8
B.Silkscreen
  6
CONTINUOUS
100
AcDbLine
 10
2.3639443307086614
 20
-2.205781811023622
 30
0
 11
2.3635209448818899
 21
-2.2057139370078738
 31
0
  0
LINE
  5
4AC
330
1B
100
AcDbEntity
  8
B.Silkscreen
  6
CONTINUOUS
100
AcDbLine
 10
2.3635209448818899
 20
-2.2057139370078738
 30
0
 11
2.3633918110236221
 21
-2.2056344881889762
 31
0
  0
LINE
  5
4AD
330
1B
100
AcDbEntity
  8
B.Silkscreen
  6
CONTINUOUS
100
AcDbLine
 10
2.3633918110236221
 20
-2.2056344881889762
 30
0
 11
2.3632453543307088
 21
-2.205595433070866
 31
0
  0
LINE
  5
4AE
330
1B
100
AcDbEntity
  8
B.Silkscreen
  6
CONTINUOUS
100
AcDbLine
 10
2.3632453543307088
 20
-2.205595433070866
 30
0
 11
2.3629049212598425
 21
-2.2053348425196848
 31
0
  0
LINE
  5
4AF
330
1B
100
AcDbEntity
  8
B.Silkscreen
  6
CONTINUOUS
100
AcDbLine
 10
2.3629049212598425
 20
-2.2053348425196848
 30
0
 11
2.3625397637795276
 21
-2.2051101574803149
 31
0
  0
LINE
  5
4B0
330
1B
100
AcDbEntity
  8
B.Silkscreen
  6
CONTINUOUS
100
AcDbLine
 10
2.3625397637795276
 20
-2.2051101574803149
 30
0
 11
2.3624508267716533
 21
-2.204987283464567
 31
0
  0
LINE
  5
4B1
330
1B
100
AcDbEntity
  8
B.Silkscreen
  6
CONTINUOUS
100
AcDbLine
 10
2.3624508267716533
 20
-2.204987283464567
 30
0
 11
2.3623304724409446
 21
-2.2048951574803151
 31
0
  0
LINE
  5
4B2
330
1B
100
AcDbEntity
  8
B.Silkscreen
  6
CONTINUOUS
100
AcDbLine
 10
2.3623304724409446
 20
-2.2048951574803151
 30
0
 11
2.3621157086614173
 21
-2.2045242125984252
 31
0
  0
LINE
  5
4B3
330
1B
100
AcDbEntity
  8
B.Silkscreen
  6
CONTINUOUS
100
AcDbLine
 10
2.3621157086614173
 20
-2.2045242125984252
 30
0
 11
2.3618642913385828
 21
-2.204176811023622
 31
0
  0
LINE
  5
4B4
330
1B
100
AcDbEntity
  8
B.Silkscreen
  6
CONTINUOUS
100
AcDbLine
 10
2.3618642913385828
 20
-2.204176811023622
 30
0
 11
2.3617903149606301
 21
-2.2039622047244092
 31
0
  0
LINE
  5
4B5
330
1B
100
AcDbEntity
  8
B.Silkscreen
  6
CONTINUOUS
100
AcDbLine
 10
2.3617903149606301
 20
-2.2039622047244092
 30
0
 11
2.3617532283464566
 21
-2.2038981102362203
 31
0
  0
LINE
  5
4B6
330
1B
100
AcDbEntity
  8
B.Silkscreen
  6
CONTINUOUS
100
AcDbLine
 10
2.3617532283464566
 20
-2.2038981102362203
 30
0
 11
2.3617437795275591
 21
-2.2038271653543307
 31
0
  0
LINE
  5
4B7
330
1B
100
AcDbEntity
  8
B.Silkscreen
  6
CONTINUOUS
100
AcDbLine
 10
2.3617437795275591
 20
-2.2038271653543307
 30
0
 11
2.3616757086614171
 21
-2.2036295669291337
 31
0
  0
LINE
  5
4B8
330
1B
100
AcDbEntity
  8
B.Silkscreen
  6
CONTINUOUS
100
AcDbLine
 10
2.3616757086614171
 20
-2.2036295669291337
 30
0
 11
2.3523018897637793
 21
-2.1642594881889763
 31
0
  0
LINE
  5
4B9
330
1B
100
AcDbEntity
  8
B.Silkscreen
  6
CONTINUOUS
100
AcDbLine
 10
2.3523018897637793
 20
-2.1642594881889763
 30
0
 11
2.3522236220472439
 21
-2.1636859448818897
 31
0
  0
LINE
  5
4BA
330
1B
100
AcDbEntity
  8
B.Silkscreen
  6
CONTINUOUS
100
AcDbLine
 10
2.3522236220472439
 20
-2.1636859448818897
 30
0
 11
2.3524060236220472
 21
-2.1625483464566928
 31
0
  0
LINE
  5
4BB
330
1B
100
AcDbEntity
  8
B.Silkscreen
  6
CONTINUOUS
100
AcDbLine
 10
2.3524060236220472
 20
-2.1625483464566928
 30
0
 11
2.3530098031496061
 21
-2.1615671653543305
 31
0
  0
LINE
  5
4BC
330
1B
100
AcDbEntity
  8
B.Silkscreen
  6
CONTINUOUS
100
AcDbLine
 10
2.3530098031496061
 20
-2.1615671653543305
 30
0
 11
2.353943149606299
 21
-2.1608916929133857
 31
0
  0
LINE
  5
4BD
330
1B
100
AcDbEntity
  8
B.Silkscreen
  6
CONTINUOUS
100
AcDbLine
 10
2.353943149606299
 20
-2.1608916929133857
 30
0
 11
2.3550639370078739
 21
-2.160624842519685
 31
0
  0
LINE
  5
4BE
330
1B
100
AcDbEntity
  8
B.Silkscreen
  6
CONTINUOUS
100
AcDbLine
 10
2.3550639370078739
 20
-2.160624842519685
 30
0
 11
2.3562015354330708
 21
-2.1608072440944883
 31
0
  0
LINE
  5
4BF
330
1B
100
AcDbEntity
  8
B.Silkscreen
  6
CONTINUOUS
100
AcDbLine
 10
2.3562015354330708
 20
-2.1608072440944883
 30
0
 11
2.3571827165354331
 21
-2.1614110236220472
 31
0
  0
LINE
  5
4C0
330
1B
100
AcDbEntity
  8
B.Silkscreen
  6
CONTINUOUS
100
AcDbLine
 10
2.3571827165354331
 20
-2.1614110236220472
 30
0
 11
2.3578581889763779
 21
-2.1623443700787401
 31
0
  0
LINE
  5
4C1
330
1B
100
AcDbEntity
  8
B.Silkscreen
  6
CONTINUOUS
100
AcDbLine
 10
2.3578581889763779
 20
-2.1623443700787401
 30
0
 11
2.3580467716535431
 21
-2.1628916141732284
 31
0
  0
LINE
  5
4C2
330
1B
100
AcDbEntity
  8
B.Silkscreen
  6
CONTINUOUS
100
AcDbLine
 10
2.3580467716535431
 20
-2.1628916141732284
 30
0
 11
2.3647101968503939
 21
-2.1908780708661415
 31
0
  0
LINE
  5
4C3
330
1B
100
AcDbEntity
  8
B.Silkscreen
  6
CONTINUOUS
100
AcDbLine
 10
2.3647101968503939
 20
-2.1908780708661415
 30
0
 11
2.3691941338582678
 21
-2.1740633070866142
 31
0
  0
LINE
  5
4C4
330
1B
100
AcDbEntity
  8
B.Silkscreen
  6
CONTINUOUS
100
AcDbLine
 10
2.3691941338582678
 20
-2.1740633070866142
 30
0
 11
2.3692447244094486
 21
-2.173928307086614
 31
0
  0
LINE
  5
4C5
330
1B
100
AcDbEntity
  8
B.Silkscreen
  6
CONTINUOUS
100
AcDbLine
 10
2.3692447244094486
 20
-2.173928307086614
 30
0
 11
2.3692522834645668
 21
-2.1738716535433071
 31
0
  0
LINE
  5
4C6
330
1B
100
AcDbEntity
  8
B.Silkscreen
  6
CONTINUOUS
100
AcDbLine
 10
2.3692522834645668
 20
-2.1738716535433071
 30
0
 11
2.3692912204724408
 21
-2.1738043307086614
 31
0
  0
LINE
  5
4C7
330
1B
100
AcDbEntity
  8
B.Silkscreen
  6
CONTINUOUS
100
AcDbLine
 10
2.3692912204724408
 20
-2.1738043307086614
 30
0
 11
2.3693974015748029
 21
-2.1735212992125983
 31
0
  0
LINE
  5
4C8
330
1B
100
AcDbEntity
  8
B.Silkscreen
  6
CONTINUOUS
100
AcDbLine
 10
2.3693974015748029
 20
-2.1735212992125983
 30
0
 11
2.3696342913385826
 21
-2.1732118110236218
 31
0
  0
LINE
  5
4C9
330
1B
100
AcDbEntity
  8
B.Silkscreen
  6
CONTINUOUS
100
AcDbLine
 10
2.3696342913385826
 20
-2.1732118110236218
 30
0
 11
2.3698295275590548
 21
-2.1728746062992124
 31
0
  0
LINE
  5
4CA
330
1B
100
AcDbEntity
  8
B.Silkscreen
  6
CONTINUOUS
100
AcDbLine
 10
2.3698295275590548
 20
-2.1728746062992124
 30
0
 11
2.3699813779527559
 21
-2.1727583464566931
 31
0
  0
LINE
  5
4CB
330
1B
100
AcDbEntity
  8
B.Silkscreen
  6
CONTINUOUS
100
AcDbLine
 10
2.3699813779527559
 20
-2.1727583464566931
 30
0
 11
2.3700976771653544
 21
-2.1726064566929133
 31
0
  0
LINE
  5
4CC
330
1B
100
AcDbEntity
  8
B.Silkscreen
  6
CONTINUOUS
100
AcDbLine
 10
2.3700976771653544
 20
-2.1726064566929133
 30
0
 11
2.3704349606299213
 21
-2.1724111417322836
 31
0
  0
LINE
  5
4CD
330
1B
100
AcDbEntity
  8
B.Silkscreen
  6
CONTINUOUS
100
AcDbLine
 10
2.3704349606299213
 20
-2.1724111417322836
 30
0
 11
2.370744409448819
 21
-2.1721743307086614
 31
0
  0
LINE
  5
4CE
330
1B
100
AcDbEntity
  8
B.Silkscreen
  6
CONTINUOUS
100
AcDbLine
 10
2.370744409448819
 20
-2.1721743307086614
 30
0
 11
2.3709291338582679
 21
-2.1721250393700786
 31
0
  0
LINE
  5
4CF
330
1B
100
AcDbEntity
  8
B.Silkscreen
  6
CONTINUOUS
100
AcDbLine
 10
2.3709291338582679
 20
-2.1721250393700786
 30
0
 11
2.3710947244094487
 21
-2.1720292125984253
 31
0
  0
LINE
  5
4D0
330
1B
100
AcDbEntity
  8
B.Silkscreen
  6
CONTINUOUS
100
AcDbLine
 10
2.3710947244094487
 20
-2.1720292125984253
 30
0
 11
2.3714812204724409
 21
-2.1719778346456691
 31
0
  0
LINE
  5
4D1
330
1B
100
AcDbEntity
  8
B.Silkscreen
  6
CONTINUOUS
100
AcDbLine
 10
2.3714812204724409
 20
-2.1719778346456691
 30
0
 11
2.3718576377952756
 21
-2.1718774803149605
 31
0
  0
LINE
  5
4D2
330
1B
100
AcDbEntity
  8
B.Silkscreen
  6
CONTINUOUS
100
AcDbLine
 10
2.3718576377952756
 20
-2.1718774803149605
 30
0
 11
2.372047086614173
 21
-2.1719026377952755
 31
0
  0
LINE
  5
4D3
330
1B
100
AcDbEntity
  8
B.Silkscreen
  6
CONTINUOUS
100
AcDbLine
 10
2.372047086614173
 20
-2.1719026377952755
 30
0
 11
2.372236811023622
 21
-2.1718774409448818
 31
0
  0
LINE
  5
4D4
330
1B
100
AcDbEntity
  8
B.Silkscreen
  6
CONTINUOUS
100
AcDbLine
 10
2.372236811023622
 20
-2.1718774409448818
 30
0
 11
2.3726135826771655
 21
-2.1719779133858266
 31
0
  0
LINE
  5
4D5
330
1B
100
AcDbEntity
  8
B.Silkscreen
  6
CONTINUOUS
100
AcDbLine
 10
2.3726135826771655
 20
-2.1719779133858266
 30
0
 11
2.3729996850393702
 21
-2.1720292125984253
 31
0
  0
LINE
  5
4D6
330
1B
100
AcDbEntity
  8
B.Silkscreen
  6
CONTINUOUS
100
AcDbLine
 10
2.3729996850393702
 20
-2.1720292125984253
 30
0
 11
2.3731650787401573
 21
-2.1721249606299211
 31
0
  0
LINE
  5
4D7
330
1B
100
AcDbEntity
  8
B.Silkscreen
  6
CONTINUOUS
100
AcDbLine
 10
2.3731650787401573
 20
-2.1721249606299211
 30
0
 11
2.3733499999999998
 21
-2.1721742913385826
 31
0
  0
LINE
  5
4D8
330
1B
100
AcDbEntity
  8
B.Silkscreen
  6
CONTINUOUS
100
AcDbLine
 10
2.3733499999999998
 20
-2.1721742913385826
 30
0
 11
2.3736595275590551
 21
-2.1724112204724411
 31
0
  0
LINE
  5
4D9
330
1B
100
AcDbEntity
  8
B.Silkscreen
  6
CONTINUOUS
100
AcDbLine
 10
2.3736595275590551
 20
-2.1724112204724411
 30
0
 11
2.3739967322834645
 21
-2.1726064566929133
 31
0
  0
LINE
  5
4DA
330
1B
100
AcDbEntity
  8
B.Silkscreen
  6
CONTINUOUS
100
AcDbLine
 10
2.3739967322834645
 20
-2.1726064566929133
 30
0
 11
2.3741129527559055
 21
-2.1727583070866143
 31
0
  0
LINE
  5
4DB
330
1B
100
AcDbEntity
  8
B.Silkscreen
  6
CONTINUOUS
100
AcDbLine
 10
2.3741129527559055
 20
-2.1727583070866143
 30
0
 11
2.3742648818897636
 21
-2.1728746062992124
 31
0
  0
LINE
  5
4DC
330
1B
100
AcDbEntity
  8
B.Silkscreen
  6
CONTINUOUS
100
AcDbLine
 10
2.3742648818897636
 20
-2.1728746062992124
 30
0
 11
2.3744601968503938
 21
-2.1732119291338581
 31
0
  0
LINE
  5
4DD
330
1B
100
AcDbEntity
  8
B.Silkscreen
  6
CONTINUOUS
100
AcDbLine
 10
2.3744601968503938
 20
-2.1732119291338581
 30
0
 11
2.3746970078740155
 21
-2.173521338582677
 31
0
  0
LINE
  5
4DE
330
1B
100
AcDbEntity
  8
B.Silkscreen
  6
CONTINUOUS
100
AcDbLine
 10
2.3746970078740155
 20
-2.173521338582677
 30
0
 11
2.3748030708661418
 21
-2.1738041732283464
 31
0
  0
LINE
  5
4DF
330
1B
100
AcDbEntity
  8
B.Silkscreen
  6
CONTINUOUS
100
AcDbLine
 10
2.3748030708661418
 20
-2.1738041732283464
 30
0
 11
2.374842125984252
 21
-2.1738716141732284
 31
0
  0
LINE
  5
4E0
330
1B
100
AcDbEntity
  8
B.Silkscreen
  6
CONTINUOUS
100
AcDbLine
 10
2.374842125984252
 20
-2.1738716141732284
 30
0
 11
2.3748496456692911
 21
-2.1739283464566928
 31
0
  0
LINE
  5
4E1
330
1B
100
AcDbEntity
  8
B.Silkscreen
  6
CONTINUOUS
100
AcDbLine
 10
2.3748496456692911
 20
-2.1739283464566928
 30
0
 11
2.3749002755905511
 21
-2.1740633070866142
 31
0
  0
LINE
  5
4E2
330
1B
100
AcDbEntity
  8
B.Silkscreen
  6
CONTINUOUS
100
AcDbLine
 10
2.3749002755905511
 20
-2.1740633070866142
 30
0
 11
2.3793841732283463
 21
-2.1908780708661415
 31
0
  0
LINE
  5
4E3
330
1B
100
AcDbEntity
  8
B.Silkscreen
  6
CONTINUOUS
100
AcDbLine
 10
2.3793841732283463
 20
-2.1908780708661415
 30
0
 11
2.3860476377952757
 21
-2.1628916141732284
 31
0
  0
LINE
  5
4E4
330
1B
100
AcDbEntity
  8
B.Silkscreen
  6
CONTINUOUS
100
AcDbLine
 10
2.3860476377952757
 20
-2.1628916141732284
 30
0
 11
2.386236220472441
 21
-2.1623443700787401
 31
0
  0
LINE
  5
4E5
330
1B
100
AcDbEntity
  8
B.Silkscreen
  6
CONTINUOUS
100
AcDbLine
 10
2.386236220472441
 20
-2.1623443700787401
 30
0
 11
2.3869116929133858
 21
-2.1614110236220472
 31
0
  0
LINE
  5
4E6
330
1B
100
AcDbEntity
  8
B.Silkscreen
  6
CONTINUOUS
100
AcDbLine
 10
2.3869116929133858
 20
-2.1614110236220472
 30
0
 11
2.3878928740157481
 21
-2.1608072440944883
 31
0
  0
LINE
  5
4E7
330
1B
100
AcDbEntity
  8
B.Silkscreen
  6
CONTINUOUS
100
AcDbLine
 10
2.3878928740157481
 20
-2.1608072440944883
 30
0
 11
2.389030472440945
 21
-2.160624842519685
 31
0
  0
LINE
  5
4E8
330
1B
100
AcDbEntity
  8
B.Silkscreen
  6
CONTINUOUS
100
AcDbLine
 10
2.389030472440945
 20
-2.160624842519685
 30
0
 11
2.3901512598425194
 21
-2.1608916929133857
 31
0
  0
LINE
  5
4E9
330
1B
100
AcDbEntity
  8
B.Silkscreen
  6
CONTINUOUS
100
AcDbLine
 10
2.4615338976377954
 20
-2.0844317716535432
 30
0
 11
2.4628123228346457
 21
-2.0857101968503935
 31
0
  0
LINE
  5
4EA
330
1B
100
AcDbEntity
  8
B.Silkscreen
  6
CONTINUOUS
100
AcDbLine
 10
2.4628123228346457
 20
-2.0857101968503935
 30
0
 11
2.4628123228346457
 21
-2.0875181496062991
 31
0
  0
LINE
  5
4EB
330
1B
100
AcDbEntity
  8
B.Silkscreen
  6
CONTINUOUS
100
AcDbLine
 10
2.4628123228346457
 20
-2.0875181496062991
 30
0
 11
2.4615338976377954
 21
-2.0887965748031494
 31
0
  0
LINE
  5
4EC
330
1B
100
AcDbEntity
  8
B.Silkscreen
  6
CONTINUOUS
100
AcDbLine
 10
2.4615338976377954
 20
-2.0887965748031494
 30
0
 11
2.4606299212598426
 21
-2.0889763779527559
 31
0
  0
LINE
  5
4ED
330
1B
100
AcDbEntity
  8
B.Silkscreen
  6
CONTINUOUS
100
AcDbLine
 10
2.4606299212598426
 20
-2.0889763779527559
 30
0
 11
2.2834645669291338
 21
-2.0889763779527559
 31
0
  0
LINE
  5
4EE
330
1B
100
AcDbEntity
  8
B.Silkscreen
  6
CONTINUOUS
100
AcDbLine
 10
2.2834645669291338
 20
-2.0889763779527559
 30
0
 11
2.282560590551181
 21
-2.0887965748031494
 31
0
  0
LINE
  5
4EF
330
1B
100
AcDbEntity
  8
B.Silkscreen
  6
CONTINUOUS
100
AcDbLine
 10
2.282560590551181
 20
-2.0887965748031494
 30
0
 11
2.2812821653543307
 21
-2.0875181496062991
 31
0
  0
LINE
  5
4F0
330
1B
100
AcDbEntity
  8
B.Silkscreen
  6
CONTINUOUS
100
AcDbLine
 10
2.2812821653543307
 20
-2.0875181496062991
 30
0
 11
2.2812821653543307
 21
-2.0857101968503935
 31
0
  0
LINE
  5
4F1
330
1B
100
AcDbEntity
  8
B.Silkscreen
  6
CONTINUOUS
100
AcDbLine
 10
2.2812821653543307
 20
-2.0857101968503935
 30
0
 11
2.282560590551181
 21
-2.0844317716535432
 31
0
  0
LINE
  5
4F2
330
1B
100
AcDbEntity
  8
B.Silkscreen
  6
CONTINUOUS
100
AcDbLine
 10
2.282560590551181
 20
-2.0844317716535432
 30
0
 11
2.2834645669291338
 21
-2.0842519685039371
 31
0
  0
LINE
  5
4F3
330
1B
100
AcDbEntity
  8
B.Silkscreen
  6
CONTINUOUS
100
AcDbLine
 10
2.2834645669291338
 20
-2.0842519685039371
 30
0
 11
2.4606299212598426
 21
-2.0842519685039371
 31
0
  0
LINE
  5
4F4
330
1B
100
AcDbEntity
  8
B.Silkscreen
  6
CONTINUOUS
100
AcDbLine
 10
2.4606299212598426
 20
-2.0842519685039371
 30
0
 11
2.4615338976377954
 21
-2.0844317716535432
 31
0
  0
LINE
  5
4F5
330
1B
100
AcDbEntity
  8
B.Silkscreen
  6
CONTINUOUS
100
AcDbLine
 10
2.2364343700787401
 20
-1.9282298818897636
 30
0
 11
2.2366141732283462
 21
-1.9291338582677164
 31
0
  0
LINE
  5
4F6
330
1B
100
AcDbEntity
  8
B.Silkscreen
  6
CONTINUOUS
100
AcDbLine
 10
2.2366141732283462
 20
-1.9291338582677164
 30
0
 11
2.2366141732283462
 21
-1.9881889763779528
 31
0
  0
LINE
  5
4F7
330
1B
100
AcDbEntity
  8
B.Silkscreen
  6
CONTINUOUS
100
AcDbLine
 10
2.2366141732283462
 20
-1.9881889763779528
 30
0
 11
2.2364343700787401
 21
-1.9890929527559054
 31
0
  0
LINE
  5
4F8
330
1B
100
AcDbEntity
  8
B.Silkscreen
  6
CONTINUOUS
100
AcDbLine
 10
2.2364343700787401
 20
-1.9890929527559054
 30
0
 11
2.2351559448818898
 21
-1.9903713779527559
 31
0
  0
LINE
  5
4F9
330
1B
100
AcDbEntity
  8
B.Silkscreen
  6
CONTINUOUS
100
AcDbLine
 10
2.2351559448818898
 20
-1.9903713779527559
 30
0
 11
2.2333479921259842
 21
-1.9903713779527559
 31
0
  0
LINE
  5
4FA
330
1B
100
AcDbEntity
  8
B.Silkscreen
  6
CONTINUOUS
100
AcDbLine
 10
2.2333479921259842
 20
-1.9903713779527559
 30
0
 11
2.2320695669291339
 21
-1.9890929527559054
 31
0
  0
LINE
  5
4FB
330
1B
100
AcDbEntity
  8
B.Silkscreen
  6
CONTINUOUS
100
AcDbLine
 10
2.2320695669291339
 20
-1.9890929527559054
 30
0
 11
2.2318897637795274
 21
-1.9881889763779528
 31
0
  0
LINE
  5
4FC
330
1B
100
AcDbEntity
  8
B.Silkscreen
  6
CONTINUOUS
100
AcDbLine
 10
2.2318897637795274
 20
-1.9881889763779528
 30
0
 11
2.2318897637795274
 21
-1.9291338582677164
 31
0
  0
LINE
  5
4FD
330
1B
100
AcDbEntity
  8
B.Silkscreen
  6
CONTINUOUS
100
AcDbLine
 10
2.2318897637795274
 20
-1.9291338582677164
 30
0
 11
2.2320695669291339
 21
-1.9282298818897636
 31
0
  0
LINE
  5
4FE
330
1B
100
AcDbEntity
  8
B.Silkscreen
  6
CONTINUOUS
100
AcDbLine
 10
2.2320695669291339
 20
-1.9282298818897636
 30
0
 11
2.2333479921259842
 21
-1.9269514566929133
 31
0
  0
LINE
  5
4FF
330
1B
100
AcDbEntity
  8
B.Silkscreen
  6
CONTINUOUS
100
AcDbLine
 10
2.2333479921259842
 20
-1.9269514566929133
 30
0
 11
2.2351559448818898
 21
-1.9269514566929133
 31
0
  0
LINE
  5
500
330
1B
100
AcDbEntity
  8
B.Silkscreen
  6
CONTINUOUS
100
AcDbLine
 10
2.2351559448818898
 20
-1.9269514566929133
 30
0
 11
2.2364343700787401
 21
-1.9282298818897636
 31
0
  0
LINE
  5
501
330
1B
100
AcDbEntity
  8
B.Silkscreen
  6
CONTINUOUS
100
AcDbLine
 10
2.5120249212598424
 20
-1.9282298818897636
 30
0
 11
2.512204724409449
 21
-1.9291338582677164
 31
0
  0
LINE
  5
502
330
1B
100
AcDbEntity
  8
B.Silkscreen
  6
CONTINUOUS
100
AcDbLine
 10
2.512204724409449
 20
-1.9291338582677164
 30
0
 11
2.512204724409449
 21
-1.9881889763779528
 31
0
  0
LINE
  5
503
330
1B
100
AcDbEntity
  8
B.Silkscreen
  6
CONTINUOUS
100
AcDbLine
 10
2.512204724409449
 20
-1.9881889763779528
 30
0
 11
2.5120249212598424
 21
-1.9890929527559054
 31
0
  0
LINE
  5
504
330
1B
100
AcDbEntity
  8
B.Silkscreen
  6
CONTINUOUS
100
AcDbLine
 10
2.5120249212598424
 20
-1.9890929527559054
 30
0
 11
2.5107464960629922
 21
-1.9903713779527559
 31
0
  0
LINE
  5
505
330
1B
100
AcDbEntity
  8
B.Silkscreen
  6
CONTINUOUS
100
AcDbLine
 10
2.5107464960629922
 20
-1.9903713779527559
 30
0
 11
2.5089385433070865
 21
-1.9903713779527559
 31
0
  0
LINE
  5
506
330
1B
100
AcDbEntity
  8
B.Silkscreen
  6
CONTINUOUS
100
AcDbLine
 10
2.5089385433070865
 20
-1.9903713779527559
 30
0
 11
2.5076601181102363
 21
-1.9890929527559054
 31
0
  0
LINE
  5
507
330
1B
100
AcDbEntity
  8
B.Silkscreen
  6
CONTINUOUS
100
AcDbLine
 10
2.5076601181102363
 20
-1.9890929527559054
 30
0
 11
2.5074803149606297
 21
-1.9881889763779528
 31
0
  0
LINE
  5
508
330
1B
100
AcDbEntity
  8
B.Silkscreen
  6
CONTINUOUS
100
AcDbLine
 10
2.5074803149606297
 20
-1.9881889763779528
 30
0
 11
2.5074803149606297
 21
-1.9291338582677164
 31
0
  0
LINE
  5
509
330
1B
100
AcDbEntity
  8
B.Silkscreen
  6
CONTINUOUS
100
AcDbLine
 10
2.5074803149606297
 20
-1.9291338582677164
 30
0
 11
2.5076601181102363
 21
-1.9282298818897636
 31
0
  0
LINE
  5
50A
330
1B
100
AcDbEntity
  8
B.Silkscreen
  6
CONTINUOUS
100
AcDbLine
 10
2.5076601181102363
 20
-1.9282298818897636
 30
0
 11
2.5089385433070865
 21
-1.9269514566929133
 31
0
  0
LINE
  5
50B
330
1B
100
AcDbEntity
  8
B.Silkscreen
  6
CONTINUOUS
100
AcDbLine
 10
2.5089385433070865
 20
-1.9269514566929133
 30
0
 11
2.5107464960629922
 21
-1.9269514566929133
 31
0
  0
LINE
  5
50C
330
1B
100
AcDbEntity
  8
B.Silkscreen
  6
CONTINUOUS
100
AcDbLine
 10
2.5107464960629922
 20
-1.9269514566929133
 30
0
 11
2.5120249212598424
 21
-1.9282298818897636
 31
0
  0
LINE
  5
50D
330
1B
100
AcDbEntity
  8
B.Silkscreen
  6
CONTINUOUS
100
AcDbLine
 10
2.4615338976377954
 20
-1.8285262598425196
 30
0
 11
2.4628123228346457
 21
-1.8298046850393701
 31
0
  0
LINE
  5
50E
330
1B
100
AcDbEntity
  8
B.Silkscreen
  6
CONTINUOUS
100
AcDbLine
 10
2.4628123228346457
 20
-1.8298046850393701
 30
0
 11
2.4628123228346457
 21
-1.8316126377952755
 31
0
  0
LINE
  5
50F
330
1B
100
AcDbEntity
  8
B.Silkscreen
  6
CONTINUOUS
100
AcDbLine
 10
2.4628123228346457
 20
-1.8316126377952755
 30
0
 11
2.4615338976377954
 21
-1.832891062992126
 31
0
  0
LINE
  5
510
330
1B
100
AcDbEntity
  8
B.Silkscreen
  6
CONTINUOUS
100
AcDbLine
 10
2.4615338976377954
 20
-1.832891062992126
 30
0
 11
2.4606299212598426
 21
-1.8330708661417323
 31
0
  0
LINE
  5
511
330
1B
100
AcDbEntity
  8
B.Silkscreen
  6
CONTINUOUS
100
AcDbLine
 10
2.4606299212598426
 20
-1.8330708661417323
 30
0
 11
2.2834645669291338
 21
-1.8330708661417323
 31
0
  0
LINE
  5
512
330
1B
100
AcDbEntity
  8
B.Silkscreen
  6
CONTINUOUS
100
AcDbLine
 10
2.2834645669291338
 20
-1.8330708661417323
 30
0
 11
2.282560590551181
 21
-1.832891062992126
 31
0
  0
LINE
  5
513
330
1B
100
AcDbEntity
  8
B.Silkscreen
  6
CONTINUOUS
100
AcDbLine
 10
2.282560590551181
 20
-1.832891062992126
 30
0
 11
2.2812821653543307
 21
-1.8316126377952755
 31
0
  0
LINE
  5
514
330
1B
100
AcDbEntity
  8
B.Silkscreen
  6
CONTINUOUS
100
AcDbLine
 10
2.2812821653543307
 20
-1.8316126377952755
 30
0
 11
2.2812821653543307
 21
-1.8298046850393701
 31
0
  0
LINE
  5
515
330
1B
100
AcDbEntity
  8
B.Silkscreen
  6
CONTINUOUS
100
AcDbLine
 10
2.2812821653543307
 20
-1.8298046850393701
 30
0
 11
2.282560590551181
 21
-1.8285262598425196
 31
0
  0
LINE
  5
516
330
1B
100
AcDbEntity
  8
B.Silkscreen
  6
CONTINUOUS
100
AcDbLine
 10
2.282560590551181
 20
-1.8285262598425196
 30
0
 11
2.2834645669291338
 21
-1.8283464566929133
 31
0
  0
LINE
  5
517
330
1B
100
AcDbEntity
  8
B.Silkscreen
  6
CONTINUOUS
100
AcDbLine
 10
2.2834645669291338
 20
-1.8283464566929133
 30
0
 11
2.4606299212598426
 21
-1.8283464566929133
 31
0
  0
LINE
  5
518
330
1B
100
AcDbEntity
  8
B.Silkscreen
  6
CONTINUOUS
100
AcDbLine
 10
2.4606299212598426
 20
-1.8283464566929133
 30
0
 11
2.4615338976377954
 21
-1.8285262598425196
 31
0
  0
LINE
  5
519
330
1B
100
AcDbEntity
  8
B.Silkscreen
  6
CONTINUOUS
100
AcDbLine
 10
2.3310891338582675
 20
-1.7669787401574804
 30
0
 11
2.3313784251968501
 21
-1.7669787401574804
 31
0
  0
LINE
  5
51A
330
1B
100
AcDbEntity
  8
B.Silkscreen
  6
CONTINUOUS
100
AcDbLine
 10
2.3313784251968501
 20
-1.7669787401574804
 30
0
 11
2.3316485039370076
 21
-1.7670905905511811
 31
0
  0
LINE
  5
51B
330
1B
100
AcDbEntity
  8
B.Silkscreen
  6
CONTINUOUS
100
AcDbLine
 10
2.3316485039370076
 20
-1.7670905905511811
 30
0
 11
2.3319351574803151
 21
-1.7671479527559055
 31
0
  0
LINE
  5
51C
330
1B
100
AcDbEntity
  8
B.Silkscreen
  6
CONTINUOUS
100
AcDbLine
 10
2.3319351574803151
 20
-1.7671479527559055
 30
0
 11
2.3321755118110237
 21
-1.7673088976377953
 31
0
  0
LINE
  5
51D
330
1B
100
AcDbEntity
  8
B.Silkscreen
  6
CONTINUOUS
100
AcDbLine
 10
2.3321755118110237
 20
-1.7673088976377953
 30
0
 11
2.3324428346456694
 21
-1.7674196456692912
 31
0
  0
LINE
  5
51E
330
1B
100
AcDbEntity
  8
B.Silkscreen
  6
CONTINUOUS
100
AcDbLine
 10
2.3324428346456694
 20
-1.7674196456692912
 30
0
 11
2.3326495275590551
 21
-1.7676263385826771
 31
0
  0
LINE
  5
51F
330
1B
100
AcDbEntity
  8
B.Silkscreen
  6
CONTINUOUS
100
AcDbLine
 10
2.3326495275590551
 20
-1.7676263385826771
 30
0
 11
2.3328924409448817
 21
-1.7677890157480314
 31
0
  0
LINE
  5
520
330
1B
100
AcDbEntity
  8
B.Silkscreen
  6
CONTINUOUS
100
AcDbLine
 10
2.3328924409448817
 20
-1.7677890157480314
 30
0
 11
2.3332554330708661
 21
-1.7682322440944882
 31
0
  0
LINE
  5
521
330
1B
100
AcDbEntity
  8
B.Silkscreen
  6
CONTINUOUS
100
AcDbLine
 10
2.3332554330708661
 20
-1.7682322440944882
 30
0
 11
2.3332574803149604
 21
-1.7682342913385827
 31
0
  0
LINE
  5
522
330
1B
100
AcDbEntity
  8
B.Silkscreen
  6
CONTINUOUS
100
AcDbLine
 10
2.3332574803149604
 20
-1.7682342913385827
 30
0
 11
2.3332578346456692
 21
-1.768235157480315
 31
0
  0
LINE
  5
523
330
1B
100
AcDbEntity
  8
B.Silkscreen
  6
CONTINUOUS
100
AcDbLine
 10
2.3332578346456692
 20
-1.768235157480315
 30
0
 11
2.3332592125984251
 21
-1.7682368503937007
 31
0
  0
LINE
  5
524
330
1B
100
AcDbEntity
  8
B.Silkscreen
  6
CONTINUOUS
100
AcDbLine
 10
2.3332592125984251
 20
-1.7682368503937007
 30
0
 11
2.3368465354330707
 21
-1.773617874015748
 31
0
  0
LINE
  5
525
330
1B
100
AcDbEntity
  8
B.Silkscreen
  6
CONTINUOUS
100
AcDbLine
 10
2.3368465354330707
 20
-1.773617874015748
 30
0
 11
2.3400505118110235
 21
-1.7768218503937008
 31
0
  0
LINE
  5
526
330
1B
100
AcDbEntity
  8
B.Silkscreen
  6
CONTINUOUS
100
AcDbLine
 10
2.3400505118110235
 20
-1.7768218503937008
 30
0
 11
2.3433714566929131
 21
-1.7784823228346456
 31
0
  0
LINE
  5
527
330
1B
100
AcDbEntity
  8
B.Silkscreen
  6
CONTINUOUS
100
AcDbLine
 10
2.3433714566929131
 20
-1.7784823228346456
 30
0
 11
2.343861338582677
 21
-1.7787906692913384
 31
0
  0
LINE
  5
528
330
1B
100
AcDbEntity
  8
B.Silkscreen
  6
CONTINUOUS
100
AcDbLine
 10
2.343861338582677
 20
-1.7787906692913384
 30
0
 11
2.3446161811023623
 21
-1.7796610629921259
 31
0
  0
LINE
  5
529
330
1B
100
AcDbEntity
  8
B.Silkscreen
  6
CONTINUOUS
100
AcDbLine
 10
2.3446161811023623
 20
-1.7796610629921259
 30
0
 11
2.3449805118110234
 21
-1.7807540157480315
 31
0
  0
LINE
  5
52A
330
1B
100
AcDbEntity
  8
B.Silkscreen
  6
CONTINUOUS
100
AcDbLine
 10
2.3449805118110234
 20
-1.7807540157480315
 30
0
 11
2.3448988582677166
 21
-1.7819032283464566
 31
0
  0
LINE
  5
52B
330
1B
100
AcDbEntity
  8
B.Silkscreen
  6
CONTINUOUS
100
AcDbLine
 10
2.3448988582677166
 20
-1.7819032283464566
 30
0
 11
2.3443835826771653
 21
-1.7829337401574803
 31
0
  0
LINE
  5
52C
330
1B
100
AcDbEntity
  8
B.Silkscreen
  6
CONTINUOUS
100
AcDbLine
 10
2.3443835826771653
 20
-1.7829337401574803
 30
0
 11
2.3435132283464566
 21
-1.7836885826771653
 31
0
  0
LINE
  5
52D
330
1B
100
AcDbEntity
  8
B.Silkscreen
  6
CONTINUOUS
100
AcDbLine
 10
2.3435132283464566
 20
-1.7836885826771653
 30
0
 11
2.3424202362204722
 21
-1.7840529133858267
 31
0
  0
LINE
  5
52E
330
1B
100
AcDbEntity
  8
B.Silkscreen
  6
CONTINUOUS
100
AcDbLine
 10
2.3424202362204722
 20
-1.7840529133858267
 30
0
 11
2.3412710236220473
 21
-1.7839712598425197
 31
0
  0
LINE
  5
52F
330
1B
100
AcDbEntity
  8
B.Silkscreen
  6
CONTINUOUS
100
AcDbLine
 10
2.3412710236220473
 20
-1.7839712598425197
 30
0
 11
2.340730433070866
 21
-1.7837643700787402
 31
0
  0
LINE
  5
530
330
1B
100
AcDbEntity
  8
B.Silkscreen
  6
CONTINUOUS
100
AcDbLine
 10
2.340730433070866
 20
-1.7837643700787402
 30
0
 11
2.3369809055118109
 21
-1.7818896062992124
 31
0
  0
LINE
  5
531
330
1B
100
AcDbEntity
  8
B.Silkscreen
  6
CONTINUOUS
100
AcDbLine
 10
2.3369809055118109
 20
-1.7818896062992124
 30
0
 11
2.3367330708661416
 21
-1.7817335826771654
 31
0
  0
LINE
  5
532
330
1B
100
AcDbEntity
  8
B.Silkscreen
  6
CONTINUOUS
100
AcDbLine
 10
2.3367330708661416
 20
-1.7817335826771654
 30
0
 11
2.3366609448818898
 21
-1.7817037401574802
 31
0
  0
LINE
  5
533
330
1B
100
AcDbEntity
  8
B.Silkscreen
  6
CONTINUOUS
100
AcDbLine
 10
2.3366609448818898
 20
-1.7817037401574802
 30
0
 11
2.3365797637795276
 21
-1.7816371259842518
 31
0
  0
LINE
  5
534
330
1B
100
AcDbEntity
  8
B.Silkscreen
  6
CONTINUOUS
100
AcDbLine
 10
2.3365797637795276
 20
-1.7816371259842518
 30
0
 11
2.3364910236220471
 21
-1.7815812598425196
 31
0
  0
LINE
  5
535
330
1B
100
AcDbEntity
  8
B.Silkscreen
  6
CONTINUOUS
100
AcDbLine
 10
2.3364910236220471
 20
-1.7815812598425196
 30
0
 11
2.3364398818897638
 21
-1.7815223228346457
 31
0
  0
LINE
  5
536
330
1B
100
AcDbEntity
  8
B.Silkscreen
  6
CONTINUOUS
100
AcDbLine
 10
2.3364398818897638
 20
-1.7815223228346457
 30
0
 11
2.336213503937008
 21
-1.781336496062992
 31
0
  0
LINE
  5
537
330
1B
100
AcDbEntity
  8
B.Silkscreen
  6
CONTINUOUS
100
AcDbLine
 10
2.336213503937008
 20
-1.781336496062992
 30
0
 11
2.3337551181102363
 21
-1.7788781102362203
 31
0
  0
LINE
  5
538
330
1B
100
AcDbEntity
  8
B.Silkscreen
  6
CONTINUOUS
100
AcDbLine
 10
2.3337551181102363
 20
-1.7788781102362203
 30
0
 11
2.3337551181102363
 21
-1.8062920866141732
 31
0
  0
LINE
  5
539
330
1B
100
AcDbEntity
  8
B.Silkscreen
  6
CONTINUOUS
100
AcDbLine
 10
2.3337551181102363
 20
-1.8062920866141732
 30
0
 11
2.3420509448818896
 21
-1.8062920866141732
 31
0
  0
LINE
  5
53A
330
1B
100
AcDbEntity
  8
B.Silkscreen
  6
CONTINUOUS
100
AcDbLine
 10
2.3420509448818896
 20
-1.8062920866141732
 30
0
 11
2.3426270078740159
 21
-1.8063488188976378
 31
0
  0
LINE
  5
53B
330
1B
100
AcDbEntity
  8
B.Silkscreen
  6
CONTINUOUS
100
AcDbLine
 10
2.3426270078740159
 20
-1.8063488188976378
 30
0
 11
2.3436914173228347
 21
-1.8067897244094488
 31
0
  0
LINE
  5
53C
330
1B
100
AcDbEntity
  8
B.Silkscreen
  6
CONTINUOUS
100
AcDbLine
 10
2.3436914173228347
 20
-1.8067897244094488
 30
0
 11
2.3445060629921257
 21
-1.8076043700787401
 31
0
  0
LINE
  5
53D
330
1B
100
AcDbEntity
  8
B.Silkscreen
  6
CONTINUOUS
100
AcDbLine
 10
2.3445060629921257
 20
-1.8076043700787401
 30
0
 11
2.3449469685039368
 21
-1.8086687795275591
 31
0
  0
LINE
  5
53E
330
1B
100
AcDbEntity
  8
B.Silkscreen
  6
CONTINUOUS
100
AcDbLine
 10
2.3449469685039368
 20
-1.8086687795275591
 30
0
 11
2.3449469685039368
 21
-1.8098209055118111
 31
0
  0
LINE
  5
53F
330
1B
100
AcDbEntity
  8
B.Silkscreen
  6
CONTINUOUS
100
AcDbLine
 10
2.3449469685039368
 20
-1.8098209055118111
 30
0
 11
2.3445060629921257
 21
-1.8108853149606299
 31
0
  0
LINE
  5
540
330
1B
100
AcDbEntity
  8
B.Silkscreen
  6
CONTINUOUS
100
AcDbLine
 10
2.3445060629921257
 20
-1.8108853149606299
 30
0
 11
2.3436914173228347
 21
-1.8116999606299211
 31
0
  0
LINE
  5
541
330
1B
100
AcDbEntity
  8
B.Silkscreen
  6
CONTINUOUS
100
AcDbLine
 10
2.3436914173228347
 20
-1.8116999606299211
 30
0
 11
2.3426270078740159
 21
-1.8121408661417322
 31
0
  0
LINE
  5
542
330
1B
100
AcDbEntity
  8
B.Silkscreen
  6
CONTINUOUS
100
AcDbLine
 10
2.3426270078740159
 20
-1.8121408661417322
 30
0
 11
2.3420509448818896
 21
-1.8121975984251968
 31
0
  0
LINE
  5
543
330
1B
100
AcDbEntity
  8
B.Silkscreen
  6
CONTINUOUS
100
AcDbLine
 10
2.3420509448818896
 20
-1.8121975984251968
 30
0
 11
2.3195537795275589
 21
-1.8121975984251968
 31
0
  0
LINE
  5
544
330
1B
100
AcDbEntity
  8
B.Silkscreen
  6
CONTINUOUS
100
AcDbLine
 10
2.3195537795275589
 20
-1.8121975984251968
 30
0
 11
2.3189777165354331
 21
-1.8121408661417322
 31
0
  0
LINE
  5
545
330
1B
100
AcDbEntity
  8
B.Silkscreen
  6
CONTINUOUS
100
AcDbLine
 10
2.3189777165354331
 20
-1.8121408661417322
 30
0
 11
2.3179133070866142
 21
-1.8116999606299211
 31
0
  0
LINE
  5
546
330
1B
100
AcDbEntity
  8
B.Silkscreen
  6
CONTINUOUS
100
AcDbLine
 10
2.3179133070866142
 20
-1.8116999606299211
 30
0
 11
2.3170986614173228
 21
-1.8108853149606299
 31
0
  0
LINE
  5
547
330
1B
100
AcDbEntity
  8
B.Silkscreen
  6
CONTINUOUS
100
AcDbLine
 10
2.3170986614173228
 20
-1.8108853149606299
 30
0
 11
2.3166577559055117
 21
-1.8098209055118111
 31
0
  0
LINE
  5
548
330
1B
100
AcDbEntity
  8
B.Silkscreen
  6
CONTINUOUS
100
AcDbLine
 10
2.3166577559055117
 20
-1.8098209055118111
 30
0
 11
2.3166577559055117
 21
-1.8086687795275591
 31
0
  0
LINE
  5
549
330
1B
100
AcDbEntity
  8
B.Silkscreen
  6
CONTINUOUS
100
AcDbLine
 10
2.3166577559055117
 20
-1.8086687795275591
 30
0
 11
2.3170986614173228
 21
-1.8076043700787401
 31
0
  0
LINE
  5
54A
330
1B
100
AcDbEntity
  8
B.Silkscreen
  6
CONTINUOUS
100
AcDbLine
 10
2.3170986614173228
 20
-1.8076043700787401
 30
0
 11
2.3179133070866142
 21
-1.8067897244094488
 31
0
  0
LINE
  5
54B
330
1B
100
AcDbEntity
  8
B.Silkscreen
  6
CONTINUOUS
100
AcDbLine
 10
2.3179133070866142
 20
-1.8067897244094488
 30
0
 11
2.3189777165354331
 21
-1.8063488188976378
 31
0
  0
LINE
  5
54C
330
1B
100
AcDbEntity
  8
B.Silkscreen
  6
CONTINUOUS
100
AcDbLine
 10
2.3189777165354331
 20
-1.8063488188976378
 30
0
 11
2.3195537795275589
 21
-1.8062920866141732
 31
0
  0
LINE
  5
54D
330
1B
100
AcDbEntity
  8
B.Silkscreen
  6
CONTINUOUS
100
AcDbLine
 10
2.3195537795275589
 20
-1.8062920866141732
 30
0
 11
2.3278496062992127
 21
-1.8062920866141732
 31
0
  0
LINE
  5
54E
330
1B
100
AcDbEntity
  8
B.Silkscreen
  6
CONTINUOUS
100
AcDbLine
 10
2.3278496062992127
 20
-1.8062920866141732
 30
0
 11
2.3278496062992127
 21
-1.7698747637795276
 31
0
  0
LINE
  5
54F
330
1B
100
AcDbEntity
  8
B.Silkscreen
  6
CONTINUOUS
100
AcDbLine
 10
2.3278496062992127
 20
-1.7698747637795276
 30
0
 11
2.3278498031496064
 21
-1.7698726771653543
 31
0
  0
LINE
  5
550
330
1B
100
AcDbEntity
  8
B.Silkscreen
  6
CONTINUOUS
100
AcDbLine
 10
2.3278498031496064
 20
-1.7698726771653543
 30
0
 11
2.3278496062992127
 21
-1.769871653543307
 31
0
  0
LINE
  5
551
330
1B
100
AcDbEntity
  8
B.Silkscreen
  6
CONTINUOUS
100
AcDbLine
 10
2.3278496062992127
 20
-1.769871653543307
 30
0
 11
2.3278501968503935
 21
-1.7698686220472442
 31
0
  0
LINE
  5
552
330
1B
100
AcDbEntity
  8
B.Silkscreen
  6
CONTINUOUS
100
AcDbLine
 10
2.3278501968503935
 20
-1.7698686220472442
 30
0
 11
2.327906338582677
 21
-1.7692987007874015
 31
0
  0
LINE
  5
553
330
1B
100
AcDbEntity
  8
B.Silkscreen
  6
CONTINUOUS
100
AcDbLine
 10
2.327906338582677
 20
-1.7692987007874015
 30
0
 11
2.3280181889763778
 21
-1.7690285826771652
 31
0
  0
LINE
  5
554
330
1B
100
AcDbEntity
  8
B.Silkscreen
  6
CONTINUOUS
100
AcDbLine
 10
2.3280181889763778
 20
-1.7690285826771652
 30
0
 11
2.3280755511811022
 21
-1.7687419685039369
 31
0
  0
LINE
  5
555
330
1B
100
AcDbEntity
  8
B.Silkscreen
  6
CONTINUOUS
100
AcDbLine
 10
2.3280755511811022
 20
-1.7687419685039369
 30
0
 11
2.328236496062992
 21
-1.7685015748031496
 31
0
  0
LINE
  5
556
330
1B
100
AcDbEntity
  8
B.Silkscreen
  6
CONTINUOUS
100
AcDbLine
 10
2.328236496062992
 20
-1.7685015748031496
 30
0
 11
2.3283472440944881
 21
-1.7682342913385827
 31
0
  0
LINE
  5
557
330
1B
100
AcDbEntity
  8
B.Silkscreen
  6
CONTINUOUS
100
AcDbLine
 10
2.3283472440944881
 20
-1.7682342913385827
 30
0
 11
2.3285539370078738
 21
-1.768027559055118
 31
0
  0
LINE
  5
558
330
1B
100
AcDbEntity
  8
B.Silkscreen
  6
CONTINUOUS
100
AcDbLine
 10
2.3285539370078738
 20
-1.768027559055118
 30
0
 11
2.3287166141732283
 21
-1.7677846850393701
 31
0
  0
LINE
  5
559
330
1B
100
AcDbEntity
  8
B.Silkscreen
  6
CONTINUOUS
100
AcDbLine
 10
2.3287166141732283
 20
-1.7677846850393701
 30
0
 11
2.3289573228346456
 21
-1.7676241732283464
 31
0
  0
LINE
  5
55A
330
1B
100
AcDbEntity
  8
B.Silkscreen
  6
CONTINUOUS
100
AcDbLine
 10
2.3289573228346456
 20
-1.7676241732283464
 30
0
 11
2.3291618897637796
 21
-1.7674196456692912
 31
0
  0
LINE
  5
55B
330
1B
100
AcDbEntity
  8
B.Silkscreen
  6
CONTINUOUS
100
AcDbLine
 10
2.3291618897637796
 20
-1.7674196456692912
 30
0
 11
2.3294319685039371
 21
-1.7673077559055117
 31
0
  0
LINE
  5
55C
330
1B
100
AcDbEntity
  8
B.Silkscreen
  6
CONTINUOUS
100
AcDbLine
 10
2.3294319685039371
 20
-1.7673077559055117
 30
0
 11
2.3296752362204725
 21
-1.767145590551181
 31
0
  0
LINE
  5
55D
330
1B
100
AcDbEntity
  8
B.Silkscreen
  6
CONTINUOUS
100
AcDbLine
 10
2.3296752362204725
 20
-1.767145590551181
 30
0
 11
2.3299590157480314
 21
-1.7670894488188975
 31
0
  0
LINE
  5
55E
330
1B
100
AcDbEntity
  8
B.Silkscreen
  6
CONTINUOUS
100
AcDbLine
 10
2.3299590157480314
 20
-1.7670894488188975
 30
0
 11
2.3302262992125984
 21
-1.7669787401574804
 31
0
  0
LINE
  5
55F
330
1B
100
AcDbEntity
  8
B.Silkscreen
  6
CONTINUOUS
100
AcDbLine
 10
2.3302262992125984
 20
-1.7669787401574804
 30
0
 11
2.3305187007874015
 21
-1.7669787401574804
 31
0
  0
LINE
  5
560
330
1B
100
AcDbEntity
  8
B.Silkscreen
  6
CONTINUOUS
100
AcDbLine
 10
2.3305187007874015
 20
-1.7669787401574804
 30
0
 11
2.3308054724409448
 21
-1.7669220078740158
 31
0
  0
LINE
  5
561
330
1B
100
AcDbEntity
  8
B.Silkscreen
  6
CONTINUOUS
100
AcDbLine
 10
2.3308054724409448
 20
-1.7669220078740158
 30
0
 11
2.3310891338582675
 21
-1.7669787401574804
 31
0
  0
LINE
  5
562
330
1B
100
AcDbEntity
  8
B.Silkscreen
  6
CONTINUOUS
100
AcDbLine
 10
2.4176176377952756
 20
-1.7669787401574804
 30
0
 11
2.4177156299212599
 21
-1.7670193307086615
 31
0
  0
LINE
  5
563
330
1B
100
AcDbEntity
  8
B.Silkscreen
  6
CONTINUOUS
100
AcDbLine
 10
2.4177156299212599
 20
-1.7670193307086615
 30
0
 11
2.4178214566929133
 21
-1.7670268503937008
 31
0
  0
LINE
  5
564
330
1B
100
AcDbEntity
  8
B.Silkscreen
  6
CONTINUOUS
100
AcDbLine
 10
2.4178214566929133
 20
-1.7670268503937008
 30
0
 11
2.4183620866141733
 21
-1.7672337401574802
 31
0
  0
LINE
  5
565
330
1B
100
AcDbEntity
  8
B.Silkscreen
  6
CONTINUOUS
100
AcDbLine
 10
2.4183620866141733
 20
-1.7672337401574802
 30
0
 11
2.4221116141732284
 21
-1.7691085039370078
 31
0
  0
LINE
  5
566
330
1B
100
AcDbEntity
  8
B.Silkscreen
  6
CONTINUOUS
100
AcDbLine
 10
2.4221116141732284
 20
-1.7691085039370078
 30
0
 11
2.4223596062992128
 21
-1.7692645669291338
 31
0
  0
LINE
  5
567
330
1B
100
AcDbEntity
  8
B.Silkscreen
  6
CONTINUOUS
100
AcDbLine
 10
2.4223596062992128
 20
-1.7692645669291338
 30
0
 11
2.4224315748031495
 21
-1.7692944094488188
 31
0
  0
LINE
  5
568
330
1B
100
AcDbEntity
  8
B.Silkscreen
  6
CONTINUOUS
100
AcDbLine
 10
2.4224315748031495
 20
-1.7692944094488188
 30
0
 11
2.4225125196850392
 21
-1.7693608661417322
 31
0
  0
LINE
  5
569
330
1B
100
AcDbEntity
  8
B.Silkscreen
  6
CONTINUOUS
100
AcDbLine
 10
2.4225125196850392
 20
-1.7693608661417322
 30
0
 11
2.4226014960629922
 21
-1.7694168503937007
 31
0
  0
LINE
  5
56A
330
1B
100
AcDbEntity
  8
B.Silkscreen
  6
CONTINUOUS
100
AcDbLine
 10
2.4226014960629922
 20
-1.7694168503937007
 30
0
 11
2.4226526377952755
 21
-1.7694758267716535
 31
0
  0
LINE
  5
56B
330
1B
100
AcDbEntity
  8
B.Silkscreen
  6
CONTINUOUS
100
AcDbLine
 10
2.4226526377952755
 20
-1.7694758267716535
 30
0
 11
2.4228790157480313
 21
-1.7696616141732282
 31
0
  0
LINE
  5
56C
330
1B
100
AcDbEntity
  8
B.Silkscreen
  6
CONTINUOUS
100
AcDbLine
 10
2.4228790157480313
 20
-1.7696616141732282
 30
0
 11
2.4247537795275589
 21
-1.7715363779527558
 31
0
  0
LINE
  5
56D
330
1B
100
AcDbEntity
  8
B.Silkscreen
  6
CONTINUOUS
100
AcDbLine
 10
2.4247537795275589
 20
-1.7715363779527558
 30
0
 11
2.4249395275590548
 21
-1.771762716535433
 31
0
  0
LINE
  5
56E
330
1B
100
AcDbEntity
  8
B.Silkscreen
  6
CONTINUOUS
100
AcDbLine
 10
2.4249395275590548
 20
-1.771762716535433
 30
0
 11
2.4249985433070864
 21
-1.7718138976377953
 31
0
  0
LINE
  5
56F
330
1B
100
AcDbEntity
  8
B.Silkscreen
  6
CONTINUOUS
100
AcDbLine
 10
2.4249985433070864
 20
-1.7718138976377953
 30
0
 11
2.4250544881889762
 21
-1.7719028346456693
 31
0
  0
LINE
  5
570
330
1B
100
AcDbEntity
  8
B.Silkscreen
  6
CONTINUOUS
100
AcDbLine
 10
2.4250544881889762
 20
-1.7719028346456693
 30
0
 11
2.4251209842519685
 21
-1.7719838188976378
 31
0
  0
LINE
  5
571
330
1B
100
AcDbEntity
  8
B.Silkscreen
  6
CONTINUOUS
100
AcDbLine
 10
2.4251209842519685
 20
-1.7719838188976378
 30
0
 11
2.425150787401575
 21
-1.772055748031496
 31
0
  0
LINE
  5
572
330
1B
100
AcDbEntity
  8
B.Silkscreen
  6
CONTINUOUS
100
AcDbLine
 10
2.425150787401575
 20
-1.772055748031496
 30
0
 11
2.4253068897637795
 21
-1.7723037795275589
 31
0
  0
LINE
  5
573
330
1B
100
AcDbEntity
  8
B.Silkscreen
  6
CONTINUOUS
100
AcDbLine
 10
2.4253068897637795
 20
-1.7723037795275589
 30
0
 11
2.4271816535433071
 21
-1.7760533070866142
 31
0
  0
LINE
  5
574
330
1B
100
AcDbEntity
  8
B.Silkscreen
  6
CONTINUOUS
100
AcDbLine
 10
2.4271816535433071
 20
-1.7760533070866142
 30
0
 11
2.4273885433070865
 21
-1.7765938976377953
 31
0
  0
LINE
  5
575
330
1B
100
AcDbEntity
  8
B.Silkscreen
  6
CONTINUOUS
100
AcDbLine
 10
2.4273885433070865
 20
-1.7765938976377953
 30
0
 11
2.4273960629921261
 21
-1.7766997637795274
 31
0
  0
LINE
  5
576
330
1B
100
AcDbEntity
  8
B.Silkscreen
  6
CONTINUOUS
100
AcDbLine
 10
2.4273960629921261
 20
-1.7766997637795274
 30
0
 11
2.4274366535433072
 21
-1.7767977559055117
 31
0
  0
LINE
  5
577
330
1B
100
AcDbEntity
  8
B.Silkscreen
  6
CONTINUOUS
100
AcDbLine
 10
2.4274366535433072
 20
-1.7767977559055117
 30
0
 11
2.4274933858267715
 21
-1.7773738188976378
 31
0
  0
LINE
  5
578
330
1B
100
AcDbEntity
  8
B.Silkscreen
  6
CONTINUOUS
100
AcDbLine
 10
2.4274933858267715
 20
-1.7773738188976378
 30
0
 11
2.4274933858267715
 21
-1.7811233464566929
 31
0
  0
LINE
  5
579
330
1B
100
AcDbEntity
  8
B.Silkscreen
  6
CONTINUOUS
100
AcDbLine
 10
2.4274933858267715
 20
-1.7811233464566929
 30
0
 11
2.4274366535433072
 21
-1.7816994094488188
 31
0
  0
LINE
  5
57A
330
1B
100
AcDbEntity
  8
B.Silkscreen
  6
CONTINUOUS
100
AcDbLine
 10
2.4274366535433072
 20
-1.7816994094488188
 30
0
 11
2.4273960629921261
 21
-1.7817973622047243
 31
0
  0
LINE
  5
57B
330
1B
100
AcDbEntity
  8
B.Silkscreen
  6
CONTINUOUS
100
AcDbLine
 10
2.4273960629921261
 20
-1.7817973622047243
 30
0
 11
2.4273885433070865
 21
-1.7819032677165354
 31
0
  0
LINE
  5
57C
330
1B
100
AcDbEntity
  8
B.Silkscreen
  6
CONTINUOUS
100
AcDbLine
 10
2.4273885433070865
 20
-1.7819032677165354
 30
0
 11
2.4271816535433071
 21
-1.7824438582677165
 31
0
  0
LINE
  5
57D
330
1B
100
AcDbEntity
  8
B.Silkscreen
  6
CONTINUOUS
100
AcDbLine
 10
2.4271816535433071
 20
-1.7824438582677165
 30
0
 11
2.4253068897637795
 21
-1.7861933858267716
 31
0
  0
LINE
  5
57E
330
1B
100
AcDbEntity
  8
B.Silkscreen
  6
CONTINUOUS
100
AcDbLine
 10
2.4253068897637795
 20
-1.7861933858267716
 30
0
 11
2.425150787401575
 21
-1.7864413779527559
 31
0
  0
LINE
  5
57F
330
1B
100
AcDbEntity
  8
B.Silkscreen
  6
CONTINUOUS
100
AcDbLine
 10
2.425150787401575
 20
-1.7864413779527559
 30
0
 11
2.4251209842519685
 21
-1.7865133464566929
 31
0
  0
LINE
  5
580
330
1B
100
AcDbEntity
  8
B.Silkscreen
  6
CONTINUOUS
100
AcDbLine
 10
2.4251209842519685
 20
-1.7865133464566929
 30
0
 11
2.4250544881889762
 21
-1.7865942913385826
 31
0
  0
LINE
  5
581
330
1B
100
AcDbEntity
  8
B.Silkscreen
  6
CONTINUOUS
100
AcDbLine
 10
2.4250544881889762
 20
-1.7865942913385826
 30
0
 11
2.4249985433070864
 21
-1.7866832677165354
 31
0
  0
LINE
  5
582
330
1B
100
AcDbEntity
  8
B.Silkscreen
  6
CONTINUOUS
100
AcDbLine
 10
2.4249985433070864
 20
-1.7866832677165354
 30
0
 11
2.4249395275590548
 21
-1.7867344094488189
 31
0
  0
LINE
  5
583
330
1B
100
AcDbEntity
  8
B.Silkscreen
  6
CONTINUOUS
100
AcDbLine
 10
2.4249395275590548
 20
-1.7867344094488189
 30
0
 11
2.4247537795275589
 21
-1.7869607874015747
 31
0
  0
LINE
  5
584
330
1B
100
AcDbEntity
  8
B.Silkscreen
  6
CONTINUOUS
100
AcDbLine
 10
2.4247537795275589
 20
-1.7869607874015747
 30
0
 11
2.4228790157480313
 21
-1.7888355511811023
 31
0
  0
LINE
  5
585
330
1B
100
AcDbEntity
  8
B.Silkscreen
  6
CONTINUOUS
100
AcDbLine
 10
2.4228790157480313
 20
-1.7888355511811023
 30
0
 11
2.4226526377952755
 21
-1.7890212992125984
 31
0
  0
LINE
  5
586
330
1B
100
AcDbEntity
  8
B.Silkscreen
  6
CONTINUOUS
100
AcDbLine
 10
2.4226526377952755
 20
-1.7890212992125984
 30
0
 11
2.4226014960629922
 21
-1.7890803149606298
 31
0
  0
LINE
  5
587
330
1B
100
AcDbEntity
  8
B.Silkscreen
  6
CONTINUOUS
100
AcDbLine
 10
2.4226014960629922
 20
-1.7890803149606298
 30
0
 11
2.4225125196850392
 21
-1.7891362598425196
 31
0
  0
LINE
  5
588
330
1B
100
AcDbEntity
  8
B.Silkscreen
  6
CONTINUOUS
100
AcDbLine
 10
2.4225125196850392
 20
-1.7891362598425196
 30
0
 11
2.4224315748031495
 21
-1.7892027559055117
 31
0
  0
LINE
  5
589
330
1B
100
AcDbEntity
  8
B.Silkscreen
  6
CONTINUOUS
100
AcDbLine
 10
2.4224315748031495
 20
-1.7892027559055117
 30
0
 11
2.4223596062992128
 21
-1.7892325590551181
 31
0
  0
LINE
  5
58A
330
1B
100
AcDbEntity
  8
B.Silkscreen
  6
CONTINUOUS
100
AcDbLine
 10
2.4223596062992128
 20
-1.7892325590551181
 30
0
 11
2.4221116141732284
 21
-1.7893886614173229
 31
0
  0
LINE
  5
58B
330
1B
100
AcDbEntity
  8
B.Silkscreen
  6
CONTINUOUS
100
AcDbLine
 10
2.4221116141732284
 20
-1.7893886614173229
 30
0
 11
2.4183620866141733
 21
-1.7912634251968504
 31
0
  0
LINE
  5
58C
330
1B
100
AcDbEntity
  8
B.Silkscreen
  6
CONTINUOUS
100
AcDbLine
 10
2.4183620866141733
 20
-1.7912634251968504
 30
0
 11
2.4183199606299213
 21
-1.7912795275590552
 31
0
  0
LINE
  5
58D
330
1B
100
AcDbEntity
  8
B.Silkscreen
  6
CONTINUOUS
100
AcDbLine
 10
2.4183199606299213
 20
-1.7912795275590552
 30
0
 11
2.4183028346456692
 21
-1.7912922440944881
 31
0
  0
LINE
  5
58E
330
1B
100
AcDbEntity
  8
B.Silkscreen
  6
CONTINUOUS
100
AcDbLine
 10
2.4183028346456692
 20
-1.7912922440944881
 30
0
 11
2.4180608661417322
 21
-1.7913786614173228
 31
0
  0
LINE
  5
58F
330
1B
100
AcDbEntity
  8
B.Silkscreen
  6
CONTINUOUS
100
AcDbLine
 10
2.4180608661417322
 20
-1.7913786614173228
 30
0
 11
2.4178214566929133
 21
-1.7914703149606299
 31
0
  0
LINE
  5
590
330
1B
100
AcDbEntity
  8
B.Silkscreen
  6
CONTINUOUS
100
AcDbLine
 10
2.4178214566929133
 20
-1.7914703149606299
 30
0
 11
2.4178001968503935
 21
-1.7914718110236221
 31
0
  0
LINE
  5
591
330
1B
100
AcDbEntity
  8
B.Silkscreen
  6
CONTINUOUS
100
AcDbLine
 10
2.4178001968503935
 20
-1.7914718110236221
 30
0
 11
2.4177577165354331
 21
-1.7914870078740157
 31
0
  0
LINE
  5
592
330
1B
100
AcDbEntity
  8
B.Silkscreen
  6
CONTINUOUS
100
AcDbLine
 10
2.4177577165354331
 20
-1.7914870078740157
 30
0
 11
2.4105730708661417
 21
-1.7932831496062991
 31
0
  0
LINE
  5
593
330
1B
100
AcDbEntity
  8
B.Silkscreen
  6
CONTINUOUS
100
AcDbLine
 10
2.4105730708661417
 20
-1.7932831496062991
 30
0
 11
2.407542086614173
 21
-1.7947986614173228
 31
0
  0
LINE
  5
594
330
1B
100
AcDbEntity
  8
B.Silkscreen
  6
CONTINUOUS
100
AcDbLine
 10
2.407542086614173
 20
-1.7947986614173228
 30
0
 11
2.4063449606299212
 21
-1.7959957874015748
 31
0
  0
LINE
  5
595
330
1B
100
AcDbEntity
  8
B.Silkscreen
  6
CONTINUOUS
100
AcDbLine
 10
2.4063449606299212
 20
-1.7959957874015748
 30
0
 11
2.4049962204724409
 21
-1.7986932677165355
 31
0
  0
LINE
  5
596
330
1B
100
AcDbEntity
  8
B.Silkscreen
  6
CONTINUOUS
100
AcDbLine
 10
2.4049962204724409
 20
-1.7986932677165355
 30
0
 11
2.4049962204724409
 21
-1.8010487007874014
 31
0
  0
LINE
  5
597
330
1B
100
AcDbEntity
  8
B.Silkscreen
  6
CONTINUOUS
100
AcDbLine
 10
2.4049962204724409
 20
-1.8010487007874014
 30
0
 11
2.4063449606299212
 21
-1.8037461811023621
 31
0
  0
LINE
  5
598
330
1B
100
AcDbEntity
  8
B.Silkscreen
  6
CONTINUOUS
100
AcDbLine
 10
2.4063449606299212
 20
-1.8037461811023621
 30
0
 11
2.407542086614173
 21
-1.8049433464566929
 31
0
  0
LINE
  5
599
330
1B
100
AcDbEntity
  8
B.Silkscreen
  6
CONTINUOUS
100
AcDbLine
 10
2.407542086614173
 20
-1.8049433464566929
 30
0
 11
2.4102395669291337
 21
-1.8062920866141732
 31
0
  0
LINE
  5
59A
330
1B
100
AcDbEntity
  8
B.Silkscreen
  6
CONTINUOUS
100
AcDbLine
 10
2.4102395669291337
 20
-1.8062920866141732
 30
0
 11
2.4184372047244094
 21
-1.8062920866141732
 31
0
  0
LINE
  5
59B
330
1B
100
AcDbEntity
  8
B.Silkscreen
  6
CONTINUOUS
100
AcDbLine
 10
2.4184372047244094
 20
-1.8062920866141732
 30
0
 11
2.4236068503937007
 21
-1.8045688582677164
 31
0
  0
LINE
  5
59C
330
1B
100
AcDbEntity
  8
B.Silkscreen
  6
CONTINUOUS
100
AcDbLine
 10
2.4236068503937007
 20
-1.8045688582677164
 30
0
 11
2.4241712992125986
 21
-1.8044405118110236
 31
0
  0
LINE
  5
59D
330
1B
100
AcDbEntity
  8
B.Silkscreen
  6
CONTINUOUS
100
AcDbLine
 10
2.4241712992125986
 20
-1.8044405118110236
 30
0
 11
2.4253205118110235
 21
-1.8045222047244094
 31
0
  0
LINE
  5
59E
330
1B
100
AcDbEntity
  8
B.Silkscreen
  6
CONTINUOUS
100
AcDbLine
 10
2.4253205118110235
 20
-1.8045222047244094
 30
0
 11
2.4263509842519686
 21
-1.8050374015748032
 31
0
  0
LINE
  5
59F
330
1B
100
AcDbEntity
  8
B.Silkscreen
  6
CONTINUOUS
100
AcDbLine
 10
2.4263509842519686
 20
-1.8050374015748032
 30
0
 11
2.4271058661417322
 21
-1.8059077952755904
 31
0
  0
LINE
  5
5A0
330
1B
100
AcDbEntity
  8
B.Silkscreen
  6
CONTINUOUS
100
AcDbLine
 10
2.4271058661417322
 20
-1.8059077952755904
 30
0
 11
2.4274701968503938
 21
-1.8070007874015748
 31
0
  0
LINE
  5
5A1
330
1B
100
AcDbEntity
  8
B.Silkscreen
  6
CONTINUOUS
100
AcDbLine
 10
2.4274701968503938
 20
-1.8070007874015748
 30
0
 11
2.4273885039370078
 21
-1.8081499999999999
 31
0
  0
LINE
  5
5A2
330
1B
100
AcDbEntity
  8
B.Silkscreen
  6
CONTINUOUS
100
AcDbLine
 10
2.4273885039370078
 20
-1.8081499999999999
 30
0
 11
2.4268732677165352
 21
-1.8091804330708661
 31
0
  0
LINE
  5
5A3
330
1B
100
AcDbEntity
  8
B.Silkscreen
  6
CONTINUOUS
100
AcDbLine
 10
2.4268732677165352
 20
-1.8091804330708661
 30
0
 11
2.4260029133858265
 21
-1.8099353149606299
 31
0
  0
LINE
  5
5A4
330
1B
100
AcDbEntity
  8
B.Silkscreen
  6
CONTINUOUS
100
AcDbLine
 10
2.4260029133858265
 20
-1.8099353149606299
 30
0
 11
2.42547437007874
 21
-1.8101712992125985
 31
0
  0
LINE
  5
5A5
330
1B
100
AcDbEntity
  8
B.Silkscreen
  6
CONTINUOUS
100
AcDbLine
 10
2.42547437007874
 20
-1.8101712992125985
 30
0
 11
2.4198500787401573
 21
-1.812046062992126
 31
0
  0
LINE
  5
5A6
330
1B
100
AcDbEntity
  8
B.Silkscreen
  6
CONTINUOUS
100
AcDbLine
 10
2.4198500787401573
 20
-1.812046062992126
 30
0
 11
2.4195644881889762
 21
-1.8121109842519685
 31
0
  0
LINE
  5
5A7
330
1B
100
AcDbEntity
  8
B.Silkscreen
  6
CONTINUOUS
100
AcDbLine
 10
2.4195644881889762
 20
-1.8121109842519685
 30
0
 11
2.4194924015748032
 21
-1.8121408661417322
 31
0
  0
LINE
  5
5A8
330
1B
100
AcDbEntity
  8
B.Silkscreen
  6
CONTINUOUS
100
AcDbLine
 10
2.4194924015748032
 20
-1.8121408661417322
 30
0
 11
2.4193878740157482
 21
-1.8121511417322835
 31
0
  0
LINE
  5
5A9
330
1B
100
AcDbEntity
  8
B.Silkscreen
  6
CONTINUOUS
100
AcDbLine
 10
2.4193878740157482
 20
-1.8121511417322835
 30
0
 11
2.41928562992126
 21
-1.8121744094488188
 31
0
  0
LINE
  5
5AA
330
1B
100
AcDbEntity
  8
B.Silkscreen
  6
CONTINUOUS
100
AcDbLine
 10
2.41928562992126
 20
-1.8121744094488188
 30
0
 11
2.4192078740157479
 21
-1.8121688582677165
 31
0
  0
LINE
  5
5AB
330
1B
100
AcDbEntity
  8
B.Silkscreen
  6
CONTINUOUS
100
AcDbLine
 10
2.4192078740157479
 20
-1.8121688582677165
 30
0
 11
2.4189163385826773
 21
-1.8121975984251968
 31
0
  0
LINE
  5
5AC
330
1B
100
AcDbEntity
  8
B.Silkscreen
  6
CONTINUOUS
100
AcDbLine
 10
2.4189163385826773
 20
-1.8121975984251968
 30
0
 11
2.4095425196850395
 21
-1.8121975984251968
 31
0
  0
LINE
  5
5AD
330
1B
100
AcDbEntity
  8
B.Silkscreen
  6
CONTINUOUS
100
AcDbLine
 10
2.4095425196850395
 20
-1.8121975984251968
 30
0
 11
2.4089664566929132
 21
-1.8121408661417322
 31
0
  0
LINE
  5
5AE
330
1B
100
AcDbEntity
  8
B.Silkscreen
  6
CONTINUOUS
100
AcDbLine
 10
2.4089664566929132
 20
-1.8121408661417322
 30
0
 11
2.4088684645669289
 21
-1.8121002755905511
 31
0
  0
LINE
  5
5AF
330
1B
100
AcDbEntity
  8
B.Silkscreen
  6
CONTINUOUS
100
AcDbLine
 10
2.4088684645669289
 20
-1.8121002755905511
 30
0
 11
2.4087625984251968
 21
-1.8120927559055118
 31
0
  0
LINE
  5
5B0
330
1B
100
AcDbEntity
  8
B.Silkscreen
  6
CONTINUOUS
100
AcDbLine
 10
2.4087625984251968
 20
-1.8120927559055118
 30
0
 11
2.4082220078740155
 21
-1.8118858661417323
 31
0
  0
LINE
  5
5B1
330
1B
100
AcDbEntity
  8
B.Silkscreen
  6
CONTINUOUS
100
AcDbLine
 10
2.4082220078740155
 20
-1.8118858661417323
 30
0
 11
2.4044724803149604
 21
-1.8100111023622047
 31
0
  0
LINE
  5
5B2
330
1B
100
AcDbEntity
  8
B.Silkscreen
  6
CONTINUOUS
100
AcDbLine
 10
2.4044724803149604
 20
-1.8100111023622047
 30
0
 11
2.4042244488188977
 21
-1.809855
 31
0
  0
LINE
  5
5B3
330
1B
100
AcDbEntity
  8
B.Silkscreen
  6
CONTINUOUS
100
AcDbLine
 10
2.4042244488188977
 20
-1.809855
 30
0
 11
2.4041525196850393
 21
-1.8098251968503936
 31
0
  0
LINE
  5
5B4
330
1B
100
AcDbEntity
  8
B.Silkscreen
  6
CONTINUOUS
100
AcDbLine
 10
2.4041525196850393
 20
-1.8098251968503936
 30
0
 11
2.4040715354330708
 21
-1.8097587401574802
 31
0
  0
LINE
  5
5B5
330
1B
100
AcDbEntity
  8
B.Silkscreen
  6
CONTINUOUS
100
AcDbLine
 10
2.4040715354330708
 20
-1.8097587401574802
 30
0
 11
2.403982598425197
 21
-1.8097027559055117
 31
0
  0
LINE
  5
5B6
330
1B
100
AcDbEntity
  8
B.Silkscreen
  6
CONTINUOUS
100
AcDbLine
 10
2.403982598425197
 20
-1.8097027559055117
 30
0
 11
2.4039313779527558
 21
-1.8096437007874016
 31
0
  0
LINE
  5
5B7
330
1B
100
AcDbEntity
  8
B.Silkscreen
  6
CONTINUOUS
100
AcDbLine
 10
2.4039313779527558
 20
-1.8096437007874016
 30
0
 11
2.4037050393700787
 21
-1.8094579527559054
 31
0
  0
LINE
  5
5B8
330
1B
100
AcDbEntity
  8
B.Silkscreen
  6
CONTINUOUS
100
AcDbLine
 10
2.4037050393700787
 20
-1.8094579527559054
 30
0
 11
2.4018302755905512
 21
-1.8075831496062991
 31
0
  0
LINE
  5
5B9
330
1B
100
AcDbEntity
  8
B.Silkscreen
  6
CONTINUOUS
100
AcDbLine
 10
2.4018302755905512
 20
-1.8075831496062991
 30
0
 11
2.4016445275590552
 21
-1.807356811023622
 31
0
  0
LINE
  5
5BA
330
1B
100
AcDbEntity
  8
B.Silkscreen
  6
CONTINUOUS
100
AcDbLine
 10
2.4016445275590552
 20
-1.807356811023622
 30
0
 11
2.4015855511811024
 21
-1.8073056692913385
 31
0
  0
LINE
  5
5BB
330
1B
100
AcDbEntity
  8
B.Silkscreen
  6
CONTINUOUS
100
AcDbLine
 10
2.4015855511811024
 20
-1.8073056692913385
 30
0
 11
2.4015295669291339
 21
-1.8072167322834645
 31
0
  0
LINE
  5
5BC
330
1B
100
AcDbEntity
  8
B.Silkscreen
  6
CONTINUOUS
100
AcDbLine
 10
2.4015295669291339
 20
-1.8072167322834645
 30
0
 11
2.4014630708661415
 21
-1.8071357086614173
 31
0
  0
LINE
  5
5BD
330
1B
100
AcDbEntity
  8
B.Silkscreen
  6
CONTINUOUS
100
AcDbLine
 10
2.4014630708661415
 20
-1.8071357086614173
 30
0
 11
2.4014332283464568
 21
-1.8070636614173228
 31
0
  0
LINE
  5
5BE
330
1B
100
AcDbEntity
  8
B.Silkscreen
  6
CONTINUOUS
100
AcDbLine
 10
2.4014332283464568
 20
-1.8070636614173228
 30
0
 11
2.4012772047244093
 21
-1.8068157874015747
 31
0
  0
LINE
  5
5BF
330
1B
100
AcDbEntity
  8
B.Silkscreen
  6
CONTINUOUS
100
AcDbLine
 10
2.4012772047244093
 20
-1.8068157874015747
 30
0
 11
2.3994024409448818
 21
-1.8030662598425196
 31
0
  0
LINE
  5
5C0
330
1B
100
AcDbEntity
  8
B.Silkscreen
  6
CONTINUOUS
100
AcDbLine
 10
2.3994024409448818
 20
-1.8030662598425196
 30
0
 11
2.3991955511811023
 21
-1.8025256299212598
 31
0
  0
LINE
  5
5C1
330
1B
100
AcDbEntity
  8
B.Silkscreen
  6
CONTINUOUS
100
AcDbLine
 10
2.3991955511811023
 20
-1.8025256299212598
 30
0
 11
2.3991880314960627
 21
-1.8024198031496061
 31
0
  0
LINE
  5
5C2
330
1B
100
AcDbEntity
  8
B.Silkscreen
  6
CONTINUOUS
100
AcDbLine
 10
2.3991880314960627
 20
-1.8024198031496061
 30
0
 11
2.3991474409448816
 21
-1.8023218110236221
 31
0
  0
LINE
  5
5C3
330
1B
100
AcDbEntity
  8
B.Silkscreen
  6
CONTINUOUS
100
AcDbLine
 10
2.3991474409448816
 20
-1.8023218110236221
 30
0
 11
2.3990907086614173
 21
-1.801745748031496
 31
0
  0
LINE
  5
5C4
330
1B
100
AcDbEntity
  8
B.Silkscreen
  6
CONTINUOUS
100
AcDbLine
 10
2.3990907086614173
 20
-1.801745748031496
 30
0
 11
2.3990907086614173
 21
-1.7979962204724409
 31
0
  0
LINE
  5
5C5
330
1B
100
AcDbEntity
  8
B.Silkscreen
  6
CONTINUOUS
100
AcDbLine
 10
2.3990907086614173
 20
-1.7979962204724409
 30
0
 11
2.3991474409448816
 21
-1.797420157480315
 31
0
  0
LINE
  5
5C6
330
1B
100
AcDbEntity
  8
B.Silkscreen
  6
CONTINUOUS
100
AcDbLine
 10
2.3991474409448816
 20
-1.797420157480315
 30
0
 11
2.3991880314960627
 21
-1.797322125984252
 31
0
  0
LINE
  5
5C7
330
1B
100
AcDbEntity
  8
B.Silkscreen
  6
CONTINUOUS
100
AcDbLine
 10
2.3991880314960627
 20
-1.797322125984252
 30
0
 11
2.3991955511811023
 21
-1.7972163385826772
 31
0
  0
LINE
  5
5C8
330
1B
100
AcDbEntity
  8
B.Silkscreen
  6
CONTINUOUS
100
AcDbLine
 10
2.3991955511811023
 20
-1.7972163385826772
 30
0
 11
2.3994024409448818
 21
-1.7966757086614173
 31
0
  0
LINE
  5
5C9
330
1B
100
AcDbEntity
  8
B.Silkscreen
  6
CONTINUOUS
100
AcDbLine
 10
2.3994024409448818
 20
-1.7966757086614173
 30
0
 11
2.4012772047244093
 21
-1.7929261811023622
 31
0
  0
LINE
  5
5CA
330
1B
100
AcDbEntity
  8
B.Silkscreen
  6
CONTINUOUS
100
AcDbLine
 10
2.4012772047244093
 20
-1.7929261811023622
 30
0
 11
2.4014332677165355
 21
-1.7926781496062991
 31
0
  0
LINE
  5
5CB
330
1B
100
AcDbEntity
  8
B.Silkscreen
  6
CONTINUOUS
100
AcDbLine
 10
2.4014332677165355
 20
-1.7926781496062991
 30
0
 11
2.4014631102362203
 21
-1.7926062204724409
 31
0
  0
LINE
  5
5CC
330
1B
100
AcDbEntity
  8
B.Silkscreen
  6
CONTINUOUS
100
AcDbLine
 10
2.4014631102362203
 20
-1.7926062204724409
 30
0
 11
2.4015295669291339
 21
-1.7925252362204724
 31
0
  0
LINE
  5
5CD
330
1B
100
AcDbEntity
  8
B.Silkscreen
  6
CONTINUOUS
100
AcDbLine
 10
2.4015295669291339
 20
-1.7925252362204724
 30
0
 11
2.4015855511811024
 21
-1.7924362992125984
 31
0
  0
LINE
  5
5CE
330
1B
100
AcDbEntity
  8
B.Silkscreen
  6
CONTINUOUS
100
AcDbLine
 10
2.4015855511811024
 20
-1.7924362992125984
 30
0
 11
2.4016445275590552
 21
-1.7923851181102362
 31
0
  0
LINE
  5
5CF
330
1B
100
AcDbEntity
  8
B.Silkscreen
  6
CONTINUOUS
100
AcDbLine
 10
2.4016445275590552
 20
-1.7923851181102362
 30
0
 11
2.4018303149606299
 21
-1.7921587795275591
 31
0
  0
LINE
  5
5D0
330
1B
100
AcDbEntity
  8
B.Silkscreen
  6
CONTINUOUS
100
AcDbLine
 10
2.4018303149606299
 20
-1.7921587795275591
 30
0
 11
2.4037050787401575
 21
-1.7902840157480315
 31
0
  0
LINE
  5
5D1
330
1B
100
AcDbEntity
  8
B.Silkscreen
  6
CONTINUOUS
100
AcDbLine
 10
2.4037050787401575
 20
-1.7902840157480315
 30
0
 11
2.4039314173228346
 21
-1.7900982283464566
 31
0
  0
LINE
  5
5D2
330
1B
100
AcDbEntity
  8
B.Silkscreen
  6
CONTINUOUS
100
AcDbLine
 10
2.4039314173228346
 20
-1.7900982283464566
 30
0
 11
2.403982598425197
 21
-1.790039251968504
 31
0
  0
LINE
  5
5D3
330
1B
100
AcDbEntity
  8
B.Silkscreen
  6
CONTINUOUS
100
AcDbLine
 10
2.403982598425197
 20
-1.790039251968504
 30
0
 11
2.4040715354330708
 21
-1.7899832677165355
 31
0
  0
LINE
  5
5D4
330
1B
100
AcDbEntity
  8
B.Silkscreen
  6
CONTINUOUS
100
AcDbLine
 10
2.4040715354330708
 20
-1.7899832677165355
 30
0
 11
2.4041525196850393
 21
-1.7899168110236221
 31
0
  0
LINE
  5
5D5
330
1B
100
AcDbEntity
  8
B.Silkscreen
  6
CONTINUOUS
100
AcDbLine
 10
2.4041525196850393
 20
-1.7899168110236221
 30
0
 11
2.4042244488188977
 21
-1.7898869685039369
 31
0
  0
LINE
  5
5D6
330
1B
100
AcDbEntity
  8
B.Silkscreen
  6
CONTINUOUS
100
AcDbLine
 10
2.4042244488188977
 20
-1.7898869685039369
 30
0
 11
2.4044724803149604
 21
-1.7897309055118109
 31
0
  0
LINE
  5
5D7
330
1B
100
AcDbEntity
  8
B.Silkscreen
  6
CONTINUOUS
100
AcDbLine
 10
2.4044724803149604
 20
-1.7897309055118109
 30
0
 11
2.4082220078740155
 21
-1.7878561417322834
 31
0
  0
LINE
  5
5D8
330
1B
100
AcDbEntity
  8
B.Silkscreen
  6
CONTINUOUS
100
AcDbLine
 10
2.4082220078740155
 20
-1.7878561417322834
 30
0
 11
2.4082640944881888
 21
-1.7878399999999999
 31
0
  0
LINE
  5
5D9
330
1B
100
AcDbEntity
  8
B.Silkscreen
  6
CONTINUOUS
100
AcDbLine
 10
2.4082640944881888
 20
-1.7878399999999999
 30
0
 11
2.4082812598425196
 21
-1.7878273228346457
 31
0
  0
LINE
  5
5DA
330
1B
100
AcDbEntity
  8
B.Silkscreen
  6
CONTINUOUS
100
AcDbLine
 10
2.4082812598425196
 20
-1.7878273228346457
 30
0
 11
2.4085228346456691
 21
-1.7877409842519685
 31
0
  0
LINE
  5
5DB
330
1B
100
AcDbEntity
  8
B.Silkscreen
  6
CONTINUOUS
100
AcDbLine
 10
2.4085228346456691
 20
-1.7877409842519685
 30
0
 11
2.4087625984251968
 21
-1.7876492519685039
 31
0
  0
LINE
  5
5DC
330
1B
100
AcDbEntity
  8
B.Silkscreen
  6
CONTINUOUS
100
AcDbLine
 10
2.4087625984251968
 20
-1.7876492519685039
 30
0
 11
2.4087838582677166
 21
-1.787647716535433
 31
0
  0
LINE
  5
5DD
330
1B
100
AcDbEntity
  8
B.Silkscreen
  6
CONTINUOUS
100
AcDbLine
 10
2.4087838582677166
 20
-1.787647716535433
 30
0
 11
2.4088263779527557
 21
-1.7876325590551181
 31
0
  0
LINE
  5
5DE
330
1B
100
AcDbEntity
  8
B.Silkscreen
  6
CONTINUOUS
100
AcDbLine
 10
2.4088263779527557
 20
-1.7876325590551181
 30
0
 11
2.4160110236220471
 21
-1.785836377952756
 31
0
  0
LINE
  5
5DF
330
1B
100
AcDbEntity
  8
B.Silkscreen
  6
CONTINUOUS
100
AcDbLine
 10
2.4160110236220471
 20
-1.785836377952756
 30
0
 11
2.4190420078740158
 21
-1.784320905511811
 31
0
  0
LINE
  5
5E0
330
1B
100
AcDbEntity
  8
B.Silkscreen
  6
CONTINUOUS
100
AcDbLine
 10
2.4190420078740158
 20
-1.784320905511811
 30
0
 11
2.4202391338582676
 21
-1.783123779527559
 31
0
  0
LINE
  5
5E1
330
1B
100
AcDbEntity
  8
B.Silkscreen
  6
CONTINUOUS
100
AcDbLine
 10
2.4202391338582676
 20
-1.783123779527559
 30
0
 11
2.4215878740157479
 21
-1.7804262992125983
 31
0
  0
LINE
  5
5E2
330
1B
100
AcDbEntity
  8
B.Silkscreen
  6
CONTINUOUS
100
AcDbLine
 10
2.4215878740157479
 20
-1.7804262992125983
 30
0
 11
2.4215878740157479
 21
-1.7780708661417322
 31
0
  0
LINE
  5
5E3
330
1B
100
AcDbEntity
  8
B.Silkscreen
  6
CONTINUOUS
100
AcDbLine
 10
2.4215878740157479
 20
-1.7780708661417322
 30
0
 11
2.4202391338582676
 21
-1.7753733858267715
 31
0
  0
LINE
  5
5E4
330
1B
100
AcDbEntity
  8
B.Silkscreen
  6
CONTINUOUS
100
AcDbLine
 10
2.4202391338582676
 20
-1.7753733858267715
 30
0
 11
2.4190420078740158
 21
-1.7741762598425197
 31
0
  0
LINE
  5
5E5
330
1B
100
AcDbEntity
  8
B.Silkscreen
  6
CONTINUOUS
100
AcDbLine
 10
2.4190420078740158
 20
-1.7741762598425197
 30
0
 11
2.4163445275590552
 21
-1.7728275196850394
 31
0
  0
LINE
  5
5E6
330
1B
100
AcDbEntity
  8
B.Silkscreen
  6
CONTINUOUS
100
AcDbLine
 10
2.4163445275590552
 20
-1.7728275196850394
 30
0
 11
2.4081468897637794
 21
-1.7728275196850394
 31
0
  0
LINE
  5
5E7
330
1B
100
AcDbEntity
  8
B.Silkscreen
  6
CONTINUOUS
100
AcDbLine
 10
2.4081468897637794
 20
-1.7728275196850394
 30
0
 11
2.4029772047244093
 21
-1.7745507480314959
 31
0
  0
LINE
  5
5E8
330
1B
100
AcDbEntity
  8
B.Silkscreen
  6
CONTINUOUS
100
AcDbLine
 10
2.4029772047244093
 20
-1.7745507480314959
 30
0
 11
2.402412755905512
 21
-1.7746790944881889
 31
0
  0
LINE
  5
5E9
330
1B
100
AcDbEntity
  8
B.Silkscreen
  6
CONTINUOUS
100
AcDbLine
 10
2.402412755905512
 20
-1.7746790944881889
 30
0
 11
2.4012635433070866
 21
-1.7745974015748032
 31
0
  0
LINE
  5
5EA
330
1B
100
AcDbEntity
  8
B.Silkscreen
  6
CONTINUOUS
100
AcDbLine
 10
2.4012635433070866
 20
-1.7745974015748032
 30
0
 11
2.4002331102362202
 21
-1.7740822047244094
 31
0
  0
LINE
  5
5EB
330
1B
100
AcDbEntity
  8
B.Silkscreen
  6
CONTINUOUS
100
AcDbLine
 10
2.4002331102362202
 20
-1.7740822047244094
 30
0
 11
2.3994782283464566
 21
-1.7732118503937007
 31
0
  0
LINE
  5
5EC
330
1B
100
AcDbEntity
  8
B.Silkscreen
  6
CONTINUOUS
100
AcDbLine
 10
2.3994782283464566
 20
-1.7732118503937007
 30
0
 11
2.399113897637795
 21
-1.7721188188976378
 31
0
  0
LINE
  5
5ED
330
1B
100
AcDbEntity
  8
B.Silkscreen
  6
CONTINUOUS
100
AcDbLine
 10
2.399113897637795
 20
-1.7721188188976378
 30
0
 11
2.399195590551181
 21
-1.7709696062992126
 31
0
  0
LINE
  5
5EE
330
1B
100
AcDbEntity
  8
B.Silkscreen
  6
CONTINUOUS
100
AcDbLine
 10
2.399195590551181
 20
-1.7709696062992126
 30
0
 11
2.3997107874015748
 21
-1.7699391732283465
 31
0
  0
LINE
  5
5EF
330
1B
100
AcDbEntity
  8
B.Silkscreen
  6
CONTINUOUS
100
AcDbLine
 10
2.3997107874015748
 20
-1.7699391732283465
 30
0
 11
2.4005811417322835
 21
-1.7691842913385827
 31
0
  0
LINE
  5
5F0
330
1B
100
AcDbEntity
  8
B.Silkscreen
  6
CONTINUOUS
100
AcDbLine
 10
2.4005811417322835
 20
-1.7691842913385827
 30
0
 11
2.4011097244094488
 21
-1.7689483070866141
 31
0
  0
LINE
  5
5F1
330
1B
100
AcDbEntity
  8
B.Silkscreen
  6
CONTINUOUS
100
AcDbLine
 10
2.4011097244094488
 20
-1.7689483070866141
 30
0
 11
2.4067339763779527
 21
-1.7670735433070865
 31
0
  0
LINE
  5
5F2
330
1B
100
AcDbEntity
  8
B.Silkscreen
  6
CONTINUOUS
100
AcDbLine
 10
2.4067339763779527
 20
-1.7670735433070865
 30
0
 11
2.4070196062992126
 21
-1.7670085826771653
 31
0
  0
LINE
  5
5F3
330
1B
100
AcDbEntity
  8
B.Silkscreen
  6
CONTINUOUS
100
AcDbLine
 10
2.4070196062992126
 20
-1.7670085826771653
 30
0
 11
2.4070916929133856
 21
-1.7669787401574804
 31
0
  0
LINE
  5
5F4
330
1B
100
AcDbEntity
  8
B.Silkscreen
  6
CONTINUOUS
100
AcDbLine
 10
2.4070916929133856
 20
-1.7669787401574804
 30
0
 11
2.4071961417322836
 21
-1.7669684251968503
 31
0
  0
LINE
  5
5F5
330
1B
100
AcDbEntity
  8
B.Silkscreen
  6
CONTINUOUS
100
AcDbLine
 10
2.4071961417322836
 20
-1.7669684251968503
 30
0
 11
2.4072984251968506
 21
-1.7669451968503938
 31
0
  0
LINE
  5
5F6
330
1B
100
AcDbEntity
  8
B.Silkscreen
  6
CONTINUOUS
100
AcDbLine
 10
2.4072984251968506
 20
-1.7669451968503938
 30
0
 11
2.4073761417322834
 21
-1.7669507086614173
 31
0
  0
LINE
  5
5F7
330
1B
100
AcDbEntity
  8
B.Silkscreen
  6
CONTINUOUS
100
AcDbLine
 10
2.4073761417322834
 20
-1.7669507086614173
 30
0
 11
2.407667755905512
 21
-1.7669220078740158
 31
0
  0
LINE
  5
5F8
330
1B
100
AcDbEntity
  8
B.Silkscreen
  6
CONTINUOUS
100
AcDbLine
 10
2.407667755905512
 20
-1.7669220078740158
 30
0
 11
2.4170415748031497
 21
-1.7669220078740158
 31
0
  0
LINE
  5
5F9
330
1B
100
AcDbEntity
  8
B.Silkscreen
  6
CONTINUOUS
100
AcDbLine
 10
2.4170415748031497
 20
-1.7669220078740158
 30
0
 11
2.4176176377952756
 21
-1.7669787401574804
 31
0
  0
LINE
  5
5FA
330
1B
100
AcDbEntity
  8
B.Silkscreen
  6
CONTINUOUS
100
AcDbLine
 10
2.3901512598425194
 20
-1.7671909055118109
 30
0
 11
2.3910846062992124
 21
-1.7678663779527559
 31
0
  0
LINE
  5
5FB
330
1B
100
AcDbEntity
  8
B.Silkscreen
  6
CONTINUOUS
100
AcDbLine
 10
2.3910846062992124
 20
-1.7678663779527559
 30
0
 11
2.3916883858267717
 21
-1.768847559055118
 31
0
  0
LINE
  5
5FC
330
1B
100
AcDbEntity
  8
B.Silkscreen
  6
CONTINUOUS
100
AcDbLine
 10
2.3916883858267717
 20
-1.768847559055118
 30
0
 11
2.3918707874015745
 21
-1.7699851574803149
 31
0
  0
LINE
  5
5FD
330
1B
100
AcDbEntity
  8
B.Silkscreen
  6
CONTINUOUS
100
AcDbLine
 10
2.3918707874015745
 20
-1.7699851574803149
 30
0
 11
2.3917925196850391
 21
-1.7705586614173228
 31
0
  0
LINE
  5
5FE
330
1B
100
AcDbEntity
  8
B.Silkscreen
  6
CONTINUOUS
100
AcDbLine
 10
2.3917925196850391
 20
-1.7705586614173228
 30
0
 11
2.3824187007874014
 21
-1.8099287795275589
 31
0
  0
LINE
  5
5FF
330
1B
100
AcDbEntity
  8
B.Silkscreen
  6
CONTINUOUS
100
AcDbLine
 10
2.3824187007874014
 20
-1.8099287795275589
 30
0
 11
2.382350590551181
 21
-1.8101263385826771
 31
0
  0
LINE
  5
600
330
1B
100
AcDbEntity
  8
B.Silkscreen
  6
CONTINUOUS
100
AcDbLine
 10
2.382350590551181
 20
-1.8101263385826771
 30
0
 11
2.3823411811023623
 21
-1.8101973622047243
 31
0
  0
LINE
  5
601
330
1B
100
AcDbEntity
  8
B.Silkscreen
  6
CONTINUOUS
100
AcDbLine
 10
2.3823411811023623
 20
-1.8101973622047243
 30
0
 11
2.3823040157480313
 21
-1.8102614960629921
 31
0
  0
LINE
  5
602
330
1B
100
AcDbEntity
  8
B.Silkscreen
  6
CONTINUOUS
100
AcDbLine
 10
2.3823040157480313
 20
-1.8102614960629921
 30
0
 11
2.3822301181102361
 21
-1.8104760236220472
 31
0
  0
LINE
  5
603
330
1B
100
AcDbEntity
  8
B.Silkscreen
  6
CONTINUOUS
100
AcDbLine
 10
2.3822301181102361
 20
-1.8104760236220472
 30
0
 11
2.3819787007874016
 21
-1.8108233858267717
 31
0
  0
LINE
  5
604
330
1B
100
AcDbEntity
  8
B.Silkscreen
  6
CONTINUOUS
100
AcDbLine
 10
2.3819787007874016
 20
-1.8108233858267717
 30
0
 11
2.3817639370078738
 21
-1.8111943700787401
 31
0
  0
LINE
  5
605
330
1B
100
AcDbEntity
  8
B.Silkscreen
  6
CONTINUOUS
100
AcDbLine
 10
2.3817639370078738
 20
-1.8111943700787401
 30
0
 11
2.3816435433070864
 21
-1.8112864960629922
 31
0
  0
LINE
  5
606
330
1B
100
AcDbEntity
  8
B.Silkscreen
  6
CONTINUOUS
100
AcDbLine
 10
2.3816435433070864
 20
-1.8112864960629922
 30
0
 11
2.3815546456692913
 21
-1.8114093700787401
 31
0
  0
LINE
  5
607
330
1B
100
AcDbEntity
  8
B.Silkscreen
  6
CONTINUOUS
100
AcDbLine
 10
2.3815546456692913
 20
-1.8114093700787401
 30
0
 11
2.3811896062992126
 21
-1.8116339763779528
 31
0
  0
LINE
  5
608
330
1B
100
AcDbEntity
  8
B.Silkscreen
  6
CONTINUOUS
100
AcDbLine
 10
2.3811896062992126
 20
-1.8116339763779528
 30
0
 11
2.3808490551181101
 21
-1.81189468503937
 31
0
  0
LINE
  5
609
330
1B
100
AcDbEntity
  8
B.Silkscreen
  6
CONTINUOUS
100
AcDbLine
 10
2.3808490551181101
 20
-1.81189468503937
 30
0
 11
2.3807024409448818
 21
-1.811933779527559
 31
0
  0
LINE
  5
60A
330
1B
100
AcDbEntity
  8
B.Silkscreen
  6
CONTINUOUS
100
AcDbLine
 10
2.3807024409448818
 20
-1.811933779527559
 30
0
 11
2.380573464566929
 21
-1.8120131496062992
 31
0
  0
LINE
  5
60B
330
1B
100
AcDbEntity
  8
B.Silkscreen
  6
CONTINUOUS
100
AcDbLine
 10
2.380573464566929
 20
-1.8120131496062992
 30
0
 11
2.380150472440945
 21
-1.8120809448818898
 31
0
  0
LINE
  5
60C
330
1B
100
AcDbEntity
  8
B.Silkscreen
  6
CONTINUOUS
100
AcDbLine
 10
2.380150472440945
 20
-1.8120809448818898
 30
0
 11
2.3797358661417323
 21
-1.8121915354330709
 31
0
  0
LINE
  5
60D
330
1B
100
AcDbEntity
  8
B.Silkscreen
  6
CONTINUOUS
100
AcDbLine
 10
2.3797358661417323
 20
-1.8121915354330709
 30
0
 11
2.3795855118110234
 21
-1.8121715354330707
 31
0
  0
LINE
  5
60E
330
1B
100
AcDbEntity
  8
B.Silkscreen
  6
CONTINUOUS
100
AcDbLine
 10
2.3795855118110234
 20
-1.8121715354330707
 30
0
 11
2.3794358661417321
 21
-1.8121955511811023
 31
0
  0
LINE
  5
60F
330
1B
100
AcDbEntity
  8
B.Silkscreen
  6
CONTINUOUS
100
AcDbLine
 10
2.3794358661417321
 20
-1.8121955511811023
 30
0
 11
2.3790187007874017
 21
-1.8120962204724409
 31
0
  0
LINE
  5
610
330
1B
100
AcDbEntity
  8
B.Silkscreen
  6
CONTINUOUS
100
AcDbLine
 10
2.3790187007874017
 20
-1.8120962204724409
 30
0
 11
2.3785937795275589
 21
-1.8120397637795276
 31
0
  0
LINE
  5
611
330
1B
100
AcDbEntity
  8
B.Silkscreen
  6
CONTINUOUS
100
AcDbLine
 10
2.3785937795275589
 20
-1.8120397637795276
 30
0
 11
2.3784625984251968
 21
-1.8119638188976377
 31
0
  0
LINE
  5
612
330
1B
100
AcDbEntity
  8
B.Silkscreen
  6
CONTINUOUS
100
AcDbLine
 10
2.3784625984251968
 20
-1.8119638188976377
 30
0
 11
2.3783150787401572
 21
-1.8119287007874014
 31
0
  0
LINE
  5
613
330
1B
100
AcDbEntity
  8
B.Silkscreen
  6
CONTINUOUS
100
AcDbLine
 10
2.3783150787401572
 20
-1.8119287007874014
 30
0
 11
2.3779676377952756
 21
-1.8116772440944882
 31
0
  0
LINE
  5
614
330
1B
100
AcDbEntity
  8
B.Silkscreen
  6
CONTINUOUS
100
AcDbLine
 10
2.3779676377952756
 20
-1.8116772440944882
 30
0
 11
2.3775967322834646
 21
-1.8114625196850394
 31
0
  0
LINE
  5
615
330
1B
100
AcDbEntity
  8
B.Silkscreen
  6
CONTINUOUS
100
AcDbLine
 10
2.3775967322834646
 20
-1.8114625196850394
 30
0
 11
2.3775045669291339
 21
-1.8113421259842519
 31
0
  0
LINE
  5
616
330
1B
100
AcDbEntity
  8
B.Silkscreen
  6
CONTINUOUS
100
AcDbLine
 10
2.3775045669291339
 20
-1.8113421259842519
 30
0
 11
2.3773817322834647
 21
-1.8112532283464566
 31
0
  0
LINE
  5
617
330
1B
100
AcDbEntity
  8
B.Silkscreen
  6
CONTINUOUS
100
AcDbLine
 10
2.3773817322834647
 20
-1.8112532283464566
 30
0
 11
2.3771570866141731
 21
-1.8108881496062992
 31
0
  0
LINE
  5
618
330
1B
100
AcDbEntity
  8
B.Silkscreen
  6
CONTINUOUS
100
AcDbLine
 10
2.3771570866141731
 20
-1.8108881496062992
 30
0
 11
2.3768964566929132
 21
-1.8105476771653544
 31
0
  0
LINE
  5
619
330
1B
100
AcDbEntity
  8
B.Silkscreen
  6
CONTINUOUS
100
AcDbLine
 10
2.3768964566929132
 20
-1.8105476771653544
 30
0
 11
2.3768166929133856
 21
-1.810335
 31
0
  0
LINE
  5
61A
330
1B
100
AcDbEntity
  8
B.Silkscreen
  6
CONTINUOUS
100
AcDbLine
 10
2.3768166929133856
 20
-1.810335
 30
0
 11
2.3767779527559054
 21
-1.8102720472440945
 31
0
  0
LINE
  5
61B
330
1B
100
AcDbEntity
  8
B.Silkscreen
  6
CONTINUOUS
100
AcDbLine
 10
2.3767779527559054
 20
-1.8102720472440945
 30
0
 11
2.3767666141732282
 21
-1.8102015354330707
 31
0
  0
LINE
  5
61C
330
1B
100
AcDbEntity
  8
B.Silkscreen
  6
CONTINUOUS
100
AcDbLine
 10
2.3767666141732282
 20
-1.8102015354330707
 30
0
 11
2.376693188976378
 21
-1.8100056692913384
 31
0
  0
LINE
  5
61D
330
1B
100
AcDbEntity
  8
B.Silkscreen
  6
CONTINUOUS
100
AcDbLine
 10
2.376693188976378
 20
-1.8100056692913384
 30
0
 11
2.3720471653543305
 21
-1.7925831889763779
 31
0
  0
LINE
  5
61E
330
1B
100
AcDbEntity
  8
B.Silkscreen
  6
CONTINUOUS
100
AcDbLine
 10
2.3720471653543305
 20
-1.7925831889763779
 30
0
 11
2.3674012204724408
 21
-1.8100056692913384
 31
0
  0
LINE
  5
61F
330
1B
100
AcDbEntity
  8
B.Silkscreen
  6
CONTINUOUS
100
AcDbLine
 10
2.3674012204724408
 20
-1.8100056692913384
 30
0
 11
2.3673277559055119
 21
-1.8102014960629922
 31
0
  0
LINE
  5
620
330
1B
100
AcDbEntity
  8
B.Silkscreen
  6
CONTINUOUS
100
AcDbLine
 10
2.3673277559055119
 20
-1.8102014960629922
 30
0
 11
2.3673164566929135
 21
-1.8102720472440945
 31
0
  0
LINE
  5
621
330
1B
100
AcDbEntity
  8
B.Silkscreen
  6
CONTINUOUS
100
AcDbLine
 10
2.3673164566929135
 20
-1.8102720472440945
 30
0
 11
2.3672776771653541
 21
-1.8103350393700788
 31
0
  0
LINE
  5
622
330
1B
100
AcDbEntity
  8
B.Silkscreen
  6
CONTINUOUS
100
AcDbLine
 10
2.3672776771653541
 20
-1.8103350393700788
 30
0
 11
2.3671979527559053
 21
-1.8105476377952756
 31
0
  0
LINE
  5
623
330
1B
100
AcDbEntity
  8
B.Silkscreen
  6
CONTINUOUS
100
AcDbLine
 10
2.3671979527559053
 20
-1.8105476377952756
 30
0
 11
2.3669373622047245
 21
-1.8108880314960629
 31
0
  0
LINE
  5
624
330
1B
100
AcDbEntity
  8
B.Silkscreen
  6
CONTINUOUS
100
AcDbLine
 10
2.3669373622047245
 20
-1.8108880314960629
 30
0
 11
2.3667126771653542
 21
-1.8112532283464566
 31
0
  0
LINE
  5
625
330
1B
100
AcDbEntity
  8
B.Silkscreen
  6
CONTINUOUS
100
AcDbLine
 10
2.3667126771653542
 20
-1.8112532283464566
 30
0
 11
2.3665898031496062
 21
-1.8113421259842519
 31
0
  0
LINE
  5
626
330
1B
100
AcDbEntity
  8
B.Silkscreen
  6
CONTINUOUS
100
AcDbLine
 10
2.3665898031496062
 20
-1.8113421259842519
 30
0
 11
2.3664976771653543
 21
-1.8114625196850394
 31
0
  0
LINE
  5
627
330
1B
100
AcDbEntity
  8
B.Silkscreen
  6
CONTINUOUS
100
AcDbLine
 10
2.3664976771653543
 20
-1.8114625196850394
 30
0
 11
2.3661267322834645
 21
-1.8116772440944882
 31
0
  0
LINE
  5
628
330
1B
100
AcDbEntity
  8
B.Silkscreen
  6
CONTINUOUS
100
AcDbLine
 10
2.3661267322834645
 20
-1.8116772440944882
 30
0
 11
2.3657793307086612
 21
-1.8119287007874014
 31
0
  0
LINE
  5
629
330
1B
100
AcDbEntity
  8
B.Silkscreen
  6
CONTINUOUS
100
AcDbLine
 10
2.3657793307086612
 20
-1.8119287007874014
 30
0
 11
2.3656317716535433
 21
-1.8119638188976377
 31
0
  0
LINE
  5
62A
330
1B
100
AcDbEntity
  8
B.Silkscreen
  6
CONTINUOUS
100
AcDbLine
 10
2.3656317716535433
 20
-1.8119638188976377
 30
0
 11
2.36550062992126
 21
-1.8120397637795276
 31
0
  0
LINE
  5
62B
330
1B
100
AcDbEntity
  8
B.Silkscreen
  6
CONTINUOUS
100
AcDbLine
 10
2.36550062992126
 20
-1.8120397637795276
 30
0
 11
2.3650757874015746
 21
-1.8120961811023621
 31
0
  0
LINE
  5
62C
330
1B
100
AcDbEntity
  8
B.Silkscreen
  6
CONTINUOUS
100
AcDbLine
 10
2.3650757874015746
 20
-1.8120961811023621
 30
0
 11
2.3646585433070864
 21
-1.8121955511811023
 31
0
  0
LINE
  5
62D
330
1B
100
AcDbEntity
  8
B.Silkscreen
  6
CONTINUOUS
100
AcDbLine
 10
2.3646585433070864
 20
-1.8121955511811023
 30
0
 11
2.3645087795275588
 21
-1.8121715354330707
 31
0
  0
LINE
  5
62E
330
1B
100
AcDbEntity
  8
B.Silkscreen
  6
CONTINUOUS
100
AcDbLine
 10
2.3645087795275588
 20
-1.8121715354330707
 30
0
 11
2.3643585826771654
 21
-1.8121914960629921
 31
0
  0
LINE
  5
62F
330
1B
100
AcDbEntity
  8
B.Silkscreen
  6
CONTINUOUS
100
AcDbLine
 10
2.3643585826771654
 20
-1.8121914960629921
 30
0
 11
2.3639443307086614
 21
-1.8120810236220473
 31
0
  0
LINE
  5
630
330
1B
100
AcDbEntity
  8
B.Silkscreen
  6
CONTINUOUS
100
AcDbLine
 10
2.3639443307086614
 20
-1.8120810236220473
 30
0
 11
2.3635209448818899
 21
-1.8120131496062992
 31
0
  0
LINE
  5
631
330
1B
100
AcDbEntity
  8
B.Silkscreen
  6
CONTINUOUS
100
AcDbLine
 10
2.3635209448818899
 20
-1.8120131496062992
 30
0
 11
2.3633918110236221
 21
-1.8119337007874015
 31
0
  0
LINE
  5
632
330
1B
100
AcDbEntity
  8
B.Silkscreen
  6
CONTINUOUS
100
AcDbLine
 10
2.3633918110236221
 20
-1.8119337007874015
 30
0
 11
2.3632453543307088
 21
-1.8118946456692913
 31
0
  0
LINE
  5
633
330
1B
100
AcDbEntity
  8
B.Silkscreen
  6
CONTINUOUS
100
AcDbLine
 10
2.3632453543307088
 20
-1.8118946456692913
 30
0
 11
2.3629049212598425
 21
-1.8116340551181103
 31
0
  0
LINE
  5
634
330
1B
100
AcDbEntity
  8
B.Silkscreen
  6
CONTINUOUS
100
AcDbLine
 10
2.3629049212598425
 20
-1.8116340551181103
 30
0
 11
2.3625397637795276
 21
-1.8114093700787401
 31
0
  0
LINE
  5
635
330
1B
100
AcDbEntity
  8
B.Silkscreen
  6
CONTINUOUS
100
AcDbLine
 10
2.3625397637795276
 20
-1.8114093700787401
 30
0
 11
2.3624508267716533
 21
-1.8112864960629922
 31
0
  0
LINE
  5
636
330
1B
100
AcDbEntity
  8
B.Silkscreen
  6
CONTINUOUS
100
AcDbLine
 10
2.3624508267716533
 20
-1.8112864960629922
 30
0
 11
2.3623304724409446
 21
-1.8111943700787401
 31
0
  0
LINE
  5
637
330
1B
100
AcDbEntity
  8
B.Silkscreen
  6
CONTINUOUS
100
AcDbLine
 10
2.3623304724409446
 20
-1.8111943700787401
 30
0
 11
2.3621157086614173
 21
-1.8108234251968502
 31
0
  0
LINE
  5
638
330
1B
100
AcDbEntity
  8
B.Silkscreen
  6
CONTINUOUS
100
AcDbLine
 10
2.3621157086614173
 20
-1.8108234251968502
 30
0
 11
2.3618642913385828
 21
-1.8104760236220472
 31
0
  0
LINE
  5
639
330
1B
100
AcDbEntity
  8
B.Silkscreen
  6
CONTINUOUS
100
AcDbLine
 10
2.3618642913385828
 20
-1.8104760236220472
 30
0
 11
2.3617903149606301
 21
-1.8102614173228346
 31
0
  0
LINE
  5
63A
330
1B
100
AcDbEntity
  8
B.Silkscreen
  6
CONTINUOUS
100
AcDbLine
 10
2.3617903149606301
 20
-1.8102614173228346
 30
0
 11
2.3617532283464566
 21
-1.8101973228346457
 31
0
  0
LINE
  5
63B
330
1B
100
AcDbEntity
  8
B.Silkscreen
  6
CONTINUOUS
100
AcDbLine
 10
2.3617532283464566
 20
-1.8101973228346457
 30
0
 11
2.3617437795275591
 21
-1.8101263779527559
 31
0
  0
LINE
  5
63C
330
1B
100
AcDbEntity
  8
B.Silkscreen
  6
CONTINUOUS
100
AcDbLine
 10
2.3617437795275591
 20
-1.8101263779527559
 30
0
 11
2.3616757086614171
 21
-1.8099287795275589
 31
0
  0
LINE
  5
63D
330
1B
100
AcDbEntity
  8
B.Silkscreen
  6
CONTINUOUS
100
AcDbLine
 10
2.3616757086614171
 20
-1.8099287795275589
 30
0
 11
2.3523018897637793
 21
-1.7705587007874015
 31
0
  0
LINE
  5
63E
330
1B
100
AcDbEntity
  8
B.Silkscreen
  6
CONTINUOUS
100
AcDbLine
 10
2.3523018897637793
 20
-1.7705587007874015
 30
0
 11
2.3522236220472439
 21
-1.7699851574803149
 31
0
  0
LINE
  5
63F
330
1B
100
AcDbEntity
  8
B.Silkscreen
  6
CONTINUOUS
100
AcDbLine
 10
2.3522236220472439
 20
-1.7699851574803149
 30
0
 11
2.3524060236220472
 21
-1.768847559055118
 31
0
  0
LINE
  5
640
330
1B
100
AcDbEntity
  8
B.Silkscreen
  6
CONTINUOUS
100
AcDbLine
 10
2.3524060236220472
 20
-1.768847559055118
 30
0
 11
2.3530098031496061
 21
-1.7678663779527559
 31
0
  0
LINE
  5
641
330
1B
100
AcDbEntity
  8
B.Silkscreen
  6
CONTINUOUS
100
AcDbLine
 10
2.3530098031496061
 20
-1.7678663779527559
 30
0
 11
2.353943149606299
 21
-1.7671909055118109
 31
0
  0
LINE
  5
642
330
1B
100
AcDbEntity
  8
B.Silkscreen
  6
CONTINUOUS
100
AcDbLine
 10
2.353943149606299
 20
-1.7671909055118109
 30
0
 11
2.3550639370078739
 21
-1.7669240551181102
 31
0
  0
LINE
  5
643
330
1B
100
AcDbEntity
  8
B.Silkscreen
  6
CONTINUOUS
100
AcDbLine
 10
2.3550639370078739
 20
-1.7669240551181102
 30
0
 11
2.3562015354330708
 21
-1.7671064566929133
 31
0
  0
LINE
  5
644
330
1B
100
AcDbEntity
  8
B.Silkscreen
  6
CONTINUOUS
100
AcDbLine
 10
2.3562015354330708
 20
-1.7671064566929133
 30
0
 11
2.3571827165354331
 21
-1.7677102362204724
 31
0
  0
LINE
  5
645
330
1B
100
AcDbEntity
  8
B.Silkscreen
  6
CONTINUOUS
100
AcDbLine
 10
2.3571827165354331
 20
-1.7677102362204724
 30
0
 11
2.3578581889763779
 21
-1.7686435826771654
 31
0
  0
LINE
  5
646
330
1B
100
AcDbEntity
  8
B.Silkscreen
  6
CONTINUOUS
100
AcDbLine
 10
2.3578581889763779
 20
-1.7686435826771654
 30
0
 11
2.3580467716535431
 21
-1.7691908267716534
 31
0
  0
LINE
  5
647
330
1B
100
AcDbEntity
  8
B.Silkscreen
  6
CONTINUOUS
100
AcDbLine
 10
2.3580467716535431
 20
-1.7691908267716534
 30
0
 11
2.3647101968503939
 21
-1.797177283464567
 31
0
  0
LINE
  5
648
330
1B
100
AcDbEntity
  8
B.Silkscreen
  6
CONTINUOUS
100
AcDbLine
 10
2.3647101968503939
 20
-1.797177283464567
 30
0
 11
2.3691941338582678
 21
-1.7803625196850392
 31
0
  0
LINE
  5
649
330
1B
100
AcDbEntity
  8
B.Silkscreen
  6
CONTINUOUS
100
AcDbLine
 10
2.3691941338582678
 20
-1.7803625196850392
 30
0
 11
2.3692447244094486
 21
-1.7802275196850392
 31
0
  0
LINE
  5
64A
330
1B
100
AcDbEntity
  8
B.Silkscreen
  6
CONTINUOUS
100
AcDbLine
 10
2.3692447244094486
 20
-1.7802275196850392
 30
0
 11
2.3692522834645668
 21
-1.7801708661417321
 31
0
  0
LINE
  5
64B
330
1B
100
AcDbEntity
  8
B.Silkscreen
  6
CONTINUOUS
100
AcDbLine
 10
2.3692522834645668
 20
-1.7801708661417321
 30
0
 11
2.3692912204724408
 21
-1.7801035433070866
 31
0
  0
LINE
  5
64C
330
1B
100
AcDbEntity
  8
B.Silkscreen
  6
CONTINUOUS
100
AcDbLine
 10
2.3692912204724408
 20
-1.7801035433070866
 30
0
 11
2.3693974015748029
 21
-1.7798205118110235
 31
0
  0
LINE
  5
64D
330
1B
100
AcDbEntity
  8
B.Silkscreen
  6
CONTINUOUS
100
AcDbLine
 10
2.3693974015748029
 20
-1.7798205118110235
 30
0
 11
2.3696342913385826
 21
-1.7795110236220473
 31
0
  0
LINE
  5
64E
330
1B
100
AcDbEntity
  8
B.Silkscreen
  6
CONTINUOUS
100
AcDbLine
 10
2.3696342913385826
 20
-1.7795110236220473
 30
0
 11
2.3698295275590548
 21
-1.7791738188976378
 31
0
  0
LINE
  5
64F
330
1B
100
AcDbEntity
  8
B.Silkscreen
  6
CONTINUOUS
100
AcDbLine
 10
2.3698295275590548
 20
-1.7791738188976378
 30
0
 11
2.3699813779527559
 21
-1.7790575590551181
 31
0
  0
LINE
  5
650
330
1B
100
AcDbEntity
  8
B.Silkscreen
  6
CONTINUOUS
100
AcDbLine
 10
2.3699813779527559
 20
-1.7790575590551181
 30
0
 11
2.3700976771653544
 21
-1.7789056692913385
 31
0
  0
LINE
  5
651
330
1B
100
AcDbEntity
  8
B.Silkscreen
  6
CONTINUOUS
100
AcDbLine
 10
2.3700976771653544
 20
-1.7789056692913385
 30
0
 11
2.3704349606299213
 21
-1.7787103543307086
 31
0
  0
LINE
  5
652
330
1B
100
AcDbEntity
  8
B.Silkscreen
  6
CONTINUOUS
100
AcDbLine
 10
2.3704349606299213
 20
-1.7787103543307086
 30
0
 11
2.370744409448819
 21
-1.7784735433070866
 31
0
  0
LINE
  5
653
330
1B
100
AcDbEntity
  8
B.Silkscreen
  6
CONTINUOUS
100
AcDbLine
 10
2.370744409448819
 20
-1.7784735433070866
 30
0
 11
2.3709291338582679
 21
-1.7784242519685038
 31
0
  0
LINE
  5
654
330
1B
100
AcDbEntity
  8
B.Silkscreen
  6
CONTINUOUS
100
AcDbLine
 10
2.3709291338582679
 20
-1.7784242519685038
 30
0
 11
2.3710947244094487
 21
-1.7783284251968503
 31
0
  0
LINE
  5
655
330
1B
100
AcDbEntity
  8
B.Silkscreen
  6
CONTINUOUS
100
AcDbLine
 10
2.3710947244094487
 20
-1.7783284251968503
 30
0
 11
2.3714812204724409
 21
-1.7782770472440945
 31
0
  0
LINE
  5
656
330
1B
100
AcDbEntity
  8
B.Silkscreen
  6
CONTINUOUS
100
AcDbLine
 10
2.3714812204724409
 20
-1.7782770472440945
 30
0
 11
2.3718576377952756
 21
-1.7781766929133858
 31
0
  0
LINE
  5
657
330
1B
100
AcDbEntity
  8
B.Silkscreen
  6
CONTINUOUS
100
AcDbLine
 10
2.3718576377952756
 20
-1.7781766929133858
 30
0
 11
2.372047086614173
 21
-1.7782018503937007
 31
0
  0
LINE
  5
658
330
1B
100
AcDbEntity
  8
B.Silkscreen
  6
CONTINUOUS
100
AcDbLine
 10
2.372047086614173
 20
-1.7782018503937007
 30
0
 11
2.372236811023622
 21
-1.778176653543307
 31
0
  0
LINE
  5
659
330
1B
100
AcDbEntity
  8
B.Silkscreen
  6
CONTINUOUS
100
AcDbLine
 10
2.372236811023622
 20
-1.778176653543307
 30
0
 11
2.3726135826771655
 21
-1.778277125984252
 31
0
  0
LINE
  5
65A
330
1B
100
AcDbEntity
  8
B.Silkscreen
  6
CONTINUOUS
100
AcDbLine
 10
2.3726135826771655
 20
-1.778277125984252
 30
0
 11
2.3729996850393702
 21
-1.7783284251968503
 31
0
  0
LINE
  5
65B
330
1B
100
AcDbEntity
  8
B.Silkscreen
  6
CONTINUOUS
100
AcDbLine
 10
2.3729996850393702
 20
-1.7783284251968503
 30
0
 11
2.3731650787401573
 21
-1.7784241732283463
 31
0
  0
LINE
  5
65C
330
1B
100
AcDbEntity
  8
B.Silkscreen
  6
CONTINUOUS
100
AcDbLine
 10
2.3731650787401573
 20
-1.7784241732283463
 30
0
 11
2.3733499999999998
 21
-1.7784735039370079
 31
0
  0
LINE
  5
65D
330
1B
100
AcDbEntity
  8
B.Silkscreen
  6
CONTINUOUS
100
AcDbLine
 10
2.3733499999999998
 20
-1.7784735039370079
 30
0
 11
2.3736595275590551
 21
-1.7787104330708661
 31
0
  0
LINE
  5
65E
330
1B
100
AcDbEntity
  8
B.Silkscreen
  6
CONTINUOUS
100
AcDbLine
 10
2.3736595275590551
 20
-1.7787104330708661
 30
0
 11
2.3739967322834645
 21
-1.7789056692913385
 31
0
  0
LINE
  5
65F
330
1B
100
AcDbEntity
  8
B.Silkscreen
  6
CONTINUOUS
100
AcDbLine
 10
2.3739967322834645
 20
-1.7789056692913385
 30
0
 11
2.3741129527559055
 21
-1.7790575196850393
 31
0
  0
LINE
  5
660
330
1B
100
AcDbEntity
  8
B.Silkscreen
  6
CONTINUOUS
100
AcDbLine
 10
2.3741129527559055
 20
-1.7790575196850393
 30
0
 11
2.3742648818897636
 21
-1.7791738188976378
 31
0
  0
LINE
  5
661
330
1B
100
AcDbEntity
  8
B.Silkscreen
  6
CONTINUOUS
100
AcDbLine
 10
2.3742648818897636
 20
-1.7791738188976378
 30
0
 11
2.3744601968503938
 21
-1.7795111417322835
 31
0
  0
LINE
  5
662
330
1B
100
AcDbEntity
  8
B.Silkscreen
  6
CONTINUOUS
100
AcDbLine
 10
2.3744601968503938
 20
-1.7795111417322835
 30
0
 11
2.3746970078740155
 21
-1.7798205511811023
 31
0
  0
LINE
  5
663
330
1B
100
AcDbEntity
  8
B.Silkscreen
  6
CONTINUOUS
100
AcDbLine
 10
2.3746970078740155
 20
-1.7798205511811023
 30
0
 11
2.3748030708661418
 21
-1.7801033858267716
 31
0
  0
LINE
  5
664
330
1B
100
AcDbEntity
  8
B.Silkscreen
  6
CONTINUOUS
100
AcDbLine
 10
2.3748030708661418
 20
-1.7801033858267716
 30
0
 11
2.374842125984252
 21
-1.7801708267716536
 31
0
  0
LINE
  5
665
330
1B
100
AcDbEntity
  8
B.Silkscreen
  6
CONTINUOUS
100
AcDbLine
 10
2.374842125984252
 20
-1.7801708267716536
 30
0
 11
2.3748496456692911
 21
-1.780227559055118
 31
0
  0
LINE
  5
666
330
1B
100
AcDbEntity
  8
B.Silkscreen
  6
CONTINUOUS
100
AcDbLine
 10
2.3748496456692911
 20
-1.780227559055118
 30
0
 11
2.3749002755905511
 21
-1.7803625196850392
 31
0
  0
LINE
  5
667
330
1B
100
AcDbEntity
  8
B.Silkscreen
  6
CONTINUOUS
100
AcDbLine
 10
2.3749002755905511
 20
-1.7803625196850392
 30
0
 11
2.3793841732283463
 21
-1.797177283464567
 31
0
  0
LINE
  5
668
330
1B
100
AcDbEntity
  8
B.Silkscreen
  6
CONTINUOUS
100
AcDbLine
 10
2.3793841732283463
 20
-1.797177283464567
 30
0
 11
2.3860476377952757
 21
-1.7691908267716534
 31
0
  0
LINE
  5
669
330
1B
100
AcDbEntity
  8
B.Silkscreen
  6
CONTINUOUS
100
AcDbLine
 10
2.3860476377952757
 20
-1.7691908267716534
 30
0
 11
2.386236220472441
 21
-1.7686435826771654
 31
0
  0
LINE
  5
66A
330
1B
100
AcDbEntity
  8
B.Silkscreen
  6
CONTINUOUS
100
AcDbLine
 10
2.386236220472441
 20
-1.7686435826771654
 30
0
 11
2.3869116929133858
 21
-1.7677102362204724
 31
0
  0
LINE
  5
66B
330
1B
100
AcDbEntity
  8
B.Silkscreen
  6
CONTINUOUS
100
AcDbLine
 10
2.3869116929133858
 20
-1.7677102362204724
 30
0
 11
2.3878928740157481
 21
-1.7671064566929133
 31
0
  0
LINE
  5
66C
330
1B
100
AcDbEntity
  8
B.Silkscreen
  6
CONTINUOUS
100
AcDbLine
 10
2.3878928740157481
 20
-1.7671064566929133
 30
0
 11
2.389030472440945
 21
-1.7669240551181102
 31
0
  0
LINE
  5
66D
330
1B
100
AcDbEntity
  8
B.Silkscreen
  6
CONTINUOUS
100
AcDbLine
 10
2.389030472440945
 20
-1.7669240551181102
 30
0
 11
2.3901512598425194
 21
-1.7671909055118109
 31
0
  0
LINE
  5
66E
330
1B
100
AcDbEntity
  8
B.Silkscreen
  6
CONTINUOUS
100
AcDbLine
 10
2.3388961023622046
 20
-1.4308884645669291
 30
0
 11
2.3396624409448816
 21
-1.4314005511811023
 31
0
  0
LINE
  5
66F
330
1B
100
AcDbEntity
  8
B.Silkscreen
  6
CONTINUOUS
100
AcDbLine
 10
2.3396624409448816
 20
-1.4314005511811023
 30
0
 11
2.3514734645669293
 21
-1.4432115748031495
 31
0
  0
LINE
  5
670
330
1B
100
AcDbEntity
  8
B.Silkscreen
  6
CONTINUOUS
100
AcDbLine
 10
2.3514734645669293
 20
-1.4432115748031495
 30
0
 11
2.3519855511811025
 21
-1.4439779133858268
 31
0
  0
LINE
  5
671
330
1B
100
AcDbEntity
  8
B.Silkscreen
  6
CONTINUOUS
100
AcDbLine
 10
2.3519855511811025
 20
-1.4439779133858268
 30
0
 11
2.3521653543307086
 21
-1.4448818897637794
 31
0
  0
LINE
  5
672
330
1B
100
AcDbEntity
  8
B.Silkscreen
  6
CONTINUOUS
100
AcDbLine
 10
2.3521653543307086
 20
-1.4448818897637794
 30
0
 11
2.3521653543307086
 21
-1.5236220472440944
 31
0
  0
LINE
  5
673
330
1B
100
AcDbEntity
  8
B.Silkscreen
  6
CONTINUOUS
100
AcDbLine
 10
2.3521653543307086
 20
-1.5236220472440944
 30
0
 11
2.3519855511811025
 21
-1.5245260236220473
 31
0
  0
LINE
  5
674
330
1B
100
AcDbEntity
  8
B.Silkscreen
  6
CONTINUOUS
100
AcDbLine
 10
2.3519855511811025
 20
-1.5245260236220473
 30
0
 11
2.3507071259842518
 21
-1.5258044488188975
 31
0
  0
LINE
  5
675
330
1B
100
AcDbEntity
  8
B.Silkscreen
  6
CONTINUOUS
100
AcDbLine
 10
2.3507071259842518
 20
-1.5258044488188975
 30
0
 11
2.349803149606299
 21
-1.5259842519685038
 31
0
  0
LINE
  5
676
330
1B
100
AcDbEntity
  8
B.Silkscreen
  6
CONTINUOUS
100
AcDbLine
 10
2.349803149606299
 20
-1.5259842519685038
 30
0
 11
2.2238188976377953
 21
-1.5259842519685038
 31
0
  0
LINE
  5
677
330
1B
100
AcDbEntity
  8
B.Silkscreen
  6
CONTINUOUS
100
AcDbLine
 10
2.2238188976377953
 20
-1.5259842519685038
 30
0
 11
2.2229149212598425
 21
-1.5258044488188975
 31
0
  0
LINE
  5
678
330
1B
100
AcDbEntity
  8
B.Silkscreen
  6
CONTINUOUS
100
AcDbLine
 10
2.2229149212598425
 20
-1.5258044488188975
 30
0
 11
2.2216364960629922
 21
-1.5245260236220473
 31
0
  0
LINE
  5
679
330
1B
100
AcDbEntity
  8
B.Silkscreen
  6
CONTINUOUS
100
AcDbLine
 10
2.2216364960629922
 20
-1.5245260236220473
 30
0
 11
2.2214566929133857
 21
-1.5236220472440944
 31
0
  0
LINE
  5
67A
330
1B
100
AcDbEntity
  8
B.Silkscreen
  6
CONTINUOUS
100
AcDbLine
 10
2.2214566929133857
 20
-1.5236220472440944
 30
0
 11
2.2214566929133857
 21
-1.4330708661417322
 31
0
  0
LINE
  5
67B
330
1B
100
AcDbEntity
  8
B.Silkscreen
  6
CONTINUOUS
100
AcDbLine
 10
2.2214566929133857
 20
-1.4330708661417322
 30
0
 11
2.2216364960629922
 21
-1.4321668897637796
 31
0
  0
LINE
  5
67C
330
1B
100
AcDbEntity
  8
B.Silkscreen
  6
CONTINUOUS
100
AcDbLine
 10
2.2216364960629922
 20
-1.4321668897637796
 30
0
 11
2.2229149212598425
 21
-1.4308884645669291
 31
0
  0
LINE
  5
67D
330
1B
100
AcDbEntity
  8
B.Silkscreen
  6
CONTINUOUS
100
AcDbLine
 10
2.2229149212598425
 20
-1.4308884645669291
 30
0
 11
2.2238188976377953
 21
-1.4307086614173228
 31
0
  0
LINE
  5
67E
330
1B
100
AcDbEntity
  8
B.Silkscreen
  6
CONTINUOUS
100
AcDbLine
 10
2.2238188976377953
 20
-1.4307086614173228
 30
0
 11
2.3379921259842518
 21
-1.4307086614173228
 31
0
  0
LINE
  5
67F
330
1B
100
AcDbEntity
  8
B.Silkscreen
  6
CONTINUOUS
100
AcDbLine
 10
2.3379921259842518
 20
-1.4307086614173228
 30
0
 11
2.3388961023622046
 21
-1.4308884645669291
 31
0
  0
LINE
  5
680
330
1B
100
AcDbEntity
  8
B.Silkscreen
  6
CONTINUOUS
100
AcDbLine
 10
2.2261811023622045
 20
-1.4354330708661418
 30
0
 11
2.2261811023622045
 21
-1.521259842519685
 31
0
  0
LINE
  5
681
330
1B
100
AcDbEntity
  8
B.Silkscreen
  6
CONTINUOUS
100
AcDbLine
 10
2.2261811023622045
 20
-1.521259842519685
 30
0
 11
2.3474409448818898
 21
-1.521259842519685
 31
0
  0
LINE
  5
682
330
1B
100
AcDbEntity
  8
B.Silkscreen
  6
CONTINUOUS
100
AcDbLine
 10
2.3474409448818898
 20
-1.521259842519685
 30
0
 11
2.3474409448818898
 21
-1.4458603149606299
 31
0
  0
LINE
  5
683
330
1B
100
AcDbEntity
  8
B.Silkscreen
  6
CONTINUOUS
100
AcDbLine
 10
2.3474409448818898
 20
-1.4458603149606299
 30
0
 11
2.3370137007874017
 21
-1.4354330708661418
 31
0
  0
LINE
  5
684
330
1B
100
AcDbEntity
  8
B.Silkscreen
  6
CONTINUOUS
100
AcDbLine
 10
2.3370137007874017
 20
-1.4354330708661418
 30
0
 11
2.2261811023622045
 21
-1.4354330708661418
 31
0
  0
LINE
  5
685
330
1B
100
AcDbEntity
  8
B.Silkscreen
  6
CONTINUOUS
100
AcDbLine
 10
2.267412716535433
 20
-1.3752464566929135
 30
0
 11
2.2677020078740155
 21
-1.3752464566929135
 31
0
  0
LINE
  5
686
330
1B
100
AcDbEntity
  8
B.Silkscreen
  6
CONTINUOUS
100
AcDbLine
 10
2.2677020078740155
 20
-1.3752464566929135
 30
0
 11
2.267972086614173
 21
-1.3753583070866142
 31
0
  0
LINE
  5
687
330
1B
100
AcDbEntity
  8
B.Silkscreen
  6
CONTINUOUS
100
AcDbLine
 10
2.267972086614173
 20
-1.3753583070866142
 30
0
 11
2.2682587401574801
 21
-1.3754156692913386
 31
0
  0
LINE
  5
688
330
1B
100
AcDbEntity
  8
B.Silkscreen
  6
CONTINUOUS
100
AcDbLine
 10
2.2682587401574801
 20
-1.3754156692913386
 30
0
 11
2.2684990944881891
 21
-1.3755766141732284
 31
0
  0
LINE
  5
689
330
1B
100
AcDbEntity
  8
B.Silkscreen
  6
CONTINUOUS
100
AcDbLine
 10
2.2684990944881891
 20
-1.3755766141732284
 30
0
 11
2.2687664173228348
 21
-1.3756873622047243
 31
0
  0
LINE
  5
68A
330
1B
100
AcDbEntity
  8
B.Silkscreen
  6
CONTINUOUS
100
AcDbLine
 10
2.2687664173228348
 20
-1.3756873622047243
 30
0
 11
2.2689731102362205
 21
-1.3758940551181102
 31
0
  0
LINE
  5
68B
330
1B
100
AcDbEntity
  8
B.Silkscreen
  6
CONTINUOUS
100
AcDbLine
 10
2.2689731102362205
 20
-1.3758940551181102
 30
0
 11
2.2692160236220471
 21
-1.3760567322834645
 31
0
  0
LINE
  5
68C
330
1B
100
AcDbEntity
  8
B.Silkscreen
  6
CONTINUOUS
100
AcDbLine
 10
2.2692160236220471
 20
-1.3760567322834645
 30
0
 11
2.2695790157480316
 21
-1.3764999606299213
 31
0
  0
LINE
  5
68D
330
1B
100
AcDbEntity
  8
B.Silkscreen
  6
CONTINUOUS
100
AcDbLine
 10
2.2695790157480316
 20
-1.3764999606299213
 30
0
 11
2.2695810629921258
 21
-1.3765020078740158
 31
0
  0
LINE
  5
68E
330
1B
100
AcDbEntity
  8
B.Silkscreen
  6
CONTINUOUS
100
AcDbLine
 10
2.2695810629921258
 20
-1.3765020078740158
 30
0
 11
2.2695814173228346
 21
-1.3765028740157479
 31
0
  0
LINE
  5
68F
330
1B
100
AcDbEntity
  8
B.Silkscreen
  6
CONTINUOUS
100
AcDbLine
 10
2.2695814173228346
 20
-1.3765028740157479
 30
0
 11
2.2695827952755905
 21
-1.3765045669291338
 31
0
  0
LINE
  5
690
330
1B
100
AcDbEntity
  8
B.Silkscreen
  6
CONTINUOUS
100
AcDbLine
 10
2.2695827952755905
 20
-1.3765045669291338
 30
0
 11
2.2731701181102362
 21
-1.3818855905511811
 31
0
  0
LINE
  5
691
330
1B
100
AcDbEntity
  8
B.Silkscreen
  6
CONTINUOUS
100
AcDbLine
 10
2.2731701181102362
 20
-1.3818855905511811
 30
0
 11
2.2763740944881889
 21
-1.3850895669291339
 31
0
  0
LINE
  5
692
330
1B
100
AcDbEntity
  8
B.Silkscreen
  6
CONTINUOUS
100
AcDbLine
 10
2.2763740944881889
 20
-1.3850895669291339
 30
0
 11
2.2796950393700786
 21
-1.3867500393700787
 31
0
  0
LINE
  5
693
330
1B
100
AcDbEntity
  8
B.Silkscreen
  6
CONTINUOUS
100
AcDbLine
 10
2.2796950393700786
 20
-1.3867500393700787
 30
0
 11
2.2801849212598424
 21
-1.3870583858267715
 31
0
  0
LINE
  5
694
330
1B
100
AcDbEntity
  8
B.Silkscreen
  6
CONTINUOUS
100
AcDbLine
 10
2.2801849212598424
 20
-1.3870583858267715
 30
0
 11
2.2809397637795277
 21
-1.387928779527559
 31
0
  0
LINE
  5
695
330
1B
100
AcDbEntity
  8
B.Silkscreen
  6
CONTINUOUS
100
AcDbLine
 10
2.2809397637795277
 20
-1.387928779527559
 30
0
 11
2.2813040944881888
 21
-1.3890217322834646
 31
0
  0
LINE
  5
696
330
1B
100
AcDbEntity
  8
B.Silkscreen
  6
CONTINUOUS
100
AcDbLine
 10
2.2813040944881888
 20
-1.3890217322834646
 30
0
 11
2.281222440944882
 21
-1.3901709448818897
 31
0
  0
LINE
  5
697
330
1B
100
AcDbEntity
  8
B.Silkscreen
  6
CONTINUOUS
100
AcDbLine
 10
2.281222440944882
 20
-1.3901709448818897
 30
0
 11
2.2807071653543307
 21
-1.3912014566929134
 31
0
  0
LINE
  5
698
330
1B
100
AcDbEntity
  8
B.Silkscreen
  6
CONTINUOUS
100
AcDbLine
 10
2.2807071653543307
 20
-1.3912014566929134
 30
0
 11
2.279836811023622
 21
-1.3919562992125984
 31
0
  0
LINE
  5
699
330
1B
100
AcDbEntity
  8
B.Silkscreen
  6
CONTINUOUS
100
AcDbLine
 10
2.279836811023622
 20
-1.3919562992125984
 30
0
 11
2.2787438188976377
 21
-1.3923206299212598
 31
0
  0
LINE
  5
69A
330
1B
100
AcDbEntity
  8
B.Silkscreen
  6
CONTINUOUS
100
AcDbLine
 10
2.2787438188976377
 20
-1.3923206299212598
 30
0
 11
2.2775946062992127
 21
-1.3922389763779528
 31
0
  0
LINE
  5
69B
330
1B
100
AcDbEntity
  8
B.Silkscreen
  6
CONTINUOUS
100
AcDbLine
 10
2.2775946062992127
 20
-1.3922389763779528
 30
0
 11
2.2770540157480315
 21
-1.3920320866141731
 31
0
  0
LINE
  5
69C
330
1B
100
AcDbEntity
  8
B.Silkscreen
  6
CONTINUOUS
100
AcDbLine
 10
2.2770540157480315
 20
-1.3920320866141731
 30
0
 11
2.2733044881889763
 21
-1.3901573228346455
 31
0
  0
LINE
  5
69D
330
1B
100
AcDbEntity
  8
B.Silkscreen
  6
CONTINUOUS
100
AcDbLine
 10
2.2733044881889763
 20
-1.3901573228346455
 30
0
 11
2.273056653543307
 21
-1.3900012992125983
 31
0
  0
LINE
  5
69E
330
1B
100
AcDbEntity
  8
B.Silkscreen
  6
CONTINUOUS
100
AcDbLine
 10
2.273056653543307
 20
-1.3900012992125983
 30
0
 11
2.2729845275590552
 21
-1.3899714566929133
 31
0
  0
LINE
  5
69F
330
1B
100
AcDbEntity
  8
B.Silkscreen
  6
CONTINUOUS
100
AcDbLine
 10
2.2729845275590552
 20
-1.3899714566929133
 30
0
 11
2.272903346456693
 21
-1.3899048425196849
 31
0
  0
LINE
  5
6A0
330
1B
100
AcDbEntity
  8
B.Silkscreen
  6
CONTINUOUS
100
AcDbLine
 10
2.272903346456693
 20
-1.3899048425196849
 30
0
 11
2.2728146062992125
 21
-1.3898489763779527
 31
0
  0
LINE
  5
6A1
330
1B
100
AcDbEntity
  8
B.Silkscreen
  6
CONTINUOUS
100
AcDbLine
 10
2.2728146062992125
 20
-1.3898489763779527
 30
0
 11
2.2727634645669292
 21
-1.3897900393700786
 31
0
  0
LINE
  5
6A2
330
1B
100
AcDbEntity
  8
B.Silkscreen
  6
CONTINUOUS
100
AcDbLine
 10
2.2727634645669292
 20
-1.3897900393700786
 30
0
 11
2.272537086614173
 21
-1.3896042125984251
 31
0
  0
LINE
  5
6A3
330
1B
100
AcDbEntity
  8
B.Silkscreen
  6
CONTINUOUS
100
AcDbLine
 10
2.272537086614173
 20
-1.3896042125984251
 30
0
 11
2.2700787007874017
 21
-1.3871458267716534
 31
0
  0
LINE
  5
6A4
330
1B
100
AcDbEntity
  8
B.Silkscreen
  6
CONTINUOUS
100
AcDbLine
 10
2.2700787007874017
 20
-1.3871458267716534
 30
0
 11
2.2700787007874017
 21
-1.4145598031496063
 31
0
  0
LINE
  5
6A5
330
1B
100
AcDbEntity
  8
B.Silkscreen
  6
CONTINUOUS
100
AcDbLine
 10
2.2700787007874017
 20
-1.4145598031496063
 30
0
 11
2.278374527559055
 21
-1.4145598031496063
 31
0
  0
LINE
  5
6A6
330
1B
100
AcDbEntity
  8
B.Silkscreen
  6
CONTINUOUS
100
AcDbLine
 10
2.278374527559055
 20
-1.4145598031496063
 30
0
 11
2.2789505905511809
 21
-1.4146165354330709
 31
0
  0
LINE
  5
6A7
330
1B
100
AcDbEntity
  8
B.Silkscreen
  6
CONTINUOUS
100
AcDbLine
 10
2.2789505905511809
 20
-1.4146165354330709
 30
0
 11
2.2800150000000001
 21
-1.415057440944882
 31
0
  0
LINE
  5
6A8
330
1B
100
AcDbEntity
  8
B.Silkscreen
  6
CONTINUOUS
100
AcDbLine
 10
2.2800150000000001
 20
-1.415057440944882
 30
0
 11
2.2808296456692911
 21
-1.4158720866141732
 31
0
  0
LINE
  5
6A9
330
1B
100
AcDbEntity
  8
B.Silkscreen
  6
CONTINUOUS
100
AcDbLine
 10
2.2808296456692911
 20
-1.4158720866141732
 30
0
 11
2.2812705511811022
 21
-1.416936496062992
 31
0
  0
LINE
  5
6AA
330
1B
100
AcDbEntity
  8
B.Silkscreen
  6
CONTINUOUS
100
AcDbLine
 10
2.2812705511811022
 20
-1.416936496062992
 30
0
 11
2.2812705511811022
 21
-1.418088622047244
 31
0
  0
LINE
  5
6AB
330
1B
100
AcDbEntity
  8
B.Silkscreen
  6
CONTINUOUS
100
AcDbLine
 10
2.2812705511811022
 20
-1.418088622047244
 30
0
 11
2.2808296456692911
 21
-1.419153031496063
 31
0
  0
LINE
  5
6AC
330
1B
100
AcDbEntity
  8
B.Silkscreen
  6
CONTINUOUS
100
AcDbLine
 10
2.2808296456692911
 20
-1.419153031496063
 30
0
 11
2.2800150000000001
 21
-1.4199676771653542
 31
0
  0
LINE
  5
6AD
330
1B
100
AcDbEntity
  8
B.Silkscreen
  6
CONTINUOUS
100
AcDbLine
 10
2.2800150000000001
 20
-1.4199676771653542
 30
0
 11
2.2789505905511809
 21
-1.4204085826771653
 31
0
  0
LINE
  5
6AE
330
1B
100
AcDbEntity
  8
B.Silkscreen
  6
CONTINUOUS
100
AcDbLine
 10
2.2789505905511809
 20
-1.4204085826771653
 30
0
 11
2.278374527559055
 21
-1.4204653149606299
 31
0
  0
LINE
  5
6AF
330
1B
100
AcDbEntity
  8
B.Silkscreen
  6
CONTINUOUS
100
AcDbLine
 10
2.278374527559055
 20
-1.4204653149606299
 30
0
 11
2.2558773622047243
 21
-1.4204653149606299
 31
0
  0
LINE
  5
6B0
330
1B
100
AcDbEntity
  8
B.Silkscreen
  6
CONTINUOUS
100
AcDbLine
 10
2.2558773622047243
 20
-1.4204653149606299
 30
0
 11
2.2553012992125985
 21
-1.4204085826771653
 31
0
  0
LINE
  5
6B1
330
1B
100
AcDbEntity
  8
B.Silkscreen
  6
CONTINUOUS
100
AcDbLine
 10
2.2553012992125985
 20
-1.4204085826771653
 30
0
 11
2.2542368897637797
 21
-1.4199676771653542
 31
0
  0
LINE
  5
6B2
330
1B
100
AcDbEntity
  8
B.Silkscreen
  6
CONTINUOUS
100
AcDbLine
 10
2.2542368897637797
 20
-1.4199676771653542
 30
0
 11
2.2534222440944882
 21
-1.419153031496063
 31
0
  0
LINE
  5
6B3
330
1B
100
AcDbEntity
  8
B.Silkscreen
  6
CONTINUOUS
100
AcDbLine
 10
2.2534222440944882
 20
-1.419153031496063
 30
0
 11
2.2529813385826771
 21
-1.418088622047244
 31
0
  0
LINE
  5
6B4
330
1B
100
AcDbEntity
  8
B.Silkscreen
  6
CONTINUOUS
100
AcDbLine
 10
2.2529813385826771
 20
-1.418088622047244
 30
0
 11
2.2529813385826771
 21
-1.416936496062992
 31
0
  0
LINE
  5
6B5
330
1B
100
AcDbEntity
  8
B.Silkscreen
  6
CONTINUOUS
100
AcDbLine
 10
2.2529813385826771
 20
-1.416936496062992
 30
0
 11
2.2534222440944882
 21
-1.4158720866141732
 31
0
  0
LINE
  5
6B6
330
1B
100
AcDbEntity
  8
B.Silkscreen
  6
CONTINUOUS
100
AcDbLine
 10
2.2534222440944882
 20
-1.4158720866141732
 30
0
 11
2.2542368897637797
 21
-1.415057440944882
 31
0
  0
LINE
  5
6B7
330
1B
100
AcDbEntity
  8
B.Silkscreen
  6
CONTINUOUS
100
AcDbLine
 10
2.2542368897637797
 20
-1.415057440944882
 30
0
 11
2.2553012992125985
 21
-1.4146165354330709
 31
0
  0
LINE
  5
6B8
330
1B
100
AcDbEntity
  8
B.Silkscreen
  6
CONTINUOUS
100
AcDbLine
 10
2.2553012992125985
 20
-1.4146165354330709
 30
0
 11
2.2558773622047243
 21
-1.4145598031496063
 31
0
  0
LINE
  5
6B9
330
1B
100
AcDbEntity
  8
B.Silkscreen
  6
CONTINUOUS
100
AcDbLine
 10
2.2558773622047243
 20
-1.4145598031496063
 30
0
 11
2.2641731889763781
 21
-1.4145598031496063
 31
0
  0
LINE
  5
6BA
330
1B
100
AcDbEntity
  8
B.Silkscreen
  6
CONTINUOUS
100
AcDbLine
 10
2.2641731889763781
 20
-1.4145598031496063
 30
0
 11
2.2641731889763781
 21
-1.3781424803149607
 31
0
  0
LINE
  5
6BB
330
1B
100
AcDbEntity
  8
B.Silkscreen
  6
CONTINUOUS
100
AcDbLine
 10
2.2641731889763781
 20
-1.3781424803149607
 30
0
 11
2.2641733858267714
 21
-1.3781403937007874
 31
0
  0
LINE
  5
6BC
330
1B
100
AcDbEntity
  8
B.Silkscreen
  6
CONTINUOUS
100
AcDbLine
 10
2.2641733858267714
 20
-1.3781403937007874
 30
0
 11
2.2641731889763781
 21
-1.3781393700787401
 31
0
  0
LINE
  5
6BD
330
1B
100
AcDbEntity
  8
B.Silkscreen
  6
CONTINUOUS
100
AcDbLine
 10
2.2641731889763781
 20
-1.3781393700787401
 30
0
 11
2.2641737795275589
 21
-1.378136338582677
 31
0
  0
LINE
  5
6BE
330
1B
100
AcDbEntity
  8
B.Silkscreen
  6
CONTINUOUS
100
AcDbLine
 10
2.2641737795275589
 20
-1.378136338582677
 30
0
 11
2.2642299212598425
 21
-1.3775664173228346
 31
0
  0
LINE
  5
6BF
330
1B
100
AcDbEntity
  8
B.Silkscreen
  6
CONTINUOUS
100
AcDbLine
 10
2.2642299212598425
 20
-1.3775664173228346
 30
0
 11
2.2643417716535432
 21
-1.3772962992125983
 31
0
  0
LINE
  5
6C0
330
1B
100
AcDbEntity
  8
B.Silkscreen
  6
CONTINUOUS
100
AcDbLine
 10
2.2643417716535432
 20
-1.3772962992125983
 30
0
 11
2.2643991338582676
 21
-1.37700968503937
 31
0
  0
LINE
  5
6C1
330
1B
100
AcDbEntity
  8
B.Silkscreen
  6
CONTINUOUS
100
AcDbLine
 10
2.2643991338582676
 20
-1.37700968503937
 30
0
 11
2.2645600787401574
 21
-1.3767692913385827
 31
0
  0
LINE
  5
6C2
330
1B
100
AcDbEntity
  8
B.Silkscreen
  6
CONTINUOUS
100
AcDbLine
 10
2.2645600787401574
 20
-1.3767692913385827
 30
0
 11
2.2646708267716535
 21
-1.3765020078740158
 31
0
  0
LINE
  5
6C3
330
1B
100
AcDbEntity
  8
B.Silkscreen
  6
CONTINUOUS
100
AcDbLine
 10
2.2646708267716535
 20
-1.3765020078740158
 30
0
 11
2.2648775196850393
 21
-1.3762952755905511
 31
0
  0
LINE
  5
6C4
330
1B
100
AcDbEntity
  8
B.Silkscreen
  6
CONTINUOUS
100
AcDbLine
 10
2.2648775196850393
 20
-1.3762952755905511
 30
0
 11
2.2650401968503937
 21
-1.376052401574803
 31
0
  0
LINE
  5
6C5
330
1B
100
AcDbEntity
  8
B.Silkscreen
  6
CONTINUOUS
100
AcDbLine
 10
2.2650401968503937
 20
-1.376052401574803
 30
0
 11
2.265280905511811
 21
-1.3758918897637795
 31
0
  0
LINE
  5
6C6
330
1B
100
AcDbEntity
  8
B.Silkscreen
  6
CONTINUOUS
100
AcDbLine
 10
2.265280905511811
 20
-1.3758918897637795
 30
0
 11
2.265485472440945
 21
-1.3756873622047243
 31
0
  0
LINE
  5
6C7
330
1B
100
AcDbEntity
  8
B.Silkscreen
  6
CONTINUOUS
100
AcDbLine
 10
2.265485472440945
 20
-1.3756873622047243
 30
0
 11
2.2657555511811025
 21
-1.3755754724409448
 31
0
  0
LINE
  5
6C8
330
1B
100
AcDbEntity
  8
B.Silkscreen
  6
CONTINUOUS
100
AcDbLine
 10
2.2657555511811025
 20
-1.3755754724409448
 30
0
 11
2.2659988188976379
 21
-1.3754133070866141
 31
0
  0
LINE
  5
6C9
330
1B
100
AcDbEntity
  8
B.Silkscreen
  6
CONTINUOUS
100
AcDbLine
 10
2.2659988188976379
 20
-1.3754133070866141
 30
0
 11
2.2662825984251969
 21
-1.3753571653543306
 31
0
  0
LINE
  5
6CA
330
1B
100
AcDbEntity
  8
B.Silkscreen
  6
CONTINUOUS
100
AcDbLine
 10
2.2662825984251969
 20
-1.3753571653543306
 30
0
 11
2.2665498818897638
 21
-1.3752464566929135
 31
0
  0
LINE
  5
6CB
330
1B
100
AcDbEntity
  8
B.Silkscreen
  6
CONTINUOUS
100
AcDbLine
 10
2.2665498818897638
 20
-1.3752464566929135
 30
0
 11
2.266842283464567
 21
-1.3752464566929135
 31
0
  0
LINE
  5
6CC
330
1B
100
AcDbEntity
  8
B.Silkscreen
  6
CONTINUOUS
100
AcDbLine
 10
2.266842283464567
 20
-1.3752464566929135
 30
0
 11
2.2671290551181102
 21
-1.3751897244094489
 31
0
  0
LINE
  5
6CD
330
1B
100
AcDbEntity
  8
B.Silkscreen
  6
CONTINUOUS
100
AcDbLine
 10
2.2671290551181102
 20
-1.3751897244094489
 30
0
 11
2.267412716535433
 21
-1.3752464566929135
 31
0
  0
LINE
  5
6CE
330
1B
100
AcDbEntity
  8
B.Silkscreen
  6
CONTINUOUS
100
AcDbLine
 10
2.3164459055118112
 20
-1.3752464566929135
 30
0
 11
2.31751031496063
 21
-1.3756873622047243
 31
0
  0
LINE
  5
6CF
330
1B
100
AcDbEntity
  8
B.Silkscreen
  6
CONTINUOUS
100
AcDbLine
 10
2.31751031496063
 20
-1.3756873622047243
 30
0
 11
2.318324960629921
 21
-1.3765020078740158
 31
0
  0
LINE
  5
6D0
330
1B
100
AcDbEntity
  8
B.Silkscreen
  6
CONTINUOUS
100
AcDbLine
 10
2.318324960629921
 20
-1.3765020078740158
 30
0
 11
2.3187658661417321
 21
-1.3775664173228346
 31
0
  0
LINE
  5
6D1
330
1B
100
AcDbEntity
  8
B.Silkscreen
  6
CONTINUOUS
100
AcDbLine
 10
2.3187658661417321
 20
-1.3775664173228346
 30
0
 11
2.3188225984251969
 21
-1.3781424803149607
 31
0
  0
LINE
  5
6D2
330
1B
100
AcDbEntity
  8
B.Silkscreen
  6
CONTINUOUS
100
AcDbLine
 10
2.3188225984251969
 20
-1.3781424803149607
 30
0
 11
2.3188225984251969
 21
-1.4175125590551181
 31
0
  0
LINE
  5
6D3
330
1B
100
AcDbEntity
  8
B.Silkscreen
  6
CONTINUOUS
100
AcDbLine
 10
2.3188225984251969
 20
-1.4175125590551181
 30
0
 11
2.3187658661417321
 21
-1.418088622047244
 31
0
  0
LINE
  5
6D4
330
1B
100
AcDbEntity
  8
B.Silkscreen
  6
CONTINUOUS
100
AcDbLine
 10
2.3187658661417321
 20
-1.418088622047244
 30
0
 11
2.318324960629921
 21
-1.419153031496063
 31
0
  0
LINE
  5
6D5
330
1B
100
AcDbEntity
  8
B.Silkscreen
  6
CONTINUOUS
100
AcDbLine
 10
2.318324960629921
 20
-1.419153031496063
 30
0
 11
2.31751031496063
 21
-1.4199676771653542
 31
0
  0
LINE
  5
6D6
330
1B
100
AcDbEntity
  8
B.Silkscreen
  6
CONTINUOUS
100
AcDbLine
 10
2.31751031496063
 20
-1.4199676771653542
 30
0
 11
2.3164459055118112
 21
-1.4204085826771653
 31
0
  0
LINE
  5
6D7
330
1B
100
AcDbEntity
  8
B.Silkscreen
  6
CONTINUOUS
100
AcDbLine
 10
2.3164459055118112
 20
-1.4204085826771653
 30
0
 11
2.3158698425196849
 21
-1.4204653149606299
 31
0
  0
LINE
  5
6D8
330
1B
100
AcDbEntity
  8
B.Silkscreen
  6
CONTINUOUS
100
AcDbLine
 10
2.3158698425196849
 20
-1.4204653149606299
 30
0
 11
2.3064960236220471
 21
-1.4204653149606299
 31
0
  0
LINE
  5
6D9
330
1B
100
AcDbEntity
  8
B.Silkscreen
  6
CONTINUOUS
100
AcDbLine
 10
2.3064960236220471
 20
-1.4204653149606299
 30
0
 11
2.306204409448819
 21
-1.4204365748031496
 31
0
  0
LINE
  5
6DA
330
1B
100
AcDbEntity
  8
B.Silkscreen
  6
CONTINUOUS
100
AcDbLine
 10
2.306204409448819
 20
-1.4204365748031496
 30
0
 11
2.3061266929133857
 21
-1.4204421259842519
 31
0
  0
LINE
  5
6DB
330
1B
100
AcDbEntity
  8
B.Silkscreen
  6
CONTINUOUS
100
AcDbLine
 10
2.3061266929133857
 20
-1.4204421259842519
 30
0
 11
2.3060244094488187
 21
-1.4204188582677164
 31
0
  0
LINE
  5
6DC
330
1B
100
AcDbEntity
  8
B.Silkscreen
  6
CONTINUOUS
100
AcDbLine
 10
2.3060244094488187
 20
-1.4204188582677164
 30
0
 11
2.3059199606299212
 21
-1.4204085826771653
 31
0
  0
LINE
  5
6DD
330
1B
100
AcDbEntity
  8
B.Silkscreen
  6
CONTINUOUS
100
AcDbLine
 10
2.3059199606299212
 20
-1.4204085826771653
 30
0
 11
2.3058478740157482
 21
-1.4203787007874016
 31
0
  0
LINE
  5
6DE
330
1B
100
AcDbEntity
  8
B.Silkscreen
  6
CONTINUOUS
100
AcDbLine
 10
2.3058478740157482
 20
-1.4203787007874016
 30
0
 11
2.3055622440944883
 21
-1.4203137795275591
 31
0
  0
LINE
  5
6DF
330
1B
100
AcDbEntity
  8
B.Silkscreen
  6
CONTINUOUS
100
AcDbLine
 10
2.3055622440944883
 20
-1.4203137795275591
 30
0
 11
2.2999379921259844
 21
-1.4184390157480316
 31
0
  0
LINE
  5
6E0
330
1B
100
AcDbEntity
  8
B.Silkscreen
  6
CONTINUOUS
100
AcDbLine
 10
2.2999379921259844
 20
-1.4184390157480316
 30
0
 11
2.2994094094488187
 21
-1.418203031496063
 31
0
  0
LINE
  5
6E1
330
1B
100
AcDbEntity
  8
B.Silkscreen
  6
CONTINUOUS
100
AcDbLine
 10
2.2994094094488187
 20
-1.418203031496063
 30
0
 11
2.2993292913385828
 21
-1.4181335433070865
 31
0
  0
LINE
  5
6E2
330
1B
100
AcDbEntity
  8
B.Silkscreen
  6
CONTINUOUS
100
AcDbLine
 10
2.2993292913385828
 20
-1.4181335433070865
 30
0
 11
2.2992312598425197
 21
-1.4180929527559054
 31
0
  0
LINE
  5
6E3
330
1B
100
AcDbEntity
  8
B.Silkscreen
  6
CONTINUOUS
100
AcDbLine
 10
2.2992312598425197
 20
-1.4180929527559054
 30
0
 11
2.2987838188976379
 21
-1.4177257086614172
 31
0
  0
LINE
  5
6E4
330
1B
100
AcDbEntity
  8
B.Silkscreen
  6
CONTINUOUS
100
AcDbLine
 10
2.2987838188976379
 20
-1.4177257086614172
 30
0
 11
2.2950342913385828
 21
-1.4139761417322834
 31
0
  0
LINE
  5
6E5
330
1B
100
AcDbEntity
  8
B.Silkscreen
  6
CONTINUOUS
100
AcDbLine
 10
2.2950342913385828
 20
-1.4139761417322834
 30
0
 11
2.2948485039370077
 21
-1.4137497637795275
 31
0
  0
LINE
  5
6E6
330
1B
100
AcDbEntity
  8
B.Silkscreen
  6
CONTINUOUS
100
AcDbLine
 10
2.2948485039370077
 20
-1.4137497637795275
 30
0
 11
2.2947895275590549
 21
-1.4136986220472441
 31
0
  0
LINE
  5
6E7
330
1B
100
AcDbEntity
  8
B.Silkscreen
  6
CONTINUOUS
100
AcDbLine
 10
2.2947895275590549
 20
-1.4136986220472441
 30
0
 11
2.2947335433070863
 21
-1.41360968503937
 31
0
  0
LINE
  5
6E8
330
1B
100
AcDbEntity
  8
B.Silkscreen
  6
CONTINUOUS
100
AcDbLine
 10
2.2947335433070863
 20
-1.41360968503937
 30
0
 11
2.2946670472440944
 21
-1.4135286614173228
 31
0
  0
LINE
  5
6E9
330
1B
100
AcDbEntity
  8
B.Silkscreen
  6
CONTINUOUS
100
AcDbLine
 10
2.2946670472440944
 20
-1.4135286614173228
 30
0
 11
2.2946372047244092
 21
-1.4134566141732283
 31
0
  0
LINE
  5
6EA
330
1B
100
AcDbEntity
  8
B.Silkscreen
  6
CONTINUOUS
100
AcDbLine
 10
2.2946372047244092
 20
-1.4134566141732283
 30
0
 11
2.2944811811023622
 21
-1.4132087401574802
 31
0
  0
LINE
  5
6EB
330
1B
100
AcDbEntity
  8
B.Silkscreen
  6
CONTINUOUS
100
AcDbLine
 10
2.2944811811023622
 20
-1.4132087401574802
 30
0
 11
2.2926064173228347
 21
-1.4094592125984251
 31
0
  0
LINE
  5
6EC
330
1B
100
AcDbEntity
  8
B.Silkscreen
  6
CONTINUOUS
100
AcDbLine
 10
2.2926064173228347
 20
-1.4094592125984251
 30
0
 11
2.292590275590551
 21
-1.4094170866141731
 31
0
  0
LINE
  5
6ED
330
1B
100
AcDbEntity
  8
B.Silkscreen
  6
CONTINUOUS
100
AcDbLine
 10
2.292590275590551
 20
-1.4094170866141731
 30
0
 11
2.2925775984251966
 21
-1.4093999606299212
 31
0
  0
LINE
  5
6EE
330
1B
100
AcDbEntity
  8
B.Silkscreen
  6
CONTINUOUS
100
AcDbLine
 10
2.2925775984251966
 20
-1.4093999606299212
 30
0
 11
2.2924911417322833
 21
-1.4091579921259842
 31
0
  0
LINE
  5
6EF
330
1B
100
AcDbEntity
  8
B.Silkscreen
  6
CONTINUOUS
100
AcDbLine
 10
2.2924911417322833
 20
-1.4091579921259842
 30
0
 11
2.2923995275590552
 21
-1.4089185826771653
 31
0
  0
LINE
  5
6F0
330
1B
100
AcDbEntity
  8
B.Silkscreen
  6
CONTINUOUS
100
AcDbLine
 10
2.2923995275590552
 20
-1.4089185826771653
 30
0
 11
2.2923979921259843
 21
-1.4088973228346455
 31
0
  0
LINE
  5
6F1
330
1B
100
AcDbEntity
  8
B.Silkscreen
  6
CONTINUOUS
100
AcDbLine
 10
2.2923979921259843
 20
-1.4088973228346455
 30
0
 11
2.2923828346456694
 21
-1.408854842519685
 31
0
  0
LINE
  5
6F2
330
1B
100
AcDbEntity
  8
B.Silkscreen
  6
CONTINUOUS
100
AcDbLine
 10
2.2923828346456694
 20
-1.408854842519685
 30
0
 11
2.2905080708661418
 21
-1.4013557874015747
 31
0
  0
LINE
  5
6F3
330
1B
100
AcDbEntity
  8
B.Silkscreen
  6
CONTINUOUS
100
AcDbLine
 10
2.2905080708661418
 20
-1.4013557874015747
 30
0
 11
2.2904932677165353
 21
-1.401255905511811
 31
0
  0
LINE
  5
6F4
330
1B
100
AcDbEntity
  8
B.Silkscreen
  6
CONTINUOUS
100
AcDbLine
 10
2.2904932677165353
 20
-1.401255905511811
 30
0
 11
2.290476653543307
 21
-1.4012157086614172
 31
0
  0
LINE
  5
6F5
330
1B
100
AcDbEntity
  8
B.Silkscreen
  6
CONTINUOUS
100
AcDbLine
 10
2.290476653543307
 20
-1.4012157086614172
 30
0
 11
2.290455275590551
 21
-1.4009986614173229
 31
0
  0
LINE
  5
6F6
330
1B
100
AcDbEntity
  8
B.Silkscreen
  6
CONTINUOUS
100
AcDbLine
 10
2.290455275590551
 20
-1.4009986614173229
 30
0
 11
2.2904234251968503
 21
-1.400783188976378
 31
0
  0
LINE
  5
6F7
330
1B
100
AcDbEntity
  8
B.Silkscreen
  6
CONTINUOUS
100
AcDbLine
 10
2.2904234251968503
 20
-1.400783188976378
 30
0
 11
2.2904298031496064
 21
-1.4007401574803149
 31
0
  0
LINE
  5
6F8
330
1B
100
AcDbEntity
  8
B.Silkscreen
  6
CONTINUOUS
100
AcDbLine
 10
2.2904298031496064
 20
-1.4007401574803149
 30
0
 11
2.2904199212598426
 21
-1.4006396456692913
 31
0
  0
LINE
  5
6F9
330
1B
100
AcDbEntity
  8
B.Silkscreen
  6
CONTINUOUS
100
AcDbLine
 10
2.2904199212598426
 20
-1.4006396456692913
 30
0
 11
2.2904199212598426
 21
-1.3950153543307087
 31
0
  0
LINE
  5
6FA
330
1B
100
AcDbEntity
  8
B.Silkscreen
  6
CONTINUOUS
100
AcDbLine
 10
2.2904199212598426
 20
-1.3950153543307087
 30
0
 11
2.2904298031496064
 21
-1.3949148031496064
 31
0
  0
LINE
  5
6FB
330
1B
100
AcDbEntity
  8
B.Silkscreen
  6
CONTINUOUS
100
AcDbLine
 10
2.2904298031496064
 20
-1.3949148031496064
 30
0
 11
2.2904234251968503
 21
-1.394871811023622
 31
0
  0
LINE
  5
6FC
330
1B
100
AcDbEntity
  8
B.Silkscreen
  6
CONTINUOUS
100
AcDbLine
 10
2.2904234251968503
 20
-1.394871811023622
 30
0
 11
2.290455275590551
 21
-1.3946562992125984
 31
0
  0
LINE
  5
6FD
330
1B
100
AcDbEntity
  8
B.Silkscreen
  6
CONTINUOUS
100
AcDbLine
 10
2.290455275590551
 20
-1.3946562992125984
 30
0
 11
2.290476653543307
 21
-1.3944392913385826
 31
0
  0
LINE
  5
6FE
330
1B
100
AcDbEntity
  8
B.Silkscreen
  6
CONTINUOUS
100
AcDbLine
 10
2.290476653543307
 20
-1.3944392913385826
 30
0
 11
2.2904932677165353
 21
-1.3943990551181102
 31
0
  0
LINE
  5
6FF
330
1B
100
AcDbEntity
  8
B.Silkscreen
  6
CONTINUOUS
100
AcDbLine
 10
2.2904932677165353
 20
-1.3943990551181102
 30
0
 11
2.2905080708661418
 21
-1.3942992125984253
 31
0
  0
LINE
  5
700
330
1B
100
AcDbEntity
  8
B.Silkscreen
  6
CONTINUOUS
100
AcDbLine
 10
2.2905080708661418
 20
-1.3942992125984253
 30
0
 11
2.2923828346456694
 21
-1.3868001574803148
 31
0
  0
LINE
  5
701
330
1B
100
AcDbEntity
  8
B.Silkscreen
  6
CONTINUOUS
100
AcDbLine
 10
2.2923828346456694
 20
-1.3868001574803148
 30
0
 11
2.2923979921259843
 21
-1.3867576377952755
 31
0
  0
LINE
  5
702
330
1B
100
AcDbEntity
  8
B.Silkscreen
  6
CONTINUOUS
100
AcDbLine
 10
2.2923979921259843
 20
-1.3867576377952755
 30
0
 11
2.2923995275590552
 21
-1.3867364173228347
 31
0
  0
LINE
  5
703
330
1B
100
AcDbEntity
  8
B.Silkscreen
  6
CONTINUOUS
100
AcDbLine
 10
2.2923995275590552
 20
-1.3867364173228347
 30
0
 11
2.2924915354330708
 21
-1.3864959448818897
 31
0
  0
LINE
  5
704
330
1B
100
AcDbEntity
  8
B.Silkscreen
  6
CONTINUOUS
100
AcDbLine
 10
2.2924915354330708
 20
-1.3864959448818897
 30
0
 11
2.2925775984251966
 21
-1.3862550393700788
 31
0
  0
LINE
  5
705
330
1B
100
AcDbEntity
  8
B.Silkscreen
  6
CONTINUOUS
100
AcDbLine
 10
2.2925775984251966
 20
-1.3862550393700788
 30
0
 11
2.292590275590551
 21
-1.3862378740157479
 31
0
  0
LINE
  5
706
330
1B
100
AcDbEntity
  8
B.Silkscreen
  6
CONTINUOUS
100
AcDbLine
 10
2.292590275590551
 20
-1.3862378740157479
 30
0
 11
2.2926064173228347
 21
-1.3861957874015747
 31
0
  0
LINE
  5
707
330
1B
100
AcDbEntity
  8
B.Silkscreen
  6
CONTINUOUS
100
AcDbLine
 10
2.2926064173228347
 20
-1.3861957874015747
 30
0
 11
2.2944811811023622
 21
-1.3824462598425196
 31
0
  0
LINE
  5
708
330
1B
100
AcDbEntity
  8
B.Silkscreen
  6
CONTINUOUS
100
AcDbLine
 10
2.2944811811023622
 20
-1.3824462598425196
 30
0
 11
2.294637244094488
 21
-1.3821982283464567
 31
0
  0
LINE
  5
709
330
1B
100
AcDbEntity
  8
B.Silkscreen
  6
CONTINUOUS
100
AcDbLine
 10
2.294637244094488
 20
-1.3821982283464567
 30
0
 11
2.2946670866141732
 21
-1.3821262992125984
 31
0
  0
LINE
  5
70A
330
1B
100
AcDbEntity
  8
B.Silkscreen
  6
CONTINUOUS
100
AcDbLine
 10
2.2946670866141732
 20
-1.3821262992125984
 30
0
 11
2.2947335433070863
 21
-1.38204531496063
 31
0
  0
LINE
  5
70B
330
1B
100
AcDbEntity
  8
B.Silkscreen
  6
CONTINUOUS
100
AcDbLine
 10
2.2947335433070863
 20
-1.38204531496063
 30
0
 11
2.2947895275590549
 21
-1.3819563779527559
 31
0
  0
LINE
  5
70C
330
1B
100
AcDbEntity
  8
B.Silkscreen
  6
CONTINUOUS
100
AcDbLine
 10
2.2947895275590549
 20
-1.3819563779527559
 30
0
 11
2.2948485039370077
 21
-1.3819051968503937
 31
0
  0
LINE
  5
70D
330
1B
100
AcDbEntity
  8
B.Silkscreen
  6
CONTINUOUS
100
AcDbLine
 10
2.2948485039370077
 20
-1.3819051968503937
 30
0
 11
2.2950342913385828
 21
-1.3816788582677164
 31
0
  0
LINE
  5
70E
330
1B
100
AcDbEntity
  8
B.Silkscreen
  6
CONTINUOUS
100
AcDbLine
 10
2.2950342913385828
 20
-1.3816788582677164
 30
0
 11
2.2987838188976379
 21
-1.3779293307086613
 31
0
  0
LINE
  5
70F
330
1B
100
AcDbEntity
  8
B.Silkscreen
  6
CONTINUOUS
100
AcDbLine
 10
2.2987838188976379
 20
-1.3779293307086613
 30
0
 11
2.2992312598425197
 21
-1.3775620866141731
 31
0
  0
LINE
  5
710
330
1B
100
AcDbEntity
  8
B.Silkscreen
  6
CONTINUOUS
100
AcDbLine
 10
2.2992312598425197
 20
-1.3775620866141731
 30
0
 11
2.2993292913385828
 21
-1.3775214566929133
 31
0
  0
LINE
  5
711
330
1B
100
AcDbEntity
  8
B.Silkscreen
  6
CONTINUOUS
100
AcDbLine
 10
2.2993292913385828
 20
-1.3775214566929133
 30
0
 11
2.2994094094488187
 21
-1.3774520078740158
 31
0
  0
LINE
  5
712
330
1B
100
AcDbEntity
  8
B.Silkscreen
  6
CONTINUOUS
100
AcDbLine
 10
2.2994094094488187
 20
-1.3774520078740158
 30
0
 11
2.2999379921259844
 21
-1.3772160236220472
 31
0
  0
LINE
  5
713
330
1B
100
AcDbEntity
  8
B.Silkscreen
  6
CONTINUOUS
100
AcDbLine
 10
2.2999379921259844
 20
-1.3772160236220472
 30
0
 11
2.3055622440944883
 21
-1.3753412598425196
 31
0
  0
LINE
  5
714
330
1B
100
AcDbEntity
  8
B.Silkscreen
  6
CONTINUOUS
100
AcDbLine
 10
2.3055622440944883
 20
-1.3753412598425196
 30
0
 11
2.3058478740157482
 21
-1.3752762992125984
 31
0
  0
LINE
  5
715
330
1B
100
AcDbEntity
  8
B.Silkscreen
  6
CONTINUOUS
100
AcDbLine
 10
2.3058478740157482
 20
-1.3752762992125984
 30
0
 11
2.3059199606299212
 21
-1.3752464566929135
 31
0
  0
LINE
  5
716
330
1B
100
AcDbEntity
  8
B.Silkscreen
  6
CONTINUOUS
100
AcDbLine
 10
2.3059199606299212
 20
-1.3752464566929135
 30
0
 11
2.3060244094488187
 21
-1.3752361417322834
 31
0
  0
LINE
  5
717
330
1B
100
AcDbEntity
  8
B.Silkscreen
  6
CONTINUOUS
100
AcDbLine
 10
2.3060244094488187
 20
-1.3752361417322834
 30
0
 11
2.3061266929133857
 21
-1.3752129133858266
 31
0
  0
LINE
  5
718
330
1B
100
AcDbEntity
  8
B.Silkscreen
  6
CONTINUOUS
100
AcDbLine
 10
2.3061266929133857
 20
-1.3752129133858266
 30
0
 11
2.306204409448819
 21
-1.3752184251968504
 31
0
  0
LINE
  5
719
330
1B
100
AcDbEntity
  8
B.Silkscreen
  6
CONTINUOUS
100
AcDbLine
 10
2.306204409448819
 20
-1.3752184251968504
 30
0
 11
2.3064960236220471
 21
-1.3751897244094489
 31
0
  0
LINE
  5
71A
330
1B
100
AcDbEntity
  8
B.Silkscreen
  6
CONTINUOUS
100
AcDbLine
 10
2.3064960236220471
 20
-1.3751897244094489
 30
0
 11
2.3158698425196849
 21
-1.3751897244094489
 31
0
  0
LINE
  5
71B
330
1B
100
AcDbEntity
  8
B.Silkscreen
  6
CONTINUOUS
100
AcDbLine
 10
2.3158698425196849
 20
-1.3751897244094489
 30
0
 11
2.3164459055118112
 21
-1.3752464566929135
 31
0
  0
LINE
  5
71C
330
1B
100
AcDbEntity
  8
B.Silkscreen
  6
CONTINUOUS
100
AcDbLine
 10
2.3024667716535432
 20
-1.3825980314960629
 30
0
 11
2.2995489370078741
 21
-1.3855158661417322
 31
0
  0
LINE
  5
71D
330
1B
100
AcDbEntity
  8
B.Silkscreen
  6
CONTINUOUS
100
AcDbLine
 10
2.2995489370078741
 20
-1.3855158661417322
 30
0
 11
2.2980334251968504
 21
-1.3885468503937008
 31
0
  0
LINE
  5
71E
330
1B
100
AcDbEntity
  8
B.Silkscreen
  6
CONTINUOUS
100
AcDbLine
 10
2.2980334251968504
 20
-1.3885468503937008
 30
0
 11
2.2963254330708662
 21
-1.3953788976377952
 31
0
  0
LINE
  5
71F
330
1B
100
AcDbEntity
  8
B.Silkscreen
  6
CONTINUOUS
100
AcDbLine
 10
2.2963254330708662
 20
-1.3953788976377952
 30
0
 11
2.2963254330708662
 21
-1.4002761023622048
 31
0
  0
LINE
  5
720
330
1B
100
AcDbEntity
  8
B.Silkscreen
  6
CONTINUOUS
100
AcDbLine
 10
2.2963254330708662
 20
-1.4002761023622048
 30
0
 11
2.2980334251968504
 21
-1.4071081496062992
 31
0
  0
LINE
  5
721
330
1B
100
AcDbEntity
  8
B.Silkscreen
  6
CONTINUOUS
100
AcDbLine
 10
2.2980334251968504
 20
-1.4071081496062992
 30
0
 11
2.2995489370078741
 21
-1.4101391338582676
 31
0
  0
LINE
  5
722
330
1B
100
AcDbEntity
  8
B.Silkscreen
  6
CONTINUOUS
100
AcDbLine
 10
2.2995489370078741
 20
-1.4101391338582676
 30
0
 11
2.3024667716535432
 21
-1.4130570078740157
 31
0
  0
LINE
  5
723
330
1B
100
AcDbEntity
  8
B.Silkscreen
  6
CONTINUOUS
100
AcDbLine
 10
2.3024667716535432
 20
-1.4130570078740157
 30
0
 11
2.306975157480315
 21
-1.4145598031496063
 31
0
  0
LINE
  5
724
330
1B
100
AcDbEntity
  8
B.Silkscreen
  6
CONTINUOUS
100
AcDbLine
 10
2.306975157480315
 20
-1.4145598031496063
 30
0
 11
2.3129170866141733
 21
-1.4145598031496063
 31
0
  0
LINE
  5
725
330
1B
100
AcDbEntity
  8
B.Silkscreen
  6
CONTINUOUS
100
AcDbLine
 10
2.3129170866141733
 20
-1.4145598031496063
 30
0
 11
2.3129170866141733
 21
-1.3810952362204725
 31
0
  0
LINE
  5
726
330
1B
100
AcDbEntity
  8
B.Silkscreen
  6
CONTINUOUS
100
AcDbLine
 10
2.3129170866141733
 20
-1.3810952362204725
 30
0
 11
2.306975157480315
 21
-1.3810952362204725
 31
0
  0
LINE
  5
727
330
1B
100
AcDbEntity
  8
B.Silkscreen
  6
CONTINUOUS
100
AcDbLine
 10
2.306975157480315
 20
-1.3810952362204725
 30
0
 11
2.3024667716535432
 21
-1.3825980314960629
 31
0
  0
ENDSEC
  0
SECTION
  2
OBJECTS
  0
DICTIONARY
  5
21
330
0
100
AcDbDictionary
281
1
  3
ACAD_GROUP
350
728
  3
ACAD_LAYOUT
350
22
  3
ACAD_PLOTSTYLENAME
350
11
  0
DICTIONARY
  5
728
330
21
100
AcDbDictionary
281
1
  0
ACDBDICTIONARYWDFLT
  5
11
330
21
100
AcDbDictionary
281
1
  3
Normal
350
10
100
AcDbDictionaryWithDefault
340
10
  0
ACDBPLACEHOLDER
  5
10
330
11
  0
DICTIONARY
  5
22
330
21
100
AcDbDictionary
281
1
  3
Model
350
1E
  3
Layout1
350
1F
  3
Layout2
350
20
  0
LAYOUT
  5
1E
330
22
100
AcDbPlotSettings
  1

  2
none_device
  4
A3
  6

 40
0.0
 41
0.0
 42
0.0
 43
0.0
 44
420.0
 45
297.0
 46
0.0
 47
0.0
 48
0.0
 49
0.0
140
0.0
141
0.0
142
1.0
143
1.0
 70
1024
 72
1
 73
0
 74
5
  7

 75
16
 76
0
 77
2
 78
300
147
1.0
148
0.0
149
0.0
100
AcDbLayout
  1
Model
 70
1
 71
0
 10
0.0
 20
0.0
 11
420.0
 21
297.0
 12
0.0
 22
0.0
 32
0.0
 14
1e+20
 24
1e+20
 34
1e+20
 15
-1e+20
 25
-1e+20
 35
-1e+20
146
0.0
 13
0.0
 23
0.0
 33
0.0
 16
1.0
 26
0.0
 36
0.0
 17
0.0
 27
1.0
 37
0.0
 76
0
330
1B
  0
LAYOUT
  5
1F
330
22
100
AcDbPlotSettings
  1

  2
none_device
  4
A3
  6

 40
0.0
 41
0.0
 42
0.0
 43
0.0
 44
420.0
 45
297.0
 46
0.0
 47
0.0
 48
0.0
 49
0.0
140
0.0
141
0.0
142
1.0
143
1.0
 70
0
 72
1
 73
0
 74
5
  7

 75
16
 76
0
 77
2
 78
300
147
1.0
148
0.0
149
0.0
100
AcDbLayout
  1
Layout1
 70
1
 71
1
 10
0.0
 20
0.0
 11
420.0
 21
297.0
 12
0.0
 22
0.0
 32
0.0
 14
1e+20
 24
1e+20
 34
1e+20
 15
-1e+20
 25
-1e+20
 35
-1e+20
146
0.0
 13
0.0
 23
0.0
 33
0.0
 16
1.0
 26
0.0
 36
0.0
 17
0.0
 27
1.0
 37
0.0
 76
0
330
1C
  0
LAYOUT
  5
20
330
22
100
AcDbPlotSettings
  1

  2
none_device
  4
A3
  6

 40
0.0
 41
0.0
 42
0.0
 43
0.0
 44
420.0
 45
297.0
 46
0.0
 47
0.0
 48
0.0
 49
0.0
140
0.0
141
0.0
142
1.0
143
1.0
 70
0
 72
1
 73
0
 74
5
  7

 75
16
 76
0
 77
2
 78
300
147
1.0
148
0.0
149
0.0
100
AcDbLayout
  1
Layout2
 70
1
 71
2
 10
0.0
 20
0.0
 11
420.0
 21
297.0
 12
0.0
 22
0.0
 32
0.0
 14
1e+20
 24
1e+20
 34
1e+20
 15
-1e+20
 25
-1e+20
 35
-1e+20
146
0.0
 13
0.0
 23
0.0
 33
0.0
 16
1.0
 26
0.0
 36
0.0
 17
0.0
 27
1.0
 37
0.0
 76
0
330
1D
  0
ENDSEC
  0
EOF
